
# Vertices

v -3.622489 -0.82355464 2.9371223
v -3.479954 -0.83471113 2.8924024
v -3.2740157 -0.8840103 2.929308
v -3.065895 -0.88565254 2.9296947
v -2.8674543 -0.8856083 2.9296582
v -2.65647 -0.84857255 2.9031496
v -2.4969172 -0.8350543 2.9101734
v -0.6026343 -0.8216151 2.9432347
v -0.46960682 -0.8394838 2.8939245
v -0.2962145 -0.8643379 2.9218435
v -0.083092056 -0.8842492 2.9298477
v 0.124406956 -0.8842015 2.929835
v 0.33641863 -0.85351634 2.9114964
v 0.5129775 -0.8363573 2.907108
v 2.4139483 -0.79556054 2.9536314
v 2.5254946 -0.84024566 2.8991048
v 2.7014666 -0.85976106 2.9149175
v 2.9022405 -0.88562536 2.9296725
v 3.1048808 -0.88564855 2.929689
v 3.339463 -0.86545163 2.9199893
v 3.507264 -0.83883893 2.894724
v 3.6304748 -0.811662 2.9425018
v -3.6289244 -0.6375354 2.937251
v -3.478634 -0.6652867 2.8834646
v -3.2757719 -0.6180517 2.9059978
v -3.0658157 -0.61502594 2.9059985
v -2.8673377 -0.61504257 2.905999
v -2.6529574 -0.6548309 2.8896785
v -2.4747758 -0.64954543 2.9118295
v -0.6073135 -0.6368379 2.9402683
v -0.46656254 -0.66227657 2.884124
v -0.29364142 -0.6316277 2.905
v -0.08289943 -0.6175466 2.9065788
v 0.12431925 -0.6174804 2.9065795
v 0.3450889 -0.64376265 2.896906
v 0.54212946 -0.65107274 2.9100904
v 2.413249 -0.6408979 2.949447
v 2.5240755 -0.6562988 2.887882
v 2.6966422 -0.6428416 2.8979957
v 2.902194 -0.6149963 2.9059985
v 3.1048343 -0.61502576 2.9059987
v 3.3395333 -0.63336253 2.9023056
v 3.501983 -0.66241014 2.884009
v 3.6328502 -0.63735306 2.9418368
v -3.6295233 -0.44183013 2.9071622
v -3.4925754 -0.4495009 2.8669648
v -3.2729876 -0.4510534 2.8677638
v -3.0658624 -0.45114943 2.8678288
v -2.867485 -0.45112756 2.8678453
v -2.674745 -0.4506416 2.867604
v -2.4562893 -0.44328207 2.8919597
v -0.6072913 -0.44130352 2.9103456
v -0.4796353 -0.4493392 2.8673313
v -0.2804977 -0.45068148 2.8679585
v -0.083012186 -0.4506844 2.8680403
v 0.124396294 -0.4507438 2.86805
v 0.32939717 -0.45045227 2.867866
v 0.5685284 -0.4443377 2.8935826
v 2.413236 -0.43880302 2.923993
v 2.5048547 -0.44731036 2.865871
v 2.7212172 -0.4508777 2.8677223
v 2.9022489 -0.4511455 2.867855
v 3.1048417 -0.45115662 2.867826
v 3.327026 -0.45090488 2.8676975
v 3.5239322 -0.4488205 2.8665802
v 3.632901 -0.44125077 2.9127953
v -3.6286833 -0.23824695 2.9345427
v -3.481707 -0.22361012 2.8950846
v -3.2740319 -0.26338053 2.9050841
v -3.065841 -0.26295865 2.90508
v -2.867165 -0.2629998 2.9050798
v -2.6576645 -0.23746833 2.8986638
v -2.468324 -0.23469475 2.9191372
v -0.60701215 -0.23837818 2.9375498
v -0.46807718 -0.2241597 2.8956501
v -0.28473955 -0.25751072 2.9057264
v -0.08312394 -0.26130193 2.9056878
v 0.12435203 -0.2611968 2.9056911
v 0.33733544 -0.2487702 2.9035325
v 0.5471345 -0.22992443 2.916059
v 2.4132447 -0.23728009 2.9504085
v 2.519716 -0.22952612 2.8970664
v 2.7090027 -0.2516137 2.9034302
v 2.9021463 -0.26312584 2.9050782
v 3.1049042 -0.26288304 2.905082
v 3.3303106 -0.26109487 2.9050934
v 3.5044818 -0.22235928 2.895013
v 3.6326516 -0.23766927 2.939006
v -3.623457 -0.0389567 2.9370346
v -3.4792776 -0.054225348 2.8722441
v -3.277929 -0.015720123 2.906
v -3.0658026 -0.008716217 2.9060059
v -2.8676045 -0.008453198 2.9060054
v -2.6465566 -0.054034334 2.8754041
v -2.4900148 -0.044179704 2.8997557
v -0.6034782 -0.04183381 2.9426796
v -0.4722837 -0.04841817 2.8730805
v -0.31354132 -0.040449597 2.8990314
v -0.08288253 -0.011329796 2.906586
v 0.124266304 -0.011325897 2.9065862
v 0.35344568 -0.051197834 2.8851159
v 0.52178043 -0.044623878 2.8945584
v 2.4137783 -0.06766221 2.952909
v 2.5198221 -0.040775243 2.883013
v 2.6824622 -0.047490068 2.8882377
v 2.9023087 -0.008586569 2.9060054
v 3.1047194 -0.008644142 2.9060059
v 3.3546836 -0.04340746 2.8944104
v 3.5081093 -0.045443635 2.8755832
v 3.6309416 -0.051441748 2.9422457
v -3.4776006 0.06432222 2.9476428
v -3.2727644 0.06480831 2.9473248
v -3.0658536 0.06480745 2.9473224
v -2.8674922 0.06480754 2.9473665
v -2.6731768 0.06481178 2.9475272
v -2.5362966 0.0639977 2.9476285
v -0.45663643 0.06411502 2.948088
v -0.28026858 0.06462724 2.9479291
v -0.08300501 0.064626604 2.9479876
v 0.12438706 0.06462666 2.9479532
v 0.31571397 0.06462858 2.9479756
v 0.47194165 0.06400094 2.948081
v 2.5524662 0.06419051 2.9476433
v 2.7210815 0.06480977 2.947457
v 2.9022298 0.06480738 2.9473584
v 3.1048124 0.06480745 2.947314
v 3.3271778 0.0648095 2.9473736
v 3.4958143 0.064190365 2.9476676
v -4.27023 -2.232523 3.142369
v -4.0457163 -2.232523 3.1171913
v -3.856323 -2.232523 3.117191
v -3.653934 -2.2325232 3.1171913
v -3.4777963 -2.232523 3.1171913
v -3.2825458 -2.2325232 3.1171916
v -3.0661488 -2.2325232 3.1171913
v -2.864484 -2.2325227 3.1171916
v -2.6631815 -2.2325227 3.117191
v -2.4767213 -2.232523 3.1171913
v -2.313289 -2.232523 3.1171913
v -2.067079 -2.232523 3.1171913
v -1.8055323 -2.232523 3.1171913
v -1.5573045 -2.232523 3.1171913
v -1.289171 -2.232523 3.1171913
v -1.0348531 -2.232523 3.1171913
v -0.8281149 -2.232523 3.1171913
v -0.6388538 -2.232523 3.1171916
v -0.4719813 -2.232523 3.1171913
v -0.284244 -2.2325227 3.117191
v -0.08352953 -2.2325232 3.1171916
v 0.12459813 -2.232523 3.1171913
v 0.32016817 -2.232523 3.117191
v 0.5189877 -2.232523 3.117191
v 0.673269 -2.232523 3.1171913
v 0.8281149 -2.232523 3.1171913
v 1.0348531 -2.232523 3.1171913
v 1.2891494 -2.232523 3.1171913
v 1.5573045 -2.232523 3.1171913
v 1.8054894 -2.232523 3.1171913
v 2.0000043 -2.232523 3.117191
v 2.1473918 -2.232523 3.1171913
v 2.3326013 -2.232523 3.1171916
v 2.505867 -2.2325232 3.1171916
v 2.7094643 -2.232523 3.1171913
v 2.901059 -2.232523 3.1171913
v 3.1061196 -2.232523 3.1171913
v 3.3382266 -2.232523 3.117191
v 3.5290477 -2.232523 3.1171916
v 3.687549 -2.2325232 3.1171913
v 3.861079 -2.232523 3.1171913
v 4.0554647 -2.232523 3.1171913
v 4.2859607 -2.232523 3.142369
v -4.554406 -2.058434 3.1474235
v -4.315266 -2.0531635 3.0672367
v -4.0738993 -2.053094 3.0408578
v -3.870463 -2.0526905 3.0407703
v -3.6542146 -2.0499985 3.040185
v -3.477757 -2.050137 3.0402155
v -3.2834053 -2.050536 3.0403018
v -3.066148 -2.0508387 3.0403676
v -2.8643868 -2.0506492 3.0403264
v -2.6627183 -2.0501735 3.0402231
v -2.4770303 -2.0500658 3.0401993
v -2.3168664 -2.0506442 3.0403254
v -2.069406 -2.0520554 3.040632
v -1.8055323 -2.052746 3.0407822
v -1.556366 -2.0528858 3.0408127
v -1.2873908 -2.0528293 3.0408006
v -1.0324792 -2.052792 3.0407925
v -0.8255226 -2.0524616 3.0407205
v -0.6344895 -2.0504282 3.0402784
v -0.47186184 -2.050124 3.040212
v -0.28435302 -2.0501695 3.0402224
v -0.08366002 -2.050157 3.0402198
v 0.12459813 -2.0502095 3.0402308
v 0.3202832 -2.0501468 3.0402176
v 0.5187839 -2.050103 3.0402079
v 0.6701425 -2.0507836 3.040356
v 0.8255226 -2.0524616 3.0407205
v 1.0324792 -2.05279 3.040792
v 1.2873907 -2.0528314 3.0408008
v 1.5563444 -2.0528853 3.0408127
v 1.8054894 -2.052746 3.0407822
v 2.0009232 -2.0523093 3.0406873
v 2.1491344 -2.0517561 3.040567
v 2.3363197 -2.0504959 3.0402932
v 2.5059242 -2.0500805 3.0402026
v 2.7086527 -2.0502722 3.0402446
v 2.9009943 -2.0507228 3.040342
v 3.1062093 -2.0508196 3.0403638
v 3.3389592 -2.05037 3.0402663
v 3.5292385 -2.0501003 3.0402074
v 3.6891482 -2.0500112 3.0401876
v 3.8752172 -2.0527291 3.0407786
v 4.083634 -2.053135 3.0408669
v 4.3310127 -2.0532057 3.0672457
v 4.576133 -2.0584848 3.1474338
v -4.5758286 -1.8238454 3.1226573
v -4.3301835 -1.8238454 3.042368
v -4.0832253 -1.8238454 3.015619
v -3.8751094 -1.8238454 3.015619
v -3.6556106 -1.8238454 3.0156188
v -3.4777424 -1.8238454 3.0156193
v -3.2837613 -1.8238455 3.015619
v -3.0661478 -1.8238453 3.0156188
v -2.864212 -1.8238454 3.015619
v -2.6626446 -1.8238459 3.0156193
v -2.477106 -1.8238453 3.015619
v -2.3181589 -1.8238454 3.0156193
v -2.0703614 -1.8238453 3.0156193
v -1.8055322 -1.8238454 3.015619
v -1.5560563 -1.8238454 3.015619
v -1.2868038 -1.8238454 3.015619
v -1.0317112 -1.8238454 3.015619
v -0.82467186 -1.8238454 3.015619
v -0.634003 -1.8238453 3.015619
v -0.47181615 -1.8238454 3.0156193
v -0.28439578 -1.8238453 3.015619
v -0.08355583 -1.8238453 3.015619
v 0.124598116 -1.8238453 3.0156188
v 0.3203282 -1.8238454 3.015619
v 0.5187261 -1.8238453 3.0156188
v 0.66919047 -1.8238454 3.015619
v 0.82467186 -1.8238454 3.015619
v 1.0317112 -1.8238454 3.015619
v 1.2868038 -1.8238454 3.015619
v 1.5560348 -1.8238454 3.015619
v 1.8054894 -1.8238453 3.015619
v 2.001231 -1.8238453 3.015619
v 2.1496944 -1.8238454 3.015619
v 2.3376813 -1.8238454 3.0156193
v 2.5059295 -1.8238453 3.015619
v 2.7084594 -1.8238454 3.0156188
v 2.9009383 -1.8238454 3.0156193
v 3.106248 -1.8238454 3.0156193
v 3.339256 -1.8238454 3.015619
v 3.529312 -1.8238454 3.0156188
v 3.6906617 -1.8238455 3.015619
v 3.879865 -1.8238454 3.015619
v 4.092973 -1.8238454 3.015619
v 4.345914 -1.8238454 3.042368
v 4.5975633 -1.8238454 3.1226573
v -4.5758286 -1.6562083 3.1226573
v -4.3301835 -1.6562083 3.0423677
v -4.0832253 -1.6562083 3.015619
v -3.8751094 -1.6562083 3.015619
v -3.656213 -1.6562083 3.015619
v -3.4776826 -1.6562083 3.0156188
v -3.284121 -1.6562083 3.0156193
v -3.0659716 -1.6562083 3.0156188
v -2.8638623 -1.6562083 3.015619
v -2.6630538 -1.6562084 3.015619
v -2.476889 -1.6562082 3.0156188
v -2.3201475 -1.6562084 3.0156188
v -2.071232 -1.6562082 3.015619
v -1.8055322 -1.6562083 3.0156193
v -1.5560564 -1.6562083 3.015619
v -1.2868038 -1.6562083 3.015619
v -1.0317112 -1.6562083 3.015619
v -0.8246718 -1.6562083 3.0156193
v -0.63452303 -1.6562083 3.0156188
v -0.47164783 -1.6562083 3.0156188
v -0.28437057 -1.6562083 3.0156193
v -0.08306541 -1.6562083 3.0156188
v 0.12457792 -1.6562083 3.0156193
v 0.32036975 -1.6562083 3.0156193
v 0.5186634 -1.6562083 3.0156193
v 0.6690147 -1.6562084 3.0156188
v 0.8246718 -1.6562083 3.0156193
v 1.0317112 -1.6562083 3.015619
v 1.2868038 -1.6562083 3.015619
v 1.5560348 -1.6562083 3.015619
v 1.8054894 -1.6562083 3.015619
v 2.001231 -1.6562083 3.015619
v 2.1496944 -1.6562082 3.015619
v 2.3400228 -1.6562082 3.015619
v 2.5057209 -1.6562084 3.015619
v 2.7088015 -1.6562083 3.015619
v 2.9007864 -1.6562083 3.015619
v 3.1058152 -1.6562082 3.0156188
v 3.340124 -1.6562083 3.0156193
v 3.5296392 -1.6562083 3.0156193
v 3.690931 -1.6562084 3.015619
v 3.879865 -1.6562083 3.015619
v 4.0929513 -1.6562083 3.015619
v 4.345914 -1.6562083 3.042368
v 4.5975633 -1.6562083 3.1226573
v -4.5758286 -1.4927027 3.1226573
v -4.3301835 -1.4927028 3.042368
v -4.0832253 -1.4927028 3.015619
v -3.8751094 -1.4927028 3.015619
v -3.6552718 -1.492703 3.0156195
v -3.4776835 -1.4927028 3.015619
v -3.2839823 -1.4927028 3.015619
v -3.0661483 -1.492703 3.0156193
v -2.8642538 -1.4927028 3.015619
v -2.6626618 -1.4927028 3.015619
v -2.4770203 -1.4927028 3.0156188
v -2.3184462 -1.4927028 3.015619
v -2.070235 -1.492703 3.0156188
v -1.8055322 -1.4927028 3.015619
v -1.5560563 -1.4927028 3.015619
v -1.2868038 -1.4927028 3.015619
v -1.0317112 -1.4927028 3.015619
v -0.8246718 -1.4927028 3.015619
v -0.6338132 -1.4927028 3.015619
v -0.47182187 -1.492703 3.0156193
v -0.28438592 -1.4927028 3.015619
v -0.08357994 -1.4927028 3.0156195
v 0.12459814 -1.4927027 3.015619
v 0.32031783 -1.492703 3.0156193
v 0.5187159 -1.4927028 3.015619
v 0.6693125 -1.492703 3.0156193
v 0.8246718 -1.4927028 3.015619
v 1.0317112 -1.4927028 3.015619
v 1.2868038 -1.4927028 3.015619
v 1.5560348 -1.4927028 3.015619
v 1.8054894 -1.4927028 3.015619
v 2.001231 -1.492703 3.015619
v 2.1496944 -1.4927028 3.015619
v 2.337843 -1.492703 3.0156188
v 2.5058968 -1.492703 3.015619
v 2.708505 -1.492703 3.0156193
v 2.9009516 -1.4927028 3.0156193
v 3.1062386 -1.4927028 3.015619
v 3.3394096 -1.492703 3.015619
v 3.529639 -1.4927028 3.0156188
v 3.6907165 -1.4927028 3.015619
v 3.879865 -1.4927027 3.015619
v 4.0929513 -1.4927028 3.015619
v 4.345914 -1.4927028 3.042368
v 4.5975633 -1.4927028 3.1226573
v -4.5758286 -1.2763098 3.1226573
v -4.3301835 -1.2763757 3.0423682
v -4.0832253 -1.2766631 3.015619
v -3.8751097 -1.277117 3.015619
v -3.6554613 -1.2794224 3.015619
v -3.4776897 -1.2795705 3.015619
v -3.283522 -1.279014 3.015619
v -3.0661483 -1.2786576 3.015619
v -2.864523 -1.2789019 3.0156193
v -2.662778 -1.2795297 3.015619
v -2.4771452 -1.279659 3.015619
v -2.317707 -1.2787802 3.015619
v -2.069521 -1.2771069 3.0156193
v -1.8055322 -1.2763683 3.015619
v -1.5560563 -1.2762443 3.015619
v -1.286804 -1.2764866 3.015619
v -1.0317112 -1.276603 3.015619
v -0.82467186 -1.2771318 3.015619
v -0.6339629 -1.2794636 3.015619
v -0.4718604 -1.2795973 3.015619
v -0.2843184 -1.2795347 3.015619
v -0.083744705 -1.2795525 3.015619
v 0.12459814 -1.2794815 3.0156188
v 0.32024673 -1.2795655 3.015619
v 0.5186461 -1.2796297 3.015619
v 0.6694107 -1.2792212 3.0156188
v 0.82467186 -1.2771318 3.015619
v 1.0317112 -1.276603 3.015619
v 1.2868038 -1.2764866 3.015619
v 1.5560348 -1.2762444 3.015619
v 1.8054895 -1.2763687 3.015619
v 2.001231 -1.2768272 3.0156193
v 2.1496947 -1.2774373 3.015619
v 2.3368824 -1.2789882 3.015619
v 2.506027 -1.2796482 3.0156188
v 2.7088075 -1.2793977 3.0156188
v 2.901038 -1.2788067 3.0156193
v 3.106179 -1.2786824 3.015619
v 3.3390167 -1.2792135 3.0156195
v 3.5296369 -1.2795895 3.0156188
v 3.6910396 -1.2792684 3.015619
v 3.879865 -1.2770536 3.015619
v 4.0929623 -1.2766116 3.0156193
v 4.345914 -1.2763358 3.042368
v 4.5975633 -1.2762746 3.1226573
v -4.575828 -1.0029807 3.122657
v -4.330183 -1.0023811 3.042368
v -4.0832253 -1.0023038 3.015619
v -3.8751094 -1.0025846 3.015619
v -3.6712234 -1.0152562 3.015619
v -3.4778519 -1.0250582 3.0156193
v -3.2777486 -1.0149356 3.015619
v -3.066151 -1.0113744 3.015619
v -2.8663907 -1.011665 3.015619
v -2.6669197 -1.0211562 3.0156188
v -2.4805055 -1.0280217 3.015619
v -2.309883 -1.0130496 3.015619
v -2.0662763 -1.0047334 3.015619
v -1.8055323 -1.0031768 3.0156193
v -1.5560561 -1.0029675 3.0156188
v -1.2868038 -1.0022131 3.015619
v -1.0317112 -1.0022795 3.015619
v -0.82467175 -1.00261 3.0156193
v -0.6475731 -1.0148253 3.015619
v -0.47272417 -1.0260864 3.0156198
v -0.2827633 -1.0243655 3.015619
v -0.08462488 -1.0226012 3.015619
v 0.124579206 -1.022743 3.015619
v 0.31855333 -1.0253208 3.015619
v 0.5171306 -1.0268543 3.0156193
v 0.67513293 -1.0070074 3.0156193
v 0.82467175 -1.00261 3.0156188
v 1.0317113 -1.0022796 3.0156193
v 1.2868038 -1.0022131 3.015619
v 1.5560348 -1.0029676 3.0156193
v 1.8054893 -1.003177 3.015619
v 2.0012307 -1.004061 3.0156186
v 2.1496944 -1.0056016 3.0156188
v 2.3248637 -1.0158557 3.015619
v 2.509247 -1.0275683 3.0156188
v 2.7149868 -1.0174143 3.015619
v 2.901545 -1.011305 3.0156195
v 3.1056135 -1.0115681 3.0156188
v 3.3331132 -1.0177687 3.0156193
v 3.5293915 -1.0257492 3.0156193
v 3.7031083 -1.0100694 3.0156195
v 3.879865 -1.0025414 3.015619
v 4.092955 -1.0022733 3.015619
v 4.345914 -1.0023499 3.042368
v 4.5975633 -1.0030189 3.1226573
v -4.575829 -0.85744256 3.1226575
v -4.3301835 -0.8574414 3.042368
v -4.0832253 -0.85743254 3.015619
v -3.8751092 -0.8573832 3.0156188
v -3.6817474 -0.85695225 3.0149443
v -3.4820528 -0.9205801 3.0137846
v -3.2734327 -0.9214262 3.0138674
v -3.0660653 -0.9214262 3.0138686
v -2.8668451 -0.92142373 3.0138676
v -2.6729891 -0.9214493 3.0138707
v -2.4578812 -0.8756421 3.0140746
v -2.3068492 -0.8560103 3.0156188
v -2.0656614 -0.85730374 3.015619
v -1.8055322 -0.85743356 3.015619
v -1.5560563 -0.85744995 3.0156188
v -1.2868037 -0.85739833 3.0156188
v -1.0317111 -0.8573811 3.015619
v -0.8246718 -0.857295 3.0156193
v -0.65030694 -0.85180074 3.0149598
v -0.47424296 -0.92029434 3.013943
v -0.28040937 -0.921505 3.0139198
v -0.08316121 -0.9215197 3.0139244
v 0.12447242 -0.9215194 3.0139244
v 0.315893 -0.9215207 3.013923
v 0.5447263 -0.8837993 3.013927
v 0.6768256 -0.8566125 3.015587
v 0.8246718 -0.857295 3.0156193
v 1.0317111 -0.8573811 3.015619
v 1.286804 -0.8573984 3.015619
v 1.5560348 -0.8574499 3.015619
v 1.8054893 -0.8574335 3.015619
v 2.001231 -0.857362 3.015619
v 2.1496944 -0.85722744 3.0156193
v 2.33743 -0.84613794 3.0152295
v 2.508308 -0.91374916 3.0138886
v 2.7206845 -0.9214382 3.0138698
v 2.901657 -0.92142206 3.0138674
v 3.1052012 -0.92142594 3.0138683
v 3.3276966 -0.92143476 3.0138683
v 3.523832 -0.9186453 3.013863
v 3.6924865 -0.8506877 3.0150394
v 3.879865 -0.8573916 3.015619
v 4.0929575 -0.85743797 3.0156193
v 4.345914 -0.85744596 3.042368
v 4.5975637 -0.85739696 3.1226575
v -4.575829 -0.63160706 3.1226573
v -4.3301835 -0.63160783 3.0423677
v -4.0832253 -0.6316144 3.015619
v -3.8751094 -0.6316513 3.0156188
v -3.6931074 -0.63444525 3.0148869
v -2.408561 -0.6394564 3.0139992
v -2.3066525 -0.632565 3.0156186
v -2.06555 -0.63173854 3.015619
v -1.8055322 -0.6316266 3.0156195
v -1.5560564 -0.63161254 3.015619
v -1.2868037 -0.63160807 3.0156193
v -1.0317112 -0.6316173 3.015619
v -0.8246718 -0.6316635 3.015619
v -0.6544398 -0.6346905 3.0148854
v 0.61254317 -0.6391948 3.0136364
v 0.67751795 -0.6322095 3.0155735
v 0.8246718 -0.6316635 3.0156188
v 1.0317111 -0.6316173 3.015619
v 1.2868038 -0.631608 3.015619
v 1.5560347 -0.63161254 3.015619
v 1.8054895 -0.6316267 3.015619
v 2.001231 -0.6316881 3.015619
v 2.1496944 -0.6318049 3.0156195
v 2.3432868 -0.6350581 3.0150337
v 3.6941683 -0.6343895 3.0148957
v 3.879865 -0.63164616 3.0156195
v 4.0929565 -0.6316105 3.0156195
v 4.345914 -0.63160443 3.0423682
v 4.5975633 -0.6316059 3.1226573
v -4.560642 -0.43310213 3.1403587
v -4.319183 -0.4330961 3.060931
v -4.0763865 -0.43309674 3.034457
v -3.8717432 -0.43309572 3.0344546
v -3.7000036 -0.4324825 3.032526
v -2.407903 -0.42994162 3.0286794
v -2.3050995 -0.43296194 3.0347002
v -2.0654078 -0.43299064 3.034765
v -1.8055327 -0.43300003 3.0347753
v -1.5560563 -0.43300182 3.0347748
v -1.2868037 -0.43300596 3.0347784
v -1.0317111 -0.43300575 3.0347779
v -0.8246717 -0.4330044 3.0347753
v -0.66153735 -0.43260005 3.0328486
v 0.61264825 -0.43143284 3.0274935
v 0.6781647 -0.43299732 3.0346694
v 0.8246716 -0.4330044 3.034776
v 1.0317112 -0.43300578 3.034778
v 1.2868037 -0.43300605 3.034778
v 1.5560346 -0.4330011 3.0347753
v 1.8054892 -0.433 3.0347745
v 2.001231 -0.43299553 3.0347698
v 2.1496947 -0.43298498 3.0347605
v 2.331687 -0.4321727 3.0331311
v 3.7011197 -0.43249518 3.032565
v 3.8764937 -0.43309343 3.0344632
v 4.086129 -0.43309486 3.0344656
v 4.3349233 -0.43309423 3.0609374
v 4.5823874 -0.43311325 3.1403494
v -4.575829 -0.23274788 3.1226573
v -4.330184 -0.2327474 3.0423682
v -4.0832257 -0.23274368 3.015619
v -3.8751094 -0.23272295 3.015619
v -3.692455 -0.23206033 3.0148723
v -2.4086628 -0.23157756 3.0139654
v -2.3066747 -0.2325933 3.0156193
v -2.0656037 -0.23274858 3.015619
v -1.8055323 -0.23273186 3.0156195
v -1.5560563 -0.23274043 3.015619
v -1.2868038 -0.23280056 3.015619
v -1.0317113 -0.23280142 3.015619
v -0.8246718 -0.23280574 3.015619
v -0.65405124 -0.23238601 3.0148678
v 0.612523 -0.23153783 3.0136209
v 0.677576 -0.23286651 3.0155745
v 0.8246718 -0.23280574 3.015619
v 1.0317112 -0.23280142 3.015619
v 1.2868038 -0.23280054 3.015619
v 1.5560349 -0.23274042 3.0156193
v 1.8054895 -0.23273186 3.015619
v 2.001231 -0.23275907 3.015619
v 2.1496944 -0.23273478 3.015619
v 2.3440702 -0.2322182 3.015008
v 3.69351 -0.23207365 3.0148816
v 3.8798654 -0.23272568 3.015619
v 4.0929565 -0.23274511 3.0156188
v 4.3459134 -0.23274933 3.0423677
v 4.597563 -0.2327685 3.1226575
v -4.5758286 -0.03258142 3.1226573
v -4.3301835 -0.032581314 3.042368
v -4.0832253 -0.032580506 3.015619
v -3.8751097 -0.032576006 3.015619
v -3.6864343 -0.032785602 3.0147746
v -3.5831969 0.056381192 3.0111
v -2.4142466 -0.028499696 3.013895
v -2.3075833 -0.03326797 3.0156195
v -2.0656703 -0.032862898 3.015619
v -1.8055321 -0.032672986 3.0156188
v -1.5560563 -0.032661572 3.015619
v -1.2868041 -0.032582093 3.0156193
v -1.0317112 -0.032581054 3.0156188
v -0.82467186 -0.032575853 3.015619
v -0.6482157 -0.031702835 3.0147789
v -0.55897003 0.05629511 3.0112288
v 0.6060879 -0.027453395 3.01356
v 0.6768393 -0.032310825 3.0155783
v 0.82467175 -0.03257585 3.0156188
v 1.0317112 -0.032581054 3.0156188
v 1.2868038 -0.03258209 3.015619
v 1.5560349 -0.032661587 3.0156193
v 1.8054893 -0.032672998 3.0156188
v 2.001231 -0.03279879 3.015619
v 2.1496944 -0.03294705 3.015619
v 2.3445878 -0.03814515 3.0150945
v 2.4330668 0.036298957 3.0128355
v 3.6014636 0.04795805 3.0118616
v 3.6897902 -0.035107803 3.0148616
v 3.879865 -0.03257622 3.0156193
v 4.0929585 -0.03258057 3.0156193
v 4.3459144 -0.032581743 3.0423682
v 4.5975633 -0.032651104 3.1226573
v -4.575828 0.11763319 3.1226573
v -4.330183 0.117133655 3.0423677
v -4.0832253 0.11684767 3.015619
v -3.8751097 0.11682353 3.0156193
v -3.6686277 0.12371093 3.0155182
v -3.4782197 0.113103226 3.0147064
v -3.2757196 0.105581656 3.0145068
v -3.065843 0.10331607 3.0144768
v -2.866345 0.1032302 3.0144842
v -2.66862 0.109223366 3.0146234
v -2.4874747 0.12011259 3.015061
v -2.3096006 0.12384119 3.015619
v -2.0661144 0.118687816 3.015619
v -1.8055322 0.1177722 3.0156188
v -1.5560563 0.11765508 3.0156188
v -1.2868038 0.11720635 3.0156188
v -1.0317112 0.117239945 3.0156188
v -0.8246718 0.11740755 3.0156193
v -0.6467818 0.124285966 3.0155983
v -0.4722493 0.11406647 3.0148149
v -0.28211144 0.11265399 3.0147243
v -0.0845415 0.111024804 3.0146785
v 0.12457202 0.11135946 3.014694
v 0.3177884 0.1134891 3.0147445
v 0.51056933 0.117736176 3.0149755
v 0.6752382 0.119555876 3.0156136
v 0.8246718 0.11740755 3.0156193
v 1.0317112 0.11723996 3.015619
v 1.2868038 0.11720639 3.015619
v 1.5560347 0.117655195 3.015619
v 1.8054895 0.11777235 3.0156193
v 2.001231 0.118294425 3.0156193
v 2.1496947 0.11919797 3.015619
v 2.325218 0.1255778 3.0156176
v 2.5143816 0.11784113 3.0149558
v 2.7165933 0.10651736 3.0145624
v 2.90152 0.10305147 3.0144794
v 3.1048968 0.103416584 3.0144742
v 3.3312383 0.10767671 3.0145526
v 3.5219102 0.11697734 3.014874
v 3.6998973 0.121880256 3.0156004
v 3.8798652 0.11682662 3.015619
v 4.092957 0.11685012 3.0156193
v 4.345914 0.117125876 3.042368
v 4.5975637 0.11769882 3.1226573
v -4.571678 0.31906703 3.127458
v -4.32714 0.31939998 3.04744
v -4.0813146 0.31944188 3.020772
v -3.874157 0.3195723 3.0207849
v -3.6604393 0.31898725 3.0207264
v -3.477709 0.31931224 3.0207593
v -3.2821748 0.31918564 3.0207462
v -3.0661492 0.31911469 3.020739
v -2.8649223 0.31952935 3.0207808
v -2.6630578 0.31985995 3.020814
v -2.477222 0.31933752 3.0207617
v -2.3155017 0.31919792 3.0207477
v -2.068034 0.31888396 3.0207157
v -1.8055323 0.3187718 3.0207045
v -1.5561209 0.31874377 3.0207016
v -1.2869233 0.31912425 3.02074
v -1.0318633 0.31916204 3.0207436
v -0.82484615 0.31936154 3.0207636
v -0.6381356 0.32009605 3.020838
v -0.47199214 0.31931898 3.0207598
v -0.28409705 0.31930327 3.020758
v -0.08387889 0.3195532 3.020783
v 0.12459812 0.31929004 3.0207567
v 0.32001206 0.31931093 3.0207586
v 0.5184374 0.3193326 3.020761
v 0.67177546 0.32065788 3.0208945
v 0.82484615 0.31936154 3.0207636
v 1.0318633 0.31916204 3.0207436
v 1.2869232 0.3191243 3.02074
v 1.5560994 0.31874374 3.0207016
v 1.8054893 0.31877178 3.0207045
v 2.0011663 0.3188387 3.0207112
v 2.1495864 0.31894198 3.020722
v 2.3339713 0.31923854 3.0207517
v 2.5060363 0.31932977 3.0207608
v 2.709516 0.32000375 3.0208285
v 2.901125 0.31934318 3.020762
v 3.1060178 0.3191193 3.0207396
v 3.337819 0.3192287 3.0207505
v 3.52963 0.31931725 3.0207596
v 3.6944363 0.318796 3.0207071
v 3.8789132 0.31954315 3.0207822
v 4.091053 0.31941766 3.0207696
v 4.342882 0.3193832 3.0474384
v 4.5934124 0.31907123 3.1274588
v -4.5428605 0.4687601 3.1607683
v -4.2881684 0.5100959 3.112439
v -4.0569553 0.5100584 3.086761
v -3.8619688 0.5099438 3.0866764
v -3.6564832 0.51110053 3.087531
v -3.4777613 0.51154566 3.0878599
v -3.2824013 0.5114525 3.0877912
v -3.0660517 0.5111525 3.0875692
v -2.8647664 0.5105186 3.087101
v -2.6635563 0.5110797 3.0875156
v -2.476921 0.5116273 3.0879207
v -2.313809 0.5113846 3.0877411
v -2.067224 0.51053023 3.0871093
v -1.8055321 0.5102319 3.0868893
v -1.5569295 0.5101774 3.086849
v -1.2884588 0.50988996 3.0866365
v -1.0339032 0.50987387 3.0866246
v -0.8270781 0.5098476 3.086605
v -0.63904977 0.51052487 3.087106
v -0.47183794 0.51155645 3.087868
v -0.2841125 0.5116242 3.087918
v -0.08359676 0.5112119 3.0876133
v 0.12457499 0.51147825 3.0878103
v 0.32010847 0.5116291 3.0879219
v 0.5186913 0.51154137 3.0878565
v 0.67310005 0.5097608 3.0865412
v 0.8270781 0.5098476 3.086605
v 1.0339032 0.50987387 3.0866246
v 1.2884483 0.5098914 3.086638
v 1.5569189 0.5101774 3.086849
v 1.8054893 0.51023346 3.0868902
v 2.0003667 0.51040953 3.0870204
v 2.148069 0.5106771 3.087218
v 2.3324847 0.51150703 3.0878313
v 2.506007 0.51157016 3.0878782
v 2.7100658 0.5107639 3.0872824
v 2.9010785 0.5106196 3.0871758
v 3.105919 0.51119965 3.0876045
v 3.3380258 0.51157314 3.0878801
v 3.5294147 0.5116001 3.0879002
v 3.6901293 0.5106514 3.087199
v 3.8667245 0.5099444 3.0866768
v 4.0666924 0.5100618 3.0867634
v 4.3039036 0.5101102 3.1124494
v 4.564595 0.4687601 3.1607683
v -4.678886 -2.232523 3.36897
v -4.4592237 -2.2595828 3.2574422
v -4.210276 -2.297706 3.2423704
v -4.0757422 -2.3145895 3.3010507
v -3.8745606 -2.3200488 3.3131616
v -3.6497076 -2.315034 3.2896175
v -3.4779003 -2.3147218 3.2868063
v -3.283462 -2.3146431 3.2864776
v -3.0659165 -2.3145576 3.2861364
v -2.86406 -2.3145678 3.286177
v -2.6633422 -2.3146732 3.286599
v -2.474366 -2.3148205 3.2878528
v -2.3106663 -2.3151479 3.292169
v -2.0644715 -2.3144565 3.2899728
v -1.8055537 -2.3142576 3.289157
v -1.5593382 -2.3142333 3.2890542
v -1.2929575 -2.314361 3.2895966
v -1.0399243 -2.3143961 3.2897472
v -0.8337143 -2.3145394 3.2903552
v -0.6406305 -2.315275 3.2934833
v -0.47186252 -2.3154702 3.294314
v -0.28433856 -2.3154597 3.2942684
v -0.08306542 -2.3154364 3.2941685
v 0.12457517 -2.3154373 3.2941723
v 0.32034558 -2.3154674 3.294302
v 0.51978624 -2.3154762 3.294339
v 0.67674327 -2.315088 3.2926886
v 0.8337143 -2.3145394 3.2903552
v 1.0399243 -2.3143961 3.2897472
v 1.2929578 -2.3143606 3.289595
v 1.5593276 -2.3142333 3.2890542
v 1.8055217 -2.3142586 3.2891617
v 1.998018 -2.3143775 3.2896674
v 2.1436324 -2.3145506 3.2903364
v 2.339952 -2.3168135 3.2984006
v 2.5117784 -2.3134708 3.2819488
v 2.709271 -2.3146427 3.286477
v 2.9008396 -2.3145576 3.2861364
v 3.1056037 -2.3145676 3.2861767
v 3.3394516 -2.3146732 3.2865987
v 3.5301063 -2.3148081 3.28731
v 3.6804683 -2.315059 3.2903824
v 3.8810337 -2.320018 3.313032
v 4.088243 -2.3145115 3.3006716
v 4.226007 -2.297706 3.2423704
v 4.480631 -2.259842 3.257821
v 4.7056127 -2.232523 3.36897
v -4.7533684 -2.0600061 3.305818
v 4.7800884 -2.0600379 3.305824
v -4.7799845 -1.8238454 3.283236
v 4.8067117 -1.8238454 3.283236
v -4.7799845 -1.6562083 3.283236
v 4.8067117 -1.6562083 3.283236
v -4.7799845 -1.4927028 3.283236
v 4.8067117 -1.4927028 3.283236
v -4.7799845 -1.2763127 3.2832358
v 4.8067117 -1.2763048 3.2832363
v -4.7799845 -1.0021099 3.283236
v 4.8067117 -1.0021056 3.2832358
v -4.779984 -0.85746616 3.2832358
v 4.8067117 -0.8574669 3.283236
v -4.779985 -0.6315894 3.2832358
v 4.8067117 -0.6315889 3.2832363
v -4.7612734 -0.43311748 3.2992077
v 4.78801 -0.43311688 3.2992077
v -4.7799845 -0.23277785 3.283236
v 4.806712 -0.23277797 3.2832363
v -4.779984 -0.03265022 3.2832358
v 4.806711 -0.03264973 3.283236
v -4.779985 0.117537394 3.2832363
v 4.8067117 0.117532186 3.283236
v -4.774902 0.31895804 3.2875504
v 4.801631 0.31893852 3.2875488
v -4.7031507 0.51825154 3.3483975
v -4.4527655 0.5756709 3.2649074
v -4.210276 0.6007394 3.2423704
v -4.0738015 0.6131953 3.298687
v -3.8762589 0.61765563 3.3128653
v -3.6498764 0.6139349 3.289803
v -3.477679 0.6137141 3.287068
v -3.283478 0.6136361 3.2866437
v -3.0661485 0.6135856 3.2863781
v -2.864549 0.6136201 3.2865598
v -2.6627893 0.6137092 3.287029
v -2.473479 0.61391455 3.2887979
v -2.3096838 0.61406934 3.2926276
v -2.0656714 0.613652 3.2910302
v -1.8055538 0.6134427 3.2898903
v -1.5593452 0.61341053 3.2897105
v -1.2929586 0.6133979 3.289639
v -1.039905 0.6133601 3.2894282
v -0.83370507 0.6134702 3.290044
v -0.63794804 0.6141801 3.294018
v -0.47202253 0.61429185 3.2946439
v -0.28436488 0.61427766 3.2945638
v -0.08363128 0.6142816 3.2945852
v 0.12459807 0.6142656 3.294496
v 0.3202957 0.61428463 3.294602
v 0.5197511 0.6142997 3.2946877
v 0.6756573 0.6140447 3.29326
v 0.83370507 0.6134702 3.290044
v 1.0399051 0.6133606 3.2894306
v 1.2929586 0.6133979 3.289639
v 1.5593349 0.613411 3.2897127
v 1.8055218 0.61344355 3.2898948
v 1.9980077 0.6135737 3.2906232
v 2.143609 0.6137432 3.2915041
v 2.3383121 0.6153125 3.298755
v 2.5113115 0.6128383 3.2826073
v 2.708837 0.6136905 3.28693
v 2.9010465 0.6136067 3.286489
v 3.1061735 0.61358905 3.2863965
v 3.3389788 0.6136643 3.2867925
v 3.5300467 0.61376023 3.2874706
v 3.6804829 0.6139759 3.290683
v 3.8828998 0.61765504 3.3128622
v 4.086555 0.6131982 3.2987053
v 4.226007 0.6007394 3.2423704
v 4.474492 0.57567614 3.2649176
v 4.7298427 0.51829875 3.3484268
v -4.5185223 -2.313637 3.50819
v -4.2673073 -2.335426 3.5088222
v -4.0671926 -2.3411536 3.542977
v -3.8565266 -2.3411536 3.5254147
v -3.6469035 -2.3411539 3.5078428
v -3.4782245 -2.3411536 3.4959118
v -3.2837656 -2.3411536 3.4958065
v -3.065941 -2.3411536 3.4958062
v -2.863972 -2.3411536 3.4958062
v -2.6632109 -2.3411539 3.4958067
v -2.4711413 -2.3411536 3.5010493
v -2.3055863 -2.3411536 3.5232537
v -2.0627017 -2.3411536 3.5287704
v -1.8055754 -2.3411536 3.5290105
v -1.5616084 -2.3411536 3.5290105
v -1.2971764 -2.3411536 3.5290105
v -1.0455267 -2.3411536 3.5290105
v -0.83986455 -2.3411536 3.5290108
v -0.64260435 -2.3411536 3.5290105
v -0.4719933 -2.3411536 3.5290108
v -0.28443864 -2.3411536 3.5290105
v -0.08306542 -2.3411534 3.5290105
v 0.12458385 -2.3411534 3.5290105
v 0.320421 -2.3411536 3.5290108
v 0.5205638 -2.3411539 3.5290105
v 0.6807833 -2.3411539 3.5290105
v 0.83986455 -2.3411536 3.5290108
v 1.0455267 -2.3411536 3.5290105
v 1.2971764 -2.3411536 3.5290105
v 1.5615869 -2.3411536 3.5290105
v 1.8055322 -2.3411536 3.5290105
v 1.995808 -2.3411536 3.5290105
v 2.139494 -2.3411536 3.5284944
v 2.3412783 -2.3411536 3.5181038
v 2.5185697 -2.3411536 3.49712
v 2.7090583 -2.3411534 3.4958062
v 2.900816 -2.3411536 3.4958065
v 3.105698 -2.3411536 3.4958062
v 3.3395195 -2.3411536 3.4958065
v 3.5318766 -2.3411539 3.4971793
v 3.7079082 -2.3411536 3.5157185
v 3.9279397 -2.3411536 3.5269446
v 4.08273 -2.3411536 3.5429769
v 4.288406 -2.335445 3.5090778
v 4.545085 -2.3136363 3.5081873
v -4.874788 -2.052151 3.568091
v 4.904525 -2.0521631 3.5680926
v -4.902474 -1.8238454 3.5508745
v 4.932214 -1.8238455 3.5508742
v -4.902474 -1.6562083 3.5508745
v 4.932214 -1.6562083 3.5508742
v -4.902474 -1.4927028 3.5508747
v 4.932214 -1.4927028 3.5508742
v -4.902474 -1.2760825 3.5508745
v 4.9322143 -1.2760812 3.5508747
v -4.9024744 -1.0019919 3.5508747
v 4.9322143 -1.0019912 3.5508745
v -4.9024734 -0.8574865 3.5508745
v 4.9322143 -0.8574866 3.5508747
v -4.902474 -0.6315743 3.5508742
v 4.9322133 -0.63157415 3.5508745
v -4.8816466 -0.4331096 3.5638995
v 4.9113817 -0.43310928 3.5638995
v -4.9024734 -0.23278148 3.5508745
v 4.9322133 -0.23278153 3.5508745
v -4.902474 -0.03263604 3.5508742
v 4.932214 -0.032635964 3.5508747
v -4.9024744 0.11738834 3.5508745
v 4.932214 0.11738759 3.5508747
v -4.896818 0.31905535 3.5543957
v 4.9265585 0.319048 3.554395
v -4.857541 0.46876007 3.578807
v -4.518467 0.61285204 3.508241
v -4.265756 0.6295281 3.5112045
v -4.0671926 0.6337503 3.542977
v -3.8587103 0.6337504 3.5254688
v -3.647606 0.63375044 3.5079556
v -3.4776359 0.63375044 3.49591
v -3.2837493 0.63374484 3.4958062
v -3.0661483 0.63372886 3.4958062
v -2.8643286 0.633729 3.4958062
v -2.6628013 0.6337289 3.4958062
v -2.468852 0.633729 3.5012414
v -2.3051047 0.6337289 3.523285
v -2.0638552 0.6337289 3.5287666
v -1.8055754 0.6337289 3.5290105
v -1.5616084 0.6337289 3.5290105
v -1.2971764 0.6337289 3.5290105
v -1.0455267 0.6337289 3.5290105
v -0.83986455 0.6337289 3.5290105
v -0.6402477 0.6337289 3.5290105
v -0.47208706 0.63372886 3.5290103
v -0.2844562 0.6337289 3.52901
v -0.083409764 0.6337374 3.5290103
v 0.12459813 0.63373315 3.5290105
v 0.32039163 0.63372886 3.5290103
v 0.52053785 0.6337289 3.5290103
v 0.6795053 0.6337289 3.5290108
v 0.83986455 0.6337289 3.5290105
v 1.0455267 0.6337289 3.5290105
v 1.2971764 0.6337289 3.5290105
v 1.5615869 0.6337289 3.5290105
v 1.8055322 0.6337289 3.5290105
v 1.995808 0.6337289 3.5290105
v 2.139494 0.633729 3.5284941
v 2.3407435 0.6337289 3.5181577
v 2.5166914 0.6337289 3.4971797
v 2.7087276 0.63372886 3.4958062
v 2.9009955 0.6337289 3.4958062
v 3.1062086 0.633729 3.4958065
v 3.3392122 0.63374484 3.4958062
v 3.5312893 0.63375044 3.497179
v 3.7101443 0.6337504 3.5159214
v 3.9279397 0.6337504 3.5269446
v 4.08273 0.6337504 3.542977
v 4.2870884 0.6295217 3.5110896
v 4.5450287 0.61285144 3.5082386
v 4.887281 0.46876007 3.578807
v -4.790163 -2.232523 3.620727
v -4.677831 -2.297706 3.6905575
v -4.5396113 -2.3302863 3.7773674
v -4.295205 -2.3411536 3.7328236
v -4.0731 -2.3411534 3.747991
v -3.8807044 -2.3411536 3.7250538
v -3.6611314 -2.3411536 3.7003577
v -3.477889 -2.3411539 3.7179725
v -3.2836685 -2.3411536 3.7176921
v -3.066148 -2.3411536 3.7178254
v -2.864438 -2.3411539 3.717734
v -2.662744 -2.3411539 3.7177494
v -2.4860153 -2.3411539 3.7070642
v -2.3021958 -2.3411534 3.71588
v -2.0617044 -2.3411534 3.7296228
v -1.805597 -2.3411536 3.7302399
v -1.5628564 -2.3411536 3.7302399
v -1.2995218 -2.3411536 3.7302399
v -1.0486686 -2.3411536 3.73024
v -0.8433292 -2.3411536 3.7302399
v -0.6439911 -2.3411536 3.7302396
v -0.47205934 -2.3411539 3.7302403
v -0.28447235 -2.3411536 3.7302399
v -0.08306542 -2.3411536 3.7302396
v 0.124586806 -2.3411539 3.7302399
v 0.3204463 -2.3411536 3.7302399
v 0.520977 -2.3411534 3.7302396
v 0.6832158 -2.3411536 3.7302399
v 0.8433292 -2.3411536 3.7302399
v 1.0486686 -2.3411536 3.73024
v 1.2995218 -2.3411536 3.7302399
v 1.562835 -2.3411536 3.7302399
v 1.8055538 -2.3411536 3.7302399
v 1.9945815 -2.3411539 3.7302399
v 2.1371915 -2.3411536 3.728927
v 2.3370535 -2.3411536 3.7034879
v 2.5248873 -2.3411536 3.7142699
v 2.7085712 -2.3411536 3.7177875
v 2.9010105 -2.3411534 3.7177694
v 3.1061978 -2.3411539 3.7178166
v 3.3391426 -2.3411536 3.7176178
v 3.5237603 -2.3411534 3.7140927
v 3.703994 -2.3411536 3.6979723
v 3.8904314 -2.3411536 3.7250535
v 4.0909586 -2.3411539 3.7479799
v 4.319862 -2.3411536 3.732873
v 4.568899 -2.3302863 3.7773678
v 4.707571 -2.297706 3.6905577
v 4.8198814 -2.232523 3.620727
v -4.790163 0.5512445 3.6207273
v -4.677831 0.6007394 3.690558
v -4.5396113 0.6254869 3.7773676
v -4.2942863 0.6337503 3.7338707
v -4.0749164 0.6337504 3.7483187
v -3.8807044 0.6337504 3.7250538
v -3.6606767 0.63374424 3.6989968
v -3.4779305 0.63374835 3.7180111
v -3.2836547 0.6337315 3.718519
v -3.0660427 0.63372886 3.718001
v -2.864222 0.633729 3.7170804
v -2.6629963 0.633729 3.7172468
v -2.4822264 0.6337289 3.7055185
v -2.3024268 0.6337289 3.7158213
v -2.0627239 0.633729 3.7296135
v -1.805597 0.6337289 3.7302399
v -1.5628564 0.6337289 3.7302399
v -1.2995218 0.6337289 3.73024
v -1.0486686 0.6337289 3.7302399
v -0.8433292 0.6337289 3.7302399
v -0.6421052 0.63372886 3.7302394
v -0.47213477 0.6337289 3.73024
v -0.28448623 0.6337289 3.7302399
v -0.08333761 0.6337289 3.7302396
v 0.12459812 0.6337289 3.7302396
v 0.32042307 0.63372886 3.7302399
v 0.5209654 0.6337289 3.7302396
v 0.6821779 0.6337289 3.7302396
v 0.8433292 0.6337289 3.7302399
v 1.0486686 0.6337289 3.7302399
v 1.2995218 0.6337289 3.73024
v 1.562835 0.6337289 3.7302399
v 1.8055538 0.6337289 3.7302399
v 1.9945815 0.6337289 3.7302396
v 2.1371915 0.6337289 3.7289271
v 2.3381248 0.633729 3.7031171
v 2.5235462 0.6337289 3.7135003
v 2.7087793 0.6337289 3.717056
v 2.9009187 0.6337289 3.7172544
v 3.105939 0.6337289 3.718158
v 3.339346 0.63373685 3.7183497
v 3.5247476 0.6337486 3.713486
v 3.7000675 0.63374466 3.6969588
v 3.8904314 0.6337504 3.7250538
v 4.0929027 0.63375044 3.7483175
v 4.318775 0.6337504 3.7340918
v 4.568899 0.6254869 3.7773676
v 4.707571 0.6007394 3.6905575
v 4.8198814 0.5512445 3.6207268
v -4.8457913 -2.232523 3.9343524
v -4.7278643 -2.297706 3.9851387
v -4.394548 -2.3411536 3.8701816
v -4.2487965 -2.3411536 3.9409375
v -4.108575 -2.3411536 3.9616182
v -3.917114 -2.3411536 3.9512434
v -3.6612191 -2.3411536 3.9098485
v -3.47806 -2.3411536 3.9302108
v -3.2834454 -2.3411536 3.929597
v -3.0661485 -2.3411539 3.929597
v -2.86434 -2.3411534 3.929597
v -2.6629968 -2.3411536 3.929597
v -2.456916 -2.3411539 3.9127846
v -2.2992508 -2.3411534 3.9288952
v -2.0611436 -2.3411536 3.9560056
v -1.805597 -2.3411536 3.957228
v -1.5636096 -2.3411536 3.957228
v -1.3009422 -2.3411536 3.957228
v -1.0505409 -2.3411536 3.957228
v -0.8453951 -2.3411536 3.957228
v -0.6449093 -2.3411539 3.9572277
v -0.47209898 -2.3411536 3.9572277
v -0.28448668 -2.3411534 3.9572275
v -0.08306542 -2.3411536 3.957228
v 0.12458807 -2.3411539 3.9572277
v 0.32045707 -2.3411534 3.9572277
v 0.5212175 -2.3411534 3.9572277
v 0.68473166 -2.3411536 3.957228
v 0.8453951 -2.3411536 3.957228
v 1.0505409 -2.3411536 3.957228
v 1.3009422 -2.3411536 3.9572282
v 1.5636096 -2.3411536 3.957228
v 1.8055538 -2.3411536 3.9572282
v 1.9938498 -2.3411534 3.957228
v 2.1357927 -2.3411536 3.9546459
v 2.344096 -2.3411536 3.9182615
v 2.5029588 -2.3411539 3.9191546
v 2.7087853 -2.3411539 3.9295967
v 2.901024 -2.3411536 3.929597
v 3.1061695 -2.3411536 3.929597
v 3.3389509 -2.3411536 3.929597
v 3.5451815 -2.3411536 3.9191558
v 3.6904428 -2.3411531 3.9118404
v 3.929801 -2.3411539 3.9512482
v 4.1295347 -2.3411536 3.961618
v 4.274125 -2.3411536 3.9409375
v 4.422502 -2.3411536 3.8701816
v 4.759089 -2.297706 3.9851387
v 4.877016 -2.232523 3.9343526
v -4.9346123 -2.0523155 3.8961015
v 4.965836 -2.0523193 3.8961017
v -4.963718 -1.8238455 3.8835452
v 4.994943 -1.8238454 3.8835454
v -4.963718 -1.6562083 3.883545
v 4.994943 -1.6562084 3.8835452
v -4.963718 -1.4927028 3.883545
v 4.994943 -1.4927028 3.8835454
v -4.963718 -1.2760082 3.8835454
v 4.9949436 -1.276008 3.8835454
v -4.9637175 -1.0019553 3.8835454
v 4.9949436 -1.0019552 3.8835452
v -4.9637184 -0.8574928 3.883545
v 4.994943 -0.85749274 3.8835447
v -4.963718 -0.63156956 3.8835454
v 4.9949436 -0.63156956 3.8835452
v -4.941829 -0.43310118 3.8930357
v 4.9730554 -0.4331012 3.8930354
v -4.9637175 -0.23278262 3.8835454
v 4.9949427 -0.23278262 3.8835452
v -4.963718 -0.03263165 3.883545
v 4.994943 -0.032631643 3.8835454
v -4.963718 0.11734185 3.8835454
v 4.994943 0.11734177 3.8835447
v -4.9577885 0.31898442 3.8861089
v 4.989014 0.31898224 3.8861089
v -4.8809214 0.5102915 3.9192235
v -4.7278643 0.6007394 3.9851387
v -4.394548 0.6337289 3.8701816
v -4.2487965 0.6337289 3.9409375
v -4.108575 0.6337289 3.9616182
v -3.9183304 0.63372886 3.951334
v -3.6583047 0.63372886 3.9090552
v -3.4780605 0.6337289 3.9302113
v -3.2834454 0.6337289 3.9295967
v -3.0661485 0.633729 3.929597
v -2.86434 0.6337289 3.929597
v -2.6629965 0.63372886 3.9295967
v -2.451304 0.6337289 3.9121332
v -2.3013291 0.6337289 3.9281163
v -2.0620532 0.6337289 3.9559891
v -1.805597 0.6337289 3.957228
v -1.5636096 0.6337289 3.957228
v -1.3009422 0.6337289 3.957228
v -1.0505409 0.6337289 3.957228
v -0.8453951 0.6337289 3.957228
v -0.64385086 0.6337289 3.9572277
v -0.47216713 0.63372886 3.957228
v -0.28449896 0.63372886 3.957228
v -0.08330696 0.63372886 3.957228
v 0.12459812 0.63372886 3.957228
v 0.32043642 0.63372886 3.9572277
v 0.52121395 0.63372886 3.9572277
v 0.6843595 0.6337289 3.9572282
v 0.8453951 0.6337289 3.957228
v 1.0505409 0.6337289 3.957228
v 1.3009422 0.6337289 3.957228
v 1.5636096 0.6337289 3.957228
v 1.8055538 0.6337289 3.9572277
v 1.9938498 0.6337289 3.957228
v 2.1357927 0.6337289 3.9546459
v 2.3479958 0.6337289 3.9181173
v 2.5006135 0.633729 3.9179337
v 2.7087853 0.63372886 3.9295967
v 2.901024 0.6337289 3.929597
v 3.1061692 0.63372886 3.9295964
v 3.3389506 0.63373405 3.9295964
v 3.5475273 0.6337355 3.9179368
v 3.6832547 0.6337289 3.9112341
v 3.9309647 0.6337289 3.9513307
v 4.1295347 0.6337289 3.9616182
v 4.274125 0.6337289 3.9409375
v 4.422502 0.6337289 3.8701816
v 4.759089 0.6007394 3.9851387
v 4.9121485 0.51028824 3.9192224
v -4.499389 -2.3355994 4.077759
v -4.2516584 -2.3411536 4.1610827
v -4.099257 -2.3411536 4.186239
v -3.9029858 -2.3411536 4.187956
v -3.6724684 -2.3411534 4.123203
v -3.4958045 -2.3411536 4.1297884
v -3.28332 -2.3411536 4.130339
v -3.0661485 -2.3411536 4.130377
v -2.864391 -2.3411536 4.1299667
v -2.6624737 -2.3411534 4.1295733
v -2.4842026 -2.3411536 4.122825
v -2.300711 -2.3411536 4.154054
v -2.061375 -2.3411536 4.1967764
v -1.8057045 -2.3411536 4.1984835
v -1.5640401 -2.3411536 4.1984835
v -1.3016523 -2.3411536 4.1984835
v -1.0514877 -2.3411536 4.1984835
v -0.84642804 -2.3411536 4.1984835
v -0.64545286 -2.3411539 4.1984835
v -0.47211695 -2.3411536 4.198483
v -0.28448915 -2.3411536 4.1984835
v -0.08306542 -2.3411536 4.1984835
v 0.12458829 -2.3411534 4.1984835
v 0.32045898 -2.3411536 4.1984835
v 0.5213335 -2.3411539 4.1984835
v 0.68553853 -2.3411536 4.1984835
v 0.84642804 -2.3411536 4.1984835
v 1.0514877 -2.3411536 4.1984835
v 1.3016523 -2.3411536 4.1984835
v 1.5640186 -2.3411536 4.1984835
v 1.8056616 -2.3411536 4.1984835
v 1.9936992 -2.3411534 4.1984835
v 2.1359434 -2.3411536 4.19489
v 2.319142 -2.3411539 4.13368
v 2.5120034 -2.3411534 4.130696
v 2.7087457 -2.3411536 4.129416
v 2.9009686 -2.3411534 4.1301265
v 3.1061537 -2.3411534 4.130375
v 3.3388596 -2.3411536 4.1303186
v 3.5282652 -2.3411539 4.1296153
v 3.6973343 -2.3411536 4.121207
v 3.9157016 -2.3411536 4.1879597
v 4.1207976 -2.3411536 4.186239
v 4.2780414 -2.3411536 4.1610827
v 4.529395 -2.3356016 4.07777
v -4.49933 0.62951964 4.077781
v -4.2516584 0.6337289 4.1610827
v -4.099257 0.6337289 4.186239
v -3.9041543 0.633729 4.1880326
v -3.668953 0.633729 4.1187463
v -3.4958048 0.6337289 4.1297894
v -3.28332 0.633729 4.130339
v -3.0661485 0.63372886 4.130377
v -2.8643913 0.633729 4.129967
v -2.662474 0.633729 4.1295733
v -2.4782426 0.633729 4.119652
v -2.3051984 0.633729 4.151237
v -2.0622132 0.6337289 4.196755
v -1.8057045 0.6337289 4.1984835
v -1.5640401 0.6337289 4.1984835
v -1.3016523 0.6337289 4.1984835
v -1.0514877 0.6337289 4.1984835
v -0.84642804 0.6337289 4.1984835
v -0.6452277 0.6337289 4.1984835
v -0.47218436 0.6337289 4.1984835
v -0.28450114 0.6337289 4.1984835
v -0.083245225 0.63372886 4.1984835
v 0.12459813 0.63372886 4.1984835
v 0.32043868 0.6337289 4.198483
v 0.5213351 0.633729 4.1984835
v 0.68554866 0.6337289 4.1984835
v 0.84642804 0.6337289 4.1984835
v 1.0514877 0.6337289 4.1984835
v 1.3016523 0.6337289 4.1984835
v 1.5640186 0.6337289 4.1984835
v 1.8056616 0.6337289 4.1984835
v 1.9936992 0.6337289 4.1984835
v 2.1359434 0.6337289 4.19489
v 2.3251426 0.6337289 4.128713
v 2.5093453 0.633729 4.1301517
v 2.7087457 0.633729 4.129416
v 2.9009686 0.6337289 4.1301265
v 3.106154 0.633729 4.130375
v 3.3388596 0.6337289 4.1303186
v 3.5286272 0.63372886 4.1294355
v 3.6883829 0.6337289 4.1161046
v 3.916839 0.6337289 4.1880307
v 4.1207976 0.6337289 4.186239
v 4.2780414 0.6337289 4.1610827
v 4.5293365 0.62952113 4.0777926
v -4.864341 -2.232523 4.271026
v -4.668963 -2.3138793 4.321675
v -4.4230614 -2.3411536 4.3789682
v -3.6594121 -2.3411536 4.3151674
v -3.4807994 -2.3411536 4.328461
v -3.2833831 -2.3411536 4.329946
v -3.0661485 -2.3411536 4.329947
v -2.8642888 -2.3411539 4.329947
v -2.662805 -2.3411536 4.3299465
v -2.4665382 -2.3411536 4.3003564
v -2.3451476 -2.3411536 4.358014
v 2.3593218 -2.3411534 4.3216524
v 2.4937723 -2.3411534 4.315843
v 2.7088492 -2.3411536 4.3299465
v 2.9009752 -2.3411536 4.329946
v 3.1061616 -2.3411536 4.3299465
v 3.3389497 -2.3411539 4.329947
v 3.5361476 -2.3411536 4.307799
v 3.6834185 -2.3411539 4.331406
v 4.4528017 -2.3411536 4.3789682
v 4.7004247 -2.3138819 4.3216786
v 4.896061 -2.232523 4.271026
v -4.9545383 -2.0524254 4.2471204
v 4.986271 -2.0524182 4.2471204
v -4.9841404 -1.8238455 4.2392845
v 5.01586 -1.8238455 4.2392845
v -4.9841404 -1.6562083 4.2392845
v 5.01586 -1.6562082 4.2392845
v -4.9841404 -1.4927028 4.2392845
v 5.01586 -1.4927028 4.2392845
v -4.98414 -1.2758754 4.2392845
v 5.01586 -1.2758753 4.2392845
v -4.9841404 -1.0024062 4.2392845
v 5.01586 -1.0024061 4.2392845
v -4.9841404 -0.8574633 4.239285
v 5.01586 -0.8574633 4.2392845
v -4.984141 -0.6315704 4.2392845
v 5.01586 -0.6315704 4.239285
v -4.961881 -0.43310967 4.2452054
v 4.9905076 -0.4225953 4.246031
v 5.0158596 -0.50857264 4.2392845
v -4.98414 -0.23278348 4.2392845
v 5.01586 -0.23278348 4.239284
v -4.9841404 -0.03258603 4.2392845
v 5.0158606 -0.032586034 4.239285
v -4.9841404 0.11707857 4.2392845
v 5.01586 0.11707854 4.2392845
v -4.978097 0.31913283 4.24088
v 5.0038953 0.36914617 4.242448
v 5.01586 0.26826257 4.2392845
v -4.900144 0.5101565 4.261539
v -4.668792 0.613052 4.3217177
v -4.4230614 0.6337289 4.3789682
v -3.6606364 0.633729 4.3089895
v -3.4807994 0.6337289 4.328461
v -3.2833831 0.6337289 4.329946
v -3.0661485 0.63372886 4.329947
v -2.8642886 0.6337289 4.3299465
v -2.662805 0.6337289 4.329946
v -2.461929 0.633729 4.294452
v -2.3496547 0.6337289 4.3504424
v 2.3639617 0.6337289 4.312627
v 2.4963853 0.633729 4.317179
v 2.7088494 0.633729 4.3299465
v 2.9009752 0.63372886 4.329946
v 3.1061616 0.633729 4.3299465
v 3.3389497 0.633729 4.329947
v 3.5361476 0.633729 4.307799
v 3.6803432 0.6337289 4.32004
v 4.4528017 0.6337289 4.3789682
v 4.7002525 0.61305416 4.321721
v 4.9318666 0.51015395 4.261539
v -4.864341 -2.232523 4.5919037
v -4.7445416 -2.297706 4.607785
v -4.252347 -2.3411536 4.4107094
v -4.0955987 -2.3411536 4.4297543
v -3.8928316 -2.3411536 4.432112
v -3.626258 -2.3411536 4.4893765
v -3.4845226 -2.3411534 4.5374656
v -3.2836587 -2.3411531 4.5391946
v -3.0661483 -2.3411536 4.5390224
v -2.864443 -2.3411536 4.539141
v -2.6620028 -2.3411536 4.539231
v -2.485274 -2.3411534 4.517347
v -2.2475436 -2.3411536 4.428506
v -2.0629225 -2.3411536 4.4407897
v -1.8060273 -2.3411536 4.4424505
v -1.5642983 -2.3411536 4.4424505
v -1.3019321 -2.3411536 4.4424505
v -1.0518105 -2.3411536 4.4424505
v -0.8467723 -2.3411536 4.4424505
v -0.6450462 -2.3411536 4.4424505
v -0.47219196 -2.3411536 4.4424505
v -0.28450114 -2.3411536 4.44245
v -0.083301716 -2.3411534 4.44245
v 0.12459812 -2.3411536 4.4424505
v 0.32043868 -2.3411534 4.44245
v 0.52137685 -2.3411539 4.4424505
v 0.68582034 -2.3411536 4.4424505
v 0.8467723 -2.3411536 4.4424505
v 1.0518105 -2.3411536 4.4424505
v 1.3019321 -2.3411536 4.4424505
v 1.5642768 -2.3411536 4.4424505
v 1.8060057 -2.3411536 4.4424505
v 1.9942157 -2.3411536 4.4424505
v 2.138246 -2.3411534 4.4389644
v 2.3192692 -2.3411536 4.451677
v 2.5207067 -2.3411539 4.527673
v 2.7082717 -2.3411536 4.53917
v 2.901013 -2.3411536 4.5390954
v 3.1061966 -2.3411536 4.539035
v 3.3392277 -2.3411536 4.5392914
v 3.5275104 -2.3411536 4.527671
v 3.6573744 -2.3411536 4.475978
v 3.9054499 -2.3411536 4.43212
v 4.1173334 -2.3411536 4.4297543
v 4.279074 -2.3411536 4.4107094
v 4.7762613 -2.297706 4.607785
v 4.896061 -2.232523 4.5919037
v -4.954674 -2.0518994 4.5799284
v 4.9864044 -2.0518992 4.579928
v -4.9841404 -1.8238453 4.576022
v 5.01586 -1.8238454 4.576022
v -4.9841404 -1.6562083 4.576022
v 5.01586 -1.6562083 4.576022
v -4.9841404 -1.4927028 4.576022
v 5.01586 -1.4927028 4.576022
v -4.9841404 -1.2759391 4.576022
v 5.01586 -1.2759391 4.576022
v -4.9841404 -1.0024976 4.576022
v 5.0158596 -1.0024976 4.576022
v -4.9841404 -0.8574529 4.576022
v 5.01586 -0.8574529 4.576022
v -4.9841404 -0.6315756 4.5760217
v 5.0158606 -0.6315756 4.5760217
v -4.961856 -0.43309537 4.5789957
v 4.9904823 -0.42258942 4.579409
v 5.01586 -0.50857276 4.576022
v -4.98414 -0.23278365 4.576021
v 5.01586 -0.23278368 4.576022
v -4.9841404 -0.032585397 4.576022
v 5.0158606 -0.0325854 4.576022
v -4.9841404 0.11709908 4.576022
v 5.01586 0.11709908 4.576022
v -4.978099 0.31910992 4.5768247
v 5.0038953 0.36914617 4.577615
v 5.01586 0.26826257 4.576022
v -4.9002247 0.5100635 4.587144
v -4.7445416 0.6007394 4.607785
v -4.252347 0.6337289 4.4107094
v -4.0955987 0.6337289 4.4297547
v -3.8955252 0.6337289 4.432273
v -3.626632 0.63372886 4.48921
v -3.4845228 0.6337289 4.537466
v -3.2836587 0.63372886 4.5391946
v -3.0661483 0.6337289 4.5390224
v -2.8644433 0.6337289 4.539141
v -2.6620033 0.633729 4.5392313
v -2.4873471 0.6337289 4.517274
v -2.2475436 0.6337289 4.428506
v -2.0634873 0.6337289 4.440776
v -1.8060273 0.6337289 4.4424505
v -1.5642983 0.6337289 4.4424505
v -1.3019321 0.6337289 4.4424505
v -1.0518105 0.6337289 4.4424505
v -0.8467723 0.6337289 4.4424505
v -0.6456307 0.63372886 4.4424505
v -0.47212294 0.6337289 4.4424505
v -0.28448915 0.6337289 4.44245
v -0.08306542 0.63372886 4.4424505
v 0.12458829 0.6337289 4.4424505
v 0.32045898 0.633729 4.4424505
v 0.5213693 0.633729 4.4424505
v 0.6858002 0.6337289 4.442451
v 0.8467723 0.6337289 4.4424505
v 1.0518105 0.6337289 4.4424505
v 1.3019321 0.6337289 4.4424505
v 1.5642768 0.6337289 4.4424505
v 1.8060057 0.6337289 4.4424505
v 1.9942157 0.6337289 4.4424505
v 2.138246 0.6337289 4.4389644
v 2.3178716 0.63372886 4.451226
v 2.5264783 0.6337289 4.5287733
v 2.7082717 0.6337289 4.5391693
v 2.9010124 0.6337289 4.539095
v 3.1061969 0.6337289 4.539035
v 3.3392277 0.6337289 4.5392914
v 3.5275102 0.6337289 4.5276704
v 3.6573746 0.633729 4.475978
v 3.9081185 0.6337289 4.432271
v 4.1173334 0.6337289 4.4297543
v 4.279074 0.6337289 4.4107094
v 4.7762613 0.6007394 4.607785
v 4.9319453 0.5100634 4.5871444
v -4.5922265 -2.3302863 4.62683
v -4.422825 -2.3411536 4.6458745
v -4.2517447 -2.3411536 4.6617346
v -4.0943933 -2.3411536 4.671268
v -3.885898 -2.3411536 4.6701617
v -3.6669393 -2.3411534 4.6827035
v -3.4873424 -2.3411536 4.7584286
v -3.284009 -2.3411536 4.7606387
v -3.065967 -2.3411536 4.760638
v -2.8638783 -2.3411534 4.7606387
v -2.6624658 -2.3411534 4.760638
v -2.4917362 -2.3411536 4.7456484
v -2.305407 -2.3411536 4.656112
v -2.065271 -2.3411536 4.6763644
v -1.8066729 -2.3411536 4.677616
v -1.5645566 -2.3411536 4.677616
v -1.3019967 -2.3411536 4.677616
v -1.0518105 -2.3411536 4.677616
v -0.8467723 -2.3411536 4.677616
v -0.644411 -2.3411534 4.6776166
v -0.4721973 -2.3411536 4.677616
v -0.28449377 -2.3411534 4.677616
v -0.08331938 -2.3411539 4.677616
v 0.12459813 -2.3411534 4.6776166
v 0.320431 -2.3411536 4.677616
v 0.5213712 -2.3411536 4.677616
v 0.6852475 -2.3411536 4.6776166
v 0.8467723 -2.3411536 4.677616
v 1.0518105 -2.3411536 4.677616
v 1.3019967 -2.3411536 4.677616
v 1.564535 -2.3411536 4.677616
v 1.8066514 -2.3411536 4.677616
v 1.9955068 -2.3411536 4.677616
v 2.141603 -2.3411536 4.6749907
v 2.3052063 -2.3411536 4.6561112
v 2.511494 -2.3411536 4.748312
v 2.708713 -2.3411536 4.7606387
v 2.9007907 -2.3411536 4.7606387
v 3.1057982 -2.3411536 4.7606387
v 3.3399177 -2.3411536 4.7606387
v 3.5057793 -2.3411534 4.7578974
v 3.6690333 -2.3411536 4.6826935
v 3.89838 -2.3411534 4.6701694
v 4.116128 -2.3411536 4.671268
v 4.2784715 -2.3411536 4.6617346
v 4.4525647 -2.3411536 4.6458745
v 4.623451 -2.3302863 4.62683
v -4.5922265 0.6254869 4.62683
v -4.422825 0.6337289 4.6458745
v -4.2517447 0.6337289 4.6617346
v -4.0943933 0.6337289 4.671268
v -3.8896027 0.6337289 4.6703444
v -3.672074 0.633729 4.677725
v -3.4872804 0.633729 4.7584286
v -3.2840087 0.6337289 4.7606387
v -3.066148 0.6337289 4.7606387
v -2.8642385 0.633729 4.760639
v -2.6620197 0.633729 4.7606387
v -2.498374 0.6337289 4.747682
v -2.308371 0.6337289 4.65546
v -2.0663934 0.6337289 4.676344
v -1.8066729 0.6337289 4.677616
v -1.5645566 0.6337289 4.677616
v -1.3019967 0.6337289 4.677616
v -1.0518105 0.6337289 4.677616
v -0.8467723 0.6337289 4.677616
v -0.64579433 0.63372886 4.6776156
v -0.47212404 0.633729 4.6776166
v -0.2844809 0.6337289 4.677616
v -0.08306542 0.6337289 4.6776166
v 0.12458755 0.6337289 4.6776166
v 0.32045272 0.6337289 4.6776166
v 0.5213666 0.633729 4.677616
v 0.68589497 0.6337289 4.677616
v 0.8467723 0.6337289 4.677616
v 1.0518105 0.6337289 4.677616
v 1.3019967 0.6337289 4.677616
v 1.564535 0.6337289 4.677616
v 1.8066514 0.6337289 4.677616
v 1.9955068 0.6337289 4.677616
v 2.141603 0.6337289 4.6749907
v 2.308166 0.633729 4.65546
v 2.5189688 0.6337289 4.7502317
v 2.7083414 0.63372886 4.7606387
v 2.9009466 0.6337289 4.7606387
v 3.1062422 0.6337289 4.760639
v 3.3395457 0.63372886 4.7606387
v 3.5058303 0.6337289 4.757894
v 3.6743095 0.6337289 4.6777177
v 3.902075 0.6337289 4.670343
v 4.116128 0.6337289 4.671268
v 4.2784715 0.6337289 4.6617346
v 4.4525647 0.6337289 4.6458745
v 4.623451 0.6254869 4.62683
v -4.8643403 -2.232523 4.858165
v -4.668074 -2.3140507 4.868335
v -4.4224157 -2.3411536 4.879749
v -4.250733 -2.3411536 4.8860974
v -4.0923705 -2.3411536 4.8899064
v -3.8860657 -2.3411536 4.8886495
v -3.674744 -2.3411536 4.895342
v -3.4851305 -2.3411536 4.9245133
v -3.284403 -2.3411536 4.9256496
v -3.066007 -2.3411536 4.92565
v -2.8637362 -2.3411536 4.9256496
v -2.6623306 -2.3411536 4.92565
v -2.4929867 -2.3411536 4.917474
v -2.3045928 -2.3411536 4.8874745
v -2.0677712 -2.3411536 4.891771
v -1.8077705 -2.3411536 4.8924456
v -1.564987 -2.3411536 4.8924456
v -1.3021042 -2.3411536 4.8924456
v -1.0518105 -2.3411536 4.8924456
v -0.8467723 -2.3411536 4.8924456
v -0.64616185 -2.3411536 4.8924456
v -0.4721245 -2.3411536 4.8924446
v -0.28446072 -2.3411536 4.8924456
v -0.08306543 -2.3411536 4.8924456
v 0.124585785 -2.3411534 4.8924456
v 0.32043758 -2.3411536 4.8924456
v 0.52135354 -2.3411539 4.892446
v 0.68610877 -2.3411536 4.8924456
v 0.8467723 -2.3411536 4.8924456
v 1.0518105 -2.3411536 4.8924456
v 1.3021042 -2.3411536 4.8924456
v 1.5649654 -2.3411536 4.8924456
v 1.8077273 -2.3411536 4.8924456
v 1.9976586 -2.3411536 4.8924456
v 2.144917 -2.3411536 4.8910255
v 2.304402 -2.3411536 4.8874745
v 2.5132713 -2.3411536 4.918979
v 2.708404 -2.3411539 4.92565
v 2.9007525 -2.3411536 4.9256496
v 3.1059499 -2.3411534 4.9256496
v 3.3401382 -2.3411536 4.9256496
v 3.5036669 -2.3411536 4.9242306
v 3.6777115 -2.3411536 4.8953276
v 3.8986502 -2.3411536 4.8886485
v 4.114105 -2.3411536 4.8899064
v 4.27746 -2.3411536 4.8860974
v 4.452156 -2.3411536 4.879749
v 4.6995273 -2.3140569 4.8683367
v 4.896061 -2.232523 4.858165
v -4.954587 -2.0522366 4.853377
v 4.9863176 -2.0522363 4.853377
v -4.9841404 -1.8238454 4.8518167
v 5.01586 -1.8238454 4.8518167
v -4.9841404 -1.6562083 4.8518167
v 5.01586 -1.6562083 4.8518167
v -4.9841404 -1.4927028 4.8518167
v 5.01586 -1.4927028 4.8518167
v -4.9841404 -1.2762073 4.8518167
v 5.01586 -1.2762073 4.8518167
v -4.98414 -1.0029086 4.851816
v 5.01586 -1.0029085 4.851816
v -4.9841404 -0.85740554 4.851816
v 5.01586 -0.85740554 4.8518167
v -4.98414 -0.63159937 4.8518167
v 5.015861 -0.6315994 4.851817
v -4.961811 -0.4330734 4.853
v 4.990434 -0.42258304 4.853165
v 5.01586 -0.50857353 4.8518167
v -4.98414 -0.23277925 4.851816
v 5.0158596 -0.23277925 4.851816
v -4.9841404 -0.032582525 4.851817
v 5.0158606 -0.032582525 4.851817
v -4.9841404 0.1171925 4.8518167
v 5.01586 0.1171925 4.8518167
v -4.978091 0.31918138 4.852132
v 5.0038953 0.36914617 4.852441
v 5.01586 0.26826257 4.8518167
v -4.900255 0.5100295 4.8562613
v -4.667793 0.61320037 4.868349
v -4.4224157 0.6337289 4.879749
v -4.250733 0.633729 4.8860974
v -4.0923705 0.6337289 4.8899064
v -3.8860536 0.633729 4.8886495
v -3.6707516 0.6337289 4.8960915
v -3.4855573 0.633729 4.924488
v -3.2843935 0.6337289 4.92565
v -3.066148 0.6337289 4.92565
v -2.8640099 0.6337289 4.9256506
v -2.6620042 0.6337289 4.92565
v -2.4975808 0.633729 4.9183273
v -2.3031375 0.63372886 4.8874526
v -2.067973 0.633729 4.891769
v -1.8077705 0.6337289 4.8924456
v -1.564987 0.6337289 4.8924456
v -1.3021042 0.6337289 4.8924456
v -1.0518105 0.6337289 4.8924456
v -0.8467723 0.6337289 4.8924456
v -0.6460071 0.63372886 4.8924456
v -0.47221026 0.6337289 4.8924456
v -0.28447583 0.633729 4.8924465
v -0.0832294 0.633729 4.8924456
v 0.12459813 0.6337289 4.8924456
v 0.32041216 0.63372886 4.892445
v 0.5213589 0.63372886 4.8924446
v 0.68613774 0.63372886 4.8924456
v 0.8467723 0.6337289 4.8924456
v 1.0518105 0.6337289 4.8924456
v 1.3021042 0.6337289 4.8924456
v 1.5649654 0.6337289 4.8924456
v 1.8077273 0.6337289 4.8924456
v 1.9976587 0.6337289 4.8924456
v 2.144917 0.6337289 4.8910255
v 2.3029463 0.6337289 4.8874536
v 2.5181239 0.63372886 4.9197507
v 2.7081218 0.6337289 4.92565
v 2.900872 0.63372886 4.9256496
v 3.1062934 0.63372886 4.9256496
v 3.3398554 0.633729 4.92565
v 3.5041382 0.6337289 4.9242
v 3.6736565 0.63372886 4.8960633
v 3.8986502 0.6337289 4.8886485
v 4.114105 0.6337289 4.8899064
v 4.27746 0.6337289 4.8860974
v 4.452156 0.63372886 4.879749
v 4.699245 0.61320513 4.8683505
v 4.931975 0.5100293 4.8562617
v -4.864341 -2.232523 5.1009054
v -4.6674347 -2.3141758 5.103466
v -4.421942 -2.3411536 5.106307
v -4.249528 -2.3411536 5.107899
v -4.0899386 -2.3411536 5.1088457
v -3.8830488 -2.3411536 5.1085305
v -3.6710215 -2.3411534 5.1103396
v -3.4839633 -2.3411536 5.117513
v -3.2847815 -2.3411536 5.117799
v -3.0660472 -2.3411536 5.117798
v -2.8635943 -2.3411534 5.1177983
v -2.662277 -2.3411536 5.117799
v -2.5007627 -2.3411539 5.1160154
v -2.3068094 -2.3411536 5.108241
v -2.0717263 -2.3411536 5.109316
v -1.8090615 -2.3411536 5.109492
v -1.5655034 -2.3411536 5.109492
v -1.3022335 -2.3411536 5.109492
v -1.0518105 -2.3411536 5.109492
v -0.8467723 -2.3411536 5.109492
v -0.6456773 -2.3411534 5.109492
v -0.47212386 -2.3411539 5.1094923
v -0.28448722 -2.3411536 5.109492
v -0.08306542 -2.3411534 5.1094913
v 0.12458812 -2.3411536 5.109492
v 0.3204575 -2.3411536 5.109492
v 0.5213706 -2.3411536 5.109492
v 0.6858261 -2.3411536 5.1094923
v 0.8467723 -2.3411536 5.109492
v 1.0518105 -2.3411536 5.109492
v 1.3022335 -2.3411536 5.109492
v 1.5654819 -2.3411536 5.109492
v 1.8090185 -2.3411536 5.109492
v 2.0002627 -2.3411536 5.109492
v 2.1484032 -2.3411536 5.1091266
v 2.306616 -2.3411536 5.1082416
v 2.5210469 -2.3411539 5.1163673
v 2.708119 -2.3411536 5.1177983
v 2.900714 -2.3411536 5.1177983
v 3.106102 -2.3411536 5.117798
v 3.3403373 -2.3411536 5.1177983
v 3.502263 -2.3411536 5.117442
v 3.674249 -2.3411536 5.1103354
v 3.8958845 -2.3411536 5.1085315
v 4.111674 -2.3411536 5.108846
v 4.276255 -2.3411536 5.107899
v 4.4516606 -2.3411536 5.106307
v 4.69883 -2.3141916 5.103467
v 4.896061 -2.232523 5.1009054
v -4.9544454 -2.052792 5.0997186
v 4.986175 -2.0527923 5.0997186
v -4.9841404 -1.8238454 5.0993347
v 5.01586 -1.8238454 5.0993347
v -4.9841404 -1.6562083 5.0993347
v 5.01586 -1.6562083 5.0993347
v -4.9841404 -1.4927028 5.0993347
v 5.01586 -1.4927028 5.0993347
v -4.9841404 -1.2763819 5.0993342
v 5.01586 -1.2763819 5.0993342
v -4.984141 -1.0028138 5.099335
v 5.015861 -1.0028138 5.099335
v -4.9841404 -0.8574358 5.0993347
v 5.01586 -0.8574358 5.0993347
v -4.984141 -0.63161206 5.0993347
v 5.0158606 -0.63161206 5.0993347
v -4.9616976 -0.43300906 5.099624
v 4.9903235 -0.422567 5.099664
v 5.0158596 -0.50857276 5.0993342
v -4.9841404 -0.2327724 5.0993347
v 5.0158606 -0.2327724 5.0993347
v -4.9841404 -0.03267141 5.0993342
v 5.0158596 -0.03267141 5.0993342
v -4.9841404 0.11775613 5.0993342
v 5.0158596 0.11775613 5.0993342
v -4.9781303 0.31884328 5.09941
v 5.0038953 0.36914617 5.0994854
v 5.0158606 0.26826257 5.0993347
v -4.8997726 0.51058346 5.100439
v -4.667346 0.61326414 5.1034675
v -4.421942 0.6337289 5.106307
v -4.249528 0.6337289 5.107899
v -4.0899386 0.6337289 5.1088457
v -3.8830488 0.6337289 5.1085305
v -3.6722052 0.63372886 5.1102843
v -3.4837575 0.6337289 5.117514
v -3.2847693 0.633729 5.117799
v -3.0661478 0.6337289 5.1177983
v -2.8637848 0.633729 5.117799
v -2.6620567 0.6337289 5.1177983
v -2.5006752 0.6337289 5.1160116
v -2.3064775 0.63372886 5.10824
v -2.0712981 0.6337289 5.1093163
v -1.8090615 0.6337289 5.109492
v -1.5655034 0.6337289 5.109492
v -1.3022335 0.6337289 5.109492
v -1.0518105 0.6337289 5.109492
v -0.8467723 0.6337289 5.109492
v -0.64405465 0.6337289 5.1094913
v -0.47219324 0.633729 5.109492
v -0.28449938 0.6337289 5.109492
v -0.0833059 0.63372886 5.1094913
v 0.12459812 0.6337289 5.1094913
v 0.32043684 0.6337289 5.109492
v 0.52137506 0.6337289 5.109492
v 0.6849292 0.6337289 5.109492
v 0.8467723 0.6337289 5.109492
v 1.0518105 0.6337289 5.109492
v 1.3022335 0.6337289 5.109492
v 1.5654819 0.6337289 5.109492
v 1.8090185 0.6337289 5.109492
v 2.0002627 0.63372886 5.109492
v 2.1484032 0.63372886 5.109126
v 2.3062854 0.6337289 5.1082406
v 2.5209134 0.633729 5.1163635
v 2.7079227 0.6337289 5.1177983
v 2.900798 0.6337289 5.117799
v 3.1063454 0.63372886 5.1177983
v 3.3401403 0.6337289 5.1177983
v 3.5021045 0.6337289 5.117444
v 3.6754208 0.633729 5.1102824
v 3.8958845 0.6337289 5.1085315
v 4.111674 0.6337289 5.108846
v 4.276255 0.6337289 5.107899
v 4.4516606 0.6337289 5.106307
v 4.698741 0.6132761 5.103468
v 4.931492 0.51058346 5.100438
v -4.864341 -2.232523 5.351285
v -4.667364 -2.314177 5.3512855
v -4.4214473 -2.3411536 5.351285
v -4.2483015 -2.3411536 5.351285
v -4.0875072 -2.3411536 5.351285
v -3.8792038 -2.3411539 5.3512855
v -3.6670177 -2.3411536 5.351285
v -3.4822843 -2.3411539 5.351285
v -3.2850716 -2.3411536 5.3512855
v -3.0660794 -2.3411536 5.351285
v -2.8634815 -2.3411536 5.3512845
v -2.6622882 -2.3411536 5.351285
v -2.504253 -2.3411536 5.351285
v -2.3114867 -2.3411536 5.351285
v -2.0759826 -2.3411534 5.3512845
v -1.8103526 -2.3411536 5.351285
v -1.5660199 -2.3411536 5.351285
v -1.3023624 -2.3411536 5.351285
v -1.0518105 -2.3411536 5.351285
v -0.8467723 -2.3411536 5.351285
v -0.6450397 -2.3411534 5.351285
v -0.4721229 -2.3411536 5.3512855
v -0.28452066 -2.3411536 5.3512845
v -0.08306543 -2.3411536 5.3512855
v 0.12459107 -2.3411536 5.3512855
v 0.32048255 -2.3411536 5.351285
v 0.5213921 -2.3411536 5.351285
v 0.6854439 -2.3411539 5.351285
v 0.8467723 -2.3411536 5.351285
v 1.0518105 -2.3411536 5.351285
v 1.3023624 -2.3411536 5.351285
v 1.5659983 -2.3411536 5.351285
v 1.8103096 -2.3411536 5.351285
v 2.002845 -2.3411536 5.351285
v 2.152255 -2.3411536 5.351285
v 2.3113046 -2.3411536 5.351285
v 2.5241177 -2.3411536 5.351285
v 2.707917 -2.3411536 5.351285
v 2.9006832 -2.3411536 5.351285
v 3.1062229 -2.3411534 5.351285
v 3.3404803 -2.3411536 5.3512855
v 3.5002651 -2.3411536 5.3512855
v 3.6701846 -2.3411536 5.351285
v 3.8920617 -2.3411539 5.351285
v 4.109264 -2.3411536 5.351285
v 4.27505 -2.3411536 5.351285
v 4.4511876 -2.3411536 5.351285
v 4.698773 -2.3141901 5.351285
v 4.896061 -2.232523 5.351285
v -4.9543853 -2.053023 5.351285
v 4.9861155 -2.0530233 5.351285
v -4.9841404 -1.8238454 5.351285
v 5.01586 -1.8238454 5.351285
v -4.9841404 -1.6562083 5.351285
v 5.01586 -1.6562083 5.351285
v -4.9841404 -1.4927028 5.351285
v 5.01586 -1.4927028 5.351285
v -4.984141 -1.276346 5.351285
v 5.01586 -1.276346 5.351285
v -4.9841404 -1.0021275 5.351285
v 5.0158596 -1.0021275 5.351285
v -4.9841404 -0.85746306 5.351285
v 5.0158596 -0.8574631 5.351285
v -4.9841404 -0.6315916 5.3512845
v 5.01586 -0.63159156 5.3512845
v -4.9616685 -0.43300167 5.3512845
v 4.9902935 -0.42257366 5.351285
v 5.01586 -0.5085724 5.351285
v -4.9841404 -0.2327773 5.351285
v 5.01586 -0.2327773 5.3512845
v -4.984141 -0.032652352 5.351285
v 5.0158606 -0.032652352 5.351285
v -4.984141 0.11755952 5.351285
v 5.01586 0.11755952 5.351285
v -4.9781327 0.31882375 5.351285
v 5.0038953 0.36914617 5.351285
v 5.01586 0.26826257 5.351285
v -4.899835 0.51051086 5.3512845
v -4.667293 0.6132622 5.3512855
v -4.4214473 0.6337289 5.351285
v -4.2483015 0.6337289 5.351285
v -4.0875072 0.6337289 5.351285
v -3.8792038 0.633729 5.3512855
v -3.6680765 0.6337289 5.351285
v -3.482145 0.6337289 5.351285
v -3.285061 0.6337289 5.3512855
v -3.0661473 0.63372886 5.3512845
v -2.8636081 0.6337289 5.351285
v -2.6621432 0.6337289 5.351285
v -2.5041833 0.6337289 5.351285
v -2.3112261 0.6337289 5.3512855
v -2.0751626 0.6337289 5.3512845
v -1.8103527 0.6337289 5.351285
v -1.5660199 0.6337289 5.351285
v -1.3023624 0.6337289 5.351285
v -1.0518105 0.6337289 5.351285
v -0.8467723 0.6337289 5.351285
v -0.6438591 0.63372886 5.351285
v -0.47217175 0.633729 5.3512855
v -0.28452918 0.6337289 5.3512855
v -0.08323457 0.6337289 5.3512855
v 0.12459814 0.633729 5.3512855
v 0.320468 0.63372886 5.3512855
v 0.5213952 0.63372886 5.351285
v 0.6847749 0.633729 5.3512855
v 0.8467723 0.6337289 5.351285
v 1.0518105 0.6337289 5.351285
v 1.3023624 0.6337289 5.351285
v 1.5659983 0.6337289 5.351285
v 1.8103098 0.6337289 5.351285
v 2.002845 0.6337289 5.351285
v 2.152255 0.6337289 5.351285
v 2.311044 0.633729 5.3512845
v 2.524016 0.6337289 5.351285
v 2.7077856 0.6337289 5.351285
v 2.90074 0.6337289 5.351285
v 3.1063871 0.633729 5.3512855
v 3.3403485 0.63372886 5.351285
v 3.5001562 0.633729 5.351285
v 3.6713765 0.6337289 5.3512845
v 3.8920617 0.6337289 5.351285
v 4.109264 0.6337289 5.351285
v 4.27505 0.6337289 5.351285
v 4.4511876 0.6337289 5.351285
v 4.698702 0.6132719 5.351285
v 4.9315557 0.51051086 5.3512855
v -4.864341 -2.232523 5.6404004
v -4.667553 -2.314125 5.6404
v -4.4210386 -2.3411536 5.6404004
v -4.24729 -2.3411536 5.6404004
v -4.0854845 -2.3411536 5.6404004
v -3.8753834 -2.3411539 5.640401
v -3.6629953 -2.3411536 5.6404004
v -3.4808586 -2.3411536 5.6404
v -3.2852695 -2.3411534 5.6404
v -3.0661025 -2.3411536 5.6404004
v -2.8634026 -2.3411536 5.6404
v -2.6623316 -2.3411536 5.6404004
v -2.507099 -2.3411534 5.6404
v -2.3159592 -2.3411534 5.6404004
v -2.0786264 -2.3411536 5.640401
v -1.8114288 -2.3411536 5.6404004
v -1.5664501 -2.3411536 5.6404004
v -1.3024701 -2.3411536 5.6404
v -1.0518105 -2.3411536 5.6404004
v -0.8467723 -2.3411536 5.6404004
v -0.6444877 -2.3411534 5.6404
v -0.47212213 -2.3411534 5.6404004
v -0.2845483 -2.3411536 5.640401
v -0.08306541 -2.3411536 5.6404
v 0.12459351 -2.3411536 5.6404004
v 0.3205033 -2.3411536 5.6404004
v 0.52140987 -2.3411534 5.6404004
v 0.68510354 -2.3411539 5.6404004
v 0.8467723 -2.3411536 5.6404004
v 1.0518105 -2.3411536 5.6404004
v 1.3024701 -2.3411536 5.6404004
v 1.5664287 -2.3411536 5.6404004
v 1.8113858 -2.3411536 5.6404004
v 2.0049968 -2.3411536 5.6404004
v 2.1555908 -2.3411536 5.6404004
v 2.315766 -2.3411536 5.6404004
v 2.5265338 -2.3411536 5.6404004
v 2.7077837 -2.3411534 5.6404
v 2.9006617 -2.3411536 5.6404
v 3.1063073 -2.3411536 5.6404004
v 3.3405688 -2.3411536 5.6404004
v 3.498545 -2.3411534 5.6404
v 3.6661894 -2.3411536 5.6404004
v 3.8881996 -2.3411534 5.6404
v 4.1072407 -2.3411536 5.6404004
v 4.274039 -2.3411536 5.6404004
v 4.450779 -2.3411536 5.6404004
v 4.69899 -2.3141344 5.6404
v 4.896061 -2.232523 5.6404004
v -4.9543257 -2.0532553 5.640401
v 4.986056 -2.0532556 5.6404004
v -4.9841404 -1.8238454 5.6404004
v 5.01586 -1.8238454 5.6404004
v -4.9841404 -1.6562083 5.6404004
v 5.01586 -1.6562083 5.6404004
v -4.9841404 -1.4927028 5.6404004
v 5.01586 -1.4927028 5.6404004
v -4.9841404 -1.2759981 5.640401
v 5.01586 -1.2759981 5.640401
v -4.9841404 -1.0019503 5.6404004
v 5.0158596 -1.0019503 5.6404
v -4.984141 -0.85749376 5.6404004
v 5.01586 -0.8574937 5.6404004
v -4.984141 -0.63156897 5.6404004
v 5.01586 -0.63156885 5.6404
v -4.961666 -0.43300447 5.6404004
v 4.9902916 -0.42257854 5.640401
v 5.01586 -0.50857204 5.640401
v -4.9841404 -0.23278278 5.6404004
v 5.01586 -0.23278278 5.6404004
v -4.98414 -0.032631062 5.6404004
v 5.01586 -0.032631062 5.6404004
v -4.9841404 0.1173356 5.640401
v 5.0158596 0.117335595 5.6404004
v -4.9781375 0.31878504 5.6404004
v 5.0038953 0.36914617 5.6404004
v 5.01586 0.26826257 5.6404004
v -4.8999753 0.51035005 5.6404
v -4.6675024 0.6132193 5.6404
v -4.4210386 0.6337289 5.6404004
v -4.24729 0.6337289 5.6404004
v -4.0854845 0.6337289 5.6404004
v -3.8753834 0.6337289 5.640401
v -3.663703 0.6337289 5.640401
v -3.4807498 0.6337289 5.640401
v -3.285261 0.6337289 5.6404004
v -3.0661473 0.6337289 5.6404
v -2.8634863 0.6337289 5.640401
v -2.6622362 0.6337289 5.640401
v -2.507022 0.633729 5.6404004
v -2.3159592 0.633729 5.6404004
v -2.0786264 0.633729 5.640401
v -1.8114287 0.6337289 5.6404004
v -1.5664501 0.6337289 5.6404004
v -1.3024701 0.6337289 5.6404004
v -1.0518105 0.6337289 5.6404004
v -0.8467723 0.6337289 5.6404004
v -0.6436958 0.63372886 5.6404
v -0.47215393 0.63372886 5.6404
v -0.28455386 0.6337289 5.640401
v -0.08317566 0.6337289 5.6404
v 0.12459812 0.6337289 5.6404
v 0.32049382 0.633729 5.640401
v 0.52141196 0.6337289 5.640401
v 0.6846451 0.6337289 5.640401
v 0.8467723 0.6337289 5.6404004
v 1.0518105 0.6337289 5.6404004
v 1.3024701 0.6337289 5.6404004
v 1.5664288 0.6337289 5.640401
v 1.8113859 0.6337289 5.6404004
v 2.0049968 0.6337289 5.6404004
v 2.1555908 0.6337289 5.6404004
v 2.315766 0.6337289 5.6404004
v 2.5264287 0.63372886 5.6404004
v 2.7076972 0.6337289 5.6404004
v 2.900699 0.63372886 5.6404
v 3.1064165 0.633729 5.6404004
v 3.3404815 0.6337289 5.6404004
v 3.498458 0.6337289 5.6404004
v 3.6669855 0.6337289 5.6404004
v 3.8881996 0.6337289 5.6404
v 4.1072407 0.6337289 5.6404004
v 4.274039 0.6337289 5.6404004
v 4.450779 0.6337289 5.6404004
v 4.6989403 0.6132264 5.6404004
v 4.931696 0.51035017 5.640401
v -4.864341 -2.232523 5.999368
v -4.6676173 -2.3141065 5.999367
v -4.4208016 -2.3411536 5.9993677
v -4.2466874 -2.3411536 5.9993677
v -4.0842795 -2.3411536 5.9993677
v -3.8731391 -2.3411536 5.9993677
v -3.660515 -2.3411536 5.9993677
v -3.4800322 -2.3411536 5.9993677
v -3.285333 -2.3411536 5.9993677
v -3.066099 -2.3411536 5.9993677
v -2.8633773 -2.3411539 5.9993677
v -2.6623828 -2.3411534 5.999367
v -2.5087745 -2.3411539 5.9993677
v -2.3187335 -2.3411534 5.9993677
v -2.0805242 -2.3411536 5.999367
v -1.8120743 -2.3411536 5.9993677
v -1.5667084 -2.3411536 5.9993677
v -1.3025347 -2.3411536 5.9993677
v -1.0518105 -2.3411536 5.9993677
v -0.84677225 -2.3411536 5.999367
v -0.64430887 -2.3411536 5.999367
v -0.472122 -2.3411539 5.9993677
v -0.284557 -2.3411536 5.9993677
v -0.08306543 -2.3411536 5.999368
v 0.12459428 -2.3411536 5.9993677
v 0.32050982 -2.3411536 5.9993677
v 0.5214154 -2.3411534 5.9993677
v 0.6849913 -2.3411536 5.9993677
v 0.84677225 -2.3411536 5.999367
v 1.0518105 -2.3411536 5.9993677
v 1.3025347 -2.3411536 5.9993677
v 1.566687 -2.3411536 5.9993677
v 1.8120311 -2.3411536 5.9993677
v 2.0063097 -2.3411536 5.9993677
v 2.157592 -2.3411536 5.999368
v 2.318551 -2.3411536 5.9993677
v 2.5279408 -2.3411536 5.999368
v 2.7077487 -2.3411534 5.999367
v 2.9006546 -2.3411536 5.9993677
v 3.1063342 -2.3411534 5.999367
v 3.3405948 -2.3411539 5.999368
v 3.4975348 -2.3411534 5.999367
v 3.6637285 -2.3411536 5.9993677
v 3.8859577 -2.3411536 5.999368
v 4.1060143 -2.3411536 5.9993677
v 4.2734146 -2.3411536 5.999367
v 4.450542 -2.3411536 5.999367
v 4.69905 -2.3141148 5.9993677
v 4.896061 -2.232523 5.9993677
v -4.9543047 -2.053336 5.999367
v 4.9860353 -2.0533361 5.9993677
v -4.9841404 -1.8238455 5.9993677
v 5.01586 -1.8238455 5.9993677
v -4.9841404 -1.6562082 5.9993677
v 5.01586 -1.6562082 5.9993677
v -4.9841404 -1.4927028 5.9993677
v 5.01586 -1.4927028 5.9993677
v -4.98414 -1.2758816 5.9993677
v 5.01586 -1.2758816 5.9993677
v -4.98414 -1.0018942 5.999367
v 5.01586 -1.0018942 5.999367
v -4.98414 -0.85750324 5.9993677
v 5.015861 -0.85750335 5.999368
v -4.98414 -0.6315618 5.9993677
v 5.0158606 -0.6315618 5.999368
v -4.961666 -0.43300536 5.9993663
v 4.99029 -0.42258 5.999367
v 5.01586 -0.5085719 5.9993677
v -4.984141 -0.23278452 5.9993677
v 5.01586 -0.23278452 5.9993677
v -4.9841404 -0.03262437 5.9993677
v 5.01586 -0.03262437 5.9993677
v -4.9841404 0.117264226 5.9993677
v 5.01586 0.117264226 5.9993677
v -4.978139 0.31877226 5.9993677
v 5.0038953 0.36914617 5.9993677
v 5.01586 0.26826257 5.9993677
v -4.9000225 0.51029617 5.9993677
v -4.6675744 0.6132041 5.999367
v -4.4208016 0.6337289 5.9993677
v -4.2466874 0.6337289 5.9993677
v -4.0842795 0.6337289 5.9993677
v -3.8731391 0.6337289 5.9993677
v -3.6611123 0.6337289 5.999367
v -3.4799352 0.6337289 5.999368
v -3.2853255 0.6337289 5.999368
v -3.0661361 0.6337289 5.9993677
v -2.8634467 0.63372886 5.9993677
v -2.6623034 0.6337289 5.9993677
v -2.5086923 0.6337289 5.999368
v -2.3187335 0.6337289 5.9993677
v -2.0805242 0.6337289 5.999367
v -1.8120743 0.6337289 5.9993677
v -1.5667084 0.6337289 5.999368
v -1.3025347 0.6337289 5.9993677
v -1.0518105 0.6337289 5.999367
v -0.84677225 0.6337289 5.9993677
v -0.64364403 0.6337289 5.9993677
v -0.47214842 0.6337289 5.9993677
v -0.28456163 0.6337289 5.9993677
v -0.083157115 0.633729 5.999368
v 0.12459812 0.6337289 5.999368
v 0.32050192 0.6337289 5.9993677
v 0.5214171 0.6337289 5.9993677
v 0.6846038 0.6337289 5.9993677
v 0.84677225 0.6337289 5.9993677
v 1.0518105 0.6337289 5.999367
v 1.3025347 0.6337289 5.9993677
v 1.566687 0.6337289 5.9993677
v 1.8120311 0.6337289 5.9993677
v 2.0063097 0.6337289 5.9993677
v 2.157592 0.6337289 5.999368
v 2.318551 0.6337289 5.9993677
v 2.5278358 0.6337289 5.9993677
v 2.7076766 0.6337289 5.9993677
v 2.900686 0.6337289 5.9993677
v 3.1064258 0.633729 5.9993677
v 3.3405213 0.63372886 5.999367
v 3.4974532 0.63372886 5.999367
v 3.6643991 0.63372886 5.999367
v 3.8859577 0.6337289 5.999368
v 4.1060143 0.6337289 5.9993677
v 4.2734146 0.6337289 5.999367
v 4.450542 0.6337289 5.999367
v 4.699008 0.61321014 5.9993677
v 4.9317427 0.51029617 5.999368
v -4.864341 -2.232523 6.393261
v -4.667596 -2.3141067 6.393261
v -4.4206944 -2.3411536 6.393262
v -4.246386 -2.3411536 6.393261
v -4.083677 -2.3411536 6.3932614
v -3.8720503 -2.3411536 6.3932614
v -3.6599746 -2.3411539 6.393261
v -3.479617 -2.3411536 6.393262
v -3.2853255 -2.3411539 6.393262
v -3.0661361 -2.3411536 6.3932614
v -2.8633773 -2.3411539 6.3932614
v -2.6624265 -2.3411536 6.3932614
v -2.5094926 -2.3411536 6.393262
v -2.320097 -2.3411539 6.3932614
v -2.0813541 -2.3411536 6.3932614
v -1.8123971 -2.3411536 6.3932614
v -1.5668377 -2.3411536 6.393262
v -1.3025562 -2.3411536 6.3932614
v -1.0518105 -2.3411536 6.393261
v -0.8467723 -2.3411536 6.3932614
v -0.6442913 -2.3411536 6.393261
v -0.4721424 -2.3411536 6.393262
v -0.28456163 -2.3411536 6.3932614
v -0.083065435 -2.3411536 6.393262
v 0.12459812 -2.3411536 6.393262
v 0.3205021 -2.3411534 6.393262
v 0.5214353 -2.3411536 6.393261
v 0.68499124 -2.3411536 6.3932614
v 0.8467723 -2.3411536 6.3932614
v 1.0518105 -2.3411536 6.393261
v 1.3025562 -2.3411536 6.393262
v 1.5668161 -2.3411536 6.3932614
v 1.812354 -2.3411536 6.3932614
v 2.0069551 -2.3411536 6.3932614
v 2.1586034 -2.3411536 6.393261
v 2.3199039 -2.3411536 6.3932614
v 2.5284941 -2.3411536 6.3932614
v 2.7077544 -2.3411536 6.3932614
v 2.9006546 -2.3411536 6.3932605
v 3.1064258 -2.3411536 6.3932614
v 3.340511 -2.3411536 6.3932614
v 3.49704 -2.3411536 6.393261
v 3.6632733 -2.3411536 6.393262
v 3.884828 -2.3411536 6.393262
v 4.1054115 -2.3411536 6.393261
v 4.2731133 -2.3411536 6.3932614
v 4.4504128 -2.3411536 6.3932614
v 4.6990395 -2.314115 6.393262
v 4.896061 -2.232523 6.3932614
v -4.9543047 -2.053336 6.393261
v 4.9860353 -2.0533361 6.393262
v -4.9841404 -1.8238454 6.3932614
v 5.01586 -1.8238454 6.3932614
v -4.9841404 -1.6562083 6.3932614
v 5.01586 -1.6562083 6.3932614
v -4.9841404 -1.4927028 6.393261
v 5.01586 -1.4927028 6.393261
v -4.98414 -1.2757745 6.393262
v 5.01586 -1.2757745 6.393262
v -4.9841404 -1.0022658 6.393261
v 5.01586 -1.0022658 6.393261
v -4.9841404 -0.8574927 6.3932614
v 5.0158606 -0.8574927 6.3932614
v -4.9841404 -0.6315625 6.393261
v 5.0158606 -0.6315625 6.3932614
v -4.961666 -0.43300593 6.3932614
v 4.9902935 -0.42258042 6.3932624
v 5.01586 -0.50857234 6.3932614
v -4.9841404 -0.23278454 6.3932614
v 5.01586 -0.23278454 6.3932614
v -4.9841404 -0.032599907 6.3932614
v 5.01586 -0.032599907 6.3932614
v -4.9841404 0.11726422 6.393261
v 5.01586 0.11726422 6.393261
v -4.9781394 0.31877226 6.3932614
v 5.003874 0.36914617 6.3932614
v 5.01586 0.26826257 6.3932614
v -4.9000225 0.51029617 6.3932614
v -4.6675534 0.6132041 6.393262
v -4.4206944 0.6337289 6.393262
v -4.246386 0.6337289 6.393261
v -4.083677 0.6337289 6.3932614
v -3.8720503 0.6337289 6.3932614
v -3.6599562 0.6337289 6.3932614
v -3.479629 0.633729 6.393262
v -3.285325 0.6337289 6.3932614
v -3.0661361 0.6337289 6.393261
v -2.8633773 0.6337289 6.3932614
v -2.6624265 0.6337289 6.3932614
v -2.509505 0.633729 6.3932614
v -2.320097 0.6337289 6.3932614
v -2.0813541 0.6337289 6.3932614
v -1.8123972 0.6337289 6.3932614
v -1.5668377 0.6337289 6.3932614
v -1.3025562 0.6337289 6.3932614
v -1.0518105 0.6337289 6.3932614
v -0.84677225 0.6337289 6.3932614
v -0.6442913 0.63372886 6.393261
v -0.4721423 0.6337289 6.3932624
v -0.28456163 0.6337289 6.393262
v -0.08306543 0.6337289 6.393262
v 0.124598116 0.633729 6.3932614
v 0.32050225 0.6337289 6.393262
v 0.5214353 0.6337289 6.3932624
v 0.6849913 0.6337289 6.393262
v 0.84677225 0.6337289 6.3932614
v 1.0518105 0.6337289 6.3932614
v 1.3025562 0.6337289 6.393261
v 1.5668161 0.6337289 6.3932614
v 1.812354 0.6337289 6.3932614
v 2.0069551 0.6337289 6.3932614
v 2.1586034 0.6337289 6.393261
v 2.3199039 0.6337289 6.3932614
v 2.5285115 0.6337289 6.3932614
v 2.7077541 0.6337289 6.3932614
v 2.9006546 0.6337289 6.393262
v 3.1064255 0.63372886 6.393261
v 3.3405113 0.633729 6.393262
v 3.4970505 0.6337289 6.393262
v 3.6632538 0.6337289 6.393261
v 3.884828 0.6337289 6.393262
v 4.1054115 0.6337289 6.393261
v 4.2731133 0.6337289 6.3932614
v 4.4504128 0.6337289 6.3932614
v 4.698986 0.61321014 6.3932614
v 4.9317427 0.51029617 6.393262
v -4.864341 -2.232523 6.787154
v -4.667485 -2.3141303 6.7871547
v -4.420651 -2.3411536 6.7871547
v -4.246279 -2.3411536 6.7871547
v -4.083483 -2.3411536 6.787155
v -3.8716896 -2.3411536 6.7871547
v -3.6597254 -2.3411534 6.7871547
v -3.4793863 -2.3411536 6.787155
v -3.285325 -2.3411536 6.787154
v -3.0661361 -2.3411534 6.787155
v -2.8634467 -2.3411534 6.787154
v -2.6623566 -2.3411536 6.787155
v -2.5097685 -2.3411536 6.787155
v -2.3203592 -2.3411534 6.787154
v -2.0821176 -2.3411536 6.7871547
v -1.8125046 -2.3411536 6.7871547
v -1.5668806 -2.3411536 6.7871547
v -1.3025777 -2.3411536 6.7871547
v -1.0518105 -2.3411536 6.7871547
v -0.8467723 -2.3411536 6.7871547
v -0.6436441 -2.3411536 6.787154
v -0.47214487 -2.3411536 6.787155
v -0.28456163 -2.3411536 6.787155
v -0.083157115 -2.3411536 6.787154
v 0.12459813 -2.3411536 6.7871547
v 0.32050192 -2.3411536 6.7871547
v 0.5214141 -2.3411534 6.787154
v 0.6846038 -2.3411536 6.7871547
v 0.8467723 -2.3411536 6.7871547
v 1.0518105 -2.3411536 6.7871547
v 1.3025777 -2.3411536 6.7871547
v 1.5668591 -2.3411536 6.7871547
v 1.8124617 -2.3411536 6.7871547
v 2.0071704 -2.3411536 6.7871547
v 2.1589477 -2.3411536 6.787155
v 2.3201668 -2.3411536 6.787155
v 2.528726 -2.3411536 6.7871547
v 2.7076871 -2.3411536 6.787154
v 2.9006858 -2.3411536 6.787155
v 3.1064255 -2.3411536 6.7871547
v 3.3405113 -2.341154 6.7871547
v 3.4967859 -2.3411536 6.787154
v 3.6630387 -2.3411536 6.7871547
v 3.8844783 -2.3411534 6.787154
v 4.105218 -2.3411536 6.787154
v 4.2730274 -2.3411536 6.7871547
v 4.4503694 -2.3411536 6.7871547
v 4.698939 -2.3141336 6.7871547
v 4.896061 -2.232523 6.787154
v -4.954288 -2.0534034 6.787155
v 4.986018 -2.0534031 6.7871547
v -4.9841404 -1.8238454 6.787154
v 5.01586 -1.8238454 6.7871547
v -4.9841404 -1.6562083 6.7871547
v 5.01586 -1.6562083 6.7871547
v -4.9841404 -1.4927028 6.7871547
v 5.01586 -1.4927028 6.7871547
v -4.9841404 -1.2757745 6.787154
v 5.01586 -1.2757745 6.787154
v -4.9841404 -1.0022663 6.787155
v 5.0158606 -1.0022663 6.787155
v -4.98414 -0.8574791 6.7871547
v 5.01586 -0.8574791 6.7871547
v -4.98414 -0.63156253 6.7871537
v 5.0158606 -0.6315626 6.7871547
v -4.961665 -0.43300962 6.7871556
v 4.9902906 -0.4225836 6.7871547
v 5.0158606 -0.5085724 6.787155
v -4.9841404 -0.23278666 6.7871547
v 5.01586 -0.2327867 6.787155
v -4.98414 -0.032586984 6.7871547
v 5.0158606 -0.032586988 6.787154
v -4.9841404 0.11704732 6.7871547
v 5.01586 0.11704733 6.7871547
v -4.9781213 0.31892538 6.7871547
v 5.0038953 0.36914617 6.7871547
v 5.01586 0.26826257 6.7871547
v -4.900238 0.510049 6.7871547
v -4.667334 0.6132396 6.787155
v -4.420651 0.6337289 6.787155
v -4.246279 0.6337289 6.7871547
v -4.083483 0.6337289 6.787155
v -3.8716896 0.633729 6.7871547
v -3.6595361 0.6337289 6.787154
v -3.4795055 0.633729 6.7871547
v -3.2853332 0.633729 6.787155
v -3.066099 0.6337289 6.7871547
v -2.8633773 0.6337289 6.787155
v -2.6624374 0.633729 6.787155
v -2.5098724 0.63372886 6.7871547
v -2.3207145 0.63372886 6.7871547
v -2.0821176 0.6337289 6.7871547
v -1.8125045 0.6337289 6.7871547
v -1.5668807 0.6337289 6.7871547
v -1.3025777 0.6337289 6.7871547
v -1.0518105 0.6337289 6.7871547
v -0.8467723 0.6337289 6.7871547
v -0.64430887 0.63372886 6.7871537
v -0.47212195 0.633729 6.7871547
v -0.28455704 0.6337289 6.7871547
v -0.08306542 0.633729 6.7871547
v 0.12459429 0.63372904 6.787155
v 0.32050976 0.63372886 6.787154
v 0.52141553 0.633729 6.7871547
v 0.68499124 0.6337289 6.787154
v 0.8467723 0.6337289 6.7871547
v 1.0518105 0.6337289 6.7871547
v 1.3025777 0.6337289 6.7871547
v 1.5668592 0.6337289 6.787155
v 1.8124619 0.6337289 6.7871547
v 2.0071704 0.6337289 6.7871547
v 2.1589477 0.6337289 6.787155
v 2.320521 0.63372886 6.787155
v 2.528858 0.63372886 6.7871556
v 2.7077599 0.6337289 6.787155
v 2.9006546 0.63372886 6.787154
v 3.1063344 0.633729 6.787155
v 3.340584 0.6337289 6.7871547
v 3.496879 0.63372886 6.787154
v 3.6628222 0.6337289 6.787154
v 3.8844783 0.6337289 6.787154
v 4.105218 0.6337289 6.787154
v 4.2730274 0.6337289 6.7871547
v 4.4503694 0.6337289 6.7871547
v 4.6987877 0.6132422 6.787155
v 4.9319577 0.51004905 6.787154
v -4.864341 -2.232523 7.146123
v -4.6673746 -2.314154 7.146123
v -4.420651 -2.3411536 7.1461225
v -4.246279 -2.3411536 7.146122
v -4.083483 -2.3411536 7.1461225
v -3.8717773 -2.3411536 7.1461225
v -3.6598103 -2.3411536 7.146122
v -3.4793952 -2.3411536 7.146123
v -3.285261 -2.3411536 7.1461225
v -3.0661361 -2.3411536 7.1461225
v -2.863486 -2.3411534 7.1461225
v -2.6623704 -2.3411536 7.1461225
v -2.5097263 -2.3411534 7.146122
v -2.3202405 -2.3411536 7.1461225
v -2.081935 -2.3411536 7.146122
v -1.8125048 -2.3411536 7.1461225
v -1.5668806 -2.3411536 7.1461225
v -1.3025777 -2.3411536 7.1461225
v -1.0518105 -2.3411536 7.146122
v -0.84677225 -2.3411536 7.146123
v -0.64369583 -2.3411536 7.1461225
v -0.47215036 -2.3411534 7.1461215
v -0.28455386 -2.3411536 7.1461225
v -0.08317566 -2.3411536 7.146123
v 0.12459813 -2.3411539 7.146123
v 0.32049382 -2.3411536 7.1461225
v 0.52140886 -2.3411539 7.1461225
v 0.6846451 -2.3411536 7.1461225
v 0.84677225 -2.3411536 7.146123
v 1.0518105 -2.3411536 7.146122
v 1.3025777 -2.3411536 7.1461225
v 1.5668591 -2.3411536 7.1461225
v 1.8124616 -2.3411536 7.1461225
v 2.0071704 -2.3411536 7.1461225
v 2.1589477 -2.3411536 7.1461225
v 2.3200476 -2.3411534 7.1461215
v 2.5286722 -2.3411534 7.146122
v 2.7077243 -2.3411536 7.146123
v 2.9006991 -2.3411536 7.1461234
v 3.1064165 -2.3411536 7.146123
v 3.3404596 -2.3411536 7.1461225
v 3.4967976 -2.3411534 7.1461215
v 3.6631372 -2.3411536 7.1461225
v 3.884571 -2.3411536 7.1461225
v 4.105218 -2.3411536 7.1461225
v 4.2730274 -2.3411536 7.1461225
v 4.4503694 -2.3411536 7.146123
v 4.6988254 -2.3141577 7.1461225
v 4.896061 -2.232523 7.146123
v -4.9543056 -2.0533319 7.146122
v 4.986037 -2.053332 7.1461225
v -4.9841404 -1.8238455 7.1461225
v 5.01586 -1.8238454 7.146123
v -4.9841404 -1.6562083 7.1461225
v 5.01586 -1.6562083 7.1461225
v -4.9841404 -1.4927028 7.1461225
v 5.01586 -1.4927028 7.1461225
v -4.9841404 -1.2758675 7.1461225
v 5.01586 -1.2758675 7.1461225
v -4.98414 -1.0023949 7.146122
v 5.0158596 -1.0023949 7.1461215
v -4.98414 -0.8574646 7.1461225
v 5.0158606 -0.8574646 7.1461225
v -4.984141 -0.6315698 7.146123
v 5.01586 -0.6315698 7.146123
v -4.9616656 -0.43300954 7.1461215
v 4.9902906 -0.42258275 7.1461215
v 5.01586 -0.50857264 7.1461234
v -4.98414 -0.23278539 7.146122
v 5.015861 -0.2327854 7.1461234
v -4.984141 -0.032586105 7.146122
v 5.01586 -0.032586105 7.1461225
v -4.98414 0.117076054 7.146122
v 5.01586 0.11707604 7.146122
v -4.978116 0.31896755 7.1461225
v 5.0038953 0.36914617 7.1461225
v 5.01586 0.26826257 7.146122
v -4.9002304 0.51005775 7.1461225
v -4.6671968 0.61326194 7.1461225
v -4.420651 0.6337289 7.146123
v -4.246279 0.6337289 7.146122
v -4.083483 0.6337289 7.1461225
v -3.8717773 0.6337289 7.1461225
v -3.6595924 0.6337289 7.146122
v -3.4795332 0.6337289 7.146123
v -3.2852697 0.633729 7.1461234
v -3.066092 0.6337289 7.1461225
v -2.8634024 0.6337289 7.1461225
v -2.662467 0.6337289 7.1461225
v -2.5098457 0.6337289 7.1461225
v -2.3206716 0.6337289 7.146123
v -2.081935 0.6337289 7.146122
v -1.8125045 0.6337289 7.1461225
v -1.5668805 0.6337289 7.1461225
v -1.3025777 0.6337289 7.1461225
v -1.0518105 0.6337289 7.1461225
v -0.84677225 0.6337289 7.146122
v -0.6444877 0.63372886 7.146122
v -0.4721185 0.6337289 7.1461225
v -0.2845483 0.633729 7.1461225
v -0.08306543 0.63372904 7.146123
v 0.124593526 0.633729 7.146123
v 0.3205033 0.633729 7.1461225
v 0.52140677 0.6337289 7.146123
v 0.68510354 0.6337289 7.146123
v 0.84677225 0.6337289 7.146122
v 1.0518105 0.6337289 7.1461225
v 1.3025777 0.6337289 7.1461225
v 1.566859 0.6337289 7.1461225
v 1.8124617 0.6337289 7.1461225
v 2.0071704 0.6337289 7.1461225
v 2.1589477 0.6337289 7.1461225
v 2.3204787 0.6337289 7.146122
v 2.5288277 0.63372886 7.146122
v 2.707811 0.63372886 7.1461225
v 2.9006617 0.633729 7.146123
v 3.1063075 0.6337289 7.146123
v 3.3405466 0.6337289 7.1461215
v 3.4969058 0.63372886 7.1461225
v 3.6628873 0.633729 7.146123
v 3.884571 0.6337289 7.1461225
v 4.105218 0.6337289 7.1461225
v 4.2730274 0.6337289 7.1461225
v 4.4503694 0.6337289 7.1461225
v 4.6986465 0.6132649 7.1461225
v 4.93195 0.5100577 7.146123
v -4.864341 -2.232523 7.435238
v -4.6670566 -2.314222 7.4352384
v -4.420651 -2.3411536 7.435238
v -4.246279 -2.3411536 7.4352384
v -4.083483 -2.3411536 7.435238
v -3.872025 -2.3411536 7.435238
v -3.6600955 -2.3411536 7.435238
v -3.4794204 -2.3411536 7.435238
v -3.2850602 -2.3411536 7.435238
v -3.066136 -2.3411534 7.4352374
v -2.8636081 -2.3411536 7.435238
v -2.6624131 -2.3411536 7.4352374
v -2.5095854 -2.3411536 7.435238
v -2.3198864 -2.3411539 7.435238
v -2.081397 -2.3411536 7.4352374
v -1.8125048 -2.3411536 7.435238
v -1.5668806 -2.3411536 7.435238
v -1.3025777 -2.3411536 7.4352384
v -1.0518105 -2.3411536 7.4352384
v -0.8467723 -2.3411536 7.435238
v -0.64385915 -2.3411536 7.435238
v -0.47216815 -2.3411536 7.435238
v -0.2845292 -2.3411536 7.435238
v -0.08323457 -2.3411534 7.4352374
v 0.12459813 -2.3411536 7.4352384
v 0.320468 -2.3411536 7.435238
v 0.52139217 -2.3411534 7.435238
v 0.6847749 -2.3411536 7.4352384
v 0.8467723 -2.3411536 7.435238
v 1.0518105 -2.3411536 7.4352384
v 1.3025777 -2.3411536 7.4352384
v 1.5668591 -2.3411536 7.435238
v 1.8124617 -2.3411536 7.4352374
v 2.0071704 -2.3411536 7.435238
v 2.1589477 -2.3411536 7.435238
v 2.3196945 -2.3411536 7.435238
v 2.5285041 -2.3411536 7.435238
v 2.707841 -2.3411536 7.4352384
v 2.90074 -2.3411539 7.4352384
v 3.1063871 -2.3411534 7.435238
v 3.3402991 -2.3411536 7.435238
v 3.496833 -2.3411536 7.435238
v 3.6634643 -2.3411536 7.435238
v 3.884834 -2.3411536 7.4352384
v 4.105218 -2.3411536 7.435238
v 4.2730274 -2.3411536 7.435238
v 4.4503694 -2.3411536 7.4352384
v 4.698498 -2.3142273 7.4352384
v 4.8960605 -2.232523 7.435238
v -4.9543595 -2.053124 7.435238
v 4.98609 -2.0531237 7.4352384
v -4.9841404 -1.8238454 7.435238
v 5.01586 -1.8238454 7.435238
v -4.9841404 -1.6562083 7.435238
v 5.01586 -1.6562083 7.435238
v -4.9841404 -1.4927028 7.435238
v 5.01586 -1.4927028 7.435238
v -4.9841404 -1.2761377 7.435238
v 5.01586 -1.2761377 7.435238
v -4.9841404 -1.0027975 7.4352374
v 5.01586 -1.0027975 7.4352384
v -4.9841404 -0.8574184 7.4352374
v 5.0158606 -0.85741836 7.4352374
v -4.98414 -0.63159287 7.435238
v 5.01586 -0.63159287 7.4352374
v -4.9616675 -0.43300945 7.435239
v 4.9902906 -0.4225803 7.4352384
v 5.0158596 -0.5085733 7.435238
v -4.9841404 -0.23278132 7.4352384
v 5.01586 -0.23278132 7.4352384
v -4.9841404 -0.032583307 7.4352374
v 5.01586 -0.032583307 7.4352374
v -4.9841404 0.117167085 7.4352384
v 5.01586 0.117167085 7.4352384
v -4.978101 0.31909642 7.435238
v 5.0038953 0.36914617 7.435238
v 5.01586 0.26826257 7.435238
v -4.9002075 0.51008415 7.4352374
v -4.666796 0.61332667 7.435238
v -4.420651 0.6337289 7.435238
v -4.246279 0.6337289 7.4352384
v -4.083483 0.6337289 7.435238
v -3.872025 0.63372886 7.435238
v -3.6597664 0.6337289 7.435238
v -3.479629 0.6337289 7.4352374
v -3.2850704 0.6337289 7.4352384
v -3.0660691 0.6337289 7.435238
v -2.8634815 0.63372886 7.435237
v -2.6625602 0.6337289 7.435238
v -2.5097656 0.63372886 7.4352374
v -2.320544 0.6337289 7.4352374
v -2.081397 0.63372886 7.4352374
v -1.8125048 0.6337289 7.435238
v -1.5668806 0.6337289 7.435238
v -1.3025777 0.6337289 7.435238
v -1.0518105 0.6337289 7.4352384
v -0.8467723 0.6337289 7.4352384
v -0.6450397 0.6337289 7.4352374
v -0.4721194 0.6337289 7.435238
v -0.28452063 0.63372886 7.435238
v -0.08306543 0.633729 7.4352384
v 0.12459107 0.633729 7.435238
v 0.32048243 0.6337289 7.4352374
v 0.5213889 0.6337289 7.435238
v 0.6854439 0.6337289 7.4352374
v 0.8467723 0.6337289 7.4352384
v 1.0518105 0.6337289 7.4352384
v 1.3025777 0.6337289 7.435238
v 1.5668591 0.6337289 7.4352374
v 1.8124616 0.6337289 7.435238
v 2.0071704 0.6337289 7.435238
v 2.1589477 0.6337289 7.435238
v 2.3203514 0.6337289 7.435238
v 2.5287404 0.6337289 7.4352384
v 2.707972 0.6337289 7.435238
v 2.9006832 0.6337289 7.4352374
v 3.1062229 0.6337289 7.435238
v 3.3404303 0.6337289 7.4352374
v 3.4969985 0.633729 7.4352384
v 3.6630871 0.633729 7.435238
v 3.884834 0.6337289 7.4352384
v 4.105218 0.6337289 7.435238
v 4.2730274 0.6337289 7.435238
v 4.4503694 0.6337289 7.435238
v 4.698237 0.61333096 7.435238
v 4.931927 0.5100839 7.435238
v -4.864341 -2.2329533 7.685617
v -4.666994 -2.3143418 7.683064
v -4.420651 -2.3411536 7.6802154
v -4.246279 -2.3411536 7.678623
v -4.083483 -2.3411534 7.6776767
v -3.8723013 -2.3411536 7.6771293
v -3.6604228 -2.3411536 7.6770525
v -3.4794548 -2.3411536 7.677052
v -3.2848184 -2.3411536 7.677052
v -3.0661361 -2.3411536 7.677052
v -2.8637512 -2.3411539 7.677053
v -2.6624649 -2.3411536 7.6770525
v -2.5094182 -2.3411536 7.6770525
v -2.3194683 -2.3411536 7.677053
v -2.080029 -2.3411539 7.677053
v -1.8125046 -2.3411536 7.6770525
v -1.5668806 -2.3411536 7.6770525
v -1.3025777 -2.3411536 7.6770525
v -1.0518105 -2.3411536 7.677052
v -0.8467723 -2.3411536 7.6770525
v -0.64405453 -2.3411534 7.6770515
v -0.47218966 -2.3411536 7.677052
v -0.28449947 -2.3411536 7.677053
v -0.083305866 -2.3411539 7.677053
v 0.12459814 -2.3411539 7.677053
v 0.3204369 -2.3411536 7.6770525
v 0.521372 -2.3411539 7.677053
v 0.6849291 -2.3411536 7.6770525
v 0.8467723 -2.3411536 7.6770525
v 1.0518105 -2.3411536 7.677052
v 1.3025777 -2.3411536 7.6770525
v 1.5668591 -2.3411536 7.6770525
v 1.8124617 -2.3411536 7.677052
v 2.0071704 -2.3411536 7.6770525
v 2.1589477 -2.3411536 7.677053
v 2.3192768 -2.3411536 7.6770525
v 2.5283031 -2.3411536 7.6770525
v 2.707981 -2.3411536 7.677053
v 2.9007869 -2.3411536 7.6770525
v 3.1063535 -2.3411539 7.677052
v 3.3401077 -2.3411536 7.6770515
v 3.4968758 -2.3411536 7.677053
v 3.6638374 -2.3411536 7.6770525
v 3.8851242 -2.3411536 7.6771293
v 4.105218 -2.3411536 7.6776767
v 4.2730274 -2.3411536 7.678623
v 4.4503694 -2.3411536 7.6802154
v 4.6984286 -2.3143487 7.683063
v 4.896061 -2.2329533 7.6856165
v -4.9544034 -2.0540962 7.686804
v 4.9861336 -2.054097 7.6868043
v -4.9841404 -1.8259327 7.6872096
v 5.01586 -1.8259327 7.6872096
v -4.9841404 -1.6589843 7.6872096
v 5.01586 -1.6589843 7.6872096
v -4.9841404 -1.4215592 7.6872096
v 5.0158606 -1.4215592 7.6872096
v -4.9841404 -1.2140464 7.6872096
v 5.01586 -1.2140464 7.6872096
v -4.9841404 -1.008696 7.6872096
v 5.01586 -1.008696 7.6872096
v -4.9841404 -0.8631119 7.687209
v 5.01586 -0.8631119 7.687209
v -4.984141 -0.6342381 7.6872106
v 5.0158606 -0.6342381 7.6872106
v -4.961696 -0.43310133 7.686904
v 4.990321 -0.42256522 7.686861
v 5.0158606 -0.5093318 7.6872096
v -4.984141 -0.23151311 7.687209
v 5.01586 -0.23151313 7.687209
v -4.9841404 -0.032725368 7.6872096
v 5.01586 -0.032725368 7.6872096
v -4.98414 0.11589596 7.6872087
v 5.0158596 0.11589596 7.6872087
v -4.9780903 0.31809098 7.6871223
v 5.003874 0.36822084 7.6870375
v 5.01586 0.26699293 7.68721
v -4.9002366 0.5096205 7.68609
v -4.666656 0.6132857 7.6830597
v -4.420651 0.6337289 7.6802154
v -4.246279 0.6337289 7.678623
v -4.083483 0.6337289 7.6776767
v -3.8723013 0.6337289 7.6771293
v -3.6599634 0.63372886 7.677052
v -3.4797442 0.6337289 7.677052
v -3.284829 0.6337289 7.677052
v -3.0660436 0.6337289 7.6770525
v -2.863573 0.6337289 7.6770525
v -2.6626718 0.63372886 7.6770515
v -2.50967 0.6337289 7.677053
v -2.320397 0.6337289 7.677052
v -2.080029 0.633729 7.677053
v -1.8125046 0.6337289 7.6770525
v -1.5668806 0.6337289 7.6770306
v -1.3025777 0.6337289 7.677031
v -1.0518105 0.6337289 7.677031
v -0.8467723 0.6337289 7.677031
v -0.64567566 0.6337289 7.6770463
v -0.47212034 0.6337289 7.677053
v -0.28448722 0.6337289 7.6770525
v -0.08306542 0.6337289 7.677053
v 0.124588124 0.6337289 7.677053
v 0.32045734 0.6337289 7.6770525
v 0.52136624 0.6337289 7.677049
v 0.6858261 0.6337289 7.6770306
v 0.8467723 0.6337289 7.677031
v 1.0518105 0.6337289 7.677031
v 1.3025777 0.6337289 7.677031
v 1.5668591 0.6337289 7.677031
v 1.8124617 0.6337289 7.677052
v 2.0071704 0.6337289 7.6770525
v 2.1589477 0.6337289 7.677053
v 2.3202047 0.633729 7.677053
v 2.5286345 0.6337289 7.677053
v 2.7081628 0.633729 7.6770535
v 2.9007084 0.6337289 7.6770525
v 3.106125 0.63372886 7.6770525
v 3.34029 0.6337289 7.677052
v 3.497109 0.6337289 7.677053
v 3.663313 0.6337289 7.677052
v 3.8851242 0.6337289 7.6771293
v 4.105218 0.6337289 7.6776767
v 4.2730274 0.6337289 7.678623
v 4.4503694 0.6337289 7.6802154
v 4.698089 0.61329126 7.6830587
v 4.9319563 0.50962025 7.6860905
v -4.864341 -2.234266 7.9283795
v -4.6681986 -2.314409 7.918204
v -4.420651 -2.3411536 7.906773
v -4.246279 -2.3411536 7.900425
v -4.083483 -2.3411536 7.896616
v -3.8724895 -2.3411536 7.8944054
v -3.6602914 -2.3411539 7.894077
v -3.4795804 -2.3411534 7.894077
v -3.284642 -2.3411536 7.894077
v -3.0661364 -2.3411536 7.894077
v -2.8637402 -2.3411536 7.8940773
v -2.6626046 -2.3411536 7.8940763
v -2.5092869 -2.3411539 7.894077
v -2.3198256 -2.3411536 7.8940763
v -2.079454 -2.3411536 7.894077
v -1.8125046 -2.3411536 7.8940773
v -1.5668806 -2.3411536 7.894077
v -1.3025777 -2.3411536 7.8940773
v -1.0518105 -2.3411536 7.8940773
v -0.8467723 -2.3411536 7.894077
v -0.64600915 -2.3411536 7.894077
v -0.47220668 -2.3411536 7.894077
v -0.28447583 -2.3411536 7.894077
v -0.08322782 -2.3411536 7.8940773
v 0.12459812 -2.3411536 7.894077
v 0.3204122 -2.3411539 7.8940773
v 0.5213559 -2.3411536 7.894077
v 0.68613786 -2.3411536 7.894077
v 0.8467723 -2.3411536 7.894077
v 1.0518105 -2.3411536 7.8940773
v 1.3025777 -2.3411536 7.8940773
v 1.5668591 -2.3411536 7.894077
v 1.8124617 -2.3411536 7.894077
v 2.0071704 -2.3411536 7.894077
v 2.1589477 -2.3411536 7.894077
v 2.319634 -2.3411536 7.894077
v 2.5281458 -2.3411539 7.894078
v 2.7082152 -2.3411536 7.894077
v 2.9007974 -2.3411536 7.894076
v 3.1063275 -2.3411536 7.8940763
v 3.3399584 -2.3411534 7.8940763
v 3.4970305 -2.3411536 7.8940763
v 3.6636658 -2.3411536 7.8940763
v 3.8853202 -2.3411536 7.8944063
v 4.105218 -2.3411536 7.896616
v 4.2730274 -2.3411536 7.900425
v 4.4503694 -2.3411536 7.906773
v 4.699584 -2.314427 7.9182
v 4.896061 -2.234266 7.9283795
v -4.954322 -2.0578744 7.9331427
v 4.986052 -2.057875 7.933142
v -4.9841404 -1.8321735 7.934727
v 5.01586 -1.8321735 7.934727
v -4.9841404 -1.6673124 7.934727
v 5.01586 -1.6673124 7.934727
v -4.9841404 -1.4331988 7.934727
v 5.01586 -1.4331988 7.934727
v -4.9841404 -1.2281847 7.934727
v 5.01586 -1.2281847 7.934727
v -4.9841404 -1.0145043 7.934726
v 5.01586 -1.0145043 7.934726
v -4.9841404 -0.85125566 7.934727
v 5.01586 -0.8512557 7.934727
v -4.9841404 -0.6285518 7.9347277
v 5.01586 -0.6285518 7.934727
v -4.961814 -0.43336383 7.9335275
v 4.990438 -0.42249727 7.9333615
v 5.0158596 -0.5116371 7.934727
v -4.9841404 -0.2405902 7.9347277
v 5.01586 -0.2405902 7.9347277
v -4.98414 -0.0481884 7.934726
v 5.01586 -0.048188403 7.934727
v -4.98414 0.11136885 7.934727
v 5.0158606 0.11136886 7.9347277
v -4.9781632 0.3141852 7.934405
v 5.0038953 0.3654233 7.9340825
v 5.01586 0.263227 7.934727
v -4.900419 0.5080958 7.930291
v -4.668109 0.61282367 7.9182
v -4.420651 0.6337289 7.906773
v -4.246279 0.6337289 7.900425
v -4.083483 0.6337289 7.896616
v -3.8724895 0.6337289 7.8944054
v -3.660111 0.6337289 7.8940773
v -3.4798346 0.6337289 7.8940763
v -3.284647 0.63372886 7.894077
v -3.066024 0.6337289 7.894077
v -2.8636427 0.6337289 7.894076
v -2.6627598 0.6337289 7.894077
v -2.5094078 0.6337289 7.894077
v -2.3198256 0.6337289 7.8940763
v -2.079454 0.6337289 7.894077
v -1.8125046 0.6337289 7.8940773
v -1.5668806 0.6337289 7.8940773
v -1.3025777 0.6337289 7.894077
v -1.0518105 0.6337289 7.8940763
v -0.8467723 0.6337289 7.894077
v -0.6461639 0.6337289 7.894077
v -0.47212103 0.6337289 7.894077
v -0.2844607 0.6337289 7.894077
v -0.08306541 0.633729 7.894077
v 0.12458578 0.633729 7.8940773
v 0.32043737 0.6337289 7.894077
v 0.52135247 0.633729 7.894077
v 0.68610877 0.6337289 7.8940763
v 0.8467723 0.6337289 7.894077
v 1.0518105 0.6337289 7.8940763
v 1.3025777 0.6337289 7.894077
v 1.5668591 0.6337289 7.8940773
v 1.8124617 0.6337289 7.8940763
v 2.0071704 0.6337289 7.894077
v 2.1589477 0.6337289 7.894077
v 2.319634 0.6337289 7.894077
v 2.5283568 0.6337289 7.894076
v 2.7083116 0.63372886 7.8940763
v 2.9007268 0.6337289 7.8940763
v 3.1060848 0.6337289 7.894077
v 3.3400552 0.633729 7.8940763
v 3.4971957 0.6337289 7.8940773
v 3.6634803 0.6337289 7.894077
v 3.8853202 0.633729 7.8944063
v 4.105218 0.6337289 7.896616
v 4.2730274 0.6337289 7.900425
v 4.4503694 0.63372886 7.906773
v 4.6994944 0.6128379 7.9181952
v 4.932139 0.5080958 7.930291
v -4.864341 -2.2368484 8.194618
v -4.669101 -2.31487 8.169359
v -4.420651 -2.3411536 8.140648
v -4.246279 -2.3411536 8.124788
v -4.083483 -2.3411536 8.115255
v -3.8722658 -2.3411536 8.1097145
v -3.6585033 -2.3411536 8.108906
v -3.4797614 -2.3411536 8.108905
v -3.2847898 -2.3411536 8.108906
v -3.0660388 -2.3411536 8.108906
v -2.86359 -2.3411536 8.108906
v -2.662693 -2.3411536 8.108906
v -2.5096517 -2.3411534 8.108905
v -2.32037 -2.3411536 8.108906
v -2.0807245 -2.3411536 8.108906
v -1.8125046 -2.3411536 8.108906
v -1.5668806 -2.3411536 8.108906
v -1.3025777 -2.3411536 8.108906
v -1.0518105 -2.3411536 8.108906
v -0.8467723 -2.3411536 8.108906
v -0.64579433 -2.3411536 8.108906
v -0.4721205 -2.3411536 8.108906
v -0.28448087 -2.3411536 8.108906
v -0.08306542 -2.3411534 8.108906
v 0.124587566 -2.3411536 8.108906
v 0.32045257 -2.3411536 8.108906
v 0.5213634 -2.3411539 8.108907
v 0.68589497 -2.3411536 8.108906
v 0.8467723 -2.3411536 8.108906
v 1.0518105 -2.3411536 8.108906
v 1.3025777 -2.3411536 8.108906
v 1.5668591 -2.3411536 8.108906
v 1.8124617 -2.3411536 8.108906
v 2.0071704 -2.3411536 8.108906
v 2.1589477 -2.3411536 8.108906
v 2.3201776 -2.3411536 8.108906
v 2.528615 -2.3411536 8.108906
v 2.7081983 -2.3411536 8.108907
v 2.9007132 -2.3411539 8.108906
v 3.106107 -2.3411536 8.108906
v 3.340264 -2.3411539 8.108906
v 3.4971297 -2.3411539 8.108906
v 3.661829 -2.3411534 8.108906
v 3.8851614 -2.3411536 8.109715
v 4.105218 -2.3411536 8.115255
v 4.2730274 -2.3411536 8.124788
v 4.4503694 -2.3411536 8.140648
v 4.7004986 -2.314886 8.16935
v 4.896061 -2.2368484 8.194618
v -4.9542155 -2.06518 8.206533
v 4.985946 -2.0651805 8.206534
v -4.9522057 -0.42423147 8.206245
v 4.9839354 -0.42423147 8.206244
v -4.972154 0.35987124 8.208908
v 5.0038953 0.35987124 8.208908
v -4.900806 0.50500625 8.199454
v -4.6690364 0.6122378 8.169352
v -4.420651 0.6337289 8.140648
v -4.246279 0.6337289 8.124788
v -4.083483 0.6337289 8.115255
v -3.8722658 0.6337289 8.1097145
v -3.6597207 0.633729 8.108906
v -3.4794612 0.6337289 8.108906
v -3.28478 0.6337289 8.108905
v -3.066136 0.6337289 8.108906
v -2.8637776 0.6337289 8.108905
v -2.6624746 0.6337289 8.108906
v -2.5093865 0.63372886 8.108906
v -2.3193903 0.6337289 8.108906
v -2.0807245 0.6337289 8.108906
v -1.8125046 0.6337289 8.108906
v -1.5668806 0.6337289 8.108906
v -1.3025777 0.6337289 8.108906
v -1.0518105 0.6337289 8.108906
v -0.8467723 0.6337289 8.108906
v -0.644411 0.6337289 8.108906
v -0.4721937 0.63372886 8.108905
v -0.2844938 0.633729 8.108906
v -0.08331938 0.633729 8.108906
v 0.12459814 0.6337289 8.108906
v 0.320431 0.6337289 8.108906
v 0.52136827 0.633729 8.108907
v 0.68524736 0.6337289 8.108905
v 0.8467723 0.6337289 8.108906
v 1.0518105 0.6337289 8.108906
v 1.3025777 0.6337289 8.108906
v 1.5668591 0.6337289 8.108906
v 1.8124617 0.6337289 8.108906
v 2.0071704 0.6337289 8.108906
v 2.1589477 0.6337289 8.108906
v 2.3191988 0.63372886 8.108906
v 2.5282652 0.6337288 8.108906
v 2.7080073 0.63372886 8.108906
v 2.9007962 0.6337289 8.108906
v 3.1063476 0.633729 8.108907
v 3.3400724 0.633729 8.108907
v 3.4968839 0.6337289 8.108906
v 3.6630273 0.6337289 8.108906
v 3.8851614 0.6337289 8.109715
v 4.105218 0.6337289 8.115255
v 4.2730274 0.6337289 8.124788
v 4.4503694 0.6337289 8.140648
v 4.7004333 0.6122509 8.169341
v 4.9325266 0.50500625 8.199454
v -4.420651 -2.3411536 8.407577
v -4.246279 -2.3411536 8.3758135
v -4.083483 -2.3411536 8.356769
v -3.8721886 -2.3411536 8.345689
v -3.6593492 -2.3411536 8.344071
v -3.4797208 -2.3411536 8.344071
v -3.284869 -2.3411534 8.344071
v -3.0660293 -2.3411536 8.344071
v -2.8635297 -2.3411536 8.344071
v -2.6626778 -2.3411536 8.344071
v -2.5096571 -2.3411536 8.344071
v -2.3202286 -2.3411536 8.344071
v -2.0798492 -2.3411536 8.344071
v -1.8125046 -2.3411536 8.344071
v -1.5668806 -2.3411536 8.344071
v -1.3025777 -2.3411536 8.344071
v -1.0518105 -2.3411536 8.344071
v -0.8467723 -2.3411536 8.344071
v -0.64576983 -2.3411536 8.344071
v -0.4721628 -2.3411534 8.34407
v -0.2844439 -2.3411534 8.344071
v -0.08315954 -2.3411536 8.34407
v 0.12464478 -2.3411536 8.344071
v 0.3204247 -2.3411536 8.344072
v 0.52139914 -2.3411534 8.344071
v 0.68582994 -2.3411536 8.344071
v 0.8467723 -2.3411536 8.344071
v 1.0518105 -2.3411536 8.344071
v 1.3025777 -2.3411536 8.344071
v 1.5668591 -2.3411536 8.344071
v 1.8124617 -2.3411536 8.344071
v 2.0071704 -2.3411536 8.344071
v 2.1589477 -2.3411536 8.344071
v 2.3200374 -2.3411536 8.344071
v 2.5286222 -2.3411536 8.344071
v 2.7081547 -2.3411536 8.344071
v 2.90069 -2.3411536 8.344071
v 3.1060998 -2.3411536 8.34407
v 3.3403206 -2.3411536 8.344071
v 3.4970882 -2.3411534 8.344071
v 3.6626852 -2.3411536 8.344072
v 3.88501 -2.3411534 8.345688
v 4.105218 -2.3411536 8.356769
v 4.2730274 -2.3411536 8.3758135
v 4.4503694 -2.3411536 8.407577
v -4.9841404 -1.8446761 8.210501
v 5.01586 -1.8446761 8.210501
v -4.9841404 -1.6839685 8.210501
v 5.01586 -1.6839685 8.210501
v -4.9841404 -1.4555682 8.210501
v 5.0158606 -1.4555682 8.210501
v -4.98414 -1.2066429 8.210501
v 5.01586 -1.2066429 8.210501
v -4.9841404 -1.0142244 8.210502
v 5.01586 -1.0142244 8.210501
v -4.9841404 -0.8343728 8.210501
v 5.0158606 -0.8343728 8.210501
v -4.98414 -0.62849337 8.210501
v 5.0158606 -0.6284934 8.210501
v -4.9837794 -0.46873453 8.21045
v 5.01521 -0.43075314 8.210411
v 5.0158596 -0.5162384 8.2105
v -4.9841275 -0.24637401 8.210499
v 5.0157523 -0.34007326 8.210479
v 5.0158596 -0.23301601 8.210501
v -4.9841404 -0.03507936 8.2105
v 5.01586 -0.03507936 8.2105
v -4.9841404 0.15270168 8.210501
v 5.0158606 0.15270162 8.210501
v -4.420651 0.6337289 8.407577
v -4.246279 0.6337289 8.3758135
v -4.083483 0.6337289 8.356769
v -3.8721886 0.633729 8.345689
v -3.6597416 0.6337289 8.344071
v -3.479456 0.6337289 8.344071
v -3.2848594 0.6337289 8.34407
v -3.0661542 0.633729 8.344071
v -2.8637533 0.6337289 8.344071
v -2.6624506 0.63372886 8.34407
v -2.509426 0.63372886 8.344071
v -2.319978 0.6337289 8.344071
v -2.0798492 0.633729 8.344071
v -1.8125046 0.6337289 8.344071
v -1.5668806 0.6337289 8.344071
v -1.3025777 0.6337289 8.344071
v -1.0518105 0.6337289 8.344071
v -0.8467723 0.6337289 8.344071
v -0.6451129 0.6337289 8.344071
v -0.472164 0.63372886 8.344071
v -0.2845251 0.6337289 8.344072
v -0.08320933 0.633729 8.344072
v 0.12449772 0.633729 8.344072
v 0.32047215 0.6337289 8.344071
v 0.5213671 0.6337289 8.344072
v 0.68589497 0.6337289 8.344071
v 0.8467723 0.6337289 8.344071
v 1.0518105 0.6337289 8.344071
v 1.3025777 0.6337289 8.344071
v 1.5668591 0.6337289 8.344071
v 1.8124617 0.6337289 8.344071
v 2.0071704 0.6337289 8.344071
v 2.1589477 0.6337289 8.344071
v 2.3197858 0.63372886 8.344071
v 2.5283203 0.6337289 8.344072
v 2.7079506 0.6337289 8.344071
v 2.9007926 0.6337289 8.344071
v 3.106402 0.6337289 8.344072
v 3.3401163 0.6337289 8.344071
v 3.49688 0.6337289 8.344071
v 3.663139 0.6337289 8.344071
v 3.88501 0.6337289 8.345688
v 4.105218 0.6337289 8.356769
v 4.2730274 0.6337289 8.3758135
v 4.4503694 0.6337289 8.407577
v -4.9002466 -2.1912599 8.525032
v -4.669368 -2.315913 8.465022
v -4.0849676 -2.3411536 8.600284
v -3.873725 -2.3411536 8.589586
v -3.6589406 -2.3411534 8.588039
v -3.4775853 -2.3411536 8.588039
v -3.2830486 -2.3411539 8.588039
v -3.0657852 -2.3411536 8.588039
v -2.864899 -2.3411536 8.588039
v -2.664485 -2.3411536 8.58804
v -2.5112803 -2.3411536 8.588039
v -2.3200698 -2.3411536 8.588039
v -2.0761957 -2.3411539 8.588039
v -1.807512 -2.3411536 8.588039
v -1.5637172 -2.3411536 8.588039
v -1.3025131 -2.3411536 8.588039
v -1.0552967 -2.3411536 8.588039
v -0.8534434 -2.3411536 8.588039
v -0.6552351 -2.3411539 8.588039
v -0.47952414 -2.3411539 8.58804
v -0.29212075 -2.3411536 8.588039
v -0.08766605 -2.3411536 8.588039
v 0.10933253 -2.3411534 8.588039
v 0.30898857 -2.3411534 8.588038
v 0.5138299 -2.3411536 8.588039
v 0.6722839 -2.3411536 8.588039
v 0.8534434 -2.3411536 8.588039
v 1.0552967 -2.3411536 8.588039
v 1.3025131 -2.3411536 8.588039
v 1.5636958 -2.3411536 8.588039
v 1.8074692 -2.3411536 8.588039
v 2.002436 -2.3411536 8.588039
v 2.1558273 -2.3411536 8.588039
v 2.3198771 -2.3411536 8.588039
v 2.5301273 -2.3411534 8.588038
v 2.7100031 -2.3411536 8.588039
v 2.901761 -2.3411536 8.588039
v 3.105654 -2.3411536 8.588039
v 3.3381999 -2.3411536 8.588039
v 3.4950118 -2.3411536 8.588038
v 3.66232 -2.3411536 8.588039
v 3.8865006 -2.3411539 8.589588
v 4.106509 -2.3411536 8.600284
v 4.700814 -2.315919 8.465015
v 4.9319696 -2.1912568 8.525033
v -4.972154 -2.012335 8.544075
v 5.0038953 -2.012335 8.544075
v -4.9841404 -1.865486 8.547259
v 5.01586 -1.8654859 8.547259
v -4.9841404 -1.637429 8.547259
v 5.01586 -1.6374286 8.547258
v -4.9841404 -1.4236467 8.547259
v 5.01586 -1.4236467 8.547259
v -4.9841404 -1.2194235 8.547259
v 5.01586 -1.2194234 8.547258
v -4.98414 -1.0405071 8.547258
v 5.01586 -1.0405072 8.547258
v -4.9841404 -0.8261092 8.547259
v 5.01586 -0.82610923 8.54726
v -4.984141 -0.6219688 8.547259
v 5.0158606 -0.6219689 8.547261
v -4.9604363 -0.43428445 8.540938
v 4.9895997 -0.4254743 8.540255
v 5.01586 -0.51569456 8.547259
v -4.984125 -0.24823742 8.547253
v 5.0157523 -0.3351453 8.547216
v 5.0158596 -0.23378527 8.547259
v -4.9841404 -0.04780032 8.547259
v 5.0158606 -0.047800303 8.547259
v -4.98414 0.1375747 8.547258
v 5.01586 0.13757558 8.547259
v -4.9544125 0.40315208 8.539379
v 4.986144 0.4031482 8.539379
v -4.864341 0.54541266 8.515496
v -4.6692896 0.6114571 8.465003
v -4.0849676 0.6337289 8.600284
v -3.873725 0.6337289 8.589586
v -3.6586587 0.63372886 8.588039
v -3.477896 0.63372886 8.588039
v -3.2830896 0.6337289 8.588039
v -3.0657294 0.6337289 8.588039
v -2.8648565 0.6337289 8.588039
v -2.6645691 0.633729 8.588039
v -2.5114827 0.6337289 8.58804
v -2.3200698 0.633729 8.588039
v -2.0761957 0.6337289 8.588039
v -1.807512 0.6337289 8.588039
v -1.5637172 0.6337289 8.588039
v -1.3025131 0.6337289 8.588039
v -1.0552967 0.6337289 8.588039
v -0.8534434 0.6337289 8.588039
v -0.6547514 0.63372886 8.588039
v -0.47933045 0.6337289 8.588039
v -0.29225135 0.6337289 8.588039
v -0.08722536 0.633729 8.58804
v 0.10910514 0.633729 8.58804
v 0.30916852 0.63372886 8.588038
v 0.51371014 0.6337289 8.588039
v 0.67194587 0.6337289 8.588039
v 0.8534434 0.6337289 8.588039
v 1.0552967 0.6337289 8.588039
v 1.3025131 0.6337289 8.588039
v 1.5636958 0.6337289 8.588039
v 1.8074692 0.6337289 8.588039
v 2.002436 0.6337289 8.588039
v 2.1558273 0.6337289 8.588039
v 2.3198771 0.6337289 8.588039
v 2.5304158 0.6337289 8.588039
v 2.7100601 0.6337289 8.588039
v 2.90171 0.633729 8.588039
v 3.105513 0.6337289 8.588039
v 3.3382576 0.63372886 8.588038
v 3.495269 0.6337289 8.588039
v 3.6620274 0.6337289 8.588038
v 3.8865006 0.633729 8.589588
v 4.106509 0.6337289 8.600284
v 4.7007384 0.6114618 8.464996
v 4.896061 0.54541266 8.515496
v -4.724744 -2.3032577 8.801384
v -4.4958825 -2.3363013 8.708875
v -4.2438035 -2.3411536 8.625462
v 4.2701654 -2.3411536 8.625462
v 4.525823 -2.3363068 8.7088375
v 4.75599 -2.3032577 8.801384
v -4.724744 0.59699506 8.801384
v -4.4958344 0.6290334 8.708856
v -4.2438035 0.63372886 8.625462
v 4.2701654 0.63372886 8.625462
v 4.5257745 0.6290388 8.708819
v 4.75599 0.59699506 8.801384
v -4.8780723 -2.1980407 8.867734
v -4.4602604 -2.3364642 8.964959
v -4.230946 -2.3411536 8.908358
v -4.0894656 -2.3411536 8.824926
v -3.8794062 -2.3411536 8.82875
v -3.655651 -2.3411536 8.829295
v -3.471994 -2.3411536 8.829294
v -3.31003 -2.3411539 8.829296
v -3.1038337 -2.3411539 8.829295
v -2.868673 -2.3411536 8.829295
v -2.67017 -2.3411536 8.829295
v -2.5168264 -2.3411536 8.829295
v -2.320088 -2.3411536 8.829295
v -2.0646715 -2.3411536 8.829295
v -1.7925131 -2.3411536 8.829295
v -1.5542057 -2.3411536 8.829295
v -1.302341 -2.3411536 8.829295
v -1.0657983 -2.3411536 8.829295
v -0.87345654 -2.3411536 8.829295
v -0.66597766 -2.3411536 8.829296
v -0.482242 -2.3411536 8.829295
v -0.29551303 -2.3411539 8.829295
v -0.07650544 -2.3411536 8.829295
v 0.12544805 -2.3411536 8.829295
v 0.3315054 -2.3411539 8.829295
v 0.51877725 -2.3411536 8.829295
v 0.68291396 -2.3411536 8.829295
v 0.87345654 -2.3411536 8.829295
v 1.0657983 -2.3411536 8.829295
v 1.302341 -2.3411536 8.829295
v 1.5542057 -2.3411536 8.829295
v 1.79247 -2.3411536 8.829295
v 1.9882547 -2.3411536 8.829295
v 2.1464448 -2.3411536 8.829295
v 2.3198955 -2.3411536 8.829295
v 2.53557 -2.3411536 8.829295
v 2.715748 -2.3411534 8.829295
v 2.9047213 -2.3411536 8.829295
v 3.1035964 -2.3411536 8.829295
v 3.3324423 -2.3411534 8.829294
v 3.5145564 -2.3411536 8.829295
v 3.7015972 -2.3411539 8.829295
v 3.892088 -2.3411536 8.82875
v 4.110426 -2.3411536 8.824926
v 4.3152213 -2.3411536 8.911584
v 4.558419 -2.3322015 9.009156
v 4.9092946 -2.1980453 8.867733
v -4.9477506 -2.0295076 8.897899
v 4.978997 -2.0295076 8.897899
v -4.9595 -1.8180321 8.902978
v 4.9907255 -1.8180307 8.902978
v -4.9595003 -1.6037221 8.902978
v 4.9907255 -1.6037221 8.902978
v -4.9595 -1.4169873 8.902978
v 4.9907255 -1.4169874 8.902978
v -4.9595003 -1.1927143 8.902979
v 4.990725 -1.1927142 8.902978
v -4.9595003 -1.0698786 8.902978
v 4.990725 -1.0698786 8.902978
v -4.9595003 -0.83518213 8.902977
v 4.9907255 -0.8351822 8.902978
v -4.9595003 -0.6148677 8.902978
v 4.9907255 -0.6148676 8.902978
v -4.935398 -0.43159416 8.892534
v 4.966625 -0.4315942 8.892533
v -4.959485 -0.23470247 8.902972
v 4.9907103 -0.23470247 8.902972
v -4.959501 -0.03840724 8.902978
v 4.990726 -0.038407225 8.902978
v -4.9595003 0.14577912 8.902977
v 4.9907255 0.14577903 8.902978
v -4.9303317 0.39418736 8.890361
v 4.961567 0.39419043 8.890361
v -4.842133 0.541905 8.85217
v -4.4602404 0.62873656 8.964946
v -4.230946 0.633729 8.908358
v -4.0894656 0.63372886 8.824926
v -3.8794062 0.6337289 8.82875
v -3.654884 0.63372886 8.829295
v -3.4723685 0.6337289 8.829295
v -3.310057 0.6337289 8.829295
v -3.1038597 0.6337289 8.829295
v -2.8686602 0.6337289 8.829295
v -2.6702833 0.63372886 8.829295
v -2.5172045 0.6337289 8.829295
v -2.320088 0.63372886 8.829295
v -2.0646715 0.6337289 8.829295
v -1.7925131 0.6337289 8.829295
v -1.5542057 0.6337289 8.829295
v -1.302341 0.6337289 8.829295
v -1.0657983 0.6337289 8.829295
v -0.87345654 0.6337289 8.829295
v -0.6651793 0.633729 8.829295
v -0.48205796 0.63372886 8.829294
v -0.29577377 0.63372886 8.829294
v -0.075606234 0.63372886 8.829295
v 0.12501797 0.6337289 8.829295
v 0.3318014 0.6337289 8.829296
v 0.51859677 0.633729 8.829295
v 0.6820942 0.6337289 8.829294
v 0.87345654 0.6337289 8.829295
v 1.0657983 0.6337289 8.829295
v 1.302341 0.6337289 8.829295
v 1.5542057 0.6337289 8.829295
v 1.79247 0.6337289 8.829295
v 1.9882547 0.6337289 8.829295
v 2.1464448 0.6337289 8.829295
v 2.3198955 0.633729 8.829295
v 2.5360534 0.6337289 8.829295
v 2.7158275 0.633729 8.829295
v 2.9047256 0.6337289 8.829296
v 3.103623 0.6337289 8.829295
v 3.332523 0.6337289 8.829295
v 3.5153217 0.6337289 8.829295
v 3.7015972 0.633729 8.829295
v 3.892088 0.6337289 8.82875
v 4.110426 0.63372886 8.824926
v 4.3152204 0.6337289 8.911585
v 4.558419 0.62419575 9.009155
v 4.873358 0.541905 8.85217
v -4.841552 -2.1620464 9.207716
v -4.721853 -2.2777836 9.131781
v -4.315162 -2.3411536 9.099838
v -4.1500463 -2.3411536 9.120509
v -3.8939795 -2.3411536 9.052577
v -3.648789 -2.3411539 9.056304
v -3.4608142 -2.3411539 9.056305
v -3.2983456 -2.3411536 9.056305
v -3.0997407 -2.3411536 9.056304
v -2.8761082 -2.3411536 9.056304
v -2.663513 -2.3411536 9.056304
v -2.5075572 -2.3411534 9.056304
v -2.3200502 -2.3411536 9.056304
v -2.127852 -2.3411536 9.056304
v -1.959978 -2.3411536 9.056305
v -1.7624933 -2.3411536 9.056304
v -1.5352038 -2.3411536 9.056304
v -1.3020182 -2.3411536 9.056304
v -1.0868013 -2.3411536 9.056304
v -0.8619425 -2.3411539 9.056304
v -0.6792263 -2.3411536 9.056303
v -0.47255743 -2.3411539 9.056304
v -0.28409734 -2.3411536 9.056304
v -0.06628669 -2.3411536 9.056303
v 0.12886852 -2.3411534 9.056304
v 0.32525808 -2.3411536 9.056304
v 0.5076782 -2.3411536 9.056304
v 0.7207851 -2.3411536 9.056305
v 0.9134614 -2.3411536 9.056304
v 1.0868013 -2.3411536 9.056304
v 1.3019967 -2.3411536 9.056304
v 1.5351824 -2.3411536 9.056304
v 1.7624501 -2.3411536 9.056304
v 1.9599136 -2.3411536 9.056304
v 2.1277227 -2.3411536 9.056304
v 2.3198574 -2.3411536 9.056304
v 2.5275867 -2.3411536 9.056305
v 2.7067852 -2.3411536 9.056304
v 2.910633 -2.3411536 9.056304
v 3.099496 -2.3411534 9.056304
v 3.320885 -2.3411536 9.056304
v 3.5034933 -2.3411536 9.056305
v 3.697143 -2.3411536 9.056304
v 3.9066129 -2.3411536 9.052574
v 4.17091 -2.3411536 9.120723
v 4.34047 -2.3411536 9.099838
v 4.751565 -2.2777915 9.131769
v 4.87127 -2.1620464 9.207716
v -4.834528 -0.42442688 9.203732
v 4.8642673 -0.42442715 9.203731
v -4.841552 0.44306582 9.207716
v 4.87127 0.44306582 9.207716
v -4.722267 0.56605244 9.132044
v -4.315162 0.6337289 9.099838
v -4.1500463 0.6337289 9.120509
v -3.8939795 0.6337289 9.052577
v -3.6474643 0.6337289 9.056304
v -3.4613326 0.6337289 9.056303
v -3.2983227 0.6337289 9.056304
v -3.100036 0.6337289 9.056304
v -2.8762693 0.6337289 9.056304
v -2.6635635 0.6337289 9.056303
v -2.5079627 0.6337289 9.056304
v -2.3200502 0.63372886 9.056304
v -2.127852 0.6337289 9.056304
v -1.959978 0.6337289 9.056305
v -1.7624933 0.6337289 9.056304
v -1.5352038 0.6337289 9.056304
v -1.3020182 0.6337289 9.056304
v -1.0868013 0.6337289 9.056304
v -0.86352456 0.6337289 9.056304
v -0.6791704 0.6337289 9.056304
v -0.4724304 0.6337289 9.056305
v -0.2843532 0.6337289 9.056304
v -0.06470006 0.6337289 9.056304
v 0.12829833 0.63372886 9.056304
v 0.32563746 0.6337289 9.056303
v 0.50726277 0.6337289 9.056304
v 0.7194189 0.6337289 9.056305
v 0.9134614 0.6337289 9.056304
v 1.0868013 0.6337289 9.056304
v 1.3019967 0.6337289 9.056304
v 1.5351824 0.6337289 9.056304
v 1.7624501 0.6337289 9.056304
v 1.9599136 0.6337289 9.056304
v 2.1277227 0.6337289 9.056304
v 2.3198574 0.633729 9.056304
v 2.5281997 0.6337289 9.056304
v 2.706762 0.6337289 9.056303
v 2.9107263 0.6337289 9.056305
v 3.0997927 0.633729 9.056304
v 3.3208606 0.6337289 9.056304
v 3.5046282 0.6337289 9.056304
v 3.697143 0.6337289 9.056304
v 3.9066129 0.633729 9.052574
v 4.17091 0.6337289 9.120723
v 4.34047 0.6337289 9.099838
v 4.7519717 0.5660658 9.132028
v -4.491271 -2.3193707 9.279185
v -4.263817 -2.3328903 9.347786
v -4.0353694 -2.336932 9.329102
v -3.8356855 -2.3411536 9.257512
v -3.6849842 -2.3411536 9.257512
v -3.484789 -2.3411534 9.257512
v -3.3018472 -2.3411536 9.257511
v -3.0929472 -2.3411534 9.257511
v -2.8884737 -2.3411536 9.257512
v -2.6824067 -2.3411534 9.257511
v -2.4890997 -2.3411534 9.257512
v -2.2565603 -2.3411536 9.257512
v -2.0966272 -2.3411536 9.257512
v -1.9127212 -2.3411536 9.257512
v -1.7124819 -2.3411536 9.257512
v -1.5035272 -2.3411536 9.257512
v -1.3014371 -2.3411536 9.257512
v -1.1217921 -2.3411536 9.257512
v -0.8834415 -2.3411536 9.257511
v -0.7086357 -2.3411536 9.257512
v -0.49488133 -2.3411539 9.257513
v -0.31679514 -2.3411536 9.257512
v -0.09172943 -2.3411534 9.257511
v 0.13384162 -2.3411536 9.257512
v 0.34074453 -2.3411536 9.257512
v 0.50908536 -2.3411536 9.257513
v 0.7285818 -2.3411536 9.257512
v 0.90680844 -2.3411534 9.257511
v 1.1217921 -2.3411536 9.257512
v 1.3014371 -2.3411536 9.257512
v 1.5035055 -2.3411536 9.257512
v 1.7124387 -2.3411536 9.257512
v 1.9126565 -2.3411536 9.257512
v 2.096498 -2.3411536 9.257512
v 2.31981 -2.3411536 9.257512
v 2.5457478 -2.3411536 9.257512
v 2.7008274 -2.3411536 9.257513
v 2.8882306 -2.3411536 9.257512
v 3.0927033 -2.3411536 9.257512
v 3.3226657 -2.3411536 9.257512
v 3.5042417 -2.3411534 9.257511
v 3.6897402 -2.3411536 9.257512
v 3.8454337 -2.3411536 9.257512
v 4.050991 -2.3369327 9.329089
v 4.285358 -2.3328905 9.347786
v 4.5177674 -2.3193877 9.279114
v -4.8745627 -2.0466805 9.228676
v 4.904303 -2.0466805 9.228676
v -4.88558 -1.8471895 9.235648
v 4.9152994 -1.8471849 9.235648
v -4.8855805 -1.6453624 9.235648
v 4.9152994 -1.6453624 9.235648
v -4.8855805 -1.4699591 9.235649
v 4.9153 -1.4699584 9.235649
v -4.8855805 -1.2263057 9.235648
v 4.9152994 -1.2263058 9.235647
v -4.8855805 -1.0571315 9.235649
v 4.915299 -1.0571313 9.235647
v -4.8855805 -0.8573498 9.235648
v 4.9152994 -0.85734946 9.235648
v -4.8855805 -0.63346946 9.235649
v 4.915299 -0.6334694 9.235648
v -4.8744345 -0.43540412 9.22868
v 4.904166 -0.43540496 9.228681
v -4.885563 -0.23711005 9.235638
v 4.915282 -0.23711036 9.235638
v -4.8855805 -0.039063606 9.235649
v 4.9152994 -0.039063398 9.235649
v -4.885581 0.16457294 9.235648
v 4.9152994 0.16457206 9.235648
v -4.8745627 0.3283021 9.228676
v 4.904303 0.3283021 9.228676
v -4.491271 0.6086235 9.279186
v -4.263817 0.62374383 9.347786
v -4.0353866 0.6284989 9.329158
v -3.8356855 0.6337289 9.257513
v -3.684984 0.6337289 9.257512
v -3.4866228 0.63372886 9.257512
v -3.301655 0.63372886 9.257511
v -3.0936713 0.6337289 9.257512
v -2.8889315 0.6337289 9.257513
v -2.682206 0.633729 9.257513
v -2.4878724 0.63372886 9.257511
v -2.2565603 0.6337289 9.257512
v -2.0966272 0.6337289 9.257512
v -1.9127212 0.6337289 9.257512
v -1.7124819 0.6337289 9.257512
v -1.5035272 0.6337289 9.257512
v -1.3014371 0.6337289 9.257512
v -1.1217921 0.6337289 9.257512
v -0.8808061 0.633729 9.257512
v -0.7086602 0.63372886 9.257512
v -0.49527 0.6337289 9.257513
v -0.31714934 0.6337289 9.257512
v -0.08788797 0.6337289 9.257511
v 0.13308622 0.6337289 9.257512
v 0.34146926 0.633729 9.257512
v 0.5091833 0.63372886 9.257512
v 0.72909296 0.6337289 9.257513
v 0.9048927 0.633729 9.257512
v 1.1217921 0.6337289 9.257512
v 1.3014371 0.6337289 9.257512
v 1.5035056 0.6337289 9.257512
v 1.7124388 0.6337289 9.257512
v 1.9126565 0.6337289 9.257512
v 2.096498 0.6337289 9.257512
v 2.31981 0.6337289 9.257512
v 2.5469146 0.6337289 9.257512
v 2.7006423 0.6337289 9.257512
v 2.888687 0.633729 9.257513
v 3.0934265 0.63372886 9.257511
v 3.3223763 0.6337289 9.257512
v 3.5059438 0.6337289 9.257512
v 3.6897402 0.6337289 9.257512
v 3.8454337 0.6337289 9.257512
v 4.0510073 0.6284997 9.329142
v 4.285358 0.62374383 9.347786
v 4.517767 0.608643 9.279112
v -4.6721935 -2.211386 9.4444685
v -4.4201136 -2.2585402 9.568621
v -4.348905 -2.3080997 9.473374
v -4.1106195 -2.3086376 9.544152
v -3.8620057 -2.320649 9.500129
v -3.6716266 -2.3208048 9.499238
v -3.4622524 -2.3232472 9.485288
v -3.2891514 -2.3221598 9.4915
v -3.0941627 -2.3204184 9.501446
v -2.8832946 -2.3219862 9.492492
v -2.676011 -2.3219974 9.492428
v -2.4872308 -2.3212008 9.495501
v -2.2391486 -2.320056 9.498008
v -2.040211 -2.319249 9.499334
v -1.8277488 -2.3188717 9.498258
v -1.6238815 -2.3189936 9.495194
v -1.4486434 -2.3196175 9.490721
v -1.2707918 -2.3146403 9.514638
v -1.0725524 -2.315435 9.510559
v -0.8923895 -2.32047 9.485594
v -0.67197996 -2.316593 9.504819
v -0.5047148 -2.322414 9.475954
v -0.2841793 -2.3227816 9.474134
v -0.06881221 -2.3178332 9.498669
v 0.13337491 -2.3178933 9.498369
v 0.3361801 -2.3208842 9.483541
v 0.5478032 -2.3225303 9.475376
v 0.6970691 -2.315146 9.5119915
v 0.9292265 -2.3217752 9.479123
v 1.1119976 -2.3130233 9.522518
v 1.300466 -2.3195412 9.4904
v 1.4955134 -2.3147385 9.515836
v 1.7250029 -2.318879 9.497713
v 1.8559312 -2.332223 9.429238
v 2.040093 -2.319249 9.499331
v 2.3190186 -2.3203409 9.497741
v 2.5487301 -2.3238018 9.481534
v 2.7074072 -2.3208785 9.498818
v 2.9098434 -2.3220048 9.492385
v 3.1086147 -2.322112 9.491775
v 3.3229861 -2.3207831 9.499362
v 3.4817493 -2.3235285 9.483684
v 3.6763582 -2.3207974 9.499278
v 3.8717542 -2.320649 9.500129
v 4.12635 -2.3086376 9.544152
v 4.37064 -2.3080997 9.473374
v 4.4418483 -2.2585402 9.568621
v 4.6986623 -2.211787 9.444227
v -4.728187 -2.0609908 9.494721
v 4.7549143 -2.0609908 9.494721
v -4.7377424 -1.8713132 9.503287
v 4.7644687 -1.8713028 9.503287
v -4.737742 -1.6224251 9.503286
v 4.7644687 -1.6224216 9.503288
v -4.737742 -1.4242461 9.503287
v 4.7644687 -1.4242452 9.503287
v -4.737742 -1.2614744 9.503287
v 4.7644687 -1.2614747 9.503287
v -4.737742 -1.0619136 9.503287
v 4.7644687 -1.0619124 9.503288
v -4.737742 -0.8397496 9.503287
v 4.764468 -0.8397484 9.503286
v -4.737742 -0.63035375 9.503288
v 4.7644687 -0.63035345 9.503287
v -4.7171416 -0.43265715 9.485702
v 4.743873 -0.43265784 9.485701
v -4.7377205 -0.24444087 9.503271
v 4.764452 -0.24444175 9.50327
v -4.7377415 -0.04756384 9.503285
v 4.764469 -0.047562517 9.503286
v -4.737742 0.1508913 9.503287
v 4.7644687 0.1508854 9.503286
v -4.7125955 0.38331237 9.480734
v 4.739321 0.38336843 9.480721
v -4.642238 0.5354707 9.417575
v -4.4201136 0.5337276 9.568621
v -4.348905 0.5937241 9.473374
v -4.1106195 0.5933798 9.544152
v -3.8620276 0.6080455 9.500304
v -3.6716084 0.6082181 9.4995165
v -3.4651482 0.6110389 9.486641
v -3.2887821 0.6097686 9.49244
v -3.0958724 0.6075666 9.502491
v -2.8842869 0.6098761 9.491948
v -2.6756482 0.6098766 9.491946
v -2.4829714 0.60932076 9.494909
v -2.2391417 0.60887384 9.49809
v -2.0401146 0.60872364 9.499691
v -1.8276179 0.60916686 9.498576
v -1.6246972 0.6104408 9.493313
v -1.4476912 0.61035913 9.494189
v -1.2757875 0.60679686 9.511433
v -1.0724981 0.60685587 9.511186
v -0.8933787 0.61289257 9.482406
v -0.6709389 0.60812575 9.505132
v -0.50809705 0.61531407 9.470862
v -0.28449798 0.6151034 9.471867
v -0.066289015 0.6096247 9.497985
v 0.13354659 0.60937226 9.499189
v 0.33594602 0.6134214 9.479886
v 0.5489015 0.6151437 9.471675
v 0.6950445 0.6066064 9.512375
v 0.9292806 0.6141572 9.4763775
v 1.1116859 0.6042678 9.523525
v 1.30046 0.61095685 9.491589
v 1.4893042 0.6058598 9.515342
v 1.7196573 0.6104584 9.49267
v 1.855931 0.62391603 9.429238
v 2.0399964 0.60872394 9.499689
v 2.3190336 0.60884005 9.497834
v 2.550015 0.61261004 9.479641
v 2.7066278 0.60850006 9.498228
v 2.9106107 0.60987455 9.491955
v 3.110377 0.60975784 9.492489
v 3.3221767 0.60804385 9.500312
v 3.4841256 0.61132926 9.485316
v 3.676341 0.6082113 9.499548
v 3.8717754 0.6080469 9.5002985
v 4.12635 0.5933798 9.544152
v 4.37064 0.5937241 9.473374
v 4.4418483 0.5337276 9.568621
v 4.6689653 0.5354707 9.417575
v -4.462851 -2.1759267 9.625775
v -4.1659737 -2.2186906 9.6745205
v -3.8894868 -2.2186246 9.700726
v -3.6574802 -2.217658 9.701454
v -3.461174 -2.2188861 9.700527
v -3.2966232 -2.220102 9.699612
v -3.0911512 -2.220769 9.69911
v -2.8874924 -2.2218795 9.698273
v -2.6732378 -2.2218354 9.698257
v -2.4733045 -2.2175565 9.69992
v -2.2205894 -2.212679 9.700827
v -1.9904927 -2.2541502 9.669332
v -1.9717708 -2.1671467 9.730274
v -1.7372968 -2.205407 9.701023
v -1.4918841 -2.2147973 9.692601
v -1.2531227 -2.191212 9.706641
v -1.0962983 -2.210043 9.694179
v -0.8721039 -2.2046168 9.69773
v -0.70856 -2.2071383 9.696079
v -0.49440125 -2.2023995 9.699182
v -0.29308712 -2.1855693 9.710194
v -0.05673163 -2.2159097 9.69034
v 0.17944334 -2.20081 9.700221
v 0.34790906 -2.201368 9.699857
v 0.5243588 -2.2173262 9.689413
v 0.7313808 -2.2031963 9.698659
v 0.9208857 -2.194884 9.704098
v 1.1372947 -2.2186365 9.688557
v 1.2910551 -2.1883955 9.70858
v 1.526762 -2.2024388 9.701061
v 1.7372198 -2.205403 9.701025
v 1.9806936 -2.2092125 9.700809
v 2.2204175 -2.2126782 9.700828
v 2.4932196 -2.224102 9.695213
v 2.7028053 -2.2177956 9.701322
v 2.9106026 -2.221815 9.6983185
v 3.113719 -2.2205858 9.699247
v 3.335763 -2.220153 9.6995735
v 3.48488 -2.218432 9.70087
v 3.66223 -2.2177377 9.701393
v 3.8992321 -2.2186503 9.7007065
v 4.18172 -2.2187116 9.674505
v 4.484586 -2.1759267 9.625775
v -4.4878087 -2.0086977 9.659136
v -4.193439 -2.0137823 9.739205
v -3.8988056 -2.0150213 9.765947
v -3.6527853 -2.0152037 9.765931
v -3.4484131 -2.015279 9.765924
v -3.2840042 -2.0150483 9.765944
v -3.0744076 -2.008599 9.766499
v -2.8880844 -2.0216975 9.765372
v -2.6856272 -2.0148447 9.765946
v -2.481796 -2.0095026 9.765925
v -2.2148554 -2.0626478 9.760768
v -1.9623882 -2.0550728 9.760768
v -1.7095121 -2.047498 9.760769
v -1.4974155 -2.0411713 9.760768
v -1.2820721 -2.035386 9.760767
v -1.1058449 -2.0348446 9.760768
v -0.8377598 -2.0348449 9.760768
v -0.72819006 -2.0348446 9.760768
v -0.5337707 -2.0348446 9.760768
v -0.2837369 -2.0348446 9.760768
v 0 -2.0348446 9.760768
v 0.19384801 -2.0348446 9.760768
v 0.37575266 -2.0348446 9.760768
v 0.5337707 -2.0348446 9.760768
v 0.75349224 -2.0348449 9.760768
v 0.8786765 -2.0348446 9.760768
v 1.1058449 -2.0348446 9.760768
v 1.2820684 -2.035386 9.760767
v 1.4973724 -2.0411713 9.760768
v 1.7094262 -2.047498 9.760768
v 1.9622806 -2.0550728 9.760768
v 2.2146833 -2.0626478 9.760768
v 2.4815738 -2.0095026 9.765926
v 2.7057035 -2.01488 9.765945
v 2.9205422 -2.0152364 9.765928
v 3.1072905 -2.0151048 9.76594
v 3.3234496 -2.015044 9.765944
v 3.4718163 -2.0153842 9.765916
v 3.6575298 -2.0152237 9.765928
v 3.9085538 -2.0150418 9.7659445
v 4.2091894 -2.0138102 9.739202
v 4.5095434 -2.0087006 9.659136
v -4.491343 -1.8227478 9.663865
v -4.1955357 -1.831076 9.744154
v -3.8995125 -1.833852 9.770925
v -3.6524255 -1.833852 9.770925
v -3.442594 -1.833852 9.7709255
v -3.2838464 -1.8338518 9.770923
v -3.0651221 -1.833852 9.7709255
v -2.8774662 -1.833852 9.770924
v -2.687202 -1.8335876 9.7709255
v -2.4806561 -1.8246824 9.770925
v -2.213887 -1.8723123 9.770925
v -1.959268 -1.8596033 9.770925
v -1.7047778 -1.8512405 9.770925
v -1.4924016 -1.8428519 9.770924
v -1.2731649 -1.8285948 9.770925
v -1.077016 -1.8267654 9.770924
v -0.8362495 -1.8276412 9.7709255
v -0.7214605 -1.8265084 9.770925
v -0.54026955 -1.8267764 9.770925
v -0.28662556 -1.8264511 9.770925
v 0 -1.8343838 9.770925
v 0.19627972 -1.8263237 9.770925
v 0.38040087 -1.8265833 9.770925
v 0.54026955 -1.8267764 9.770925
v 0.761719 -1.8267193 9.770925
v 0.88505274 -1.8285505 9.770925
v 1.1147187 -1.8267217 9.770925
v 1.2854025 -1.828896 9.770924
v 1.4923799 -1.8428538 9.770925
v 1.7047133 -1.8512405 9.770924
v 1.9591602 -1.8596005 9.770925
v 2.2137148 -1.8723116 9.770925
v 2.4804337 -1.8246825 9.770925
v 2.707173 -1.833632 9.770925
v 2.9217253 -1.8338519 9.770925
v 3.1065595 -1.833852 9.770925
v 3.3223224 -1.8338523 9.7709255
v 3.4684134 -1.833852 9.770925
v 3.6571596 -1.8338519 9.770925
v 3.9092605 -1.833852 9.770925
v 4.2112875 -1.831076 9.744154
v 4.5130777 -1.8227478 9.663865
v -4.4913435 -1.6452072 9.663866
v -4.1955357 -1.6564996 9.744155
v -3.8995125 -1.6602844 9.7709255
v -3.6524258 -1.6603786 9.770924
v -3.4480896 -1.6613748 9.770924
v -3.2829056 -1.6620138 9.770924
v -3.0653446 -1.6620004 9.7709255
v -2.8771927 -1.661968 9.770925
v -2.6877337 -1.6617941 9.7709255
v -2.4797513 -1.6484433 9.770925
v -2.2138872 -1.6271315 9.7709255
v -1.9592681 -1.606797 9.770925
v -1.7047778 -1.6473422 9.770925
v -1.4924016 -1.6320204 9.770925
v -1.2761899 -1.6178904 9.7709255
v -1.0760942 -1.6166984 9.770925
v -0.83693755 -1.6166984 9.770925
v -0.72157156 -1.6166985 9.770925
v -0.54026955 -1.6166984 9.770925
v -0.28631034 -1.6166984 9.770925
v 0 -1.6166985 9.770925
v 0.19627972 -1.6166984 9.770925
v 0.38040087 -1.6166985 9.770925
v 0.54026955 -1.6166984 9.770925
v 0.76246315 -1.6166983 9.770924
v 0.8851807 -1.6166985 9.770925
v 1.1129942 -1.6166984 9.770925
v 1.2877655 -1.6180571 9.770924
v 1.49238 -1.6320202 9.770925
v 1.7047133 -1.6473421 9.770925
v 1.9591603 -1.6067971 9.770925
v 2.2137146 -1.6271317 9.770925
v 2.4795291 -1.6484436 9.770925
v 2.7077973 -1.6618143 9.770924
v 2.9213536 -1.661995 9.770925
v 3.1068304 -1.6619788 9.770925
v 3.3224266 -1.6620417 9.770923
v 3.47121 -1.6611024 9.770925
v 3.6571596 -1.6603655 9.7709255
v 3.9092603 -1.6602736 9.770924
v 4.2112875 -1.6564888 9.744154
v 4.5130777 -1.6451926 9.663865
v -4.491343 -1.4250407 9.663864
v -4.1955357 -1.4192543 9.744153
v -3.8995125 -1.408778 9.770925
v -3.6524258 -1.4092878 9.770925
v -3.4562907 -1.4168389 9.770923
v -3.2799063 -1.426378 9.770925
v -3.0660932 -1.4266961 9.7709255
v -2.8761497 -1.4256247 9.770925
v -2.687266 -1.4245689 9.770924
v -2.4853542 -1.4222281 9.770926
v -2.213887 -1.4032484 9.7709255
v -1.9592681 -1.406507 9.7709255
v -1.7047777 -1.4737622 9.770924
v -1.4924016 -1.4547629 9.770925
v -1.2775269 -1.4397639 9.770925
v -1.075846 -1.4375522 9.770925
v -0.83801293 -1.4383558 9.770925
v -0.720726 -1.4381495 9.770925
v -0.54026955 -1.4365698 9.770925
v -0.285934 -1.43608 9.770924
v 0 -1.4357806 9.7709255
v 0.19627972 -1.4359657 9.770925
v 0.38040087 -1.4362005 9.770925
v 0.54026955 -1.4365698 9.770925
v 0.7619176 -1.4385235 9.7709255
v 0.8858117 -1.4377986 9.770925
v 1.1119332 -1.4377985 9.7709255
v 1.2891011 -1.439958 9.770925
v 1.4923799 -1.4547632 9.770925
v 1.7047135 -1.4737624 9.770925
v 1.9591603 -1.4065073 9.770925
v 2.2137148 -1.403249 9.770925
v 2.4851303 -1.4222285 9.770925
v 2.707975 -1.4245294 9.7709255
v 2.9206026 -1.426385 9.770924
v 3.1080945 -1.4260824 9.7709255
v 3.3202271 -1.4272177 9.7709255
v 3.4749117 -1.4136566 9.770924
v 3.6571593 -1.409232 9.770925
v 3.9092605 -1.4087406 9.7709255
v 4.211288 -1.4192276 9.744155
v 4.5130777 -1.4250269 9.663865
v -4.491343 -1.2750505 9.663866
v -4.1955357 -1.2850381 9.744154
v -3.8995128 -1.2657954 9.7709255
v -3.6524255 -1.2655919 9.770924
v -3.4461179 -1.2439502 9.773589
v -3.280257 -1.3059543 9.776822
v -3.0671794 -1.3108797 9.776859
v -2.8748393 -1.310892 9.776852
v -2.6739388 -1.2578857 9.775984
v -2.4723902 -1.2800642 9.770925
v -2.2138872 -1.2602853 9.770926
v -1.9592681 -1.257748 9.7709255
v -1.704778 -1.2456875 9.770925
v -1.4924016 -1.2262274 9.770925
v -1.2827516 -1.223022 9.775281
v -1.0764503 -1.2233279 9.778266
v -0.85225874 -1.2238275 9.77805
v -0.7081411 -1.2167968 9.770932
v -0.5402695 -1.2145064 9.770924
v -0.28543368 -1.214381 9.770925
v 0 -1.2148603 9.770925
v 0.1962797 -1.214362 9.770925
v 0.38040084 -1.2144011 9.770925
v 0.5402695 -1.2145064 9.770924
v 0.7451118 -1.2188525 9.773999
v 0.8929604 -1.2253792 9.777925
v 1.1108308 -1.2232361 9.778296
v 1.2994069 -1.2230227 9.774709
v 1.49238 -1.2262278 9.770924
v 1.7047133 -1.2456877 9.770925
v 1.9591604 -1.2577469 9.770925
v 2.2137148 -1.2602848 9.770924
v 2.4721682 -1.2800637 9.7709255
v 2.6911156 -1.2647791 9.7760935
v 2.918429 -1.3108891 9.776878
v 3.1102881 -1.3108966 9.7768135
v 3.3406386 -1.2664089 9.777332
v 3.4774528 -1.2642999 9.770946
v 3.6571598 -1.2656095 9.7709255
v 3.9092607 -1.2658049 9.7709255
v 4.2112875 -1.2850391 9.744153
v 4.513078 -1.2750529 9.663865
v -4.491343 -1.0361054 9.663865
v -4.1955357 -1.050363 9.744154
v -3.8995125 -1.0254163 9.770925
v -3.6524258 -1.0253838 9.7709255
v -3.4305277 -1.0247399 9.776138
v -2.6424384 -1.0247386 9.777965
v -2.4773889 -1.0432687 9.770925
v -2.213887 -1.0530663 9.7709255
v -1.9592681 -1.05982 9.7709255
v -1.7047778 -1.0396149 9.770924
v -1.4924016 -1.0228176 9.770925
v -1.2987604 -1.0562514 9.777711
v -0.7927608 -1.0530778 9.7818575
v -0.7115663 -1.0547943 9.770943
v -0.54026955 -1.0564058 9.770924
v -0.28556377 -1.0565811 9.770925
v 0 -1.0568146 9.770924
v 0.1962797 -1.0566081 9.770925
v 0.38040084 -1.0565526 9.770925
v 0.54026955 -1.0564058 9.770924
v 0.7572169 -1.0538292 9.777079
v 1.298758 -1.0562512 9.777709
v 1.49238 -1.0228176 9.770925
v 1.7047132 -1.0396147 9.770925
v 1.9591602 -1.059822 9.770924
v 2.2137148 -1.0530663 9.770924
v 2.477167 -1.0432689 9.7709255
v 2.6421947 -1.0247387 9.777965
v 3.4002051 -1.0245719 9.779617
v 3.4764128 -1.0250099 9.770973
v 3.6571598 -1.0253882 9.7709255
v 3.9092605 -1.0254197 9.770925
v 4.2112875 -1.0503691 9.744154
v 4.5130777 -1.0361094 9.663865
v -4.491343 -0.829752 9.663864
v -4.1955357 -0.83856773 9.744154
v -3.8995128 -0.8415459 9.7709255
v -3.652425 -0.8416067 9.770924
v -3.4313698 -0.8434001 9.776053
v -2.642526 -0.8441137 9.777969
v -2.4768443 -0.8374053 9.770925
v -2.213887 -0.83442634 9.770925
v -1.9592681 -0.82778925 9.770925
v -1.7047778 -0.8211402 9.770925
v -1.4924015 -0.80473477 9.770923
v -1.2861232 -0.80329007 9.777428
v -1.0770179 -0.7538295 9.780269
v -0.838201 -0.7944557 9.78128
v -0.7084869 -0.80341417 9.770935
v -0.5402695 -0.799917 9.770925
v -0.28546816 -0.79959446 9.770923
v 0 -0.7994048 9.770925
v 0.19627973 -0.7995457 9.7709255
v 0.38040087 -0.79964656 9.770924
v 0.5402695 -0.799917 9.770925
v 0.74733084 -0.8136986 9.775978
v 0.8946885 -0.7538386 9.780274
v 1.1114914 -0.75382924 9.780282
v 1.2986219 -0.80996114 9.777041
v 1.49238 -0.8047352 9.770925
v 1.7047135 -0.82114047 9.770925
v 1.9591601 -0.82778955 9.770925
v 2.213715 -0.8344269 9.770926
v 2.4766226 -0.8374055 9.770925
v 2.6422825 -0.8441141 9.77797
v 3.4002151 -0.844335 9.779631
v 3.476513 -0.8420522 9.770973
v 3.6571593 -0.8416014 9.770925
v 3.9092607 -0.8415428 9.7709255
v 4.2112875 -0.8385661 9.744154
v 4.5130777 -0.8297497 9.663866
v -4.491343 -0.6251244 9.663865
v -4.1955357 -0.6290583 9.744154
v -3.899512 -0.6304056 9.7709255
v -3.6524258 -0.63052887 9.770924
v -3.440173 -0.63812345 9.775103
v -2.6411302 -0.6424517 9.777733
v -2.4715157 -0.6358864 9.770925
v -2.213887 -0.63980794 9.7709255
v -1.9592681 -0.6496111 9.770912
v -1.7047776 -0.67300844 9.77091
v -1.4924016 -0.6844812 9.77091
v -1.2821532 -0.6463373 9.770837
v -1.0763425 -0.6420512 9.770821
v -0.8490188 -0.63884974 9.770821
v -0.71124995 -0.64066905 9.77082
v -0.54026955 -0.6438296 9.7708235
v -0.28553802 -0.64419734 9.770824
v 0 -0.64468884 9.770825
v 0.19627972 -0.6442536 9.770824
v 0.3804009 -0.64413774 9.770824
v 0.54026955 -0.6438296 9.7708235
v 0.74708277 -0.63818127 9.770818
v 0.89098746 -0.64214325 9.7708235
v 1.1114594 -0.6414484 9.770822
v 1.297643 -0.64743674 9.770835
v 1.49238 -0.6844811 9.770909
v 1.7047132 -0.67300856 9.77091
v 1.9591604 -0.64961 9.770911
v 2.2137146 -0.6398079 9.770924
v 2.4712942 -0.6358864 9.770925
v 2.6408873 -0.6424505 9.777734
v 3.4002512 -0.6449161 9.77955
v 3.4781816 -0.63174635 9.77097
v 3.6571596 -0.6305162 9.770925
v 3.9092607 -0.6303977 9.770925
v 4.2112875 -0.6290529 9.744154
v 4.5130773 -0.6251205 9.663865
v -4.474039 -0.42912886 9.643684
v -4.192354 -0.43293783 9.738679
v -4.171169 -0.42453808 9.70307
v -3.8917289 -0.42925337 9.7493725
v -3.6485844 -0.42925596 9.749378
v -3.4539592 -0.4291238 9.75464
v -2.6364794 -0.42956367 9.759725
v -2.4765098 -0.4281529 9.748679
v -2.2138872 -0.42812017 9.748336
v -1.9592686 -0.42507926 9.747506
v -1.704778 -0.42585844 9.747498
v -1.4924016 -0.42653275 9.74751
v -1.2882829 -0.42459577 9.74783
v -1.0770357 -0.42279693 9.746854
v -0.86960566 -0.4232049 9.74777
v -0.70646995 -0.42301667 9.746901
v -0.5402695 -0.4226754 9.746678
v -0.28541514 -0.422658 9.746654
v 0 -0.4226194 9.746616
v 0.1962797 -0.42265543 9.746651
v 0.38040087 -0.4226608 9.746659
v 0.54026955 -0.4226754 9.7466755
v 0.72741723 -0.4234252 9.747777
v 0.8945082 -0.42265302 9.746752
v 1.111544 -0.42282063 9.746886
v 1.3098489 -0.42498714 9.748031
v 1.4923804 -0.42653286 9.747513
v 1.7047131 -0.42585838 9.747497
v 1.9591607 -0.42507917 9.747504
v 2.2137148 -0.42812014 9.748336
v 2.4762876 -0.428153 9.74868
v 2.6362345 -0.42956227 9.759724
v 3.400418 -0.42898607 9.766434
v 3.4781363 -0.42918274 9.749522
v 3.653334 -0.42925414 9.749371
v 3.9014668 -0.4292512 9.74937
v 4.1987343 -0.4292236 9.722937
v 4.4957705 -0.42912787 9.643679
v -4.491326 -0.2388596 9.663848
v -4.1955266 -0.2359263 9.744132
v -3.8995085 -0.2349841 9.770904
v -3.6524212 -0.23497593 9.770903
v -3.4375794 -0.23530427 9.77547
v -2.6414347 -0.2355027 9.777729
v -2.4760668 -0.2352997 9.770904
v -2.2138872 -0.2354095 9.7709
v -1.9592766 -0.23550265 9.770894
v -1.7047907 -0.23557033 9.770885
v -1.4924359 -0.23559144 9.770891
v -1.2833347 -0.23518036 9.770897
v -1.0767853 -0.2349969 9.770903
v -0.8528 -0.23470685 9.770904
v -0.7103715 -0.23460911 9.770903
v -0.54026955 -0.2350528 9.770904
v -0.28549463 -0.23505545 9.770903
v 0 -0.23504281 9.770903
v 0.19627972 -0.23505586 9.770903
v 0.38040087 -0.23505503 9.770904
v 0.54026955 -0.2350528 9.770904
v 0.7432873 -0.23455007 9.770904
v 0.8920402 -0.23488382 9.770904
v 1.1117485 -0.23499273 9.770903
v 1.3000454 -0.23521854 9.770897
v 1.492393 -0.23559375 9.770891
v 1.7047175 -0.23557097 9.770886
v 1.9591603 -0.2355033 9.770899
v 2.213715 -0.23540755 9.770899
v 2.4758444 -0.23529972 9.770905
v 2.641191 -0.23550296 9.777728
v 3.4002197 -0.23555045 9.77973
v 3.4781916 -0.23504418 9.77095
v 3.65716 -0.23497714 9.770904
v 3.9092562 -0.23498566 9.770903
v 4.211274 -0.2359297 9.744131
v 4.51306 -0.2388593 9.663848
v -4.491343 -0.047174815 9.663865
v -4.1955357 -0.047197916 9.744155
v -3.899512 -0.047152117 9.770925
v -3.652425 -0.047152247 9.770925
v -3.4532037 -0.0520933 9.7733755
v -3.2860835 -0.015799304 9.777026
v -3.0829675 -0.014592885 9.776888
v -2.8869476 -0.017738443 9.777376
v -2.6694076 -0.04142515 9.776578
v -2.4755619 -0.046389922 9.770922
v -2.213887 -0.04590431 9.770913
v -1.9592763 -0.045268714 9.770912
v -1.7047925 -0.04476257 9.770903
v -1.4924346 -0.044198483 9.770907
v -1.2862629 -0.04072357 9.770911
v -1.0772974 -0.042951107 9.77092
v -0.863864 -0.039226905 9.770921
v -0.70712996 -0.04302283 9.770925
v -0.54026955 -0.043198194 9.770923
v -0.2854498 -0.04331029 9.7709255
v 0 -0.043546267 9.770924
v 0.19627973 -0.043327775 9.77092
v 0.38040084 -0.04329168 9.770925
v 0.54026955 -0.043198194 9.770923
v 0.7329115 -0.04059549 9.770924
v 0.89405304 -0.041366313 9.770923
v 1.111732 -0.043173805 9.770918
v 1.3057153 -0.040092777 9.770907
v 1.4924 -0.04419911 9.770908
v 1.7047198 -0.04476247 9.770903
v 1.9591604 -0.045268916 9.770915
v 2.2137148 -0.04590532 9.770914
v 2.4753392 -0.04638979 9.77092
v 2.6816123 -0.03879566 9.776566
v 2.9099839 -0.016799364 9.777114
v 3.1083527 -0.01579257 9.777217
v 3.3452911 -0.036869824 9.777877
v 3.4785106 -0.047135174 9.770957
v 3.6571593 -0.047150962 9.770924
v 3.9092612 -0.047150858 9.770925
v 4.2112875 -0.047196086 9.744153
v 4.5130777 -0.047177184 9.663865
v -4.491343 0.14278029 9.663865
v -4.195535 0.13797611 9.744153
v -3.8995123 0.13670027 9.770925
v -3.6524253 0.13704012 9.770925
v -3.4477859 0.14011401 9.770925
v -3.2850647 0.14033638 9.770925
v -3.0654154 0.14045568 9.770925
v -2.8772182 0.14021675 9.770925
v -2.6887343 0.14042504 9.770925
v -2.4775794 0.14245558 9.770924
v -2.2138867 0.14382307 9.770904
v -1.9592679 0.14623566 9.770913
v -1.7047778 0.14979228 9.770904
v -1.4924017 0.15300998 9.770904
v -1.2778648 0.15776807 9.770916
v -1.0761443 0.1563175 9.770924
v -0.8384691 0.15771343 9.770925
v -0.721241 0.1591864 9.770924
v -0.54026955 0.15871768 9.770925
v -0.28482676 0.15643375 9.770925
v 0 0.15525575 9.770925
v 0.19627969 0.15576771 9.770925
v 0.38040084 0.15715265 9.770925
v 0.54026955 0.15871768 9.770925
v 0.76230294 0.15881914 9.7709255
v 0.88634586 0.1567989 9.770924
v 1.1120859 0.15669261 9.770925
v 1.2894295 0.15779798 9.770915
v 1.4923801 0.15300837 9.770904
v 1.7047133 0.1497925 9.770904
v 1.9591604 0.14623599 9.770914
v 2.2137148 0.1438239 9.770904
v 2.4773574 0.1424568 9.7709255
v 2.708895 0.14036244 9.770925
v 2.9213896 0.14030837 9.7709255
v 3.105388 0.14055298 9.770925
v 3.322161 0.14029509 9.7709255
v 3.4724972 0.13988301 9.7709255
v 3.6571596 0.13701603 9.770925
v 3.9092612 0.13668306 9.7709255
v 4.2112875 0.13795947 9.744154
v 4.5130773 0.14288785 9.663864
v -4.4736977 0.37267807 9.64027
v -4.191296 0.31067756 9.734148
v -4.1785564 0.4319617 9.70415
v -3.8959575 0.36857492 9.746007
v -3.6542377 0.3690578 9.745886
v -3.4518936 0.3705838 9.745504
v -3.2881281 0.3704807 9.745529
v -3.0878172 0.3703366 9.745564
v -2.8949964 0.37058115 9.745504
v -2.6826334 0.37044123 9.745548
v -2.4773273 0.37165835 9.745559
v -2.216322 0.37413585 9.745476
v -1.9671254 0.37665066 9.74536
v -1.7166249 0.37831405 9.745464
v -1.505049 0.38090208 9.745239
v -1.2726917 0.37836078 9.7463045
v -1.0753108 0.39136434 9.742955
v -0.84327847 0.3619205 9.75063
v -0.73079264 0.39585072 9.741786
v -0.5242832 0.37999877 9.745918
v -0.27677524 0.3806761 9.745742
v 0 0.37943488 9.746065
v 0.19026218 0.38091436 9.745679
v 0.36892694 0.3804223 9.745808
v 0.5242832 0.37999877 9.745918
v 0.7468459 0.3848546 9.744654
v 0.9016144 0.38156292 9.745511
v 1.1253532 0.37960333 9.746021
v 1.2845352 0.37808633 9.746372
v 1.5050062 0.38090438 9.745238
v 1.7165388 0.37831405 9.745463
v 1.9670072 0.37665072 9.74536
v 2.2146833 0.31392702 9.760747
v 2.2176101 0.43407065 9.730275
v 2.477116 0.3716609 9.745559
v 2.702561 0.3704533 9.745544
v 2.9179196 0.37059706 9.7455
v 3.1094882 0.37057704 9.745506
v 3.3272893 0.3703644 9.745559
v 3.4754884 0.3704168 9.745545
v 3.6589942 0.36908394 9.74588
v 3.9057052 0.3686029 9.745999
v 4.200755 0.37058935 9.71933
v 4.4954324 0.3726781 9.64027
v -4.1530776 0.5328453 9.644154
v -3.8850083 0.5325656 9.669332
v -3.659828 0.5325656 9.669332
v -3.4652078 0.53256565 9.669332
v -3.3012567 0.5325656 9.6693325
v -3.0954843 0.5325656 9.669332
v -2.8840702 0.5325656 9.669331
v -2.668574 0.5325793 9.669332
v -2.4668636 0.53306305 9.669332
v -2.2235925 0.5338997 9.669331
v -1.9904927 0.5347175 9.669332
v -1.7520347 0.5355352 9.669332
v -1.4659147 0.5364157 9.669332
v -1.2365583 0.53685033 9.669331
v -1.1106305 0.53686947 9.669331
v -0.8802405 0.53686947 9.669332
v -0.6991894 0.53686947 9.6693325
v -0.4753236 0.53686947 9.669332
v -0.3339402 0.53686947 9.669332
v -0.08997571 0.5368694 9.669331
v 0.17209175 0.53686947 9.669332
v 0.3339402 0.53686947 9.669332
v 0.5268498 0.53686947 9.6693325
v 0.72681564 0.5368695 9.669333
v 0.9152227 0.53686947 9.6693325
v 1.1376681 0.53686947 9.669332
v 1.3263819 0.5367376 9.669331
v 1.5423914 0.5362023 9.669332
v 1.7519703 0.5355352 9.669332
v 1.9903636 0.5347175 9.669332
v 2.2234201 0.5338997 9.669332
v 2.500718 0.53295547 9.669332
v 2.7063954 0.53256565 9.669332
v 2.9076686 0.53256553 9.669332
v 3.1191564 0.5325656 9.669332
v 3.3410695 0.53256565 9.6693325
v 3.4887755 0.53256565 9.6693325
v 3.6645622 0.5325656 9.669332
v 3.8947566 0.5325656 9.669332
v 4.1688294 0.5328453 9.644154
v -3.3945045 -1.185758 9.925434
v -3.2789502 -1.2661986 9.950946
v -3.069834 -1.2695497 9.9542265
v -2.8747475 -1.2691135 9.954082
v -2.6936646 -1.2292521 9.939427
v -1.671808 -1.1529588 9.980657
v -1.4861289 -1.1539857 9.976433
v -1.2691 -1.1876057 9.919987
v -1.0769669 -1.2056129 9.895719
v -0.8390591 -1.1987226 9.89991
v 0.7958558 -1.1931527 9.90253
v 0.8924631 -1.2056065 9.896669
v 1.1121087 -1.205612 9.895845
v 1.2869096 -1.1832731 9.926226
v 1.5044426 -1.153976 9.976414
v 1.6718079 -1.1529588 9.980657
v 2.7116308 -1.237023 9.940486
v 2.9141076 -1.2678403 9.955619
v 3.1101046 -1.2707136 9.953226
v 3.3329723 -1.2362177 9.942533
v -3.399024 -1.0250919 9.928419
v -3.272663 -1.0474906 10.003174
v -3.0785887 -1.1310879 10.00469
v -2.8449411 -1.0688213 10.00409
v -2.6702225 -1.0312366 9.952106
v -1.6889287 -1.0401696 9.918193
v -1.4864829 -1.0396166 9.893614
v -1.3057097 -1.0496382 9.920334
v -0.7934039 -1.0544605 9.898312
v 0.79340386 -1.0544604 9.898312
v 1.309082 -1.0492741 9.919378
v 1.5046394 -1.0396513 9.893626
v 1.6889287 -1.0401697 9.918192
v 2.6831405 -1.0325351 9.957227
v 2.8686109 -1.0806506 10.004485
v 3.1513605 -1.0964087 10.004946
v 3.3527417 -1.0332996 9.961184
v -3.3989897 -0.8332443 9.931804
v -3.2781255 -0.83004874 10.003142
v -2.821517 -0.82985103 10.003926
v -2.6681411 -0.83222926 9.951938
v -1.6840844 -0.866615 9.944307
v -1.4864856 -0.85832053 9.936511
v -1.2913454 -0.8421028 9.929194
v -1.076466 -0.75586045 9.895426
v -0.82751334 -0.7934415 9.89876
v 0.7949627 -0.81235707 9.89976
v 0.8921743 -0.75586504 9.896769
v 1.1112772 -0.75586206 9.895522
v 1.2999265 -0.8470334 9.931151
v 1.5046961 -0.8583666 9.93646
v 1.6840844 -0.8666151 9.944306
v 2.679247 -0.8319525 9.956319
v 2.8305728 -0.8302016 10.004473
v 3.2139575 -0.8303704 10.005602
v 3.3578389 -0.83193564 9.9599285
v -3.3990607 -0.6395636 9.923414
v -3.2801895 -0.6364084 10.003074
v -2.8202472 -0.63821644 10.003846
v -2.6685436 -0.6361179 9.945593
v 2.6795416 -0.63605404 9.950508
v 2.830456 -0.6396311 10.004445
v 3.2139611 -0.63996315 10.0056
v 3.3566391 -0.6379177 9.955815
v -3.399077 -0.4385584 9.923777
v -3.2857237 -0.4463798 10.002942
v -2.8177621 -0.44239002 10.003651
v -2.6725326 -0.44436282 9.950383
v 2.6850073 -0.44488242 9.955559
v 2.8299744 -0.43835652 10.004313
v 3.2139637 -0.43609145 10.005584
v 3.353623 -0.4426885 9.959068
v -3.399194 -0.23913874 9.923431
v -3.2778523 -0.2449608 10.003144
v -2.8216045 -0.24517901 10.003923
v -2.666053 -0.2412233 9.944085
v 2.6762407 -0.24155386 9.948666
v 2.8305824 -0.24506515 10.0044565
v 3.2139578 -0.24498096 10.005589
v 3.363981 -0.24111174 9.950237
v -3.3980947 -0.077001944 9.92547
v -3.2881377 -0.052383505 9.961464
v -3.09693 -0.028255159 9.920019
v -2.8585184 -0.04498245 9.95289
v -2.6887293 -0.061093375 9.944973
v 2.7044265 -0.05992356 9.947915
v 2.88009 -0.04286571 9.948881
v 3.12609 -0.03681036 9.934662
v 3.3351197 -0.060132965 9.9466715
v -1.6822151 -1.1782438 10.102499
v -1.48558 -1.186806 10.099543
v -1.2929119 -1.1711549 10.095047
v -1.0764722 -1.1806324 10.099216
v -0.8395125 -1.1778249 10.093279
v 0.79624313 -1.1752585 10.088976
v 0.8913706 -1.1809012 10.098435
v 1.1114948 -1.1805584 10.099411
v 1.3067582 -1.170954 10.09556
v 1.5042835 -1.1868005 10.099508
v 1.6822155 -1.178244 10.1025
v -3.2078116 -1.0403476 10.034948
v -3.0780919 -1.0466223 10.054279
v -2.8953936 -1.0363383 10.047124
v -1.7103941 -1.0441366 10.087143
v -1.2937913 -1.1095121 10.147252
v -1.0769637 -1.1252998 10.208568
v -0.806243 -1.0741318 10.135097
v 0.79387826 -1.0667255 10.124461
v 0.8916651 -1.1252997 10.208567
v 1.1121871 -1.1252997 10.208569
v 1.2955831 -1.1093235 10.146363
v 1.7103943 -1.0441366 10.087143
v 2.9092872 -1.0397513 10.048229
v 3.1253493 -1.0431666 10.048777
v -3.2083101 -0.83047456 10.035784
v -3.0717983 -0.83676666 10.064915
v -2.9095597 -0.82753295 10.058706
v -1.6900567 -0.8226466 10.101666
v -1.4855793 -0.78832185 10.099542
v -1.2935629 -0.8265768 10.121132
v -1.0768996 -0.78981715 10.116702
v -0.82753956 -0.8154872 10.112201
v 0.7951458 -0.828212 10.109323
v 0.8916332 -0.7903103 10.117901
v 1.112183 -0.78979695 10.116642
v 1.300889 -0.82761925 10.120596
v 1.5042831 -0.78832716 10.099507
v 1.6900569 -0.8226466 10.101667
v 2.9292028 -0.8315498 10.059954
v 3.1133306 -0.83373946 10.059561
v -3.2081869 -0.6394801 10.035857
v -3.079762 -0.6659003 10.064431
v -2.8974228 -0.6587463 10.053805
v 2.911028 -0.66009563 10.055556
v 3.1248465 -0.65835136 10.056374
v -3.209356 -0.4327127 10.058727
v -3.0828714 -0.4627006 10.083281
v -2.8692403 -0.4458611 10.06907
v 2.8831463 -0.4480275 10.070766
v 3.1496198 -0.4492534 10.07237
v -3.210594 -0.24500531 10.062367
v -3.0904663 -0.24536659 10.107188
v -2.849719 -0.24483906 10.070168
v 2.855543 -0.24483049 10.071832
v 3.185458 -0.24512485 10.073353
v -3.2094467 -0.085893154 10.061031
v -3.0830746 -0.05170614 10.076213
v -2.8675232 -0.072530195 10.067344
v 2.8808112 -0.070054844 10.068281
v 3.153315 -0.0680471 10.069044
v -1.6798216 -1.1704035 10.256576
v -1.4865825 -1.1756489 10.261988
v -1.3452606 -1.1685146 10.25531
v 1.3536167 -1.1695938 10.256339
v 1.5052012 -1.1756606 10.261971
v 1.6798216 -1.1704035 10.256574
v -1.6994791 -1.0638167 10.3295145
v -1.4853479 -1.1207685 10.37566
v -1.301086 -1.0268108 10.269589
v -1.0769643 -1.0385755 10.254882
v -0.8361299 -1.0300612 10.251071
v 0.79585534 -1.023878 10.248309
v 0.8916609 -1.0385867 10.254877
v 1.1121908 -1.0385748 10.254882
v 1.3080357 -1.0283061 10.272449
v 1.5036402 -1.1207219 10.375734
v 1.6994791 -1.0638167 10.329515
v -1.6885315 -0.84671503 10.30954
v -1.4859948 -0.8255907 10.316079
v -1.3120426 -0.8705075 10.281995
v -1.0769621 -0.9035794 10.250214
v -0.84604657 -0.90115005 10.245391
v 0.79680675 -0.8985136 10.240177
v 0.8916569 -0.9035921 10.250218
v 1.1121888 -0.90357757 10.250214
v 1.3253865 -0.86527234 10.286392
v 1.5044583 -0.825615 10.316123
v 1.6885314 -0.84671485 10.309539
v -1.6940482 -1.0456519 10.488999
v -1.4867452 -1.0855424 10.485418
v -1.3379965 -1.038424 10.489698
v 1.3428626 -1.0421059 10.489619
v 1.5053718 -1.0855714 10.484726
v 1.6940482 -1.0456518 10.488998
v -1.6858037 -0.9001667 10.48979
v -1.4867448 -0.8895679 10.485419
v -1.3423334 -0.9032962 10.491151
v 1.3494637 -0.90161747 10.490838
v 1.5053717 -0.8895391 10.484726
v 1.6858035 -0.90016675 10.48979
v -1.6952752 -1.044856 10.680982
v -1.4835241 -1.0839176 10.680954
v -1.3379011 -1.0387993 10.679959
v 1.3425189 -1.0421658 10.680021
v 1.5036631 -1.0839176 10.680986
v 1.6952752 -1.0448558 10.680982
v -1.6877102 -0.90159094 10.681126
v -1.4835242 -0.8911888 10.680955
v -1.3420914 -0.9041802 10.680125
v 1.3487841 -0.90267324 10.680207
v 1.503663 -0.89118856 10.680985
v 1.68771 -0.9015909 10.681126
v -0.4946912 -1.1475724 10.995108
v -0.27567568 -1.168986 10.993001
v -0.06516938 -1.1765978 10.991361
v 0.1334467 -1.1759917 10.992013
v 0.3187739 -1.1655506 10.9929905
v 0.4946912 -1.1475724 10.995108
v -1.6947724 -1.0449474 10.919735
v -1.4811288 -1.0839176 10.919694
v -1.334308 -1.0388895 10.907561
v -0.86693615 -0.9984794 11.005533
v -0.6741493 -1.0300556 10.980005
v -0.49469116 -1.0369854 10.957758
v -0.2965667 -1.0385767 10.9437065
v -0.06581736 -1.0399029 10.936658
v 0.13404691 -1.0396796 10.937524
v 0.33600265 -1.0383291 10.945698
v 0.5635228 -1.0369437 10.966978
v 0.73997086 -1.0224555 10.986837
v 0.86693615 -0.9984794 11.005533
v 1.338873 -1.0423127 10.908209
v 1.5011475 -1.0839176 10.920534
v 1.6947727 -1.0449474 10.919735
v -1.6869673 -0.90149623 10.919807
v -1.4811288 -0.89118874 10.919693
v -1.3383456 -0.90416074 10.908176
v -0.8669362 -0.9219831 11.008234
v -0.6689231 -0.8843641 10.988895
v -0.49469116 -0.8861762 10.969389
v -0.2902925 -0.8709937 10.962315
v -0.065584704 -0.8623274 10.959672
v 0.13366085 -0.86302537 10.960273
v 0.33122697 -0.87422407 10.962752
v 0.5492417 -0.88179314 10.976468
v 0.73997086 -0.8946452 10.994043
v 0.8669362 -0.9219831 11.008234
v 1.3449504 -0.9026312 10.909102
v 1.5011475 -0.8911886 10.920534
v 1.6869671 -0.9014962 10.919808
v -0.98836684 -1.1521559 11.160112
v -0.86693627 -1.1742911 11.137095
v -0.6777247 -1.1992888 11.110213
v -0.49469116 -1.2219518 11.10203
v -0.30158067 -1.2439595 11.108633
v -0.06453417 -1.2578539 11.115676
v 0.1324812 -1.2566615 11.11553
v 0.34058568 -1.239803 11.106013
v 0.55571604 -1.215013 11.104572
v 0.7399708 -1.1903807 11.113357
v 0.91810894 -1.1649629 11.146795
v -1.6865387 -1.0447302 11.126109
v -1.488852 -1.0839175 11.120085
v -1.2902254 -1.0531963 11.089037
v -1.0819354 -1.0500827 11.066675
v -0.86693615 -1.1078856 11.0299635
v -0.73997086 -1.1311315 11.017681
v 0.73997086 -1.1311315 11.017681
v 0.9544087 -1.0633498 11.037971
v 1.1345676 -1.055828 11.086804
v 1.3000882 -1.051618 11.084257
v 1.5283709 -1.0839176 11.126339
v 1.6931111 -1.0414875 11.126203
v -1.678471 -0.9015473 11.125793
v -1.4888521 -0.89118856 11.120087
v -1.2931477 -0.89593583 11.101077
v -1.0710901 -0.8740466 11.0916
v -0.8669362 -0.8335732 11.084259
v -0.6904596 -0.7865567 11.091609
v -0.49469116 -0.7723638 11.053763
v -0.3186235 -0.7663518 11.034658
v -0.06490352 -0.75076395 11.038232
v 0.13306405 -0.7516056 11.038757
v 0.351732 -0.7700808 11.033297
v 0.56466234 -0.7738276 11.070043
v 0.73997086 -0.7941975 11.09809
v 0.92957646 -0.8473575 11.086596
v 1.1350173 -0.88207877 11.102668
v 1.307048 -0.89764106 11.094604
v 1.5283709 -0.8911886 11.126339
v 1.6877412 -0.90289307 11.125903
v -0.6147702 -0.7370442 11.2007475
v -0.49469116 -0.72636724 11.169384
v -0.294399 -0.71633565 11.139807
v -0.064424224 -0.70737845 11.138541
v 0.13230708 -0.7085369 11.138517
v 0.33532742 -0.71891904 11.140326
v 0.53612125 -0.73005104 11.180205
v -0.9887054 -1.1627493 11.31735
v -0.86693627 -1.1945596 11.31751
v -0.6777799 -1.2356696 11.316446
v -0.49469116 -1.2650983 11.315525
v -0.2931467 -1.2851164 11.314773
v -0.06383564 -1.295 11.314558
v 0.13134013 -1.293789 11.3145485
v 0.3349404 -1.2821325 11.314866
v 0.55559874 -1.2561133 11.315828
v 0.7399709 -1.2241073 11.316767
v 0.92645615 -1.179011 11.317431
v -1.660379 -1.0430923 11.299623
v -1.5024226 -1.0839177 11.318107
v -1.2947278 -1.09154 11.311096
v -1.0984167 -1.1326469 11.314203
v 1.1403577 -1.1213878 11.311024
v 1.3250686 -1.0867264 11.312181
v 1.5192357 -1.0839175 11.312841
v 1.66522 -1.0399821 11.300467
v -1.6542017 -0.90230095 11.29747
v -1.5024223 -0.8911886 11.318106
v -1.2947284 -0.88357246 11.311097
v -1.0412053 -0.82678336 11.3158455
v -0.8669362 -0.78056824 11.31751
v -0.73997086 -0.75101006 11.316766
v 0.73997086 -0.75101006 11.316766
v 0.9264558 -0.7961168 11.317432
v 1.1403573 -0.8537347 11.311024
v 1.325069 -0.8883849 11.3121805
v 1.519236 -0.8911888 11.312841
v 1.6611968 -0.903656 11.298561
v -0.6147701 -0.7277329 11.316121
v -0.49469116 -0.7100186 11.315526
v -0.29314637 -0.6900009 11.314773
v -0.063835785 -0.6801209 11.314558
v 0.1313402 -0.6813317 11.314549
v 0.33493993 -0.69298494 11.314867
v 0.55559886 -0.71900386 11.315827
v -0.98881197 -1.1628647 11.49435
v -0.8669363 -1.1947892 11.496319
v -0.67800796 -1.2361299 11.497086
v -0.49469113 -1.265929 11.497569
v -0.29322082 -1.2863047 11.497988
v -0.06401072 -1.2963792 11.498334
v 0.13096486 -1.2951522 11.49838
v 0.33496523 -1.2832626 11.497968
v 0.55567825 -1.2568209 11.4973955
v 0.73997086 -1.2245033 11.496949
v 0.92696375 -1.1790653 11.49535
v -1.6137345 -1.0365405 11.471149
v -1.5138056 -1.0651206 11.538033
v -1.2808106 -1.0931481 11.512603
v -1.0988089 -1.1327149 11.490255
v 1.1503829 -1.1187015 11.508285
v 1.3207566 -1.0872813 11.516684
v 1.5460333 -1.0565237 11.522653
v 1.6327032 -1.0304177 11.438747
v -1.6118058 -0.90517026 11.466174
v -1.5063282 -0.89520514 11.529849
v -1.2808113 -0.88196313 11.512603
v -1.0417358 -0.82676387 11.492382
v -0.8669362 -0.78032786 11.496318
v -0.73997086 -0.7506245 11.496949
v 0.73997086 -0.7506245 11.496949
v 0.92696404 -0.79605174 11.495349
v 1.1503818 -0.8564138 11.508283
v 1.3207563 -0.8878309 11.516685
v 1.5365297 -0.89754564 11.514821
v 1.6316602 -0.9084326 11.438177
v -0.6147702 -0.72713196 11.497227
v -0.49469116 -0.709188 11.497567
v -0.29322115 -0.68881565 11.497988
v -0.064010836 -0.6787449 11.498334
v 0.13096462 -0.67997193 11.498379
v 0.33496526 -0.69185454 11.497968
v 0.55567867 -0.71830165 11.497395
v -0.9889059 -1.1522915 11.668137
v -0.86693615 -1.168475 11.711128
v -0.6784469 -1.2010196 11.723084
v -0.4946912 -1.2347009 11.712255
v -0.29464027 -1.2529017 11.717367
v -0.06510022 -1.2629381 11.717414
v 0.13166185 -1.2616912 11.717473
v 0.335456 -1.2501031 11.716945
v 0.562114 -1.2211857 11.720286
v 0.73997086 -1.1917337 11.7197275
v 0.9123604 -1.162448 11.695118
v -1.4505575 -1.035904 11.650046
v -1.2668154 -1.0458179 11.715735
v -1.048847 -1.056107 11.767977
v -0.8669362 -1.1250845 11.799981
v 0.9796647 -1.0558149 11.793965
v 1.1410402 -1.0560155 11.741948
v 1.3266488 -1.0429808 11.697937
v 1.474272 -1.0345273 11.638474
v -1.4470623 -0.90534025 11.648067
v -1.2664257 -0.89746016 11.707268
v -1.0419182 -0.8696186 11.7389
v -0.86693627 -0.81359005 11.7253475
v -0.68606937 -0.7786533 11.734673
v -0.49469116 -0.75714964 11.767591
v -0.29543102 -0.75138336 11.798017
v -0.06500976 -0.7431923 11.803092
v 0.13316429 -0.744213 11.802458
v 0.33564165 -0.753725 11.796566
v 0.575677 -0.7674271 11.758721
v 0.73997086 -0.7833895 11.719729
v 0.94170904 -0.84354734 11.738701
v 1.1397114 -0.8836929 11.728759
v 1.3249036 -0.90104055 11.69116
v 1.4712353 -0.9060476 11.6368265
v -0.6147702 -0.7360758 11.626275
v -0.4946912 -0.72475374 11.660427
v -0.29439515 -0.7131471 11.692279
v -0.06512608 -0.7032163 11.692633
v 0.13122219 -0.7044152 11.69259
v 0.33539858 -0.71600896 11.691953
v 0.53676975 -0.72872126 11.6484585
v -0.6147702 -1.1491003 11.834046
v -0.49469113 -1.1709327 11.833976
v -0.2950593 -1.1830932 11.84821
v -0.06514773 -1.1740457 11.86824
v 0.12438335 -1.1778483 11.8638525
v 0.3359253 -1.1810703 11.846225
v 0.536217 -1.1633825 11.834001
v -0.86728686 -1.0274215 11.83076
v -0.68143517 -1.036158 11.864879
v -0.49488142 -1.0330433 11.896618
v -0.29707003 -1.035283 11.918722
v -0.06585488 -1.0232224 11.935048
v 0.13753054 -1.0283923 11.93163
v 0.3360823 -1.034938 11.915489
v 0.5561976 -1.0322065 11.887399
v 0.74027604 -1.0403713 11.852764
v 0.8672869 -1.0274216 11.83076
v -0.8670491 -0.8981191 11.824347
v -0.6778199 -0.87939084 11.852278
v -0.49473423 -0.8589964 11.868896
v -0.29623735 -0.8518661 11.887273
v -0.06537277 -0.8463097 11.895816
v 0.13377541 -0.8471491 11.894826
v 0.3359014 -0.8533433 11.884835
v 0.5506184 -0.86721134 11.8657465
v 0.74007416 -0.882098 11.842541
v 0.8670491 -0.8981191 11.824347

# uv indices

vt 0.81823355 0.035434227
vt 0.7757187 0.1424319
vt 0.8006136 0.2938433
vt 0.80087006 0.3129507
vt 0.8010359 0.30918807
vt 0.78192794 0.24847119
vt 0.79053235 0.06793665
vt 0.8212339 0.03711697
vt 0.772759 0.12211137
vt 0.791984 0.28758475
vt 0.8037057 0.29860008
vt 0.80369896 0.29860002
vt 0.78444797 0.27391675
vt 0.7847438 0.083214834
vt 0.8516621 0.041898005
vt 0.7799674 0.09140234
vt 0.78816575 0.27691418
vt 0.80111253 0.3119893
vt 0.8010736 0.312224
vt 0.792457 0.27932826
vt 0.77752745 0.107368834
vt 0.8304515 0.034711406
vt 0.8188057 0.030777734
vt 0.7499989 0.13285701
vt 0.74999946 0.28047764
vt 0.74999976 0.2986
vt 0.75000066 0.29480204
vt 0.7499993 0.23590426
vt 0.78309065 0.05200956
vt 0.81599337 0.030638592
vt 0.75000066 0.117167614
vt 0.75000024 0.28291675
vt 0.74999946 0.2986003
vt 0.74999964 0.2986003
vt 0.74999964 0.2585743
vt 0.7804225 0.06055769
vt 0.84287804 0.036750264
vt 0.7500289 0.07933493
vt 0.7500007 0.26377088
vt 0.75000054 0.29743358
vt 0.74999976 0.29783103
vt 0.7499991 0.26713622
vt 0.75000274 0.10356498
vt 0.82890147 0.031191189
vt 0.67093086 0.30546683
vt 0.6499812 0.1081462
vt 0.65177274 0.27638316
vt 0.651227 0.29860002
vt 0.6521573 0.2941847
vt 0.65156573 0.22520201
vt 0.65932125 0.2269591
vt 0.6658686 0.32219252
vt 0.64940166 0.099074595
vt 0.65079504 0.2794273
vt 0.65153086 0.2985997
vt 0.6513969 0.29860023
vt 0.6505928 0.24621303
vt 0.65936625 0.22510517
vt 0.6745254 0.43575823
vt 0.64724785 0.06636662
vt 0.6518404 0.25550854
vt 0.6521771 0.29724735
vt 0.65148973 0.29770455
vt 0.651612 0.2556561
vt 0.64898413 0.08015262
vt 0.67436683 0.3426384
vt 0.8047568 0.04761669
vt 0.7488382 0.121626265
vt 0.74808604 0.27767265
vt 0.74817854 0.2986002
vt 0.74806976 0.29438832
vt 0.748507 0.2227197
vt 0.78204757 0.061344683
vt 0.801711 0.04906341
vt 0.7488237 0.11176577
vt 0.7482262 0.27957606
vt 0.7486736 0.2986008
vt 0.74830437 0.29860064
vt 0.74836886 0.24923177
vt 0.77527106 0.06791817
vt 0.8334829 0.063323624
vt 0.74879515 0.077189334
vt 0.7482424 0.25576591
vt 0.74806666 0.29730627
vt 0.7481452 0.29774395
vt 0.74814314 0.25821364
vt 0.74886113 0.09970357
vt 0.8133278 0.050677214
vt 0.81807256 0.034877606
vt 0.75428325 0.14295313
vt 0.75001514 0.2856693
vt 0.75001633 0.2986001
vt 0.75001603 0.29582012
vt 0.7500057 0.25179625
vt 0.77948326 0.05817694
vt 0.81999296 0.036042575
vt 0.7540703 0.11655045
vt 0.75000864 0.28972864
vt 0.75000954 0.2986001
vt 0.75001353 0.2986003
vt 0.7500073 0.27676997
vt 0.7736823 0.07213152
vt 0.8501248 0.04112997
vt 0.7626803 0.08042602
vt 0.75000626 0.2768576
vt 0.7500156 0.29774752
vt 0.7500164 0.29803562
vt 0.75000864 0.28078675
vt 0.75872374 0.10297082
vt 0.8298555 0.034253046
vt 0.84151137 0.15143374
vt 0.83975315 0.30118027
vt 0.83957183 0.32414702
vt 0.839227 0.31941795
vt 0.8391784 0.25094092
vt 0.83954287 0.11528542
vt 0.832983 0.14318947
vt 0.8435432 0.28166616
vt 0.8455872 0.29860067
vt 0.84552187 0.29860058
vt 0.8420882 0.26564595
vt 0.8319642 0.12793393
vt 0.83951503 0.13156506
vt 0.83911294 0.28106782
vt 0.8392876 0.32271394
vt 0.83964604 0.3231636
vt 0.83993906 0.2806064
vt 0.84167576 0.13162553
vt 0.9698 0.5
vt 0.95469993 0.5
vt 0.9396 0.5714286
vt 0.8987755 0.48400488
vt 0.869388 0.5
vt 0.8587406 0.5198315
vt 0.84425014 0.50000006
vt 0.83155036 0.5
vt 0.81878525 0.50000006
vt 0.79157674 0.48810256
vt 0.66098845 0.5260714
vt 0.6399814 0.50000006
vt 0.6331 0.50000006
vt 0.6283 0.5
vt 0.62359995 0.5
vt 0.61880004 0.5
vt 0.6140999 0.5
vt 0.59166473 0.5
vt 0.5451782 0.5000001
vt 0.51709175 0.50000006
vt 0.50478655 0.4674116
vt 0.50714 0.5
vt 0.5204014 0.4999999
vt 0.5575865 0.5000001
vt 0.60040694 0.50000006
vt 0.6140999 0.5
vt 0.61880004 0.5
vt 0.62360007 0.50000006
vt 0.6283 0.5
vt 0.6331 0.5
vt 0.63780004 0.5
vt 0.6426 0.49999997
vt 0.6754652 0.5204472
vt 0.80435634 0.4881395
vt 0.8213588 0.49999994
vt 0.834078 0.4999999
vt 0.8468107 0.5
vt 0.8620427 0.52049935
vt 0.8726461 0.4861649
vt 0.91053313 0.5
vt 0.9396001 0.5714286
vt 0.95470005 0.5
vt 0.96980006 0.5
vt 0.98489994 1
vt 0.9698 1
vt 0.95470005 1
vt 0.93959993 1
vt 0.8999192 1
vt 0.8696498 1
vt 0.85786456 1
vt 0.84425 1
vt 0.831791 1
vt 0.8193548 1
vt 0.78716874 1
vt 0.671384 1
vt 0.6406659 1
vt 0.6330999 1
vt 0.6282999 1
vt 0.62334925 1
vt 0.61799705 1
vt 0.6116432 1
vt 0.5907028 1
vt 0.5459463 1
vt 0.517534 1
vt 0.5047943 1
vt 0.5071402 1
vt 0.52090895 1
vt 0.5582469 1
vt 0.5996827 1
vt 0.6116432 1
vt 0.61799705 1
vt 0.62334925 1
vt 0.6283001 1
vt 0.6331 1
vt 0.6378001 1
vt 0.64401174 1
vt 0.6844879 1
vt 0.7996768 1
vt 0.82210165 1
vt 0.8341234 1
vt 0.84676594 1
vt 0.86128473 1
vt 0.8744985 1
vt 0.91110754 1
vt 0.93960017 1
vt 0.95470005 1
vt 0.96980006 1
vt 0.98489994 1
vt 0.9849 1
vt 0.9697999 1
vt 0.95470005 1
vt 0.93960005 1
vt 0.9008509 1
vt 0.86976486 1
vt 0.85765886 1
vt 0.84425 1
vt 0.8318927 1
vt 0.8194969 1
vt 0.78566194 1
vt 0.6745334 1
vt 0.641008 1
vt 0.6331 1
vt 0.6283001 1
vt 0.6233001 1
vt 0.6176 1
vt 0.6111 1
vt 0.59061444 1
vt 0.54619026 1
vt 0.5176625 1
vt 0.5047882 1
vt 0.5071401 1
vt 0.52107745 1
vt 0.55844676 1
vt 0.59944266 1
vt 0.6111 1
vt 0.6176 1
vt 0.6233 1
vt 0.6283 1
vt 0.6330999 1
vt 0.6377999 1
vt 0.6447 1
vt 0.68704355 1
vt 0.79816926 1
vt 0.8223336 1
vt 0.8341697 1
vt 0.84675264 1
vt 0.86108154 1
vt 0.874987 1
vt 0.9116576 1
vt 0.93959993 1
vt 0.95469993 1
vt 0.96980006 1
vt 0.98489994 1
vt 0.9848999 1
vt 0.96979994 1
vt 0.9547 1
vt 0.93960005 1
vt 0.900608 1
vt 0.86976147 1
vt 0.85757923 1
vt 0.84423935 1
vt 0.8318713 1
vt 0.8195221 1
vt 0.7855188 1
vt 0.67547256 1
vt 0.6410483 1
vt 0.63310003 1
vt 0.6283 1
vt 0.6233 1
vt 0.6176001 1
vt 0.6111 1
vt 0.5907678 1
vt 0.54615164 1
vt 0.51766086 1
vt 0.50446254 1
vt 0.50713885 1
vt 0.5210827 1
vt 0.55844265 1
vt 0.5994199 1
vt 0.6111 1
vt 0.6176001 1
vt 0.6233 1
vt 0.6283 1
vt 0.6330999 1
vt 0.6377999 1
vt 0.6447 1
vt 0.6888276 1
vt 0.79776245 1
vt 0.8223546 1
vt 0.8341603 1
vt 0.84672594 1
vt 0.86117864 1
vt 0.87535 1
vt 0.91173553 1
vt 0.93960005 1
vt 0.9547 1
vt 0.9698 1
vt 0.9849 1
vt 0.98490006 1
vt 0.96980006 1
vt 0.9547 1
vt 0.9396 1
vt 0.9007316 1
vt 0.8697615 1
vt 0.8576725 1
vt 0.84425014 1
vt 0.8318953 1
vt 0.8194976 1
vt 0.78560925 1
vt 0.67465985 1
vt 0.6410021 1
vt 0.6330999 1
vt 0.6283001 1
vt 0.6233001 1
vt 0.6176 1
vt 0.6111001 1
vt 0.5905587 1
vt 0.5461913 1
vt 0.51766163 1
vt 0.50478965 1
vt 0.5071402 1
vt 0.5210765 1
vt 0.5584433 1
vt 0.5994586 1
vt 0.6111001 1
vt 0.6176 1
vt 0.6233 1
vt 0.6283 1
vt 0.63310003 1
vt 0.6378 1
vt 0.6447 1
vt 0.687103 1
vt 0.798164 1
vt 0.8223366 1
vt 0.8341702 1
vt 0.84675187 1
vt 0.86109114 1
vt 0.87502754 1
vt 0.91165686 1
vt 0.93960005 1
vt 0.95470005 1
vt 0.9698 1
vt 0.98490006 1
vt 0.9848999 1
vt 0.96980006 1
vt 0.95469993 1
vt 0.9395999 1
vt 0.9007803 1
vt 0.8697626 1
vt 0.85764456 1
vt 0.84425 1
vt 0.8319119 1
vt 0.8195051 1
vt 0.7856584 1
vt 0.67440164 1
vt 0.640969 1
vt 0.63310003 1
vt 0.6283001 1
vt 0.6233001 1
vt 0.6176 1
vt 0.6111 1
vt 0.59058845 1
vt 0.5461996 1
vt 0.5176558 1
vt 0.5047986 1
vt 0.5071396 1
vt 0.52106905 1
vt 0.5584207 1
vt 0.5994714 1
vt 0.6111 1
vt 0.6176 1
vt 0.6233001 1
vt 0.62829983 1
vt 0.6331 1
vt 0.6377999 1
vt 0.6446999 1
vt 0.6866593 1
vt 0.7982081 1
vt 0.8223553 1
vt 0.8341759 1
vt 0.8467484 1
vt 0.86106706 1
vt 0.87502515 1
vt 0.9117298 1
vt 0.93960005 1
vt 0.95469993 1
vt 0.9698001 1
vt 0.9849 1
vt 0.9849005 1
vt 0.96980006 1
vt 0.9547004 1
vt 0.9396002 1
vt 0.90517 1
vt 0.8697751 1
vt 0.8572903 1
vt 0.84425026 1
vt 0.8320271 1
vt 0.8197605 1
vt 0.7871692 1
vt 0.6716278 1
vt 0.64081836 1
vt 0.63310003 1
vt 0.62829995 1
vt 0.6232999 1
vt 0.61759996 1
vt 0.61109996 1
vt 0.59353733 1
vt 0.5463735 1
vt 0.51752186 1
vt 0.50483143 1
vt 0.5071299 1
vt 0.52089125 1
vt 0.55793893 1
vt 0.60021627 1
vt 0.6110999 1
vt 0.6176 1
vt 0.62330025 1
vt 0.6283002 1
vt 0.63309973 1
vt 0.63780004 1
vt 0.64469963 1
vt 0.680816 1
vt 0.7994407 1
vt 0.8227349 1
vt 0.83420694 1
vt 0.8467131 1
vt 0.8607024 1
vt 0.874959 1
vt 0.91463506 1
vt 0.93959993 1
vt 0.95470005 1
vt 0.96980023 1
vt 0.9848998 1
vt 0.9849001 1
vt 0.96979994 1
vt 0.95469993 1
vt 0.93960005 1
vt 0.91538876 0.9195044
vt 0.8976944 0.80718786
vt 0.8864983 0.8486074
vt 0.87639236 0.85358536
vt 0.86671746 0.8524766
vt 0.8572332 0.8380273
vt 0.8211613 0.82271683
vt 0.6705193 1
vt 0.6407895 1
vt 0.63309985 1
vt 0.6283001 1
vt 0.62329984 1
vt 0.6175999 1
vt 0.6110999 1
vt 0.6271192 0.9195856
vt 0.6388077 0.8164965
vt 0.7165458 0.7084765
vt 0.7483816 0.6546819
vt 0.749498 0.6546248
vt 0.6914644 0.74450636
vt 0.65466166 0.8022818
vt 0.6020818 0.9961934
vt 0.61109996 1
vt 0.61759996 1
vt 0.6233 1
vt 0.62829965 1
vt 0.63309985 1
vt 0.63779986 1
vt 0.64469975 1
vt 0.7073271 0.9535941
vt 0.8433845 0.8082339
vt 0.859585 0.8443915
vt 0.86843 0.85316783
vt 0.8783109 0.8533554
vt 0.8891312 0.8443079
vt 0.89949745 0.8073173
vt 0.91699594 0.9308295
vt 0.9395999 1
vt 0.95470023 1
vt 0.9697999 1
vt 0.98489976 1
vt 0.9849002 1
vt 0.9698002 1
vt 0.9547004 1
vt 0.93960047 1
vt 0.9189151 0.9124255
vt 0.80633813 0.8067724
vt 0.6704588 1
vt 0.6407845 1
vt 0.63310015 1
vt 0.62829995 1
vt 0.6232997 1
vt 0.61759996 1
vt 0.6110998 1
vt 0.6255934 0.9236085
vt 0.66885513 0.79040545
vt 0.6016795 0.9972371
vt 0.6110998 1
vt 0.61760014 1
vt 0.62329966 1
vt 0.6283 1
vt 0.63309973 1
vt 0.6378 1
vt 0.64469993 1
vt 0.7197801 0.92985886
vt 0.9189218 0.9135733
vt 0.93959963 1
vt 0.95469934 1
vt 0.9697998 1
vt 0.9849 1
vt 0.98489976 1
vt 0.9698 1
vt 0.95470023 1
vt 0.93960047 1
vt 0.91163385 0.97300947
vt 0.77713317 0.9167201
vt 0.6698951 1
vt 0.640778 1
vt 0.6331005 1
vt 0.62830013 1
vt 0.6233004 1
vt 0.6175995 1
vt 0.6110995 1
vt 0.6028417 0.97668785
vt 0.6091979 0.9087379
vt 0.6006834 0.999752
vt 0.6110995 1
vt 0.61759955 1
vt 0.6232998 1
vt 0.6282999 1
vt 0.6331004 1
vt 0.63779944 1
vt 0.64470017 1
vt 0.697777 0.97834617
vt 0.9117438 0.97345847
vt 0.939599 1
vt 0.9547002 1
vt 0.96980006 1
vt 0.9849011 1
vt 0.98489976 1
vt 0.9698002 1
vt 0.9547 1
vt 0.9396001 1
vt 0.91889185 0.9106795
vt 0.8077042 0.802903
vt 0.6704658 1
vt 0.6407864 1
vt 0.6331001 1
vt 0.6283001 1
vt 0.6233001 1
vt 0.61759984 1
vt 0.6110998 1
vt 0.63274056 0.90766096
vt 0.68539774 0.75420743
vt 0.60291415 0.99458444
vt 0.61109984 1
vt 0.6175998 1
vt 0.6233002 1
vt 0.62830025 1
vt 0.6330998 1
vt 0.6377998 1
vt 0.64470017 1
vt 0.72108704 0.9272968
vt 0.9188993 0.91182953
vt 0.9395998 1
vt 0.9546999 1
vt 0.96980035 1
vt 0.9849006 1
vt 0.98489976 1
vt 0.9697997 1
vt 0.9546997 1
vt 0.9395999 1
vt 0.918244 0.8996972
vt 0.936 0.51799995
vt 0.81200683 0.7983997
vt 0.67079675 1
vt 0.6407901 1
vt 0.63310015 1
vt 0.6283002 1
vt 0.6233 1
vt 0.61759984 1
vt 0.6111 1
vt 0.63566065 0.8972495
vt 0.7792 0.518
vt 0.6851569 0.7525982
vt 0.6026034 0.9950204
vt 0.6111001 1
vt 0.61759984 1
vt 0.6233002 1
vt 0.6283001 1
vt 0.6330998 1
vt 0.6377999 1
vt 0.64469993 1
vt 0.7180763 0.9371371
vt 0.8567151 0.6919016
vt 0.9296656 0.58046526
vt 0.9180143 0.9096511
vt 0.93960035 1
vt 0.9546998 1
vt 0.9697999 1
vt 0.98490024 1
vt 0.98489994 1
vt 0.96979976 1
vt 0.95469993 1
vt 0.93959975 1
vt 0.9056929 0.9876745
vt 0.8837271 0.9041438
vt 0.8758825 0.90386575
vt 0.86522067 0.90440947
vt 0.85448915 0.904391
vt 0.84114933 0.9069314
vt 0.8040177 0.9382119
vt 0.67153287 1
vt 0.6408108 1
vt 0.63310003 1
vt 0.6283001 1
vt 0.62330025 1
vt 0.6176 1
vt 0.6110999 1
vt 0.5943396 0.9975796
vt 0.60118854 0.89786243
vt 0.63678 0.8250976
vt 0.64208966 0.80543774
vt 0.63952714 0.81132776
vt 0.6292675 0.83870655
vt 0.59712875 0.92016953
vt 0.60044134 0.99948865
vt 0.61109996 1
vt 0.6176001 1
vt 0.62329996 1
vt 0.6283 1
vt 0.6330999 1
vt 0.63779986 1
vt 0.6447001 1
vt 0.68120736 0.9998365
vt 0.8164454 0.9279707
vt 0.8450563 0.90523463
vt 0.8564701 0.9044583
vt 0.8673437 0.9041336
vt 0.8781192 0.90510404
vt 0.8852087 0.91924196
vt 0.9138968 0.9977766
vt 0.9396 1
vt 0.9546998 1
vt 0.9698002 1
vt 0.98489994 1
vt 0.98490006 1
vt 0.9698 1
vt 0.9546999 1
vt 0.9396 1
vt 0.90211046 1
vt 0.86974317 1
vt 0.8575986 1
vt 0.84425014 1
vt 0.8319026 1
vt 0.8194946 1
vt 0.7861112 1
vt 0.67306155 1
vt 0.640836 1
vt 0.63310003 1
vt 0.62829995 1
vt 0.6233001 1
vt 0.61770076 1
vt 0.6112012 1
vt 0.5914678 1
vt 0.5461751 1
vt 0.51761705 1
vt 0.50480634 1
vt 0.50714004 1
vt 0.52101445 1
vt 0.5583094 1
vt 0.5997887 1
vt 0.6112012 1
vt 0.6177008 1
vt 0.6233 1
vt 0.6283 1
vt 0.63310003 1
vt 0.6378 1
vt 0.64454937 1
vt 0.68487614 1
vt 0.79860646 1
vt 0.8223463 1
vt 0.83415586 1
vt 0.84673846 1
vt 0.8610317 1
vt 0.87492716 1
vt 0.9125412 1
vt 0.9395999 1
vt 0.9547003 1
vt 0.96980006 1
vt 0.98489994 1
vt 0.9849 1
vt 0.96979994 0.74943274
vt 0.95470005 0.74965984
vt 0.93960005 0.83356994
vt 0.89958394 0.72746336
vt 0.86947316 0.7406444
vt 0.85828954 0.74120927
vt 0.84424436 0.74302804
vt 0.8316666 0.7468704
vt 0.8190907 0.7489882
vt 0.7899289 0.7369575
vt 0.66505873 0.74162114
vt 0.6401916 0.74679947
vt 0.6331 0.7486081
vt 0.6283 0.7489388
vt 0.62349975 0.75068104
vt 0.618499 0.75077873
vt 0.61304605 0.750938
vt 0.59171903 0.746832
vt 0.54544365 0.740579
vt 0.51724404 0.7401681
vt 0.50479025 0.75897026
vt 0.5071385 0.74105334
vt 0.5205786 0.7401386
vt 0.5577842 0.740671
vt 0.60028946 0.7514643
vt 0.613046 0.750938
vt 0.618499 0.75077873
vt 0.6234999 0.7506725
vt 0.62829995 0.7489389
vt 0.63309985 0.7485984
vt 0.6377999 0.74753135
vt 0.64309186 0.7459095
vt 0.67875016 0.7408788
vt 0.8026085 0.7373146
vt 0.82169557 0.75069743
vt 0.8341035 0.7462579
vt 0.846782 0.74274194
vt 0.8617184 0.7404783
vt 0.87348825 0.7260192
vt 0.91125005 0.74606526
vt 0.9396 0.8335674
vt 0.95469993 0.7496393
vt 0.96980006 0.74934584
vt 0.98489994 1
vt 0.6666666 0.49999997
vt 0.9787975 0.30227107
vt 0.95809996 0.0209
vt 0.9461326 0.031089673
vt 0.9309977 0.03368235
vt 0.8957574 0.030428918
vt 0.8696183 0.030132115
vt 0.85786915 0.030085139
vt 0.84423596 0.030034306
vt 0.83176976 0.030040301
vt 0.8193889 0.030103222
vt 0.7866947 0.030237108
vt 0.67199355 0.03065527
vt 0.6406315 0.030282661
vt 0.63310003 0.03016044
vt 0.6283001 0.03014564
vt 0.6233489 0.030223958
vt 0.6179952 0.030245654
vt 0.6116383 0.030333482
vt 0.59102374 0.030785093
vt 0.54591596 0.030905025
vt 0.5175365 0.030898482
vt 0.5047596 0.030884037
vt 0.5071385 0.03088453
vt 0.5209203 0.030903224
vt 0.55828476 0.030908681
vt 0.5996605 0.030670345
vt 0.61163837 0.030333482
vt 0.61799526 0.030245656
vt 0.62334883 0.030223675
vt 0.6283001 0.030145641
vt 0.63310003 0.030161142
vt 0.63780004 0.03023413
vt 0.6440136 0.03034038
vt 0.69330555 0.031616423
vt 0.80289197 0.029395185
vt 0.82213694 0.030085139
vt 0.83411396 0.030034307
vt 0.84672844 0.030040309
vt 0.86131465 0.030103235
vt 0.8741278 0.0301924
vt 0.9047585 0.0304948
vt 0.93099976 0.03366352
vt 0.9461285 0.031038597
vt 0.95809996 0.0209
vt 0.9787391 0.30037752
vt 0.6666667 0.50000006
vt 0.5 1
vt 0.50000006 1
vt 0.50000006 1
vt 0.50000006 1
vt 0.50000006 1
vt 0.50000006 1
vt 0.49999997 1
vt 0.5 1
vt 0.5 1
vt 0.5 1
vt 0.49999994 1
vt 0.50000006 1
vt 0.5 1
vt 0.50000006 1
vt 0.5000002 1
vt 0.5000001 1
vt 0.4999771 1
vt 0.49997905 1
vt 0.510202 1
vt 0.51020175 1
vt 0.4857566 1
vt 0.48575634 1
vt 0.52046376 1
vt 0.52045995 1
vt 0.5 1
vt 0.49999997 1
vt 0.7000032 0.59999365
vt 0.97764546 0.26493993
vt 0.9581001 0.020900002
vt 0.9462066 0.030771034
vt 0.93134713 0.033639215
vt 0.8958888 0.030455802
vt 0.86960447 0.030171111
vt 0.85787016 0.030109897
vt 0.84425014 0.030070325
vt 0.831801 0.030097416
vt 0.81935805 0.0301673
vt 0.78640133 0.030376066
vt 0.6724804 0.030721437
vt 0.64120144 0.03043547
vt 0.6333053 0.030266326
vt 0.6284024 0.03024036
vt 0.6234 0.030230062
vt 0.61799604 0.030199613
vt 0.6116399 0.030288536
vt 0.59042656 0.030862298
vt 0.5459539 0.03095259
vt 0.51753867 0.030941026
vt 0.5047924 0.030944208
vt 0.5071401 0.03093129
vt 0.5209148 0.030946635
vt 0.55826104 0.030958967
vt 0.5995163 0.030752813
vt 0.61164 0.03028854
vt 0.6179959 0.030199964
vt 0.62339985 0.030230055
vt 0.62840235 0.030240677
vt 0.63330525 0.030266989
vt 0.638215 0.030372195
vt 0.6446509 0.030509146
vt 0.69317555 0.031666145
vt 0.8028188 0.02949292
vt 0.8221122 0.03015259
vt 0.83412665 0.030086828
vt 0.8467637 0.030073062
vt 0.861286 0.030132052
vt 0.8741355 0.030216381
vt 0.9048828 0.030538892
vt 0.9313523 0.03363876
vt 0.9462069 0.030773522
vt 0.9581 0.0209
vt 0.9776439 0.26488942
vt 0.7001942 0.5996119
vt 0.97201633 0.04501096
vt 0.95164454 0.05454992
vt 0.93719995 0.061
vt 0.9225966 0.059701923
vt 0.89256227 0.05840443
vt 0.86971706 0.057499994
vt 0.8576592 0.057499994
vt 0.84423745 0.057500005
vt 0.83187795 0.057499994
vt 0.81953186 0.0575
vt 0.7840741 0.05789152
vt 0.6750602 0.059541833
vt 0.64100736 0.060000002
vt 0.6330999 0.059999995
vt 0.62829995 0.06
vt 0.62329996 0.059999995
vt 0.6176 0.06
vt 0.61109996 0.059999995
vt 0.59058344 0.060000002
vt 0.5461652 0.06
vt 0.51766676 0.06000001
vt 0.50476 0.06000002
vt 0.5071392 0.06000002
vt 0.521088 0.060000006
vt 0.5584911 0.06
vt 0.5993437 0.060000002
vt 0.61109996 0.059999995
vt 0.6176 0.06
vt 0.6233001 0.060000002
vt 0.6283 0.06
vt 0.6331 0.059999995
vt 0.6378 0.059999995
vt 0.64470005 0.06
vt 0.7000065 0.05915706
vt 0.80472296 0.057601176
vt 0.8223707 0.057499997
vt 0.834162 0.057499997
vt 0.8467186 0.057499997
vt 0.861098 0.0575
vt 0.8743505 0.057605997
vt 0.90424395 0.058983736
vt 0.9275 0.0598
vt 0.93720007 0.061000008
vt 0.9516258 0.05458184
vt 0.9720169 0.04501043
vt 0.040000003 1
vt 0.040000003 1
vt 0.04 1
vt 0.039999995 1
vt 0.04 1
vt 0.04 1
vt 0.039999995 1
vt 0.04 1
vt 0.04 1
vt 0.040000003 1
vt 0.04 1
vt 0.039999995 1
vt 0.040000003 1
vt 0.039999984 1
vt 0.039999984 1
vt 0.040000003 1
vt 0.03999998 1
vt 0.03999996 1
vt 0.03999996 1
vt 0.040000014 1
vt 0.040000007 1
vt 0.039999988 1
vt 0.03999999 1
vt 0.040000007 1
vt 0.040000003 1
vt 0.039999995 1
vt 0.039999995 1
vt 0.9720582 0.045021005
vt 0.95191383 0.054847345
vt 0.93810004 0.061000004
vt 0.92401755 0.059705403
vt 0.8933793 0.058412418
vt 0.8696783 0.0575
vt 0.8576581 0.05749999
vt 0.84425 0.0575
vt 0.8318998 0.057499982
vt 0.81950635 0.0575
vt 0.78459984 0.057905927
vt 0.6810285 0.059544034
vt 0.6448192 0.05999999
vt 0.6346 0.06
vt 0.62890005 0.059999995
vt 0.6234 0.06
vt 0.6176 0.060000002
vt 0.6111001 0.059999995
vt 0.5901016 0.059999995
vt 0.54618675 0.06000002
vt 0.5176676 0.06000001
vt 0.50477976 0.06000002
vt 0.50714 0.06000002
vt 0.52108425 0.06000001
vt 0.5584755 0.06000002
vt 0.5991848 0.060000002
vt 0.6111001 0.059999995
vt 0.6176 0.060000002
vt 0.6234 0.06
vt 0.6289 0.06
vt 0.63460004 0.059999995
vt 0.64080006 0.060000006
vt 0.6493 0.060000002
vt 0.705021 0.05916095
vt 0.80472666 0.05760601
vt 0.8223503 0.05750002
vt 0.834173 0.057499997
vt 0.8467501 0.057499997
vt 0.8610788 0.05750001
vt 0.87440205 0.05760576
vt 0.9055789 0.058999173
vt 0.92869985 0.059799995
vt 0.93810004 0.061
vt 0.951922 0.054832976
vt 0.97205865 0.04502048
vt 0.040000003 1
vt 0.52 0.52
vt 0.9834 0.058700003
vt 0.96800005 0.0754
vt 0.9496503 0.07603493
vt 0.9332486 0.08087935
vt 0.9197999 0.07959999
vt 0.89290327 0.07820243
vt 0.86966515 0.08047486
vt 0.8576532 0.08045539
vt 0.84425014 0.08046825
vt 0.8319068 0.08045943
vt 0.8195856 0.080317974
vt 0.79213727 0.07932175
vt 0.67496014 0.07889326
vt 0.64104295 0.079953
vt 0.6331 0.080000006
vt 0.62829995 0.07999999
vt 0.6233001 0.080000006
vt 0.6176001 0.08
vt 0.6111 0.08
vt 0.5904551 0.07999998
vt 0.5461662 0.08000003
vt 0.51766926 0.07999998
vt 0.5047602 0.080000035
vt 0.50713927 0.08
vt 0.52109027 0.07999998
vt 0.55849594 0.08000002
vt 0.5992977 0.08000001
vt 0.6111 0.08
vt 0.6176001 0.08
vt 0.6233001 0.080000006
vt 0.6283001 0.080000006
vt 0.6331 0.08
vt 0.6378 0.080000006
vt 0.6447 0.07989999
vt 0.6989738 0.07797389
vt 0.8070083 0.08015453
vt 0.82236254 0.08032348
vt 0.83417404 0.08046286
vt 0.84674954 0.08046733
vt 0.8610749 0.08044833
vt 0.8730361 0.08013956
vt 0.90063703 0.077627465
vt 0.9198 0.079599984
vt 0.93324435 0.080878764
vt 0.949647 0.07603946
vt 0.9680002 0.07540001
vt 0.98340005 0.058699995
vt 0.52 0.52000004
vt 0.52 0.52000004
vt 0.98340005 0.058700003
vt 0.96819997 0.075399995
vt 0.9503888 0.07613186
vt 0.9353217 0.080895804
vt 0.9227 0.0796
vt 0.89416206 0.07804553
vt 0.869688 0.080478564
vt 0.8576527 0.0805347
vt 0.84424365 0.08048511
vt 0.8318934 0.08039678
vt 0.8196024 0.08026754
vt 0.7931162 0.07908706
vt 0.6904069 0.07888869
vt 0.650501 0.07995228
vt 0.6368 0.08
vt 0.6298 0.08
vt 0.6237 0.080000006
vt 0.61759996 0.08
vt 0.6111 0.08
vt 0.59007657 0.07999998
vt 0.5461833 0.08000001
vt 0.51767015 0.079999976
vt 0.5047758 0.08000004
vt 0.5071401 0.080000035
vt 0.52108747 0.07999998
vt 0.5584864 0.08000002
vt 0.59916985 0.07999999
vt 0.6111 0.08
vt 0.61759996 0.08
vt 0.6237 0.080000006
vt 0.62979996 0.08
vt 0.63680005 0.080000006
vt 0.6453 0.07999999
vt 0.65620005 0.079900004
vt 0.7128922 0.07794626
vt 0.8071933 0.07999342
vt 0.8223756 0.08025215
vt 0.83416843 0.08041344
vt 0.84673345 0.08050008
vt 0.86108726 0.080518484
vt 0.87329906 0.0800874
vt 0.9020517 0.077481896
vt 0.9227 0.0796
vt 0.9353213 0.08089573
vt 0.9503749 0.076152414
vt 0.9682001 0.07540001
vt 0.9833999 0.058699995
vt 0.52 0.52
vt 0.5400001 0.54
vt 0.9844999 0.0908
vt 0.9549 0.088
vt 0.9433 0.0961
vt 0.93270004 0.0993
vt 0.91795224 0.09939797
vt 0.8890842 0.09688842
vt 0.8696402 0.09944077
vt 0.8576395 0.0994
vt 0.8442501 0.0994
vt 0.83190054 0.099399984
vt 0.8194698 0.09939999
vt 0.7793137 0.0975738
vt 0.6745779 0.097845905
vt 0.64106655 0.09990531
vt 0.6331 0.099999994
vt 0.6283 0.1
vt 0.6233 0.099999994
vt 0.6176 0.099999994
vt 0.6111 0.1
vt 0.59039736 0.09999999
vt 0.5461663 0.1
vt 0.5176707 0.100000046
vt 0.50476 0.099999994
vt 0.50713944 0.10000001
vt 0.5210917 0.10000004
vt 0.55849755 0.1
vt 0.5992766 0.10000001
vt 0.6111 0.1
vt 0.6176 0.099999994
vt 0.6233001 0.10000001
vt 0.6283 0.1
vt 0.63310003 0.10000001
vt 0.6378 0.10000001
vt 0.64469993 0.0998
vt 0.7058893 0.09724669
vt 0.80010015 0.09836121
vt 0.8223298 0.09939999
vt 0.8341749 0.099400006
vt 0.84674764 0.09939998
vt 0.8610629 0.09939999
vt 0.87468207 0.09836138
vt 0.89383525 0.09680255
vt 0.9179572 0.09939819
vt 0.9326999 0.09929999
vt 0.9433 0.0961
vt 0.9549 0.088
vt 0.98450005 0.09080001
vt 0.53999996 0.53999996
vt 0.07944681 1
vt 0.07944683 1
vt 0.0792 1
vt 0.0792 1
vt 0.07919999 1
vt 0.0792 1
vt 0.0792 1
vt 0.07920001 1
vt 0.0792 1
vt 0.0792 1
vt 0.07920002 1
vt 0.0792 1
vt 0.07920001 1
vt 0.0792 1
vt 0.079199955 1
vt 0.079199985 1
vt 0.07919993 1
vt 0.07919997 1
vt 0.0792 1
vt 0.07920001 1
vt 0.0792 1
vt 0.07919998 1
vt 0.079199985 1
vt 0.07920001 1
vt 0.079250276 1
vt 0.07925028 1
vt 0.3114144 0.7683871
vt 0.9845 0.0908
vt 0.9556 0.088
vt 0.94500005 0.09610001
vt 0.9357 0.0993
vt 0.9232917 0.09940206
vt 0.8926694 0.0968332
vt 0.8697616 0.099440776
vt 0.8576395 0.0994
vt 0.84425 0.099399984
vt 0.83190054 0.09939998
vt 0.819519 0.09939997
vt 0.7879429 0.09748064
vt 0.70606464 0.09778845
vt 0.65989727 0.09990403
vt 0.64050007 0.10000001
vt 0.6313 0.099999994
vt 0.624 0.10000001
vt 0.6176 0.10000001
vt 0.61109996 0.09999999
vt 0.5901743 0.09999999
vt 0.5461817 0.100000024
vt 0.5176714 0.10000004
vt 0.50477386 0.099999994
vt 0.50714 0.099999994
vt 0.52108914 0.10000002
vt 0.5584913 0.10000002
vt 0.599231 0.1
vt 0.61109996 0.09999999
vt 0.6176 0.10000001
vt 0.624 0.10000001
vt 0.6313 0.099999994
vt 0.6405 0.1
vt 0.65269995 0.09999999
vt 0.66769993 0.09979999
vt 0.7343307 0.09725765
vt 0.80410165 0.09824886
vt 0.8223541 0.0994
vt 0.83417493 0.099400006
vt 0.84674764 0.09939998
vt 0.86106277 0.099399984
vt 0.875799 0.09824918
vt 0.8977892 0.09679441
vt 0.9232885 0.09940192
vt 0.9357 0.09929999
vt 0.945 0.0961
vt 0.9556001 0.088
vt 0.9844999 0.090799995
vt 0.31139615 0.76840526
vt 0.9625059 0.10490702
vt 0.942 0.1153
vt 0.9295 0.11860001
vt 0.9128789 0.11939919
vt 0.8882222 0.114292786
vt 0.8707036 0.11492922
vt 0.8576318 0.114972234
vt 0.8442501 0.11497513
vt 0.8319039 0.11494424
vt 0.81898427 0.11470489
vt 0.78641045 0.11435235
vt 0.6758405 0.11673136
vt 0.64202064 0.12025747
vt 0.6335 0.12039999
vt 0.6285 0.12039999
vt 0.6233 0.1204
vt 0.6176 0.120400004
vt 0.6111001 0.120400004
vt 0.59038466 0.12040001
vt 0.5461661 0.12039996
vt 0.51767063 0.12039999
vt 0.5047598 0.12025995
vt 0.50713944 0.120340005
vt 0.52109164 0.12040002
vt 0.5584971 0.120399974
vt 0.5992721 0.1204
vt 0.6111001 0.120400004
vt 0.6176 0.120400004
vt 0.6233 0.12039999
vt 0.62850004 0.120400004
vt 0.6335 0.1204
vt 0.6386 0.1204
vt 0.6458 0.1201
vt 0.68690974 0.11510373
vt 0.7965467 0.11499591
vt 0.822234 0.114696816
vt 0.83417135 0.11495625
vt 0.8467469 0.114974946
vt 0.8610559 0.11497068
vt 0.8728653 0.11491179
vt 0.8915897 0.114103146
vt 0.91288424 0.119399406
vt 0.9295 0.118599996
vt 0.942 0.1153
vt 0.96250373 0.10490856
vt 0.96309453 0.10491004
vt 0.94429994 0.1153
vt 0.93409985 0.118599996
vt 0.9211646 0.119403146
vt 0.8955511 0.113862336
vt 0.8717964 0.11492919
vt 0.8576316 0.11497224
vt 0.8442503 0.114975125
vt 0.83190376 0.11494422
vt 0.8193305 0.11470486
vt 0.79994196 0.11408692
vt 0.72602403 0.11650141
vt 0.67126787 0.12025569
vt 0.6449999 0.1204
vt 0.6330999 0.12039999
vt 0.62450004 0.1204
vt 0.6176001 0.120400004
vt 0.6111 0.1204
vt 0.5903284 0.1204
vt 0.54618126 0.12039994
vt 0.5176715 0.12040002
vt 0.5047701 0.12026051
vt 0.5071398 0.12033995
vt 0.5210891 0.12040001
vt 0.5584923 0.12039997
vt 0.59927326 0.1204
vt 0.6111 0.1204
vt 0.6176001 0.120400004
vt 0.62450004 0.1204
vt 0.6331 0.12040001
vt 0.645 0.12039998
vt 0.66159993 0.12039999
vt 0.68169993 0.12010001
vt 0.73529184 0.114703156
vt 0.80725634 0.11495115
vt 0.82231 0.11469685
vt 0.83417135 0.11495624
vt 0.846747 0.114974916
vt 0.8610559 0.11497068
vt 0.8746128 0.114853695
vt 0.89890045 0.11369848
vt 0.9211627 0.119403064
vt 0.9341 0.1186
vt 0.94429994 0.1153
vt 0.9630922 0.104911566
vt 0.56 0.56
vt 0.97735393 0.12688348
vt 0.95510006 0.1338
vt 0.88437116 0.12964204
vt 0.86962277 0.12987524
vt 0.8576359 0.12999998
vt 0.8442501 0.13
vt 0.8318974 0.13
vt 0.8186157 0.13000001
vt 0.7676589 0.12788929
vt 0.69077355 0.13364057
vt 0.7018445 0.13057128
vt 0.77862775 0.12901625
vt 0.82216716 0.13
vt 0.83417183 0.12999998
vt 0.8467472 0.13000001
vt 0.8610597 0.12999997
vt 0.8732467 0.12831397
vt 0.8869437 0.13116328
vt 0.9551 0.13379999
vt 0.97735256 0.12688386
vt 0.55999994 0.55999994
vt 0.117688194 1
vt 0.117688134 1
vt 0.1166 1
vt 0.11659999 1
vt 0.11659999 1
vt 0.116599984 1
vt 0.11660001 1
vt 0.11659999 1
vt 0.11660001 1
vt 0.11659999 1
vt 0.116600014 1
vt 0.116600014 1
vt 0.11660003 1
vt 0.11659999 1
vt 0.11659993 1
vt 0.11659995 1
vt 0.1165999 1
vt 0.116600044 1
vt 0.1166 1
vt 0.1166 1
vt 0.11660003 1
vt 0.11660001 1
vt 0.116599984 1
vt 0.116600014 1
vt 0.11660002 1
vt 0.116852134 1
vt 0.11709999 1
vt 0.1166 1
vt 0.33997563 0.77917755
vt 0.9774862 0.12688866
vt 0.9563 0.13379999
vt 0.89516366 0.12916602
vt 0.87160975 0.12987523
vt 0.85763586 0.12999998
vt 0.8442501 0.13
vt 0.8318974 0.12999998
vt 0.819523 0.13
vt 0.79867435 0.12746479
vt 0.75944084 0.1329777
vt 0.76543146 0.12979257
vt 0.80561566 0.1291223
vt 0.82236093 0.12999998
vt 0.8341718 0.12999998
vt 0.8467472 0.13000001
vt 0.86108375 0.12999997
vt 0.8773096 0.12831397
vt 0.89843273 0.13023283
vt 0.9563 0.1338
vt 0.97748506 0.12688904
vt 0.33996186 0.77919126
vt 0.58 0.58000004
vt 0.98480004 0.15730001
vt 0.9408999 0.13769999
vt 0.9272999 0.1401
vt 0.9085843 0.14039548
vt 0.87959874 0.1437843
vt 0.8697531 0.14760046
vt 0.85765254 0.14772841
vt 0.8442501 0.1477125
vt 0.83190703 0.1477235
vt 0.8178442 0.14773175
vt 0.76336396 0.14600609
vt 0.66170007 0.14000002
vt 0.64484984 0.14140943
vt 0.6345999 0.1416
vt 0.62890005 0.1416
vt 0.6233999 0.14159997
vt 0.61759996 0.14159998
vt 0.6111 0.14160001
vt 0.59024477 0.14160001
vt 0.5461814 0.14159994
vt 0.51767147 0.14159997
vt 0.5047734 0.14108308
vt 0.50713974 0.1414
vt 0.52108914 0.14159995
vt 0.5584929 0.14159995
vt 0.5992734 0.1416
vt 0.6111 0.14160001
vt 0.61759996 0.14159998
vt 0.6234 0.14159998
vt 0.62889993 0.1416
vt 0.63460004 0.1416
vt 0.64079994 0.1416
vt 0.6493 0.14119999
vt 0.68815494 0.14141548
vt 0.77926826 0.14679748
vt 0.8219951 0.147726
vt 0.8341743 0.14771919
vt 0.8467494 0.14771366
vt 0.86107504 0.14773731
vt 0.8724544 0.14679727
vt 0.88259995 0.1429
vt 0.9085961 0.14039634
vt 0.9273 0.14009999
vt 0.94089997 0.13770002
vt 0.9847999 0.15729998
vt 0.58 0.58000004
vt 0.15317553 1
vt 0.15317556 1
vt 0.15159999 1
vt 0.15160002 1
vt 0.15160002 1
vt 0.15160002 1
vt 0.15160002 1
vt 0.15160002 1
vt 0.15160003 1
vt 0.15160003 1
vt 0.15160003 1
vt 0.1516 1
vt 0.15160003 1
vt 0.15160003 1
vt 0.1516 1
vt 0.15160002 1
vt 0.15159991 1
vt 0.15159996 1
vt 0.15160002 1
vt 0.15160003 1
vt 0.15160003 1
vt 0.15159997 1
vt 0.15159996 1
vt 0.15160002 1
vt 0.15160002 1
vt 0.15195282 1
vt 0.15230002 1
vt 0.15159999 1
vt 0.36736616 0.78968805
vt 0.98480004 0.15730001
vt 0.9439 0.13769999
vt 0.93320006 0.14010002
vt 0.9196405 0.14041306
vt 0.8918015 0.14377332
vt 0.8733155 0.14760046
vt 0.8576526 0.14772841
vt 0.8442501 0.14771251
vt 0.83190703 0.14772347
vt 0.81948656 0.14773174
vt 0.8046598 0.14600192
vt 0.72440004 0.14
vt 0.68284506 0.14140785
vt 0.6494 0.1416
vt 0.6348999 0.14159998
vt 0.6248999 0.1416
vt 0.6176 0.14160001
vt 0.6111001 0.14159998
vt 0.5903808 0.14159998
vt 0.5461658 0.14159997
vt 0.51767063 0.14160001
vt 0.50475985 0.14107999
vt 0.50713944 0.14139996
vt 0.5210917 0.14160001
vt 0.55849606 0.1416
vt 0.5992709 0.14159998
vt 0.6111001 0.14159998
vt 0.6176 0.14160001
vt 0.62490004 0.1416
vt 0.63490003 0.14160001
vt 0.6494 0.1416
vt 0.67050004 0.1416
vt 0.6962001 0.1412
vt 0.7539781 0.14138797
vt 0.81008387 0.14688276
vt 0.8223279 0.14772601
vt 0.8341742 0.1477192
vt 0.8467494 0.14771368
vt 0.8611357 0.1477373
vt 0.8784107 0.14679728
vt 0.8964999 0.1429
vt 0.9196384 0.14041287
vt 0.93319994 0.14009999
vt 0.94390005 0.13770002
vt 0.98480004 0.15729997
vt 0.36736563 0.78968877
vt 0.96980006 0.15829998
vt 0.9549 0.1602
vt 0.94020003 0.16220002
vt 0.92580014 0.1634
vt 0.905478 0.16298664
vt 0.8827139 0.1631248
vt 0.8698715 0.17017673
vt 0.85767394 0.17039995
vt 0.844239 0.17039998
vt 0.8318723 0.17039996
vt 0.8177472 0.17039998
vt 0.7604505 0.16891725
vt 0.6826499 0.1606911
vt 0.65049785 0.16390927
vt 0.6368 0.1641
vt 0.62979996 0.16409999
vt 0.62369996 0.16409999
vt 0.6176 0.16410002
vt 0.6111 0.16409999
vt 0.5901327 0.1641
vt 0.5461825 0.16409999
vt 0.51767087 0.16409996
vt 0.5047748 0.16298912
vt 0.50714016 0.1638
vt 0.5210883 0.16409995
vt 0.5584912 0.16409992
vt 0.5992035 0.16409998
vt 0.6111 0.16409999
vt 0.6176 0.16410002
vt 0.62369996 0.16409999
vt 0.6298 0.1641
vt 0.6368 0.1641
vt 0.6453 0.1641
vt 0.6562 0.16370001
vt 0.6826506 0.16069095
vt 0.7691667 0.16918077
vt 0.8220024 0.1704
vt 0.83416057 0.17039998
vt 0.8467248 0.1704
vt 0.8611156 0.17039998
vt 0.87094384 0.17012312
vt 0.882715 0.16312382
vt 0.9054935 0.16298786
vt 0.9258001 0.1634
vt 0.94020003 0.16220002
vt 0.95489997 0.16019998
vt 0.96980006 0.15830001
vt 0.9701 0.1583
vt 0.9560999 0.1602
vt 0.9434001 0.16220002
vt 0.93230003 0.1634
vt 0.91784406 0.16301566
vt 0.8995867 0.16181162
vt 0.8743458 0.17017668
vt 0.8576741 0.17039998
vt 0.84425 0.1704
vt 0.83189434 0.17039996
vt 0.81965286 0.17040002
vt 0.8068325 0.16906273
vt 0.76221424 0.16048624
vt 0.6925334 0.16390617
vt 0.6531 0.1641
vt 0.6363001 0.16409999
vt 0.62529993 0.16409999
vt 0.61759996 0.1641
vt 0.6111 0.1641
vt 0.5904124 0.1641
vt 0.54616576 0.16409996
vt 0.51766986 0.16409999
vt 0.5047602 0.16298002
vt 0.50713927 0.16379994
vt 0.5210908 0.16409998
vt 0.5584953 0.16409998
vt 0.59928244 0.16409998
vt 0.6111 0.1641
vt 0.61759996 0.1641
vt 0.6253 0.16410002
vt 0.63629997 0.1641
vt 0.6531 0.1641
vt 0.67789996 0.1641
vt 0.7081 0.1637
vt 0.7622143 0.1604862
vt 0.80869794 0.16933487
vt 0.82237625 0.1704
vt 0.83417016 0.1704
vt 0.8467521 0.17039998
vt 0.86116564 0.1704
vt 0.87643415 0.17012271
vt 0.89958745 0.16181095
vt 0.91784185 0.16301543
vt 0.9322999 0.1634
vt 0.9434001 0.16220002
vt 0.9560999 0.16019998
vt 0.9701 0.15829998
vt 0.59330004 0.5933
vt 0.97722465 0.18614982
vt 0.9547 0.18670002
vt 0.93970007 0.18750001
vt 0.92500013 0.18800001
vt 0.904413 0.18765871
vt 0.8835128 0.1877598
vt 0.8697752 0.19067715
vt 0.85769826 0.19080003
vt 0.8442417 0.19080003
vt 0.83186364 0.19080007
vt 0.8176829 0.1908
vt 0.7656598 0.18994802
vt 0.69660294 0.18719998
vt 0.65987843 0.18815735
vt 0.6405 0.1883
vt 0.63130003 0.1883
vt 0.6240001 0.1883
vt 0.6176001 0.1883
vt 0.6111 0.1883
vt 0.59048325 0.1883
vt 0.5461661 0.1883
vt 0.5176681 0.18829995
vt 0.5047601 0.18776003
vt 0.5071393 0.18809997
vt 0.5210893 0.18829998
vt 0.55849254 0.18830004
vt 0.5993085 0.1883
vt 0.6111 0.1883
vt 0.6176001 0.1883
vt 0.6240001 0.18830003
vt 0.6313 0.1883
vt 0.64050007 0.18830003
vt 0.6527 0.1883
vt 0.66780007 0.18800001
vt 0.6966036 0.18719997
vt 0.77383995 0.19010487
vt 0.82197016 0.19080003
vt 0.8341581 0.19080001
vt 0.8467342 0.19079998
vt 0.8611299 0.19079998
vt 0.87085944 0.19064653
vt 0.88351935 0.18775848
vt 0.9044124 0.18765864
vt 0.9250001 0.188
vt 0.93969995 0.1875
vt 0.9547 0.1867
vt 0.9772217 0.18614982
vt 0.5932999 0.5933
vt 0.18433547 1
vt 0.18433544 1
vt 0.1833 1
vt 0.18329999 1
vt 0.18330002 1
vt 0.18330002 1
vt 0.1833 1
vt 0.1833 1
vt 0.1833 1
vt 0.18330005 1
vt 0.18329994 1
vt 0.18330002 1
vt 0.18329991 1
vt 0.18329997 1
vt 0.18329991 1
vt 0.1832999 1
vt 0.18329997 1
vt 0.18330006 1
vt 0.18329997 1
vt 0.18330003 1
vt 0.18330003 1
vt 0.18329996 1
vt 0.18329997 1
vt 0.18330003 1
vt 0.18330003 1
vt 0.18350188 1
vt 0.1837 1
vt 0.1833 1
vt 0.38928473 0.7965158
vt 0.97734797 0.18614966
vt 0.9558999 0.18669999
vt 0.9427001 0.18750001
vt 0.93080014 0.18800001
vt 0.91522443 0.1876587
vt 0.89626896 0.18782845
vt 0.8737658 0.19067438
vt 0.85769796 0.1908
vt 0.84425 0.19080001
vt 0.8318804 0.19080004
vt 0.8194907 0.1908001
vt 0.80692285 0.19003598
vt 0.762678 0.18720321
vt 0.6977996 0.18815696
vt 0.6554 0.1883
vt 0.6372 0.1883
vt 0.6255 0.1883
vt 0.6176 0.18830001
vt 0.6111 0.1883
vt 0.5904406 0.18830001
vt 0.54618555 0.18830001
vt 0.51766926 0.18829994
vt 0.5047695 0.18776232
vt 0.5071401 0.18810001
vt 0.5210862 0.18829994
vt 0.5584873 0.18830001
vt 0.59931207 0.18829998
vt 0.6111 0.1883
vt 0.6176 0.18830001
vt 0.6255 0.18829998
vt 0.6372 0.1883
vt 0.6554 0.18830001
vt 0.6823999 0.18829997
vt 0.71470004 0.18799998
vt 0.7626785 0.18720318
vt 0.8086878 0.1901846
vt 0.82231945 0.1908
vt 0.8341655 0.19080001
vt 0.84675574 0.19080004
vt 0.86118597 0.1908
vt 0.87575865 0.19064331
vt 0.8962853 0.1878259
vt 0.9152238 0.18765865
vt 0.9308 0.188
vt 0.94269997 0.1875
vt 0.9559001 0.18669999
vt 0.9773448 0.18614963
vt 0.38928372 0.7965167
vt 0.60665005 0.60665005
vt 0.9771668 0.21706164
vt 0.95460004 0.21890001
vt 0.9394999 0.2191
vt 0.9245 0.21929999
vt 0.90399975 0.21920155
vt 0.883313 0.21920204
vt 0.8697908 0.2199592
vt 0.85772187 0.22000004
vt 0.84424394 0.22
vt 0.8318547 0.22000001
vt 0.8180618 0.21999998
vt 0.777662 0.21979566
vt 0.7152163 0.21905059
vt 0.6712833 0.21930006
vt 0.64500004 0.2193
vt 0.63310003 0.21930002
vt 0.6245 0.21930002
vt 0.6176 0.2193
vt 0.6111001 0.21930005
vt 0.59038985 0.21929994
vt 0.5461659 0.21930003
vt 0.51767063 0.21930006
vt 0.5047599 0.21735999
vt 0.50713944 0.21855989
vt 0.5210915 0.21930006
vt 0.55849636 0.21930008
vt 0.59927416 0.21930002
vt 0.6111001 0.21930005
vt 0.6176 0.2193
vt 0.62450004 0.2193
vt 0.63310003 0.21930002
vt 0.645 0.2193
vt 0.6616 0.21930002
vt 0.6817 0.2193
vt 0.71521616 0.21905056
vt 0.78431743 0.21983603
vt 0.8220228 0.22000003
vt 0.83415586 0.21999998
vt 0.84674394 0.22000003
vt 0.86114377 0.21999995
vt 0.8708801 0.21994911
vt 0.8833216 0.21920153
vt 0.90400875 0.21920171
vt 0.9245 0.21930002
vt 0.9394999 0.21909998
vt 0.95460004 0.2189
vt 0.9771593 0.2170626
vt 0.60665 0.60665
vt 0.21661294 1
vt 0.216613 1
vt 0.21809997 1
vt 0.21809997 1
vt 0.21809997 1
vt 0.21809997 1
vt 0.21810001 1
vt 0.21810001 1
vt 0.21809997 1
vt 0.2181 1
vt 0.21810003 1
vt 0.21810003 1
vt 0.21809998 1
vt 0.2181 1
vt 0.21809998 1
vt 0.2181 1
vt 0.21810019 1
vt 0.21810013 1
vt 0.2181 1
vt 0.21810004 1
vt 0.21809989 1
vt 0.21810001 1
vt 0.21810004 1
vt 0.21809998 1
vt 0.2181 1
vt 0.21779914 1
vt 0.21749999 1
vt 0.2181 1
vt 0.4139293 0.8005537
vt 0.97725886 0.2170628
vt 0.95550007 0.21890001
vt 0.9418 0.2191
vt 0.92910004 0.21929999
vt 0.9121334 0.2192016
vt 0.8932277 0.21919627
vt 0.8727736 0.21995945
vt 0.857721 0.22
vt 0.8442502 0.22000001
vt 0.8318663 0.21999998
vt 0.8194861 0.21999998
vt 0.8071707 0.21979529
vt 0.7644823 0.21905096
vt 0.7003548 0.2193
vt 0.6565 0.21930002
vt 0.6377 0.21930002
vt 0.62560004 0.21930002
vt 0.6176 0.21930003
vt 0.6111 0.2193
vt 0.59006983 0.21930005
vt 0.54618186 0.21929997
vt 0.5176714 0.21930003
vt 0.5047737 0.21737175
vt 0.50714004 0.21856001
vt 0.521089 0.2193
vt 0.55849236 0.2193
vt 0.5991648 0.21929999
vt 0.6111 0.2193
vt 0.6176 0.21930003
vt 0.62560004 0.21930002
vt 0.6377001 0.21930002
vt 0.6565 0.2193
vt 0.68460006 0.21930002
vt 0.7175 0.21930002
vt 0.7644828 0.21905096
vt 0.80890703 0.21983556
vt 0.822306 0.21999995
vt 0.834161 0.21999998
vt 0.8467586 0.22
vt 0.8611809 0.21999998
vt 0.8745624 0.21994935
vt 0.89323217 0.21919604
vt 0.91214067 0.21920167
vt 0.92910004 0.21930002
vt 0.94179994 0.21909998
vt 0.9555 0.2189
vt 0.9772519 0.21706386
vt 0.41392955 0.8005537
vt 0.62 0.62
vt 0.9771661 0.2554467
vt 0.9546 0.2625
vt 0.9395 0.26249996
vt 0.9244 0.2625
vt 0.9038311 0.26250002
vt 0.88328683 0.26250002
vt 0.869776 0.26249996
vt 0.8577393 0.26249993
vt 0.844246 0.26249996
vt 0.83184785 0.2625
vt 0.8185716 0.26249993
vt 0.7885167 0.2625
vt 0.73394805 0.2625
vt 0.6827216 0.2625
vt 0.6494 0.2625
vt 0.63490003 0.26250002
vt 0.6249 0.2625
vt 0.6176 0.2625
vt 0.6111 0.26249996
vt 0.590267 0.26250002
vt 0.54616636 0.2625001
vt 0.5176734 0.26249993
vt 0.50475985 0.2551599
vt 0.50713956 0.25965983
vt 0.5210939 0.2624999
vt 0.5585019 0.26250014
vt 0.59922767 0.2625
vt 0.6111 0.26249996
vt 0.6176 0.2625
vt 0.62490004 0.26250002
vt 0.6349 0.26249996
vt 0.6494 0.26250002
vt 0.6704999 0.26249996
vt 0.69549996 0.26249993
vt 0.7339482 0.26249996
vt 0.7934088 0.26250002
vt 0.8221058 0.2625
vt 0.8341539 0.26249993
vt 0.8467511 0.2624999
vt 0.861154 0.2624999
vt 0.8708657 0.26249996
vt 0.883282 0.2625
vt 0.90383774 0.26250002
vt 0.9243999 0.2625
vt 0.93950003 0.2625
vt 0.9546 0.26250002
vt 0.97716 0.25544995
vt 0.62 0.62
vt 0.2554468 1
vt 0.2554467 1
vt 0.26249996 1
vt 0.26249996 1
vt 0.2625 1
vt 0.2625 1
vt 0.2625 1
vt 0.2625 1
vt 0.2625 1
vt 0.2625 1
vt 0.26250002 1
vt 0.2625 1
vt 0.26249996 1
vt 0.26249996 1
vt 0.26250002 1
vt 0.26250002 1
vt 0.2625 1
vt 0.2625 1
vt 0.26249996 1
vt 0.2625 1
vt 0.26249996 1
vt 0.26250005 1
vt 0.26250008 1
vt 0.26249996 1
vt 0.26250005 1
vt 0.26104662 1
vt 0.2596 1
vt 0.2625 1
vt 0.4378739 0.8076571
vt 0.97720975 0.2554506
vt 0.9551001 0.2625
vt 0.9409 0.26249996
vt 0.9273 0.2625
vt 0.90902233 0.26250002
vt 0.8895839 0.2625
vt 0.8716917 0.2625001
vt 0.8577387 0.2625
vt 0.84425 0.26250002
vt 0.83185554 0.2625
vt 0.8194826 0.2625
vt 0.80730385 0.2624999
vt 0.76505446 0.2625
vt 0.7013997 0.26249996
vt 0.65680003 0.26250002
vt 0.6378 0.26249996
vt 0.62570006 0.2625
vt 0.6176 0.26249996
vt 0.6111001 0.2625
vt 0.59003484 0.26250002
vt 0.5461774 0.26250005
vt 0.51767385 0.26250002
vt 0.50476956 0.25519076
vt 0.50714 0.25965992
vt 0.52109206 0.26250002
vt 0.5584991 0.2625001
vt 0.59914607 0.26250002
vt 0.6111001 0.2625
vt 0.6176 0.26249996
vt 0.62570006 0.2625
vt 0.63780004 0.2625
vt 0.6568 0.2625
vt 0.6854 0.2625
vt 0.7185001 0.2625
vt 0.7650546 0.26250002
vt 0.80903053 0.2625
vt 0.8222959 0.26250005
vt 0.8341575 0.26249996
vt 0.84676117 0.26250002
vt 0.86117095 0.2624999
vt 0.87323886 0.26250008
vt 0.8895873 0.2625
vt 0.9090282 0.2625
vt 0.9272999 0.2625
vt 0.9409001 0.2625
vt 0.9551001 0.26250002
vt 0.97720385 0.25545388
vt 0.43787393 0.80765694
vt 0.63329995 0.6333
vt 0.97719026 0.31240037
vt 0.9546 0.3229
vt 0.9395 0.3229
vt 0.92440003 0.32289997
vt 0.9038069 0.32289997
vt 0.8833071 0.3229
vt 0.8697706 0.3228999
vt 0.8577515 0.32290003
vt 0.8442472 0.32289994
vt 0.83184296 0.3229
vt 0.8190126 0.32290003
vt 0.7979389 0.32290003
vt 0.7504807 0.32290003
vt 0.69210714 0.32290003
vt 0.6531 0.3229
vt 0.6363 0.32289997
vt 0.62530005 0.3229
vt 0.61759996 0.3229
vt 0.61109996 0.32289997
vt 0.5901611 0.3229
vt 0.5461663 0.32290003
vt 0.5176756 0.32289988
vt 0.5047601 0.30742002
vt 0.5071398 0.31867972
vt 0.5210961 0.3229
vt 0.558506 0.32290003
vt 0.599186 0.3229
vt 0.61109996 0.32289997
vt 0.61759996 0.3229
vt 0.62529993 0.3229
vt 0.6363 0.3229
vt 0.6531 0.3229
vt 0.6779 0.3229
vt 0.707 0.3229
vt 0.7504808 0.32290006
vt 0.80124146 0.3229
vt 0.82219476 0.3229
vt 0.8341525 0.32289997
vt 0.8467563 0.32289994
vt 0.86116123 0.32289997
vt 0.87086046 0.32289994
vt 0.8833039 0.32290003
vt 0.9038117 0.32289994
vt 0.92440003 0.3229
vt 0.9395001 0.32289997
vt 0.9546 0.3229
vt 0.9771856 0.31240392
vt 0.63329995 0.63329995
vt 0.31239963 1
vt 0.3123996 1
vt 0.3229 1
vt 0.3229 1
vt 0.32290003 1
vt 0.32290003 1
vt 0.3229 1
vt 0.3229 1
vt 0.32289997 1
vt 0.32289997 1
vt 0.32290003 1
vt 0.32290003 1
vt 0.32289994 1
vt 0.32289994 1
vt 0.32289976 1
vt 0.3228997 1
vt 0.32289985 1
vt 0.32289982 1
vt 0.32289997 1
vt 0.32289997 1
vt 0.32289997 1
vt 0.32290006 1
vt 0.32290003 1
vt 0.3228999 1
vt 0.32289994 1
vt 0.3207966 1
vt 0.31869996 1
vt 0.3229 1
vt 0.47103015 0.81510377
vt 0.9772354 0.31240442
vt 0.95489997 0.3229
vt 0.9402 0.3229
vt 0.9258001 0.32289997
vt 0.9064043 0.32289997
vt 0.886471 0.32290003
vt 0.870685 0.3229001
vt 0.8577511 0.32289997
vt 0.84425014 0.32290006
vt 0.831848 0.32289994
vt 0.81947994 0.3228999
vt 0.8073178 0.3229
vt 0.7651152 0.32290003
vt 0.70155996 0.32290003
vt 0.65680003 0.3229
vt 0.6378 0.3229
vt 0.6257 0.3229
vt 0.6176 0.32289997
vt 0.6111001 0.3229
vt 0.5900056 0.32290003
vt 0.54617345 0.32290006
vt 0.517676 0.32289997
vt 0.50476635 0.30747414
vt 0.50714004 0.31868002
vt 0.521095 0.32289997
vt 0.5585041 0.32290003
vt 0.5991302 0.32289994
vt 0.6111001 0.3229
vt 0.6176 0.32289997
vt 0.6257 0.3229
vt 0.6378 0.32290003
vt 0.6567999 0.3229
vt 0.68539995 0.3229
vt 0.71849996 0.3229
vt 0.7651152 0.32290003
vt 0.8090457 0.32290003
vt 0.82228863 0.32289994
vt 0.83415484 0.32289997
vt 0.84676296 0.32289994
vt 0.86115587 0.32290003
vt 0.87200624 0.3229
vt 0.88647336 0.32290003
vt 0.90640867 0.32289994
vt 0.9258 0.3229
vt 0.9402 0.32289997
vt 0.95489997 0.3229
vt 0.9772314 0.3124081
vt 0.47103024 0.81510365
vt 0.6916499 0.69165
vt 0.97719854 0.39882845
vt 0.9546 0.4058
vt 0.9395 0.40580004
vt 0.9243999 0.40579998
vt 0.9037986 0.40579996
vt 0.88331324 0.40580007
vt 0.8697697 0.40580007
vt 0.8577556 0.40580007
vt 0.8442476 0.40579996
vt 0.8318415 0.40580007
vt 0.81928486 0.40580013
vt 0.80355304 0.40579998
vt 0.7588372 0.40579993
vt 0.6978329 0.4058
vt 0.6554 0.4058
vt 0.6372 0.40579998
vt 0.6255 0.4058
vt 0.61759996 0.4058
vt 0.61110014 0.4058
vt 0.5901268 0.4058001
vt 0.5461662 0.40580004
vt 0.5176765 0.4058
vt 0.50475985 0.39849988
vt 0.50713956 0.40299967
vt 0.5210967 0.4058
vt 0.55850726 0.40579984
vt 0.59917235 0.4058
vt 0.61110014 0.4058
vt 0.61759996 0.4058
vt 0.6255001 0.4058
vt 0.6372 0.4058
vt 0.6554 0.4058
vt 0.6824 0.4058
vt 0.7139 0.4058
vt 0.7588375 0.40579998
vt 0.8059172 0.40579996
vt 0.82224107 0.40579998
vt 0.8341524 0.4058001
vt 0.8467578 0.40579998
vt 0.86116374 0.40580004
vt 0.8708592 0.40580004
vt 0.8833104 0.40579998
vt 0.90380305 0.4058
vt 0.9244 0.4058
vt 0.93950003 0.4058
vt 0.9546 0.40579998
vt 0.9771949 0.39883053
vt 0.6916501 0.6916501
vt 0.398828 1
vt 0.39882803 1
vt 0.40580007 1
vt 0.40580007 1
vt 0.40579998 1
vt 0.40579998 1
vt 0.40579998 1
vt 0.40579998 1
vt 0.4058 1
vt 0.40579998 1
vt 0.40580013 1
vt 0.4058 1
vt 0.40580022 1
vt 0.4058002 1
vt 0.40579996 1
vt 0.4058 1
vt 0.40579978 1
vt 0.40579966 1
vt 0.40580007 1
vt 0.4058 1
vt 0.40580007 1
vt 0.40579998 1
vt 0.4058 1
vt 0.40579996 1
vt 0.40579996 1
vt 0.40439817 1
vt 0.40299997 1
vt 0.4058 1
vt 0.5441833 0.8447265
vt 0.9771945 0.39883083
vt 0.95470005 0.4058
vt 0.93970007 0.40580004
vt 0.925 0.40579998
vt 0.9048476 0.40579996
vt 0.88461703 0.40580007
vt 0.8701233 0.40580004
vt 0.8577548 0.40579987
vt 0.8442501 0.40579998
vt 0.8318458 0.4058001
vt 0.8194793 0.4058001
vt 0.8073221 0.4058002
vt 0.7651347 0.40579993
vt 0.7016168 0.4058
vt 0.6567999 0.40579998
vt 0.6377999 0.40580004
vt 0.6257 0.4058
vt 0.6176 0.4058
vt 0.61109996 0.4058
vt 0.58999634 0.4058
vt 0.54617226 0.40579996
vt 0.5176766 0.40579993
vt 0.50476515 0.39851663
vt 0.50713986 0.4029998
vt 0.5210958 0.4058
vt 0.55850595 0.4058
vt 0.59912527 0.4058
vt 0.61109996 0.4058
vt 0.6176 0.4058
vt 0.6257 0.4058
vt 0.6378 0.4058
vt 0.65680003 0.4058
vt 0.68540007 0.4058
vt 0.7185 0.4058
vt 0.7651349 0.40579993
vt 0.80905 0.4058002
vt 0.82228607 0.4057999
vt 0.83415425 0.4058001
vt 0.8467638 0.40580004
vt 0.8611591 0.40579993
vt 0.8713045 0.40579998
vt 0.88461864 0.4058
vt 0.90485173 0.4058
vt 0.925 0.4058
vt 0.9397 0.4058
vt 0.95469993 0.40579998
vt 0.9771907 0.39883283
vt 0.5441833 0.8447264
vt 0.75 0.75
vt 0.97719866 0.5
vt 0.9546 0.5
vt 0.93950003 0.5
vt 0.9244 0.5
vt 0.9037963 0.5
vt 0.8833786 0.5
vt 0.8697682 0.5
vt 0.8577548 0.5
vt 0.8442501 0.5
vt 0.83184123 0.5
vt 0.81943446 0.5
vt 0.80639225 0.5
vt 0.76358443 0.5
vt 0.70062196 0.5
vt 0.6565 0.5
vt 0.6377 0.5
vt 0.6255999 0.5
vt 0.6176 0.5
vt 0.6111 0.5
vt 0.5901223 0.5
vt 0.546171 0.5
vt 0.5176766 0.5
vt 0.5047599 0.5
vt 0.50713986 0.5
vt 0.5210958 0.5
vt 0.5585121 0.5
vt 0.5991724 0.5
vt 0.6111 0.5
vt 0.6176 0.5
vt 0.6256 0.5
vt 0.6377 0.5
vt 0.65650004 0.5
vt 0.6846 0.5
vt 0.71729994 0.5
vt 0.76358455 0.5
vt 0.808285 0.5
vt 0.822266 0.5
vt 0.83415204 0.5
vt 0.8467638 0.5
vt 0.86115897 0.5
vt 0.87085927 0.5
vt 0.883382 0.5
vt 0.9037978 0.5
vt 0.92440003 0.5
vt 0.9395 0.5
vt 0.95460004 0.5
vt 0.97719485 0.5
vt 0.74999994 0.75000006
vt 0.5 1
vt 0.5 1
vt 0.5 1
vt 0.5 1
vt 0.5 1
vt 0.5 1
vt 0.5 1
vt 0.5 1
vt 0.5 1
vt 0.5 1
vt 0.5 1
vt 0.5 1
vt 0.5 1
vt 0.5 1
vt 0.5 1
vt 0.5 1
vt 0.5 1
vt 0.5 1
vt 0.5 1
vt 0.5 1
vt 0.5 1
vt 0.5 1
vt 0.5 1
vt 0.5 1
vt 0.5 1
vt 0.5 1
vt 0.5 1
vt 0.5 1
vt 0.6258906 0.8741094
vt 0.9771945 0.5
vt 0.9546 0.5
vt 0.93950003 0.5
vt 0.9244999 0.5
vt 0.9040459 0.5
vt 0.88367707 0.5
vt 0.86984956 0.5
vt 0.85775506 0.5
vt 0.84425 0.5
vt 0.8318415 0.5
vt 0.8194841 0.5
vt 0.8073211 0.5
vt 0.7651341 0.5
vt 0.70161796 0.5
vt 0.65680003 0.5
vt 0.6377999 0.5
vt 0.6257 0.5
vt 0.6176 0.5
vt 0.61110014 0.5
vt 0.59012216 0.5
vt 0.5461707 0.5
vt 0.5176768 0.5
vt 0.5047599 0.5
vt 0.5071398 0.5
vt 0.5210959 0.5
vt 0.55851173 0.5
vt 0.5991724 0.5
vt 0.61110014 0.5
vt 0.6176 0.5
vt 0.6257 0.5
vt 0.6378 0.5
vt 0.6568 0.5
vt 0.68539995 0.5
vt 0.71849996 0.5
vt 0.7651343 0.5
vt 0.8090491 0.5
vt 0.8222909 0.5
vt 0.8341524 0.5
vt 0.8467638 0.5
vt 0.8611594 0.5
vt 0.8709602 0.5
vt 0.88368005 0.5
vt 0.90404737 0.5
vt 0.9245 0.5
vt 0.9395 0.5
vt 0.95460004 0.5
vt 0.97719085 0.5
vt 0.6258907 0.87410927
vt 0.8083499 0.80834997
vt 0.97718763 0.60116535
vt 0.95459986 0.59419996
vt 0.9395 0.59419996
vt 0.9243999 0.59419996
vt 0.9037969 0.5942
vt 0.88339394 0.59419996
vt 0.8697627 0.59420013
vt 0.85775506 0.5941999
vt 0.8442499 0.5942
vt 0.8318458 0.5942002
vt 0.8194791 0.59420025
vt 0.8073205 0.59419996
vt 0.7650757 0.59419996
vt 0.701726 0.5942001
vt 0.6568 0.5942
vt 0.6377999 0.59419996
vt 0.62570006 0.5942
vt 0.61759996 0.5942
vt 0.61109996 0.59419996
vt 0.5899963 0.5942001
vt 0.54617226 0.5942001
vt 0.5176768 0.5942001
vt 0.5047652 0.6014832
vt 0.50714 0.59699994
vt 0.52109575 0.59419996
vt 0.5585057 0.5942
vt 0.5991252 0.5942001
vt 0.61109996 0.59419996
vt 0.61759996 0.5942
vt 0.62570006 0.5942
vt 0.6378 0.5942
vt 0.6568 0.5942
vt 0.68539995 0.5942
vt 0.7185 0.5942
vt 0.765076 0.59419996
vt 0.80904806 0.5941999
vt 0.8222866 0.59419996
vt 0.83415407 0.59419996
vt 0.8467638 0.5942
vt 0.8611595 0.5942001
vt 0.8708537 0.5942
vt 0.883399 0.5942
vt 0.9037983 0.5942
vt 0.9244001 0.5942
vt 0.93950003 0.5942
vt 0.9545999 0.5942
vt 0.97718626 0.6011645
vt 0.8083499 0.80834997
vt 0.6011761 1
vt 0.60117596 1
vt 0.5942 1
vt 0.5942 1
vt 0.5942001 1
vt 0.5942001 1
vt 0.59419996 1
vt 0.59419996 1
vt 0.5942 1
vt 0.5942 1
vt 0.59420025 1
vt 0.59420025 1
vt 0.59420013 1
vt 0.5942001 1
vt 0.5942001 1
vt 0.59419996 1
vt 0.5942004 1
vt 0.59419996 1
vt 0.5942001 1
vt 0.59420013 1
vt 0.59420025 1
vt 0.5942002 1
vt 0.59420013 1
vt 0.5942002 1
vt 0.5942002 1
vt 0.5956062 1
vt 0.59700006 1
vt 0.5942 1
vt 0.70698977 0.9040665
vt 0.9771729 0.6011572
vt 0.95459986 0.5941999
vt 0.9395 0.59419996
vt 0.9243999 0.59419996
vt 0.9037969 0.5942
vt 0.883377 0.5942
vt 0.86977005 0.5942
vt 0.85775554 0.5942001
vt 0.84424776 0.59419996
vt 0.83184123 0.5942001
vt 0.8194842 0.59419996
vt 0.80733377 0.5942
vt 0.76518506 0.5942
vt 0.701726 0.5942001
vt 0.6568 0.5942
vt 0.6378 0.5942001
vt 0.62569994 0.5942
vt 0.6176 0.5942
vt 0.6111 0.5942
vt 0.59012693 0.5942002
vt 0.5461666 0.5942002
vt 0.5176763 0.5942001
vt 0.50475997 0.6015
vt 0.5071397 0.59700024
vt 0.5210967 0.5941999
vt 0.5585075 0.5942
vt 0.5991724 0.5942
vt 0.6111 0.5942
vt 0.6176 0.5942
vt 0.6257 0.5942
vt 0.63780004 0.5942
vt 0.6568 0.5942
vt 0.68539995 0.5942
vt 0.7185 0.5942
vt 0.76518536 0.5942001
vt 0.80906373 0.59420013
vt 0.8222907 0.5942001
vt 0.8341521 0.5941999
vt 0.84675807 0.5941999
vt 0.8611637 0.5942001
vt 0.8708596 0.59419996
vt 0.88338023 0.5942
vt 0.9037983 0.5941999
vt 0.9244001 0.5942
vt 0.93950003 0.5942
vt 0.95460004 0.5942
vt 0.97717094 0.60115606
vt 0.7069898 0.9040666
vt 0.86670005 0.8667
vt 0.9771769 0.68758845
vt 0.9546 0.6771
vt 0.93950003 0.67709994
vt 0.92439985 0.6771
vt 0.9038055 0.6771001
vt 0.88340175 0.6771001
vt 0.86976314 0.6771
vt 0.857751 0.6771
vt 0.8442499 0.67710006
vt 0.831848 0.6771
vt 0.81948006 0.67710006
vt 0.8073146 0.67710006
vt 0.7650392 0.67710006
vt 0.70168614 0.67709994
vt 0.6568 0.6771
vt 0.6378 0.6771
vt 0.62569994 0.6771
vt 0.61759996 0.6771
vt 0.61109996 0.67709994
vt 0.59000546 0.67710006
vt 0.54617375 0.6771002
vt 0.51767606 0.67710006
vt 0.50476635 0.69252574
vt 0.5071399 0.6813199
vt 0.52109504 0.67710006
vt 0.5585043 0.67710006
vt 0.59913033 0.6771001
vt 0.61109996 0.67709994
vt 0.61759996 0.6771
vt 0.62569994 0.6771
vt 0.6377999 0.67709994
vt 0.6568 0.67710006
vt 0.68540007 0.6771
vt 0.7185 0.67710006
vt 0.7650394 0.6771
vt 0.8090423 0.6771001
vt 0.82228863 0.6771
vt 0.83415496 0.6771001
vt 0.8467629 0.6770999
vt 0.8611556 0.67709976
vt 0.87085444 0.6771001
vt 0.8834074 0.6770998
vt 0.90380704 0.6771
vt 0.92439985 0.67709994
vt 0.9395 0.6771
vt 0.9546 0.67709994
vt 0.9771751 0.68758696
vt 0.86670005 0.8667
vt 0.6876072 1
vt 0.68760735 1
vt 0.6771 1
vt 0.6771 1
vt 0.67710006 1
vt 0.67710006 1
vt 0.67709994 1
vt 0.67709994 1
vt 0.6771002 1
vt 0.6771002 1
vt 0.6771002 1
vt 0.67709994 1
vt 0.6770999 1
vt 0.67709994 1
vt 0.6771002 1
vt 0.67710024 1
vt 0.67709935 1
vt 0.67709935 1
vt 0.6770999 1
vt 0.6771 1
vt 0.6770998 1
vt 0.6771001 1
vt 0.67710024 1
vt 0.6771002 1
vt 0.6771002 1
vt 0.67921084 1
vt 0.6812999 1
vt 0.67709994 1
vt 0.78046626 0.93326044
vt 0.9771595 0.68757385
vt 0.9545999 0.6771
vt 0.93950003 0.67709994
vt 0.92439985 0.6771
vt 0.9038055 0.6771001
vt 0.883382 0.67710006
vt 0.8697719 0.6771002
vt 0.8577514 0.67709994
vt 0.84424734 0.67710006
vt 0.8318429 0.67710006
vt 0.81948596 0.67710006
vt 0.80733013 0.6771
vt 0.76517195 0.6771002
vt 0.70168614 0.67710006
vt 0.6567999 0.6771
vt 0.6378 0.6771
vt 0.62570006 0.6771
vt 0.6176 0.6771
vt 0.6111 0.6771
vt 0.59016114 0.6771001
vt 0.5461663 0.67709994
vt 0.51767576 0.67710006
vt 0.50475997 0.69257987
vt 0.5071397 0.6813201
vt 0.52109605 0.67709994
vt 0.558506 0.67710006
vt 0.59918606 0.6771
vt 0.6111 0.6771
vt 0.6176 0.6771
vt 0.6257 0.67709994
vt 0.6378 0.67710006
vt 0.6568 0.6771
vt 0.68540007 0.6771
vt 0.7185 0.67710006
vt 0.76517195 0.6771
vt 0.80906 0.6771002
vt 0.822294 0.6771001
vt 0.83415276 0.6771001
vt 0.8467564 0.67710006
vt 0.8611615 0.6771001
vt 0.87086123 0.6770997
vt 0.88338584 0.67710006
vt 0.90380704 0.6771
vt 0.92439985 0.67709994
vt 0.9395 0.6771
vt 0.95460004 0.67710006
vt 0.97715724 0.687572
vt 0.7804659 0.93326056
vt 0.88 0.88
vt 0.9771455 0.7445418
vt 0.95460004 0.7375001
vt 0.93949986 0.7375
vt 0.92440003 0.7375001
vt 0.9038297 0.73749995
vt 0.88342726 0.73749995
vt 0.86976457 0.73749995
vt 0.85773855 0.7375
vt 0.84425 0.73749995
vt 0.8318554 0.73749995
vt 0.8194826 0.7374999
vt 0.80729616 0.7375001
vt 0.76493 0.73749995
vt 0.70156896 0.73749995
vt 0.65680003 0.7375
vt 0.6378 0.7375
vt 0.62569994 0.73749995
vt 0.6176 0.7375
vt 0.6111001 0.7375
vt 0.5900349 0.73749995
vt 0.5461773 0.73750025
vt 0.51767385 0.7375
vt 0.5047697 0.7448091
vt 0.5071399 0.74034
vt 0.52109206 0.7374999
vt 0.55849904 0.73750025
vt 0.59914607 0.7375001
vt 0.6111001 0.7375
vt 0.6176 0.7375
vt 0.62569994 0.73749995
vt 0.6378 0.73749995
vt 0.65680003 0.7375001
vt 0.68539995 0.7375
vt 0.7185 0.7375001
vt 0.76493037 0.7374999
vt 0.8090225 0.73749965
vt 0.82229567 0.73749995
vt 0.8341575 0.73750013
vt 0.8467613 0.7375
vt 0.86114573 0.7375001
vt 0.8708564 0.7375001
vt 0.88343585 0.73749995
vt 0.9038317 0.7375
vt 0.92440003 0.7375
vt 0.9395 0.7375
vt 0.9546 0.73749995
vt 0.97714293 0.74454045
vt 0.88 0.88
vt 0.7445592 1
vt 0.7445592 1
vt 0.73749995 1
vt 0.73749995 1
vt 0.73749995 1
vt 0.73749995 1
vt 0.73749995 1
vt 0.73749995 1
vt 0.7375 1
vt 0.7375 1
vt 0.7375001 1
vt 0.73749995 1
vt 0.7374997 1
vt 0.73749983 1
vt 0.73750037 1
vt 0.7375003 1
vt 0.73750037 1
vt 0.7375008 1
vt 0.73750025 1
vt 0.7374999 1
vt 0.73749995 1
vt 0.7375001 1
vt 0.7375 1
vt 0.7374999 1
vt 0.73749983 1
vt 0.7389612 1
vt 0.7404001 1
vt 0.73749995 1
vt 0.81453013 0.93988097
vt 0.97711986 0.7445276
vt 0.9545999 0.7375
vt 0.93949986 0.7375
vt 0.92440003 0.7375001
vt 0.9038297 0.73749995
vt 0.8833975 0.73749995
vt 0.86977786 0.73749965
vt 0.8577391 0.73749983
vt 0.8442458 0.7374999
vt 0.8318478 0.7375
vt 0.81949174 0.73750025
vt 0.80731976 0.73749995
vt 0.76513267 0.7375
vt 0.7015689 0.7374999
vt 0.65680003 0.7375001
vt 0.6377999 0.7375
vt 0.6257 0.7375
vt 0.61759996 0.73749995
vt 0.6111 0.7375
vt 0.5902672 0.7375
vt 0.5461662 0.7375002
vt 0.5176733 0.73749995
vt 0.50476 0.74483985
vt 0.5071395 0.7403401
vt 0.5210939 0.7374998
vt 0.5585017 0.7375003
vt 0.59922767 0.7375
vt 0.6111 0.7375
vt 0.61759996 0.73749995
vt 0.62569994 0.73749995
vt 0.6378 0.7375001
vt 0.65680003 0.73750013
vt 0.68539995 0.7375
vt 0.7185 0.7375001
vt 0.76513284 0.73749995
vt 0.8090496 0.73749995
vt 0.82230365 0.73750013
vt 0.8341539 0.7375001
vt 0.84675115 0.7375001
vt 0.86115414 0.7375001
vt 0.87086725 0.73749983
vt 0.8834031 0.7375001
vt 0.9038317 0.7375
vt 0.92440003 0.7375
vt 0.9395 0.7375
vt 0.95460004 0.73749995
vt 0.97711706 0.74452597
vt 0.81452996 0.9398812
vt 0.8933501 0.89335
vt 0.97713923 0.78293455
vt 0.9546 0.7811001
vt 0.9394999 0.7809
vt 0.92440003 0.7807
vt 0.90385693 0.7807
vt 0.8834566 0.78069997
vt 0.8697668 0.7806999
vt 0.85772437 0.7807002
vt 0.84425 0.7807
vt 0.83186424 0.7806998
vt 0.81948584 0.7807002
vt 0.80727434 0.7807001
vt 0.76480144 0.78070015
vt 0.7012705 0.78069985
vt 0.65680003 0.7807
vt 0.6378 0.7807001
vt 0.6257 0.7807
vt 0.6176 0.78069997
vt 0.6111 0.7807
vt 0.59007 0.78070015
vt 0.546182 0.78070015
vt 0.5176713 0.7807002
vt 0.504774 0.7826285
vt 0.5071401 0.78144026
vt 0.5210891 0.78070027
vt 0.5584928 0.78070015
vt 0.5991648 0.7807001
vt 0.6111 0.7807
vt 0.6176 0.78069997
vt 0.6257 0.7807
vt 0.6377999 0.7807
vt 0.6568 0.78069997
vt 0.68540007 0.7807
vt 0.71849996 0.7807001
vt 0.76480186 0.7807002
vt 0.8089988 0.7807001
vt 0.82230425 0.7807
vt 0.8341603 0.78069997
vt 0.8467592 0.78070015
vt 0.86113423 0.78070015
vt 0.8708598 0.7807002
vt 0.88346833 0.78069997
vt 0.90385896 0.7807
vt 0.9243999 0.78069997
vt 0.9395 0.7809
vt 0.9545999 0.7810999
vt 0.9771359 0.7829342
vt 0.89334995 0.89334995
vt 0.7833893 1
vt 0.78338903 1
vt 0.7818999 1
vt 0.7819 1
vt 0.78190005 1
vt 0.78190005 1
vt 0.7819 1
vt 0.78190005 1
vt 0.7819 1
vt 0.7819 1
vt 0.7819001 1
vt 0.7819002 1
vt 0.78190017 1
vt 0.7819 1
vt 0.7818997 1
vt 0.7818998 1
vt 0.7819006 1
vt 0.7819003 1
vt 0.78190005 1
vt 0.78189945 1
vt 0.7818997 1
vt 0.7818998 1
vt 0.7818998 1
vt 0.7818998 1
vt 0.78189975 1
vt 0.7822029 1
vt 0.78249997 1
vt 0.7819 1
vt 0.83888894 0.9466125
vt 0.97710574 0.7829297
vt 0.9546 0.7810999
vt 0.9394999 0.7809
vt 0.92440003 0.7807
vt 0.90385693 0.7807
vt 0.8834155 0.78070015
vt 0.8697851 0.78069973
vt 0.85772496 0.7807
vt 0.8442444 0.7806999
vt 0.83185345 0.7807
vt 0.8194986 0.7807
vt 0.8073072 0.7807004
vt 0.7650875 0.7807002
vt 0.7012705 0.78069985
vt 0.6568 0.7807
vt 0.63780004 0.7807
vt 0.6257 0.7807
vt 0.61759996 0.78069997
vt 0.6111001 0.7807001
vt 0.5903895 0.78069985
vt 0.54616624 0.7807004
vt 0.5176706 0.7807
vt 0.50476015 0.7826403
vt 0.5071395 0.7814404
vt 0.5210916 0.7806999
vt 0.5584961 0.7807001
vt 0.59927416 0.7807001
vt 0.6111001 0.7807001
vt 0.61759996 0.78069997
vt 0.6257 0.78069997
vt 0.6377999 0.78069997
vt 0.6567999 0.7807
vt 0.68540007 0.7807
vt 0.71849996 0.7807001
vt 0.7650876 0.7807
vt 0.8090371 0.7807002
vt 0.82231545 0.7807
vt 0.83415544 0.7807001
vt 0.846745 0.7807001
vt 0.86114544 0.7807
vt 0.8708747 0.78070015
vt 0.8834226 0.7807
vt 0.903859 0.7807001
vt 0.9243999 0.78069997
vt 0.9395 0.7809
vt 0.9546 0.7811
vt 0.9771025 0.7829295
vt 0.83888876 0.9466127
vt 0.90669996 0.90669996
vt 0.9772583 0.8138499
vt 0.95460004 0.8133
vt 0.93950003 0.81250006
vt 0.9244 0.812
vt 0.9038754 0.811751
vt 0.8834449 0.81170005
vt 0.8697751 0.81170005
vt 0.85771316 0.81170005
vt 0.84425 0.8116999
vt 0.83186376 0.81169975
vt 0.81949455 0.81170005
vt 0.8072574 0.81169987
vt 0.7649115 0.8117
vt 0.70114523 0.8117
vt 0.6568 0.81170005
vt 0.6378 0.81169987
vt 0.6257 0.81170005
vt 0.6176 0.81170005
vt 0.6111 0.8117
vt 0.590441 0.81169987
vt 0.54618526 0.8117
vt 0.51766926 0.81169987
vt 0.5047692 0.8122377
vt 0.5071399 0.81189984
vt 0.5210863 0.8116999
vt 0.5584872 0.81170005
vt 0.599312 0.8117
vt 0.6111 0.8117
vt 0.6176 0.81170005
vt 0.62569994 0.8117
vt 0.6377999 0.81169987
vt 0.6567999 0.8117
vt 0.6854 0.81170005
vt 0.7185 0.8117
vt 0.7649118 0.8116999
vt 0.80898064 0.8117002
vt 0.8223184 0.81169987
vt 0.83416104 0.8116999
vt 0.8467575 0.8117
vt 0.86112523 0.8116999
vt 0.87086964 0.8117
vt 0.88345337 0.8116999
vt 0.90387756 0.811751
vt 0.9243999 0.81200004
vt 0.93949986 0.8125
vt 0.9545999 0.8133
vt 0.9772496 0.8138499
vt 0.9067001 0.9067
vt 0.8156548 1
vt 0.8156549 1
vt 0.8167 1
vt 0.8167 1
vt 0.8167 1
vt 0.8167 1
vt 0.81670004 1
vt 0.81670004 1
vt 0.8166999 1
vt 0.8166999 1
vt 0.8167003 1
vt 0.8167003 1
vt 0.81669986 1
vt 0.81669986 1
vt 0.81669986 1
vt 0.81669986 1
vt 0.8167002 1
vt 0.8167001 1
vt 0.81670016 1
vt 0.81670016 1
vt 0.81670004 1
vt 0.8167001 1
vt 0.8167 1
vt 0.8166998 1
vt 0.8166998 1
vt 0.8165005 1
vt 0.81630003 1
vt 0.8167 1
vt 0.86067075 0.9535323
vt 0.9772495 0.81385005
vt 0.95460016 0.8133001
vt 0.93950003 0.81250006
vt 0.9244 0.812
vt 0.90387547 0.8117511
vt 0.88342863 0.8116999
vt 0.869791 0.8116999
vt 0.8577133 0.8116997
vt 0.844243 0.8116999
vt 0.8318575 0.81169987
vt 0.8195038 0.8117
vt 0.80727106 0.8116998
vt 0.7649115 0.8117
vt 0.70114523 0.8117
vt 0.6568 0.8117
vt 0.6378 0.81170005
vt 0.6257 0.81170005
vt 0.6176 0.8116999
vt 0.6111 0.8116999
vt 0.59048367 0.8116999
vt 0.5461662 0.81170034
vt 0.5176683 0.8117
vt 0.50475997 0.8122399
vt 0.5071393 0.81189996
vt 0.5210895 0.81169987
vt 0.558493 0.81170017
vt 0.5993086 0.81170005
vt 0.6111 0.8116999
vt 0.6176 0.8116999
vt 0.6257 0.8116999
vt 0.63780004 0.8117
vt 0.65680003 0.8117
vt 0.6854 0.81170005
vt 0.7185 0.8117
vt 0.7649118 0.8116999
vt 0.80900174 0.8117
vt 0.8223248 0.81169987
vt 0.83415663 0.81170005
vt 0.8467424 0.8116997
vt 0.8611308 0.8116999
vt 0.8708802 0.81169987
vt 0.8834373 0.8117
vt 0.90387756 0.8117511
vt 0.9243999 0.81200004
vt 0.93949986 0.8125
vt 0.95460004 0.8133001
vt 0.977241 0.81385016
vt 0.8606709 0.9535323
vt 0.91999996 0.91999996
vt 0.9773475 0.8422065
vt 0.9546 0.8398
vt 0.93950003 0.8378
vt 0.92440003 0.83660007
vt 0.90385336 0.83600146
vt 0.883284 0.83589995
vt 0.8697867 0.83589983
vt 0.8577219 0.8358999
vt 0.84424406 0.8359001
vt 0.8318544 0.83589995
vt 0.8194997 0.8358999
vt 0.8073047 0.8358999
vt 0.7638215 0.83589983
vt 0.7014224 0.8359
vt 0.6567999 0.83589995
vt 0.6378 0.8359
vt 0.62570006 0.8359
vt 0.6176 0.8359
vt 0.6111 0.8359
vt 0.59041244 0.83590007
vt 0.54616594 0.83589995
vt 0.51766986 0.8358997
vt 0.5047602 0.83702016
vt 0.5071396 0.8362002
vt 0.5210908 0.8358997
vt 0.55849546 0.8358998
vt 0.59928244 0.83589995
vt 0.6111 0.8359
vt 0.6176 0.8359
vt 0.62569994 0.83589995
vt 0.63780004 0.83590007
vt 0.65680003 0.83589995
vt 0.68540007 0.83590007
vt 0.7185001 0.8359
vt 0.76382184 0.8359001
vt 0.8090343 0.8359001
vt 0.8223179 0.8359002
vt 0.83415586 0.8359001
vt 0.846744 0.8359001
vt 0.8611438 0.83589995
vt 0.8708759 0.83589983
vt 0.8832939 0.83590007
vt 0.90386254 0.8360019
vt 0.92439985 0.83659995
vt 0.9395 0.8378001
vt 0.95460004 0.83979994
vt 0.9773397 0.842206
vt 0.9199999 0.91999996
vt 0.8468016 1
vt 0.84680176 1
vt 0.84839964 1
vt 0.84840006 1
vt 0.84770006 1
vt 0.84769994 1
vt 0.88240564 0.9605877
vt 0.97734094 0.8422059
vt 0.9546 0.8398
vt 0.93950003 0.8378
vt 0.92440003 0.83660007
vt 0.9038536 0.83600163
vt 0.88339347 0.8359
vt 0.8697671 0.8358999
vt 0.8577216 0.83589995
vt 0.84425 0.83589995
vt 0.83186597 0.8359
vt 0.8194864 0.8358998
vt 0.8072704 0.83590025
vt 0.7635235 0.83589983
vt 0.7014224 0.8359
vt 0.6567999 0.83589995
vt 0.6378 0.8359
vt 0.62570006 0.8359
vt 0.6176 0.8359
vt 0.6111 0.8359
vt 0.59013265 0.83589995
vt 0.54618245 0.83590007
vt 0.5176709 0.8359
vt 0.5047747 0.8370111
vt 0.50714016 0.8362002
vt 0.5210883 0.83589983
vt 0.5584911 0.8359001
vt 0.5992035 0.8359
vt 0.6111 0.8359
vt 0.6176 0.8359
vt 0.62570006 0.8359
vt 0.6378 0.83589995
vt 0.6568 0.8359
vt 0.68540007 0.83590007
vt 0.7185001 0.8359
vt 0.763524 0.83589995
vt 0.8089945 0.8358997
vt 0.82230586 0.8358999
vt 0.8341608 0.8358999
vt 0.84675884 0.8359
vt 0.8611321 0.83590007
vt 0.87085986 0.83589995
vt 0.88339794 0.8359
vt 0.90386236 0.83600175
vt 0.92439985 0.83659995
vt 0.9395 0.8378001
vt 0.95460004 0.83979994
vt 0.9773331 0.84220546
vt 0.88240564 0.9605878
vt 0.9546 0.8661999
vt 0.9394999 0.8622999
vt 0.9244 0.8599
vt 0.9038458 0.85855216
vt 0.8833603 0.8584001
vt 0.8697838 0.85840017
vt 0.85772693 0.85840005
vt 0.8442433 0.85840005
vt 0.831851 0.85840005
vt 0.819499 0.8584
vt 0.80730486 0.85839987
vt 0.76503557 0.8584001
vt 0.7012314 0.8584
vt 0.6568 0.8583999
vt 0.6378 0.8583999
vt 0.62570006 0.85840005
vt 0.6176001 0.85840005
vt 0.61109996 0.8583999
vt 0.5904111 0.8583999
vt 0.5461751 0.85839987
vt 0.5176671 0.85840005
vt 0.5047654 0.858919
vt 0.50714266 0.85859954
vt 0.52108836 0.8584004
vt 0.5585045 0.85839987
vt 0.59927464 0.8583999
vt 0.61109996 0.8583999
vt 0.6176001 0.85840005
vt 0.6257 0.8584
vt 0.6378 0.8583999
vt 0.6568 0.8584
vt 0.6854 0.8584
vt 0.7185001 0.85840005
vt 0.76503617 0.8584
vt 0.8090352 0.85840017
vt 0.822315 0.85840005
vt 0.83415425 0.8584
vt 0.8467434 0.8584
vt 0.8611472 0.8583999
vt 0.87087315 0.85840005
vt 0.88336843 0.8584
vt 0.90384823 0.8585522
vt 0.9243999 0.8599
vt 0.9395 0.8622999
vt 0.95459986 0.8662001
vt 0.8484001 1
vt 0.8484001 1
vt 0.84840006 1
vt 0.84840006 1
vt 0.84840006 1
vt 0.8484 1
vt 0.84839994 1
vt 0.84839994 1
vt 0.84840024 1
vt 0.8484003 1
vt 0.8484002 1
vt 0.8484001 1
vt 0.84839976 1
vt 0.84839964 1
vt 0.8484003 1
vt 0.8483998 1
vt 0.8484 1
vt 0.8484001 1
vt 0.84839994 1
vt 0.84840006 1
vt 0.8483999 1
vt 0.84840006 1
vt 0.8484002 1
vt 0.8484001 1
vt 0.95460004 0.8662
vt 0.9394999 0.8622999
vt 0.9244 0.8599
vt 0.90384585 0.8585522
vt 0.8833957 0.8584001
vt 0.86976665 0.8583999
vt 0.8577265 0.8584
vt 0.8442512 0.85839987
vt 0.8318645 0.8583999
vt 0.81948495 0.8583999
vt 0.8072753 0.8584001
vt 0.7649584 0.85840017
vt 0.7012314 0.8584
vt 0.6567999 0.8584
vt 0.6378 0.85840005
vt 0.62570006 0.8583999
vt 0.6176 0.85840005
vt 0.6111 0.8584
vt 0.5902564 0.85840005
vt 0.546176 0.8584001
vt 0.5176735 0.85839975
vt 0.50476813 0.85891765
vt 0.5071342 0.85860056
vt 0.52109265 0.85839975
vt 0.5584921 0.8583998
vt 0.5992824 0.8584
vt 0.6111 0.8584
vt 0.6176 0.85840005
vt 0.62569994 0.8583999
vt 0.6378 0.8583999
vt 0.6568 0.85840005
vt 0.6854 0.8584
vt 0.7185001 0.85840005
vt 0.7649587 0.8583999
vt 0.80900055 0.8584
vt 0.82230234 0.85839987
vt 0.8341607 0.8583999
vt 0.8467622 0.8584
vt 0.8611347 0.85839975
vt 0.87085974 0.85840005
vt 0.8834078 0.85840005
vt 0.9038483 0.8585523
vt 0.9243999 0.8599
vt 0.9395 0.8622999
vt 0.9546 0.86619985
vt 0.91087544 0.96997374
vt 0.9773738 0.87313765
vt 0.92450005 0.8814
vt 0.9040848 0.8798513
vt 0.88358855 0.8795999
vt 0.86976624 0.8795999
vt 0.8577252 0.87960005
vt 0.84424895 0.8796
vt 0.83185774 0.87960005
vt 0.8194919 0.8795998
vt 0.8072732 0.87960005
vt 0.7649952 0.87960005
vt 0.7012956 0.87960005
vt 0.65680003 0.87960005
vt 0.63780004 0.8796001
vt 0.62570006 0.87960005
vt 0.6176001 0.8796
vt 0.6111 0.8795999
vt 0.5904426 0.87959975
vt 0.54620254 0.87959945
vt 0.5176628 0.8796
vt 0.5047782 0.87973917
vt 0.5059593 0.8796749
vt 0.5195419 0.87960005
vt 0.5539997 0.87959963
vt 0.5949575 0.8796
vt 0.6111 0.8795999
vt 0.6176001 0.8796
vt 0.62570006 0.87960005
vt 0.6378 0.87960005
vt 0.6568 0.8795999
vt 0.6854 0.87959987
vt 0.71849996 0.8795999
vt 0.7649955 0.8796
vt 0.80899775 0.87960035
vt 0.8223102 0.8796
vt 0.83415943 0.8796001
vt 0.84675676 0.87960005
vt 0.8611361 0.8796
vt 0.8708588 0.8795999
vt 0.8835959 0.8796001
vt 0.9040887 0.8798515
vt 0.92450005 0.8814
vt 0.97737086 0.8731369
vt 0.91087365 0.96997565
vt 0.88289994 1
vt 0.8829 1
vt 0.88340014 1
vt 0.8833999 1
vt 0.8834 1
vt 0.8834001 1
vt 0.8834001 1
vt 0.88339996 1
vt 0.88339996 1
vt 0.8834001 1
vt 0.8834003 1
vt 0.88339967 1
vt 0.8833999 1
vt 0.88339984 1
vt 0.88339996 1
vt 0.88339967 1
vt 0.8833998 1
vt 0.88340014 1
vt 0.88339996 1
vt 0.8834004 1
vt 0.8834 1
vt 0.8834001 1
vt 0.88339996 1
vt 0.8834 1
vt 0.8833999 1
vt 0.88339996 1
vt 0.8823076 1
vt 0.88230747 1
vt 0.9400001 0.93999994
vt 0.97736603 0.8731354
vt 0.92450005 0.8814
vt 0.9040848 0.8798514
vt 0.88356334 0.8796
vt 0.8697858 0.8795998
vt 0.8577277 0.8795998
vt 0.8442454 0.8795999
vt 0.83185476 0.87959975
vt 0.81949705 0.8796
vt 0.80729795 0.87959987
vt 0.7649952 0.87960005
vt 0.7012957 0.87960005
vt 0.6568 0.87959987
vt 0.6378 0.87960005
vt 0.6257 0.8796
vt 0.6176001 0.87960005
vt 0.6111 0.8795999
vt 0.59033716 0.87959987
vt 0.54616165 0.87959975
vt 0.5176736 0.8795997
vt 0.50475436 0.87974006
vt 0.50594676 0.8796749
vt 0.5195587 0.8795997
vt 0.553974 0.8796
vt 0.594898 0.8796001
vt 0.6111 0.8795999
vt 0.6176001 0.87960005
vt 0.62569994 0.8795999
vt 0.63780004 0.8796
vt 0.6567999 0.8796
vt 0.6854 0.87959987
vt 0.71849996 0.8795999
vt 0.7649955 0.8796
vt 0.80902874 0.87960005
vt 0.8223138 0.8795998
vt 0.8341562 0.8795999
vt 0.8467478 0.87959987
vt 0.86113954 0.8796
vt 0.8708754 0.8796
vt 0.8835705 0.87960005
vt 0.9040887 0.8798515
vt 0.92450005 0.8814
vt 0.97736335 0.8731346
vt 0.94 0.94
vt 0.98409986 0.9092
vt 0.96138495 0.8951051
vt 0.93920004 0.8847
vt 0.93920004 0.8847
vt 0.9613762 0.89510006
vt 0.98409986 0.90919995
vt 0.9841 0.9091999
vt 0.9613805 0.8951024
vt 0.93920004 0.8847
vt 0.93920004 0.8847
vt 0.9613717 0.8950974
vt 0.9841 0.90919995
vt 0.9397875 0.9804167
vt 0.9586859 0.9186002
vt 0.93797326 0.90816915
vt 0.9249 0.90070003
vt 0.90501213 0.90009946
vt 0.883934 0.89999986
vt 0.8697655 0.9000002
vt 0.85974115 0.89999986
vt 0.8467513 0.9
vt 0.8318592 0.90000015
vt 0.8194879 0.8999998
vt 0.8072637 0.90000015
vt 0.7650246 0.9000001
vt 0.7013672 0.8999999
vt 0.6568 0.90000004
vt 0.6378 0.9
vt 0.62570006 0.90000004
vt 0.6176001 0.90000004
vt 0.6111 0.90000004
vt 0.58571595 0.89999986
vt 0.5421419 0.8999996
vt 0.51629263 0.9000001
vt 0.50360584 0.8999999
vt 0.505964 0.9
vt 0.51953286 0.9000002
vt 0.54964846 0.9000001
vt 0.5903715 0.9000001
vt 0.6111 0.90000004
vt 0.6176001 0.90000004
vt 0.62570006 0.90000004
vt 0.6378 0.9
vt 0.6568 0.90000004
vt 0.68540007 0.90000004
vt 0.7185001 0.9
vt 0.7650248 0.90000004
vt 0.8089869 0.9000004
vt 0.8223067 0.9000001
vt 0.83415765 0.8999999
vt 0.8467515 0.89999986
vt 0.8611381 0.9000002
vt 0.87271327 0.90000015
vt 0.8876 0.9
vt 0.90501636 0.9000995
vt 0.92489994 0.90069985
vt 0.94352424 0.90977967
vt 0.9653999 0.9246
vt 0.9397891 0.9804149
vt 0.92069995 1
vt 0.92069995 1
vt 0.92079985 1
vt 0.9208 1
vt 0.9208001 1
vt 0.9208 1
vt 0.92079973 1
vt 0.9208 1
vt 0.9207999 1
vt 0.92080003 1
vt 0.9208001 1
vt 0.92079985 1
vt 0.92079985 1
vt 0.9208 1
vt 0.9208001 1
vt 0.9207998 1
vt 0.9207997 1
vt 0.9207996 1
vt 0.9208005 1
vt 0.9207999 1
vt 0.9207997 1
vt 0.92079973 1
vt 0.92079985 1
vt 0.9207998 1
vt 0.92055166 1
vt 0.92055166 1
vt 0.96 0.96000004
vt 0.958684 0.91859853
vt 0.93797314 0.9081691
vt 0.9249 0.90070003
vt 0.90501225 0.90009946
vt 0.88386565 0.9
vt 0.8697893 0.90000004
vt 0.859743 0.9
vt 0.8467531 0.8999999
vt 0.83185816 0.89999974
vt 0.81949484 0.9000001
vt 0.8073118 0.90000004
vt 0.7650246 0.9000001
vt 0.7013672 0.8999999
vt 0.65680003 0.90000004
vt 0.6377999 0.89999986
vt 0.62570006 0.9000001
vt 0.6176001 0.9
vt 0.6111001 0.9
vt 0.5855417 0.8999999
vt 0.54210585 0.9000001
vt 0.5163142 0.9
vt 0.50356346 0.9000001
vt 0.50594306 0.8999996
vt 0.5195622 0.9
vt 0.5496111 0.8999995
vt 0.5902021 0.8999998
vt 0.6111001 0.9
vt 0.6176001 0.9
vt 0.6257 0.9
vt 0.6377999 0.89999986
vt 0.65680003 0.9
vt 0.68540007 0.90000004
vt 0.7185001 0.9
vt 0.7650248 0.8999999
vt 0.8090421 0.8999999
vt 0.8223118 0.90000015
vt 0.8341581 0.9000001
vt 0.8467532 0.90000004
vt 0.86114305 0.9
vt 0.87276787 0.90000033
vt 0.8876 0.9
vt 0.9050165 0.90009964
vt 0.92489994 0.90069985
vt 0.94352406 0.9097795
vt 0.96540004 0.92460006
vt 0.96000004 0.96
vt 0.96000016 1
vt 0.98097473 0.9611428
vt 0.94519997 0.9276
vt 0.93061787 0.92785573
vt 0.9070301 0.91980207
vt 0.8849151 0.91999984
vt 0.8697836 0.91999984
vt 0.8597416 0.9199999
vt 0.84674203 0.9199999
vt 0.83185375 0.9200001
vt 0.8183972 0.9199999
vt 0.8050359 0.92
vt 0.7650524 0.9199998
vt 0.71849996 0.92
vt 0.68539995 0.92
vt 0.6568 0.92
vt 0.63780004 0.92
vt 0.6257 0.92
vt 0.6176 0.92
vt 0.6074125 0.9200001
vt 0.5761044 0.92000014
vt 0.5330382 0.9199999
vt 0.51201206 0.91999966
vt 0.50244486 0.9199999
vt 0.50479 0.9200001
vt 0.51466817 0.91999984
vt 0.53924847 0.92
vt 0.58561516 0.9200001
vt 0.6111001 0.92000014
vt 0.6176 0.92
vt 0.6257 0.9200001
vt 0.6378 0.92
vt 0.6567999 0.92
vt 0.68539995 0.91999996
vt 0.7185 0.9200001
vt 0.7650526 0.9200001
vt 0.80723244 0.92
vt 0.82106316 0.9199998
vt 0.8341547 0.91999996
vt 0.846742 0.9199999
vt 0.8611398 0.9199999
vt 0.8727942 0.92000014
vt 0.8885 0.9199999
vt 0.9070357 0.9198019
vt 0.93062556 0.92787695
vt 0.9452001 0.9276
vt 0.9809746 0.9611367
vt 0.9599999 1
vt 0.95999974 1
vt 0.96 1
vt 0.96 1
vt 0.96000016 1
vt 0.980967 0.9612889
vt 0.94519997 0.9276
vt 0.93061787 0.92785573
vt 0.9070301 0.91980195
vt 0.8847983 0.92
vt 0.8698182 0.9199998
vt 0.85974026 0.91999984
vt 0.8467622 0.91999996
vt 0.8318644 0.9199999
vt 0.8184005 0.9199999
vt 0.80509657 0.91999996
vt 0.7650524 0.9199998
vt 0.71849996 0.92
vt 0.68539995 0.92
vt 0.6568 0.9200001
vt 0.6378 0.92
vt 0.6257 0.92
vt 0.6176 0.9200001
vt 0.6075258 0.9200001
vt 0.5760876 0.9200001
vt 0.53301424 0.91999984
vt 0.51202786 0.9200001
vt 0.5023862 0.92000014
vt 0.5047683 0.92
vt 0.5146959 0.9199997
vt 0.5391722 0.9200002
vt 0.58532226 0.9199998
vt 0.61110014 0.9200001
vt 0.6176 0.9200001
vt 0.6257 0.9199999
vt 0.6378 0.92
vt 0.6568 0.92
vt 0.68539995 0.91999996
vt 0.7185 0.9200001
vt 0.7650526 0.9200001
vt 0.8073115 0.92
vt 0.82106197 0.92000014
vt 0.83416075 0.9199999
vt 0.84676206 0.91999996
vt 0.8611381 0.91999984
vt 0.8728775 0.9199996
vt 0.8885 0.9199999
vt 0.9070357 0.9198018
vt 0.93062544 0.92787695
vt 0.9452 0.92759997
vt 0.9809673 0.9612797
vt 0.96610695 0.9551561
vt 0.943 0.9541999
vt 0.92181766 0.9491236
vt 0.90329987 0.94000006
vt 0.89 0.93999994
vt 0.8729552 0.9399999
vt 0.8611422 0.93999994
vt 0.8467263 0.9400002
vt 0.8318421 0.94000024
vt 0.81840855 0.93999976
vt 0.7981375 0.9400001
vt 0.75139993 0.93999994
vt 0.7185 0.94000006
vt 0.6854 0.94
vt 0.6567999 0.94
vt 0.6378 0.94
vt 0.62570006 0.93999994
vt 0.6176001 0.94
vt 0.59915215 0.9399999
vt 0.5622671 0.93999964
vt 0.52571964 0.93999976
vt 0.5095084 0.93999976
vt 0.5024847 0.94000006
vt 0.5036252 0.94
vt 0.51071906 0.9399999
vt 0.52769667 0.9399997
vt 0.56691784 0.93999964
vt 0.6033892 0.9399999
vt 0.6176001 0.94
vt 0.62570006 0.93999994
vt 0.6378 0.94000006
vt 0.65680003 0.94000006
vt 0.68540007 0.94000006
vt 0.7185001 0.94000006
vt 0.765095 0.9399999
vt 0.8071571 0.93999994
vt 0.81950086 0.94000006
vt 0.83184206 0.93999994
vt 0.8467262 0.93999994
vt 0.8623816 0.9400001
vt 0.8743383 0.93999994
vt 0.89000005 0.94000006
vt 0.9033 0.94000006
vt 0.9218171 0.9491224
vt 0.94299996 0.95419997
vt 0.966096 0.9551418
vt 0.9599999 1
vt 0.9600001 1
vt 0.9599999 1
vt 0.95999986 1
vt 0.96000004 1
vt 0.96000004 1
vt 0.9599999 1
vt 0.9599999 1
vt 0.9600001 1
vt 0.9599998 1
vt 0.9599998 1
vt 0.9600003 1
vt 0.96000016 1
vt 0.9600002 1
vt 0.9600003 1
vt 0.9599995 1
vt 0.96000016 1
vt 0.95999956 1
vt 0.9599996 1
vt 0.9599996 1
vt 0.9599997 1
vt 0.9600001 1
vt 0.96 1
vt 0.96000016 1
vt 0.9599999 1
vt 0.96 1
vt 0.96610683 0.955156
vt 0.9430001 0.9542
vt 0.9218198 0.94913036
vt 0.9033 0.94
vt 0.8899999 0.93999994
vt 0.8731001 0.93999976
vt 0.86113 0.94
vt 0.84677917 0.94
vt 0.8318751 0.9400002
vt 0.8183972 0.93999964
vt 0.79789275 0.9399999
vt 0.75139993 0.93999994
vt 0.7185 0.94000006
vt 0.6854 0.94
vt 0.65680003 0.94
vt 0.6378 0.94000006
vt 0.62569994 0.94
vt 0.61759996 0.93999994
vt 0.5987605 0.94
vt 0.5622753 0.94000006
vt 0.5257742 0.93999976
vt 0.5095231 0.9399999
vt 0.50238013 0.94
vt 0.5036041 0.9399999
vt 0.5107533 0.93999994
vt 0.5277112 0.93999964
vt 0.5670391 0.93999994
vt 0.6031569 0.94
vt 0.61759996 0.9400001
vt 0.6257 0.94000006
vt 0.6378 0.94000006
vt 0.6568 0.9400001
vt 0.68540007 0.94000006
vt 0.7185001 0.94000006
vt 0.765095 0.9399999
vt 0.8073101 0.93999964
vt 0.8194902 0.9400001
vt 0.83187485 0.94
vt 0.84677935 0.9399999
vt 0.8623639 0.9399998
vt 0.8744759 0.9400001
vt 0.88999987 0.94
vt 0.90329987 0.93999994
vt 0.9218192 0.9491286
vt 0.943 0.95419997
vt 0.96609586 0.9551416
vt 0.5795135 1
vt 0.5 1
vt 0.9556 0.9763
vt 0.932 0.9791
vt 0.9072213 0.97023684
vt 0.8897408 0.97010815
vt 0.87328017 0.9680943
vt 0.862557 0.9689904
vt 0.84798765 0.970427
vt 0.82952744 0.96913415
vt 0.8160858 0.969125
vt 0.7962479 0.9695685
vt 0.7544869 0.9699307
vt 0.71855074 0.9701223
vt 0.682406 0.9699669
vt 0.6525283 0.96952456
vt 0.63504624 0.9688785
vt 0.62290114 0.97233236
vt 0.6011583 0.97174335
vt 0.57121176 0.96813816
vt 0.5330738 0.97091454
vt 0.51379615 0.9667461
vt 0.5055852 0.9664831
vt 0.5012381 0.97002584
vt 0.5023999 0.9699828
vt 0.50669175 0.9678415
vt 0.5167642 0.9666631
vt 0.5366312 0.9719503
vt 0.5785221 0.967204
vt 0.60671264 0.9734699
vt 0.62504673 0.96883214
vt 0.6398246 0.9725054
vt 0.6677075 0.9698884
vt 0.6842 0.96
vt 0.7185506 0.9701219
vt 0.76888704 0.9698922
vt 0.8051628 0.96755165
vt 0.8178096 0.9700476
vt 0.8317027 0.9691189
vt 0.8491003 0.96903
vt 0.86460924 0.97012633
vt 0.8746822 0.9678622
vt 0.88974047 0.9701142
vt 0.9072214 0.97023696
vt 0.93199986 0.9790999
vt 0.95559996 0.97629994
vt 0.5 1
vt 0.5802981 1
vt 0.49999997 1
vt 0.50000006 1
vt 0.5 1
vt 0.4999999 1
vt 0.5 1
vt 0.5 1
vt 0.50000006 1
vt 0.49999997 1
vt 0.5000001 1
vt 0.5000001 1
vt 0.5000001 1
vt 0.49999988 1
vt 0.5000001 1
vt 0.4999999 1
vt 0.5 1
vt 0.5 1
vt 0.5000159 1
vt 0.5000138 1
vt 0.49999994 1
vt 0.49999997 1
vt 0.4999999 1
vt 0.5000002 1
vt 0.5448081 1
vt 0.54481393 1
vt 0.5 1
vt 0.5 1
vt 0.71428573 1
vt 0.5 1
vt 0.9556 0.9763
vt 0.932 0.9791
vt 0.90722364 0.9702623
vt 0.8897373 0.9701485
vt 0.87351453 0.96828896
vt 0.86254895 0.9691264
vt 0.8481495 0.9705777
vt 0.82961893 0.96905595
vt 0.8160735 0.96905607
vt 0.79562235 0.9694831
vt 0.75448895 0.96994245
vt 0.7185509 0.97017366
vt 0.68239766 0.97001284
vt 0.6526017 0.9692527
vt 0.6349586 0.96937937
vt 0.62325746 0.9718693
vt 0.6010019 0.97183377
vt 0.57185847 0.96767795
vt 0.5328791 0.97095907
vt 0.514221 0.9660113
vt 0.5056133 0.9661558
vt 0.5011914 0.9699273
vt 0.50240004 0.9701013
vt 0.50673604 0.9673138
vt 0.5171118 0.9661286
vt 0.5362591 0.97200483
vt 0.5789736 0.96680725
vt 0.60641867 0.9736153
vt 0.62503994 0.9690038
vt 0.6391986 0.97243375
vt 0.6667789 0.96915984
vt 0.6842 0.96000004
vt 0.7185509 0.9701734
vt 0.768893 0.96990544
vt 0.80533785 0.9672784
vt 0.81777644 0.9699627
vt 0.83177435 0.9690568
vt 0.8492628 0.9691336
vt 0.8645774 0.97026306
vt 0.874881 0.9680983
vt 0.88973707 0.97015303
vt 0.9072236 0.97026145
vt 0.932 0.97909987
vt 0.9555999 0.97630006
vt 0.4999999 1
vt 0.71428573 1
vt 0.030199999 1
vt 0.27703622 1
vt 0.2873035 1
vt 0.3085513 1
vt 0.3074266 1
vt 0.31857786 1
vt 0.3293397 1
vt 0.34157968 1
vt 0.35117432 1
vt 0.36050642 1
vt 0.367491 1
vt 0.5 1
vt 0.28140002 1
vt 0.40608495 1
vt 0.44283995 1
vt 0.4322025 1
vt 0.47288302 1
vt 0.48085657 1
vt 0.49247026 1
vt 0.49652255 1
vt 0.49759722 1
vt 0.5 1
vt 0.49878353 1
vt 0.49759585 1
vt 0.4976603 1
vt 0.49076933 1
vt 0.47220716 1
vt 0.47615495 1
vt 0.42578313 1
vt 0.42206025 1
vt 0.40607738 1
vt 0.38709235 1
vt 0.36748898 1
vt 0.38284674 1
vt 0.33484262 1
vt 0.33976597 1
vt 0.32742018 1
vt 0.3177256 1
vt 0.30442366 1
vt 0.30900368 1
vt 0.28743452 1
vt 0.27714983 1
vt 0.0302 1
vt 0.030200006 1
vt 0.05879892 1
vt 0.0840921 1
vt 0.10413917 1
vt 0.122334056 1
vt 0.13498664 1
vt 0.15225028 1
vt 0.17322364 1
vt 0.18674739 1
vt 0.21245007 1
vt 0.24740002 1
vt 0.2815 1
vt 0.3158 1
vt 0.34490004 1
vt 0.3881845 1
vt 0.43356183 1
vt 0.4664207 1
vt 0.48709714 1
vt 0.4929 1
vt 0.49641404 1
vt 0.5 1
vt 0.4976 1
vt 0.4952 1
vt 0.4929 1
vt 0.48242915 1
vt 0.45846453 1
vt 0.4335618 1
vt 0.38818446 1
vt 0.3449 1
vt 0.31580004 1
vt 0.28149998 1
vt 0.24739999 1
vt 0.21244973 1
vt 0.18555768 1
vt 0.17036182 1
vt 0.14861247 1
vt 0.13266273 1
vt 0.12006059 1
vt 0.10413941 1
vt 0.084092245 1
vt 0.05879898 1
vt 0.0302 1
vt 0.030200003 1
vt 0.0587 1
vt 0.0837 1
vt 0.1035 1
vt 0.12262328 1
vt 0.13496709 1
vt 0.1533691 1
vt 0.17424108 1
vt 0.1867497 1
vt 0.21413785 1
vt 0.24860002 1
vt 0.28150004 1
vt 0.3146 1
vt 0.34319997 1
vt 0.39321724 1
vt 0.4381039 1
vt 0.46875224 1
vt 0.48827577 1
vt 0.49289998 1
vt 0.49642217 1
vt 0.5 1
vt 0.49759987 1
vt 0.4952 1
vt 0.49289998 1
vt 0.48234636 1
vt 0.45834652 1
vt 0.43353954 1
vt 0.38848746 1
vt 0.34320003 1
vt 0.31460005 1
vt 0.2815 1
vt 0.24859998 1
vt 0.21413758 1
vt 0.18555173 1
vt 0.16999535 1
vt 0.14864932 1
vt 0.13268298 1
vt 0.12002855 1
vt 0.1035 1
vt 0.0837 1
vt 0.058700003 1
vt 0.0302 1
vt 0.0302 1
vt 0.058699984 1
vt 0.083699994 1
vt 0.10349999 1
vt 0.122062 1
vt 0.13501607 1
vt 0.15334204 1
vt 0.17436278 1
vt 0.18669862 1
vt 0.21360737 1
vt 0.2486 1
vt 0.28149998 1
vt 0.3146 1
vt 0.3432 1
vt 0.39200103 1
vt 0.43820134 1
vt 0.46860352 1
vt 0.4882663 1
vt 0.49289998 1
vt 0.49642643 1
vt 0.5 1
vt 0.4976 1
vt 0.4952 1
vt 0.49289998 1
vt 0.48223364 1
vt 0.4583271 1
vt 0.43373853 1
vt 0.38752046 1
vt 0.3432 1
vt 0.31459996 1
vt 0.2815 1
vt 0.2486 1
vt 0.21360707 1
vt 0.18549842 1
vt 0.17030323 1
vt 0.14861962 1
vt 0.13266897 1
vt 0.11976006 1
vt 0.10350001 1
vt 0.08369999 1
vt 0.058700006 1
vt 0.030199997 1
vt 0.030199999 1
vt 0.058699984 1
vt 0.08370003 1
vt 0.103500016 1
vt 0.12122334 1
vt 0.13517143 1
vt 0.1532523 1
vt 0.17444879 1
vt 0.18680967 1
vt 0.21283795 1
vt 0.24860005 1
vt 0.28149998 1
vt 0.31460002 1
vt 0.34319997 1
vt 0.39149085 1
vt 0.43822762 1
vt 0.46839777 1
vt 0.48829657 1
vt 0.49289998 1
vt 0.49643147 1
vt 0.5 1
vt 0.4975999 1
vt 0.49519995 1
vt 0.4929 1
vt 0.4822674 1
vt 0.45824993 1
vt 0.43386436 1
vt 0.38701174 1
vt 0.34319997 1
vt 0.31459996 1
vt 0.2815 1
vt 0.24859993 1
vt 0.21283771 1
vt 0.18555678 1
vt 0.17037934 1
vt 0.14848284 1
vt 0.1327845 1
vt 0.119404726 1
vt 0.10350002 1
vt 0.08370001 1
vt 0.05870001 1
vt 0.030199999 1
vt 0.030199995 1
vt 0.058699965 1
vt 0.0837 1
vt 0.1035 1
vt 0.1862769 0.9525791
vt 0.24212663 0.89498353
vt 0.21628283 0.89395034
vt 0.2496553 0.89401066
vt 0.29122096 0.9104822
vt 0.21461827 1
vt 0.24860004 1
vt 0.28149992 1
vt 0.31459996 1
vt 0.34319982 1
vt 0.47485727 0.8075696
vt 0.5764728 0.664742
vt 0.58672327 0.6865575
vt 0.48935083 0.99866384
vt 0.4929001 1
vt 0.4964379 1
vt 0.5 1
vt 0.49759993 1
vt 0.49519998 1
vt 0.4929001 1
vt 0.53223807 0.8714436
vt 0.5833246 0.6798033
vt 0.5751817 0.66124684
vt 0.45641375 0.836879
vt 0.3431999 1
vt 0.31459993 1
vt 0.28149992 1
vt 0.24859993 1
vt 0.21461819 1
vt 0.2881584 0.90838426
vt 0.23846339 0.8937526
vt 0.21640134 0.89442796
vt 0.26748964 0.8865834
vt 0.12034803 0.9991165
vt 0.103499986 1
vt 0.0837 1
vt 0.05869998 1
vt 0.030200008 1
vt 0.030200008 1
vt 0.05870001 1
vt 0.0837 1
vt 0.103500016 1
vt 0.24755625 0.91084266
vt 0.3412586 0.8800244
vt 0.21393174 1
vt 0.24860004 1
vt 0.28150013 1
vt 0.31460005 1
vt 0.34320003 1
vt 0.52806175 0.67383134
vt 0.6720825 0.48335508
vt 0.48998094 0.99665445
vt 0.49290007 1
vt 0.49643624 1
vt 0.5 1
vt 0.4975999 1
vt 0.4952 1
vt 0.49290007 1
vt 0.5923667 0.70805824
vt 0.52806795 0.6738199
vt 0.34319997 1
vt 0.3145999 1
vt 0.28149998 1
vt 0.24860004 1
vt 0.21393159 1
vt 0.3412611 0.88002264
vt 0.3321802 0.85205525
vt 0.12188978 0.9981413
vt 0.10349999 1
vt 0.08369999 1
vt 0.0587 1
vt 0.0302 1
vt 0.030199997 1
vt 0.058699995 1
vt 0.083699994 1
vt 0.10349999 1
vt 0.24680978 0.9127252
vt 0.34218624 0.88119084
vt 0.21400665 1
vt 0.2486 1
vt 0.2815 1
vt 0.31459993 1
vt 0.34319994 1
vt 0.5205174 0.7026806
vt 0.6183257 0.56314737
vt 0.6485051 0.530603
vt 0.4897368 0.9976304
vt 0.49289986 1
vt 0.49643746 1
vt 0.5 1
vt 0.49760026 1
vt 0.49519986 1
vt 0.49289998 1
vt 0.5687162 0.7740342
vt 0.62912613 0.56284356
vt 0.6171165 0.56045616
vt 0.5076079 0.72311896
vt 0.34320003 1
vt 0.3146 1
vt 0.28149998 1
vt 0.24859996 1
vt 0.2140064 1
vt 0.34219107 0.8811879
vt 0.3338891 0.8531703
vt 0.12187085 0.99817234
vt 0.103500016 1
vt 0.0837 1
vt 0.0587 1
vt 0.030200005 1
vt 0.030199999 1
vt 0.058700014 1
vt 0.0837 1
vt 0.10350004 1
vt 0.22090651 0.93135816
vt 0.3347902 0.888633
vt 0.21482101 1
vt 0.24860011 1
vt 0.2815001 1
vt 0.31460005 1
vt 0.34319988 1
vt 0.38998768 1
vt 0.438175 1
vt 0.46630684 1
vt 0.48870736 1
vt 0.4929 1
vt 0.49643642 1
vt 0.5 1
vt 0.49759993 1
vt 0.49519995 1
vt 0.49290004 1
vt 0.48386002 1
vt 0.4576145 1
vt 0.4339267 1
vt 0.38404426 1
vt 0.34320006 1
vt 0.31459996 1
vt 0.2815 1
vt 0.2485999 1
vt 0.21482104 1
vt 0.33479452 0.8886272
vt 0.32825413 0.85902333
vt 0.12155829 0.9983085
vt 0.10350002 1
vt 0.083699994 1
vt 0.05869999 1
vt 0.030199995 1
vt 0.030199999 1
vt 0.05869998 1
vt 0.058699984 1
vt 0.0837 1
vt 0.10350001 1
vt 0.1591757 0.9838045
vt 0.25726217 0.9673645
vt 0.21402736 1
vt 0.24860026 1
vt 0.28150013 1
vt 0.3145999 1
vt 0.3432003 1
vt 0.38805214 1
vt 0.43810192 1
vt 0.46213013 1
vt 0.48892114 1
vt 0.49289924 1
vt 0.49643806 1
vt 0.5 1
vt 0.4976001 1
vt 0.4952002 1
vt 0.49289924 1
vt 0.48607132 1
vt 0.4571803 1
vt 0.4339244 1
vt 0.3798708 1
vt 0.34320018 1
vt 0.31460002 1
vt 0.2814999 1
vt 0.24859999 1
vt 0.2140274 1
vt 0.25727096 0.96735966
vt 0.25046152 0.94705594
vt 0.11935412 0.9998433
vt 0.103500046 1
vt 0.08370011 1
vt 0.05869997 1
vt 0.030199993 1
vt 0.030199992 1
vt 0.058699984 1
vt 0.08370003 1
vt 0.10349998 1
vt 0.22913857 0.97952956
vt 0.33407897 0.96942204
vt 0.21411338 1
vt 0.24860002 1
vt 0.2815 1
vt 0.31460002 1
vt 0.34319997 1
vt 0.38964704 1
vt 0.43809304 1
vt 0.46564162 1
vt 0.48871976 1
vt 0.49290007 1
vt 0.49643692 1
vt 0.5 1
vt 0.49759993 1
vt 0.49519992 1
vt 0.49290004 1
vt 0.48424655 1
vt 0.45751718 1
vt 0.43385282 1
vt 0.38325867 1
vt 0.34319997 1
vt 0.31460008 1
vt 0.2815 1
vt 0.24859995 1
vt 0.21411325 1
vt 0.33408234 0.9694224
vt 0.33165032 0.9604649
vt 0.12149912 0.9995502
vt 0.10349996 1
vt 0.0837 1
vt 0.058700014 1
vt 0.0302 1
vt 0.030200003 1
vt 0.058699995 1
vt 0.08370003 1
vt 0.10349997 1
vt 0.17693073 0.99298674
vt 0.2574008 0.9996059
vt 0.22856152 1
vt 0.2725967 1
vt 0.30311528 0.99102557
vt 0.21418275 1
vt 0.2486 1
vt 0.28149995 1
vt 0.3146001 1
vt 0.3431999 1
vt 0.38244498 1
vt 0.42852116 1
vt 0.4662601 1
vt 0.4889283 1
vt 0.4929 1
vt 0.49643776 1
vt 0.5 1
vt 0.4976001 1
vt 0.49519986 1
vt 0.49290004 1
vt 0.4863746 1
vt 0.46004236 1
vt 0.42253697 1
vt 0.37711048 1
vt 0.34320003 1
vt 0.3146001 1
vt 0.28150013 1
vt 0.2486 1
vt 0.21418257 1
vt 0.30008894 0.99185807
vt 0.26552704 1
vt 0.23266129 1
vt 0.28111696 0.9899421
vt 0.120845884 0.9998109
vt 0.103500016 1
vt 0.08369999 1
vt 0.058699977 1
vt 0.030200005 1
vt 0.030199995 1
vt 0.058699988 1
vt 0.0837 1
vt 0.10350001 1
vt 0.1220996 1
vt 0.13482842 1
vt 0.15333351 1
vt 0.17436059 1
vt 0.18659545 1
vt 0.2139056 1
vt 0.2486 1
vt 0.28149998 1
vt 0.3146 1
vt 0.34320003 1
vt 0.38451713 1
vt 0.4281241 1
vt 0.4716055 1
vt 0.48827526 1
vt 0.49289998 1
vt 0.496446 1
vt 0.5 1
vt 0.4975999 1
vt 0.4952 1
vt 0.49289995 1
vt 0.4839244 1
vt 0.46154672 1
vt 0.42130986 1
vt 0.38115594 1
vt 0.3432 1
vt 0.31460002 1
vt 0.28150004 1
vt 0.24860005 1
vt 0.21390544 1
vt 0.18539715 1
vt 0.17029956 1
vt 0.14889616 1
vt 0.13269258 1
vt 0.11963649 1
vt 0.103499986 1
vt 0.0837 1
vt 0.0587 1
vt 0.0302 1
vt 0.030200003 1
vt 0.058900002 1
vt 0.059499998 1
vt 0.08575765 1
vt 0.10670198 1
vt 0.12324038 1
vt 0.13489497 1
vt 0.1507429 1
vt 0.1723643 1
vt 0.18649761 1
vt 0.20946257 1
vt 0.24549568 1
vt 0.28144956 1
vt 0.31760558 1
vt 0.34764823 1
vt 0.38653442 1
vt 0.43042067 1
vt 0.4661538 1
vt 0.48461017 1
vt 0.4929 1
vt 0.4964378 1
vt 0.5 1
vt 0.4976 1
vt 0.4952 1
vt 0.49290004 1
vt 0.48232412 1
vt 0.45578307 1
vt 0.4224956 1
vt 0.38292626 1
vt 0.3476483 1
vt 0.3176056 1
vt 0.28144953 1
vt 0.2474 1
vt 0.24360003 1
vt 0.2094623 1
vt 0.18538167 1
vt 0.17048205 1
vt 0.14850359 1
vt 0.13266754 1
vt 0.12123923 1
vt 0.10670281 1
vt 0.08575826 1
vt 0.059196375 1
vt 0.030199997 1
vt 0.5 1
vt 0.5000001 1
vt 0.5 1
vt 0.49999994 1
vt 0.4878798 1
vt 0.5000001 1
vt 0.49999997 1
vt 0.49999997 1
vt 0.5270357 1
vt 0.50000006 1
vt 0.49999997 1
vt 0.5 1
vt 0.48847628 1
vt 0.50000006 1
vt 0.4999999 1
vt 0.49999997 1
vt 0.50000006 1
vt 0.49999997 1
vt 0.5 1
vt 0.5 1
vt 0.49999994 1
vt 0.5 1
vt 0.50000006 1
vt 0.49999994 1
vt 0.4999999 1
vt 0.49999994 1
vt 0.50000006 1
vt 0.47337997 1
vt 0.5 1
vt 0.50000006 1
vt 0.5 1
vt 0.52077925 1
vt 0.4999999 1
vt 0.49999994 1
vt 0.48808306 1
vt 0.49999997 1
vt 0.50000006 1
vt 0.49999997 1
vt 0.50000006 1
vt 0.4999999 1
vt 0.9464299 0.3870748
vt 0.78829557 0.36116445
vt 0.5369296 0.3579682
vt 0.63257724 0.3594916
vt 0.90344304 0.37270278
vt 0.9823387 0.034388036
vt 0.90748376 0.031842176
vt 0.8469229 0.043096006
vt 0.8454701 0.05572651
vt 0.84570795 0.056482796
vt 0.845835 0.056951463
vt 0.8455503 0.055900786
vt 0.8454504 0.05575909
vt 0.84827805 0.04064477
vt 0.9145887 0.031833965
vt 0.9823386 0.034388028
vt 0.8737135 0.37132984
vt 0.5876536 0.35825303
vt 0.5623212 0.35872713
vt 0.86682254 0.37002888
vt 0.94763577 0.40092707
vt 0.8485144 0.35839802
vt 0.5584186 0.33329985
vt 0.74499714 0.3509595
vt 0.942739 0.3882782
vt 0.99077684 0.014978921
vt 0.9068897 0.003004326
vt 0.8475804 0.007846897
vt 0.8461216 0.056114584
vt 0.8461219 0.056114618
vt 0.84848046 0.0076736
vt 0.91404593 0.0030064033
vt 0.99077666 0.014978919
vt 0.9327538 0.38538134
vt 0.7019098 0.34734675
vt 0.65294206 0.3428122
vt 0.9195619 0.38302153
vt 0.9538586 0.4067648
vt 0.85927516 0.3746209
vt 0.7992982 0.37463507
vt 0.94774866 0.39739364
vt 0.98794264 0.022067288
vt 0.9075812 0.016467743
vt 0.84722555 0.028506873
vt 0.8454555 0.055646636
vt 0.8457425 0.056214754
vt 0.84583 0.05637145
vt 0.84556717 0.055903364
vt 0.84543 0.05566885
vt 0.8481974 0.0267689
vt 0.9146535 0.01644667
vt 0.98794264 0.022067294
vt 0.9387931 0.39543438
vt 0.78023857 0.37462008
vt 0.76476264 0.37461618
vt 0.92653733 0.3939101
vt 0.93703896 0.42678735
vt 0.8620218 0.3835128
vt 0.8017023 0.38343063
vt 0.93741965 0.4133752
vt 0.9294016 0.4108109
vt 0.7805059 0.3833667
vt 0.76475936 0.38335195
vt 0.9159649 0.40908208
vt 0.94032705 0.6642115
vt 0.86957085 0.64332527
vt 0.80716074 0.65207815
vt 0.93739504 0.6486145
vt 0.92822164 0.6472508
vt 0.78234065 0.66018194
vt 0.76478183 0.6646135
vt 0.91673297 0.6539261
vt 0.94655704 0.8373292
vt 0.8583742 0.8255324
vt 0.7988862 0.82552034
vt 0.9407734 0.83486134
vt 0.9332119 0.8341315
vt 0.7800469 0.8255263
vt 0.7647355 0.8255297
vt 0.92579216 0.83333373
vt 0.94289756 0.8869081
vt 0.84059256 0.94045
vt 0.56081986 1
vt 0.70977944 0.96032214
vt 0.9162485 0.92053246
vt 0.9015189 0.92295897
vt 0.6704714 0.9668893
vt 0.6035934 0.9814241
vt 0.8880168 0.9231018
vt 0.9871504 0.08934484
vt 0.9072705 0.08754286
vt 0.8481039 0.085309185
vt 0.8467002 0.089238614
vt 0.84669983 0.08818639
vt 0.8467003 0.0874433
vt 0.8467004 0.08907729
vt 0.84670067 0.08928127
vt 0.8494172 0.08527294
vt 0.9145277 0.08752808
vt 0.98715067 0.08934481
vt 0.73375416 0.3575157
vt 0.56558776 0.35351795
vt 0.64974236 0.35594183
vt 1 0.0854997
vt 0.8466987 0.103531666
vt 0.8467001 0.1158
vt 0.84670013 0.10091741
vt 0.8467001 0.09877131
vt 0.8467 0.11579999
vt 0.84669995 0.11579998
vt 0.8466988 0.10335681
vt 1 0.08549968
vt 0.6327995 0.35534292
vt 0.61706966 0.35485986
vt 0.734665 0.37460166
vt 0.59425086 0.37468758
vt 0.6505318 0.37555462
vt 0.9907131 0.08960537
vt 0.9072704 0.08754298
vt 0.8473972 0.090449214
vt 0.84669954 0.08601661
vt 0.84669936 0.08725165
vt 0.84670067 0.087790124
vt 0.84669995 0.0861921
vt 0.84669936 0.0860087
vt 0.8480676 0.09052394
vt 0.91452765 0.087528236
vt 0.9907133 0.08960541
vt 0.63291633 0.37517035
vt 0.6254402 0.3748515
vt 0.7342179 0.3834076
vt 0.5750515 0.3875488
vt 0.65193945 0.38536403
vt 0.6366532 0.38584033
vt 0.62298745 0.38624796
vt 0.73879546 0.6783468
vt 0.5623582 0.5768995
vt 0.6804203 0.63378036
vt 0.6621662 0.62651014
vt 0.64426035 0.6223272
vt 0.7436952 0.82552856
vt 0.5687994 0.8260313
vt 0.7200425 0.82554626
vt 0.71156 0.82558376
vt 0.7024379 0.82563716
vt 0.7391166 0.8714477
vt 0.5626805 0.9419589
vt 0.6837273 0.89931905
vt 0.6661152 0.9043719
vt 0.6500207 0.90825933
vt 0.98575604 0.18414207
vt 0.9076596 0.18814555
vt 0.8520985 0.18137914
vt 0.8553753 0.18240711
vt 0.91488343 0.1881168
vt 0.985756 0.18414211
vt 0.9950893 0.28729063
vt 0.90718055 0.34712297
vt 0.8473049 0.19085576
vt 0.8466999 0.1393238
vt 0.8467002 0.13908447
vt 0.84669966 0.13891216
vt 0.84669954 0.13932097
vt 0.8466997 0.13932402
vt 0.84789455 0.19638048
vt 0.9142772 0.34726417
vt 0.9950893 0.28729063
vt 0.9899588 0.25829178
vt 0.9074315 0.26379713
vt 0.8489792 0.2048714
vt 0.84670025 0.12596506
vt 0.8467007 0.12443866
vt 0.8466998 0.12278584
vt 0.8467002 0.12596954
vt 0.8466998 0.12596442
vt 0.850983 0.21386188
vt 0.9145942 0.26387265
vt 0.98995894 0.25829196
vt 0.9926484 0.5277723
vt 0.9077213 0.52232456
vt 0.849358 0.5293382
vt 0.8512779 0.5290179
vt 0.9149482 0.52170545
vt 0.99264926 0.52777255
vt 0.98891556 0.52754873
vt 0.9077221 0.522325
vt 0.85115093 0.52936584
vt 0.85398483 0.5288518
vt 0.91494876 0.52170616
vt 0.9889154 0.52754873
vt 0.9930492 0.61788183
vt 0.9065571 0.6178548
vt 0.8493976 0.6172494
vt 0.85124046 0.6172842
vt 0.9143632 0.6178884
vt 0.99304897 0.6178817
vt 0.98957044 0.61800647
vt 0.9065569 0.6178547
vt 0.8510907 0.617313
vt 0.85375965 0.61735964
vt 0.9143634 0.61788845
vt 0.98957103 0.6180065
vt 0.588 0.8478999
vt 0.58669996 0.84930146
vt 0.5867 0.8481268
vt 0.58670014 0.8491257
vt 0.5867001 0.84906954
vt 0.588 0.8478999
vt 0.9927313 0.7106469
vt 0.90725195 0.7109537
vt 0.8494219 0.6990514
vt 0.61169934 0.8467002
vt 0.5940375 0.84677184
vt 0.5876002 0.84669983
vt 0.58670014 0.8466998
vt 0.5867002 0.84670013
vt 0.58669996 0.8466999
vt 0.58670026 0.84669995
vt 0.5894037 0.84677744
vt 0.59776205 0.84669983
vt 0.61171603 0.84670013
vt 0.8512979 0.69969994
vt 0.9149 0.71173215
vt 0.9927309 0.71064657
vt 0.98910177 0.7117245
vt 0.9072517 0.71095353
vt 0.85112315 0.6997963
vt 0.6138 0.8467001
vt 0.59571147 0.84686816
vt 0.5879799 0.8469434
vt 0.5867002 0.8474755
vt 0.5866999 0.84720945
vt 0.58669984 0.8475448
vt 0.5867003 0.84735405
vt 0.5898516 0.84697014
vt 0.60020006 0.84669983
vt 0.6137 0.8467001
vt 0.8538321 0.70071316
vt 0.9148999 0.7117321
vt 0.9891018 0.7117246
vt 0.6329676 0.8869904
vt 0.61372465 0.88023573
vt 0.59617287 0.8747528
vt 0.5879999 0.8747659
vt 0.5867001 0.87815946
vt 0.5866998 0.8783369
vt 0.5867001 0.8802297
vt 0.58670014 0.8772248
vt 0.5900838 0.87475437
vt 0.6001998 0.87476224
vt 0.6218197 0.88308257
vt 0.99262667 0.8643605
vt 0.9144731 0.8577158
vt 0.78813297 0.8442615
vt 0.6557164 0.8522223
vt 0.61369985 0.8482117
vt 0.60019994 0.8479
vt 0.60019994 0.8479
vt 0.62705183 0.84828925
vt 0.66952795 0.8571157
vt 0.7968253 0.8411757
vt 0.93015355 0.8629943
vt 0.9955875 0.86435044
vt 0.98893726 0.8628162
vt 0.9144731 0.85771585
vt 0.788635 0.8516466
vt 0.65387386 0.8604117
vt 0.61369985 0.86444247
vt 0.59699684 0.86909974
vt 0.58799994 0.8603473
vt 0.5867001 0.8567121
vt 0.58670014 0.8527196
vt 0.58670014 0.8572327
vt 0.58669984 0.85618865
vt 0.59038925 0.86422163
vt 0.6001999 0.8704759
vt 0.6235813 0.86345917
vt 0.6709628 0.86283964
vt 0.800847 0.84745806
vt 0.9301537 0.86299425
vt 0.9930725 0.862585
vt 0.5921 0.9034
vt 0.58800006 0.8948879
vt 0.5867 0.887198
vt 0.58669996 0.8867003
vt 0.5866998 0.8871151
vt 0.5866999 0.8871504
vt 0.58941466 0.897825
vt 0.6331514 0.9304027
vt 0.6137507 0.93028754
vt 0.59617645 0.93026376
vt 0.58800006 0.93026614
vt 0.5867001 0.93028927
vt 0.58669996 0.93094116
vt 0.5867 0.930502
vt 0.58669996 0.9302802
vt 0.5900796 0.9302646
vt 0.6002 0.9302644
vt 0.62320757 0.93034375
vt 0.99358946 0.94580066
vt 0.926622 0.94511
vt 0.7752452 0.93549114
vt 0.6588517 0.93045074
vt 0.67446685 0.9301781
vt 0.8012869 0.9372302
vt 0.9334052 0.9443968
vt 0.9957889 0.94615793
vt 0.9904396 0.94421625
vt 0.9266219 0.9451102
vt 0.7752455 0.93549114
vt 0.64544964 0.93042576
vt 0.6136999 0.93028766
vt 0.60020006 0.93026423
vt 0.60020006 0.93026423
vt 0.62323356 0.9303439
vt 0.67446667 0.9301782
vt 0.8012873 0.93723
vt 0.9334056 0.9443966
vt 0.9935767 0.944596
vt 0.5921 0.9302634
vt 0.588 0.93026596
vt 0.5867002 0.9302897
vt 0.5866999 0.93094087
vt 0.5867 0.930502
vt 0.5867001 0.9302803
vt 0.5900796 0.93026465
vt 0.6332 0.9617301
vt 0.61370003 0.9617336
vt 0.59619135 0.96167946
vt 0.58799994 0.9616292
vt 0.58670026 0.9616058
vt 0.5866999 0.9627449
vt 0.58669996 0.9620589
vt 0.5867 0.96161526
vt 0.5900824 0.96164066
vt 0.60020006 0.9617068
vt 0.62330425 0.9617317
vt 0.9871183 0.981724
vt 0.9408888 0.98636514
vt 0.76421565 0.9694787
vt 0.6590498 0.96172744
vt 0.677515 0.9650009
vt 0.7967005 0.9715841
vt 0.9571204 0.9861494
vt 0.99334216 0.9768299
vt 0.9838646 0.9795285
vt 0.9361499 0.9842428
vt 0.7642162 0.96947885
vt 0.64563733 0.96172905
vt 0.6137 0.9617335
vt 0.6002 0.96170676
vt 0.60019994 0.9617068
vt 0.62330437 0.96173185
vt 0.6775146 0.96500087
vt 0.7966999 0.9715837
vt 0.9508828 0.98355085
vt 0.9912236 0.9757014
vt 0.59210014 0.96165127
vt 0.588 0.961629
vt 0.5867003 0.9616057
vt 0.5867001 0.9627453
vt 0.58670026 0.9620589
vt 0.5867 0.96161515
vt 0.59008235 0.96164024
vt 0.63319993 0.98665464
vt 0.61370003 0.9907156
vt 0.59621036 0.9910666
vt 0.58799994 0.9890577
vt 0.5867002 0.9890065
vt 0.58669966 0.9904182
vt 0.58669984 0.98930603
vt 0.5867001 0.98904973
vt 0.59030235 0.99000156
vt 0.60020006 0.99138504
vt 0.6209623 0.989203
vt 0.90244365 0.99887156
vt 0.74295396 0.99798477
vt 0.64623076 0.9979981
vt 0.6137 0.9993
vt 0.6310963 0.9994523
vt 0.6718207 0.9973446
vt 0.7923842 0.9981225
vt 0.91931725 0.9988666
vt 0.89951515 0.9982442
vt 0.74421215 0.9968834
vt 0.645548 0.99514407
vt 0.6137002 0.99208945
vt 0.5967037 0.9924068
vt 0.58800006 0.99468714
vt 0.5867001 0.99630016
vt 0.5867001 0.99672025
vt 0.5867001 0.99645513
vt 0.5867 0.99630004
vt 0.59076524 0.9940568
vt 0.60020006 0.991385
vt 0.62563413 0.99396604
vt 0.6730909 0.99597085
vt 0.79143006 0.997069
vt 0.91702527 0.9982786
vt 0.5921001 0.97990006
vt 0.588 0.98378515
vt 0.58670026 0.9867378
vt 0.5867001 0.9885956
vt 0.5867001 0.987213
vt 0.5867002 0.9867742
vt 0.5894367 0.9824236
vt 0.5921 0.9993001
vt 0.588 0.99876195
vt 0.5867 0.9987772
vt 0.5867001 0.99950063
vt 0.58669996 0.99912345
vt 0.5867001 0.9987908
vt 0.5894178 0.9989482
vt 0.61237377 0.99997777
vt 0.5945063 0.99994147
vt 0.5876803 0.99997765
vt 0.58669966 0.9999777
vt 0.58669996 1
vt 0.58669984 0.99999076
vt 0.5867001 0.9999778
vt 0.58924687 0.9999776
vt 0.597835 0.9999097
vt 0.61238486 0.99997777
vt 0.6137249 0.99994975
vt 0.5961734 0.9998193
vt 0.588 0.9995575
vt 0.58669996 0.9995655
vt 0.5867004 0.9997412
vt 0.58670014 0.9995904
vt 0.58670026 0.9995777
vt 0.5899075 0.99967885
vt 0.6002001 0.99981976
vt 0.6137 0.99994975

# normals

vn -0.82772505 -0.22121063 -0.51569086
vn -0.033322554 -0.652398 -0.7571436
vn 0.00033203745 -0.68727237 -0.7263997
vn 0.0000006638644 -0.70396936 -0.7102302
vn 0.0000007054405 -0.7004637 -0.71368796
vn -0.267627 -0.63469 -0.7249444
vn 0.5292214 -0.51569545 -0.6737825
vn -0.908159 -0.23337619 -0.3475381
vn -0.12607321 -0.6349696 -0.76218057
vn 0.16268712 -0.6244479 -0.7639357
vn 0 -0.6920738 -0.7218268
vn 0 -0.6896102 -0.72418064
vn -0.26801476 -0.62113637 -0.73644936
vn 0.44414806 -0.5576527 -0.70125306
vn -0.9941624 -0.062046755 -0.08826851
vn -0.29276997 -0.58820724 -0.7538554
vn 0.23094842 -0.6492028 -0.72470576
vn 0.000003269334 -0.7009339 -0.71322626
vn -0.0000056149624 -0.7030458 -0.71114457
vn -0.18926616 -0.65478086 -0.7317379
vn 0.19597661 -0.62999916 -0.75146145
vn 0.93230146 -0.1368784 -0.33478114
vn -0.86326855 0 -0.5047448
vn -0.00012964221 0.3806934 -0.92470133
vn 0.00034111406 0.00012847887 -0.99999994
vn 0 0 -1
vn 0 0 -1
vn -0.20287822 0.24730283 -0.94746065
vn 0.5970998 0.17977098 -0.7817635
vn -0.9063783 0 -0.42246702
vn -0.029661473 0.3736985 -0.9270759
vn 0.05161007 0.021607932 -0.9984334
vn 0 0 -1
vn 0 0 -1
vn -0.17087641 0.14202993 -0.975002
vn 0.5666191 0.22695595 -0.79210716
vn -0.9930589 0 -0.11761786
vn -0.113590024 0.28103995 -0.9529501
vn 0.15656738 0.12314948 -0.97995967
vn 0 0 -1
vn 0 0 -1
vn -0.09658167 0.050413724 -0.99404746
vn 0.06342685 0.36304533 -0.9296102
vn 0.93120235 0 -0.36450276
vn -0.92532873 -0.02878611 -0.37807143
vn 0 -0.107127525 -0.9942453
vn 0 -0.109222256 -0.9940173
vn 0 -0.111520685 -0.9937622
vn 0 -0.11163399 -0.9937494
vn 0 -0.11036657 -0.99389094
vn 0.6944194 -0.067766026 -0.7163725
vn -0.9467063 -0.021035492 -0.32141045
vn 0 -0.10609494 -0.994356
vn 0 -0.10863004 -0.9940822
vn 0 -0.111434415 -0.99377185
vn 0 -0.10997994 -0.99393374
vn 0 -0.10793237 -0.99415827
vn 0.70137197 -0.06556001 -0.7097741
vn -0.9971012 -0.0026917355 -0.07603843
vn -0.01631483 -0.09997082 -0.99485666
vn 0 -0.110989384 -0.9938216
vn 0 -0.11168289 -0.99374396
vn 0 -0.11168066 -0.99374413
vn 0 -0.10835519 -0.99411225
vn 0 -0.10523353 -0.99444747
vn 0.96375537 -0.017416231 -0.2662186
vn -0.8496167 0.035926756 -0.5261755
vn -0.0026212428 -0.22666238 -0.9739699
vn 0.00011509317 0.11759906 -0.9930612
vn 0 0.12100486 -0.9926519
vn 0 0.121030964 -0.9926488
vn -0.08447686 -0.085016765 -0.99279195
vn 0.59702545 -0.068980515 -0.7992511
vn -0.89374834 0.026820619 -0.44776618
vn -0.0004229796 -0.22691035 -0.9739155
vn 0.0007088298 0.10838088 -0.9941092
vn 0 0.119031236 -0.99289054
vn 0 0.11670505 -0.99316657
vn -0.05125198 0.03723657 -0.99799126
vn 0.55201524 -0.13231811 -0.82326853
vn -0.993557 0.0034236666 -0.11328246
vn -0.040915266 -0.14897361 -0.9879943
vn 0.040210027 0.05758677 -0.9975304
vn 0 0.1212215 -0.9926255
vn 0 0.12088265 -0.99266684
vn -0.0019593397 0.111579046 -0.9937536
vn 0.0042557525 -0.23048912 -0.9730656
vn 0.9215246 0.022904152 -0.3876441
vn -0.8344033 0.18677694 -0.5185417
vn -0.023069946 0.26559058 -0.96380985
vn 0.00073250337 0.0055306205 -0.9999844
vn 0 0.0056501655 -0.999984
vn 0 0.005630774 -0.9999841
vn -0.41269228 0.12477019 -0.9022845
vn 0.6206012 0.24007492 -0.74647045
vn -0.9109273 0.19432457 -0.3639359
vn -0.15250106 0.27419367 -0.9495058
vn 0.25777212 0.00417168 -0.9661968
vn 0 0.005056294 -0.9999871
vn 0 0.0053102793 -0.9999858
vn -0.42944092 0.061770592 -0.90097994
vn 0.5366341 0.26435885 -0.80133533
vn -0.994418 0.04619809 -0.09486012
vn -0.35975653 0.28679922 -0.88787466
vn 0.3940225 0.046765506 -0.9179102
vn 0 0.005637667 -0.9999841
vn 0 0.0056507685 -0.99998397
vn -0.33470076 0.005257158 -0.9423098
vn 0.24131551 0.30373257 -0.92169046
vn 0.9321621 0.11182313 -0.34433898
vn -0.034376256 0.98115486 -0.19014102
vn 0.0000054968377 0.9821479 -0.18811047
vn 0.0000027156757 0.98149943 -0.19146521
vn -0.00000020635338 0.9815326 -0.19129518
vn -0.0000026709579 0.98191804 -0.1893064
vn 0.05784556 0.9796905 -0.19199061
vn -0.035862043 0.9809496 -0.1909233
vn 0 0.9823097 -0.18726394
vn 0 0.9814012 -0.19196804
vn 0 0.98183763 -0.18972309
vn 0 0.98245037 -0.18652469
vn 0.04382225 0.98050994 -0.19152015
vn -0.04427129 0.98053795 -0.19127323
vn 0.00000064021066 0.9817414 -0.19022028
vn 0.000008252212 0.9815533 -0.19118811
vn -0.0000055337773 0.9815101 -0.19141033
vn 0.0000053561025 0.98236287 -0.18698458
vn 0.043673746 0.980782 -0.19015601
vn -0.17376028 -0.72062755 -0.67119545
vn -0.054037035 -0.69473773 -0.7172304
vn 0 -0.65951324 -0.751693
vn 0 -0.69166124 -0.72222215
vn 0 -0.68587404 -0.7277202
vn 0 -0.6786383 -0.73447263
vn 0 -0.68587404 -0.7277202
vn 0 -0.68587416 -0.72772026
vn 0 -0.6858741 -0.72772014
vn 0 -0.69018304 -0.7236348
vn 0 -0.6763481 -0.73658216
vn 0 -0.6858741 -0.72772026
vn 0 -0.6858741 -0.72772026
vn 0 -0.68587404 -0.7277203
vn 0 -0.6858741 -0.72772014
vn 0 -0.68587404 -0.7277202
vn 0 -0.68587404 -0.7277202
vn 0 -0.68587416 -0.7277202
vn 0 -0.68587404 -0.7277202
vn 0 -0.68587416 -0.7277202
vn 0 -0.6976176 -0.71647036
vn 0 -0.6858742 -0.72772014
vn 0 -0.6858741 -0.72772026
vn 0 -0.6858741 -0.72772026
vn 0 -0.68587404 -0.72772026
vn 0 -0.68587404 -0.7277202
vn 0 -0.68587404 -0.7277202
vn 0 -0.6858741 -0.7277202
vn 0 -0.68587404 -0.7277203
vn 0 -0.6858741 -0.7277202
vn 0 -0.68587404 -0.7277202
vn 0 -0.6858742 -0.72772014
vn 0 -0.67841256 -0.7346812
vn 0 -0.6901696 -0.7236478
vn 0 -0.68587416 -0.7277202
vn 0 -0.68587416 -0.72772026
vn 0 -0.68587404 -0.7277203
vn 0 -0.6783936 -0.7346986
vn 0 -0.6908824 -0.72296727
vn 0 -0.68587416 -0.7277201
vn 0 -0.6595133 -0.75169295
vn 0.051249154 -0.6943024 -0.71785635
vn 0.16915107 -0.7197451 -0.6733163
vn -0.45573017 -0.30288064 -0.8370026
vn -0.20609611 -0.2665606 -0.9415252
vn -0.053325977 -0.25086367 -0.9665525
vn 0 -0.20967954 -0.9777702
vn 0 -0.24853358 -0.9686233
vn 0 -0.24193391 -0.97029275
vn 0 -0.23366132 -0.97231805
vn 0 -0.24302566 -0.9700198
vn 0 -0.24273057 -0.97009367
vn 0 -0.24199072 -0.97027856
vn 0 -0.24683738 -0.9690569
vn 0 -0.23086028 -0.97298694
vn 0 -0.24491753 -0.9695439
vn 0 -0.2459911 -0.969272
vn 0 -0.24620779 -0.969217
vn 0 -0.24612047 -0.9692393
vn 0 -0.24606279 -0.9692539
vn 0 -0.24554883 -0.96938425
vn 0 -0.24238661 -0.9701798
vn 0 -0.24191391 -0.97029775
vn 0 -0.24198465 -0.97028
vn 0 -0.24889407 -0.96853065
vn 0 -0.24204634 -0.9702646
vn 0 -0.24194923 -0.97028893
vn 0 -0.24188101 -0.9703059
vn 0 -0.2429397 -0.97004133
vn 0 -0.2455488 -0.9693842
vn 0 -0.24605909 -0.96925473
vn 0 -0.24612388 -0.9692384
vn 0 -0.24620761 -0.96921706
vn 0 -0.24599093 -0.9692722
vn 0 -0.245312 -0.96944416
vn 0 -0.24445182 -0.9696615
vn 0 -0.23337515 -0.97238684
vn 0 -0.24684943 -0.96905386
vn 0 -0.24214421 -0.97024024
vn 0 -0.24284518 -0.9700651
vn 0 -0.24299532 -0.9700274
vn 0 -0.23317929 -0.9724337
vn 0 -0.24769692 -0.9688376
vn 0 -0.24173798 -0.9703416
vn 0 -0.20973347 -0.9777586
vn 0.051662225 -0.25006944 -0.9668487
vn 0.20097983 -0.26533073 -0.94297755
vn 0.4477527 -0.30263948 -0.8413839
vn -0.47140244 -0.037340924 -0.88112736
vn -0.21022621 -0.033886388 -0.9770653
vn -0.053909034 -0.032125764 -0.99802893
vn 0 -0.0211452 -0.99977636
vn 0 -0.033717856 -0.9994314
vn 0 -0.031719577 -0.9994968
vn 0 -0.029091017 -0.99957675
vn 0 -0.03171957 -0.9994968
vn 0 -0.031719573 -0.99949676
vn 0 -0.03171958 -0.9994969
vn 0 -0.033210177 -0.9994484
vn 0 -0.02821491 -0.99960196
vn 0 -0.031719577 -0.9994969
vn 0 -0.031719577 -0.9994968
vn 0 -0.03171958 -0.9994968
vn 0 -0.031719573 -0.9994968
vn 0 -0.031719577 -0.9994968
vn 0 -0.031719577 -0.9994969
vn 0 -0.031719573 -0.99949676
vn 0 -0.031719573 -0.99949676
vn 0 -0.031719577 -0.9994968
vn 0 -0.033784207 -0.99942917
vn 0 -0.031719577 -0.9994968
vn 0 -0.031719573 -0.99949676
vn 0 -0.031719565 -0.99949676
vn 0 -0.031719577 -0.9994968
vn 0 -0.031719577 -0.9994969
vn 0 -0.031719577 -0.9994968
vn 0 -0.03171958 -0.9994968
vn 0 -0.031719577 -0.9994968
vn 0 -0.031719577 -0.9994968
vn 0 -0.031719573 -0.9994969
vn 0 -0.031719573 -0.9994968
vn 0 -0.029034965 -0.9995784
vn 0 -0.03320737 -0.9994485
vn 0 -0.03171958 -0.9994968
vn 0 -0.03171957 -0.9994968
vn 0 -0.03171958 -0.9994968
vn 0 -0.029035803 -0.99957836
vn 0 -0.033451196 -0.9994404
vn 0 -0.031719577 -0.9994968
vn 0 -0.021145202 -0.99977636
vn 0.052641798 -0.03211203 -0.99809706
vn 0.20567787 -0.034086585 -0.97802585
vn 0.46358237 -0.0381829 -0.8852307
vn -0.47168034 0 -0.88176966
vn -0.21031669 0 -0.97763336
vn -0.053920027 0 -0.9985453
vn 0 0 -1
vn 0 0 -1
vn 0 0 -1
vn 0 0 -1
vn 0 0 -1
vn 0 0 -1
vn 0 0 -1
vn 0 0 -1
vn 0 0 -1
vn 0 0 -1
vn 0 0 -1
vn 0 0 -1
vn 0 0 -1
vn 0 0 -1
vn 0 0 -1
vn 0 0 -1
vn 0 0 -1
vn 0 0 -1
vn 0 0 -1
vn 0 0 -1
vn 0 0 -1
vn 0 0 -1
vn 0 0 -1
vn 0 0 -1
vn 0 0 -1
vn 0 0 -1
vn 0 0 -1
vn 0 0 -1
vn 0 0 -1
vn 0 0 -1
vn 0 0 -1
vn 0 0 -1
vn 0 0 -1
vn 0 0 -1
vn 0 0 -1
vn 0 0 -1
vn 0 0 -1
vn 0 0 -1
vn 0 0 -1
vn 0.052650977 0.0000022774761 -0.998613
vn 0.20561995 0.000004572281 -0.9786319
vn 0.46338522 0 -0.88615704
vn -0.4716803 0 -0.88176966
vn -0.21031672 0 -0.9776333
vn -0.053920027 0 -0.9985452
vn 0 0 -1
vn 0 0 -1
vn 0 0 -1
vn 0 0 -1
vn 0 0 -1
vn 0 0 -1
vn 0 0 -1
vn 0 0 -1
vn 0 0 -1
vn 0 0 -1
vn 0 0 -1
vn 0 0 -1
vn 0 0 -1
vn 0 0 -1
vn 0 0 -1
vn 0 0 -1
vn 0 0 -1
vn 0 0 -1
vn 0 0 -1
vn 0 0 -1
vn 0 0 -1
vn 0 0 -1
vn 0 0 -1
vn 0 0 -1
vn 0 0 -1
vn 0 0 -1
vn 0 0 -1
vn 0 0 -1
vn 0 0 -1
vn 0 0 -1
vn 0 0 -1
vn 0 0 -1
vn 0 0 -1
vn 0 0 -1
vn 0 0 -1
vn 0 0 -1
vn 0 0 -1
vn 0 0 -1
vn 0 0 -1
vn 0.052650977 0 -0.99861294
vn 0.20561998 0 -0.978632
vn 0.4633852 0 -0.886157
vn -0.4716804 0 -0.88176966
vn -0.2103167 0 -0.97763336
vn -0.05392003 0 -0.9985453
vn 0 0 -1
vn 0 0 -1
vn 0 0 -1
vn 0 0 -1
vn 0 0 -1
vn 0 0 -1
vn 0 0 -1
vn 0 0 -1
vn 0 0 -1
vn 0 0 -1
vn 0 0 -1
vn 0 0 -1
vn 0 0 -1
vn 0 0 -1
vn 0 0 -1
vn 0 0 -1
vn 0 0 -1
vn 0 0 -1
vn 0 0 -1
vn 0 0 -1
vn 0 0 -1
vn 0 0 -1
vn 0 0 -1
vn 0 0 -1
vn 0 0 -1
vn 0 0 -1
vn 0 0 -1
vn 0 0 -1
vn 0 0 -1
vn 0 0 -1
vn 0 0 -1
vn 0 0 -1
vn 0 0 -1
vn 0 0 -1
vn 0 0 -1
vn 0 0 -1
vn 0 0 -1
vn 0 0 -1
vn 0 0 -1
vn 0.052653242 -0.00000078766163 -0.9986128
vn 0.20562215 -0.000002529815 -0.9786315
vn 0.4633852 0 -0.886157
vn -0.47168028 0 -0.88176966
vn -0.21031666 0 -0.9776333
vn -0.053920038 0 -0.9985453
vn 0 0 -1
vn 0 -0.00012071878 -1
vn 0 -0.0006129745 -0.9999998
vn 0 -0.0007992859 -0.9999997
vn 0 -0.0008553693 -0.9999997
vn 0 -0.00086730684 -0.9999997
vn 0 -0.0007184975 -0.99999976
vn 0 -0.00047207216 -0.9999999
vn 0 -0.00001527298 -1
vn 0 0 -1
vn 0 0 -1
vn 0 0 -1
vn 0 0 -1
vn 0 0 -1
vn 0 0 -1
vn -0.000014272754 -0.00014331033 -1
vn -0.0000042503316 -0.0005830903 -0.9999998
vn 0 -0.0006382625 -0.9999998
vn 0 -0.000685292 -0.9999998
vn 0 -0.0006282526 -0.9999999
vn 0 -0.000622538 -0.9999998
vn 0 -0.0005266018 -0.99999994
vn 0 -0.00013082118 -1
vn 0 0 -1
vn 0 0 -1
vn 0 0 -1
vn 0 0 -1
vn 0 0 -1
vn 0 0 -1
vn 0 0 -1
vn -0.000008341214 -0.0000163574 -1
vn -0.000012515885 -0.0005039436 -0.99999994
vn 0 -0.00078497606 -0.9999997
vn 0 -0.00087035284 -0.9999997
vn 0 -0.0008523997 -0.9999997
vn 0 -0.00075318996 -0.99999976
vn 0.000011293063 -0.0005298953 -0.99999994
vn 0.00001756727 -0.00007907114 -1
vn 0 0 -1
vn 0.052651726 0.0000064082774 -0.9986129
vn 0.20562068 0.000007070667 -0.9786318
vn 0.46338513 0 -0.88615704
vn -0.4716805 0 -0.88176966
vn -0.21031666 0 -0.9776333
vn -0.05392001 0 -0.9985452
vn 0 0 -1
vn -0.098311 -0.031359393 -0.99466157
vn -0.018985607 -0.38354948 -0.92332506
vn 0 -0.37993503 -0.92501307
vn 0 -0.37961933 -0.9251428
vn 0 -0.37987095 -0.9250394
vn 0 -0.3792626 -0.92528915
vn 0.22355402 -0.1798043 -0.95796347
vn 0.00042997318 -0.000031905354 -1
vn 0 0 -1
vn 0 0 -1
vn 0 0 -1
vn 0 0 -1
vn 0 0 -1
vn 0 0 -1
vn -0.16575655 -0.026365587 -0.9858142
vn -0.024633735 -0.3490951 -0.93676347
vn 0 -0.3763282 -0.9264864
vn 0 -0.36939654 -0.9292718
vn 0 -0.37283868 -0.9278962
vn 0 -0.3755831 -0.9267887
vn 0.24007946 -0.22713102 -0.94380784
vn 0.0025511752 -0.00042675037 -0.99999666
vn 0 0 -1
vn 0 0 -1
vn 0 0 -1
vn 0 0 -1
vn 0 0 -1
vn 0 0 -1
vn 0 0 -1
vn -0.113594785 -0.0056628073 -0.993511
vn -0.10069243 -0.30136484 -0.94817734
vn 0 -0.37951508 -0.92518556
vn 0 -0.37993175 -0.92501456
vn 0 -0.37967807 -0.9251187
vn 0 -0.3797195 -0.9251017
vn 0.046501167 -0.34520766 -0.9373737
vn 0.09469979 -0.014510154 -0.9954002
vn 0 0 -1
vn 0.052652266 -0.000002290838 -0.99861294
vn 0.20562117 -0.0000023006664 -0.9786317
vn 0.46338522 0 -0.8861569
vn -0.4716803 0 -0.8817696
vn -0.21031661 0 -0.9776333
vn -0.053920027 0 -0.9985452
vn 0 0 -1
vn -0.14011954 0 -0.99013466
vn 0.55228734 0 -0.83365375
vn 0.0005859012 0 -0.9999998
vn 0 0 -1
vn 0 0 -1
vn 0 0 -1
vn 0 0 -1
vn 0 0 -1
vn 0 0 -1
vn -0.26663983 0 -0.9637963
vn 0.74834794 0 -0.6633065
vn 0.0036064624 0 -0.99999356
vn 0 0 -1
vn 0 0 -1
vn 0 0 -1
vn 0 0 -1
vn 0 0 -1
vn 0 0 -1
vn 0 0 -1
vn -0.1882188 0 -0.98212713
vn 0.13807198 0 -0.99042225
vn 0 0 -1
vn 0.052651964 0.00000083479773 -0.99861294
vn 0.20562093 0.00000083889046 -0.9786318
vn 0.46338525 0 -0.88615704
vn -0.47237054 0.022957174 -0.8811011
vn -0.21077329 0.02154339 -0.97729754
vn -0.054119345 0.020996556 -0.99831367
vn 0 0.020825705 -0.99978316
vn -0.22548084 0.016481236 -0.97410816
vn 0.78628135 0.0015142941 -0.61786675
vn 0.0023291304 0.021649553 -0.9997629
vn 0 0.021971565 -0.99975854
vn 0.00000020169817 0.022011492 -0.99975777
vn 0.000000014202646 0.02202432 -0.99975747
vn -0.00000018755529 0.022037024 -0.9997572
vn 0 0.022027293 -0.9997574
vn 0 0.022017205 -0.99975765
vn -0.32402653 0.02076656 -0.94582
vn 0.9195788 0.010163502 -0.39277416
vn 0.017215338 0.02278647 -0.9995921
vn 0 0.022017192 -0.99975765
vn 0 0.022027235 -0.9997574
vn 0 0.0220293 -0.9997573
vn 0 0.022016512 -0.99975765
vn 0.00000025791752 0.02201922 -0.9997575
vn -0.000000080991796 0.021997405 -0.999758
vn -0.0000003385368 0.021947507 -0.9997591
vn -0.22934934 0.017334685 -0.9731898
vn 0.21953586 0.017752098 -0.97544295
vn 0 0.020857954 -0.99978244
vn 0.052820515 0.02075601 -0.9983883
vn 0.20603651 0.020915328 -0.9783207
vn 0.46392787 0.021952765 -0.88560086
vn -0.46518803 -0.00034307656 -0.88521177
vn -0.20608075 -0.00026888965 -0.97853494
vn -0.05168352 -0.00023198176 -0.99866354
vn 0 -0.0002328537 -1
vn -0.14356074 -0.0002509817 -0.9896414
vn 0.5626665 -0.00024983234 -0.82668394
vn 0.0005803071 -0.00020223604 -0.9999998
vn 0 -0.00022772697 -1
vn 0 -0.00022792294 -1
vn 0 -0.00022793643 -1
vn 0 -0.00022786098 -1
vn 0 -0.00022786036 -1
vn 0 -0.00022785725 -1
vn -0.2751929 -0.00022942045 -0.961389
vn 0.7563215 -0.00021663339 -0.6542
vn 0.0037013593 -0.00023429978 -0.99999315
vn 0 -0.00022785725 -1
vn 0 -0.00022786036 -1
vn 0 -0.00022786096 -1
vn 0 -0.0002279365 -1
vn 0 -0.00022792292 -1
vn 0 -0.00022776004 -1
vn 0 -0.00022768366 -1
vn -0.19529495 -0.00022876919 -0.98074454
vn 0.14166869 -0.00025580465 -0.98991406
vn 0 -0.00023284422 -1
vn 0.05046757 -0.0002261897 -0.99872565
vn 0.2014741 -0.00026845108 -0.9794938
vn 0.4569239 -0.0003384716 -0.88950574
vn -0.48032013 0 -0.8770933
vn -0.21597387 0 -0.9763991
vn -0.056910425 0 -0.99837935
vn 0 0 -1
vn -0.13985313 0.023014551 -0.9899047
vn -0.26430294 0.7211444 -0.6403864
vn 0.42798418 0.08204133 -0.90005493
vn 0.0005271179 0.000026822532 -0.9999999
vn 0 0 -1
vn 0 0 -1
vn 0 0 -1
vn 0 0 -1
vn 0 0 -1
vn 0 0 -1
vn -0.24032384 0.030436225 -0.97021556
vn -0.26912823 0.7215417 -0.63792455
vn 0.6121306 0.10619925 -0.7835929
vn 0.0031244778 0.0003534485 -0.99999505
vn 0 0 -1
vn 0 0 -1
vn 0 0 -1
vn 0 0 -1
vn 0 0 -1
vn 0 0 -1
vn 0 0 -1
vn -0.15493485 0.006579613 -0.9879029
vn -0.35178757 0.31271356 -0.8823014
vn 0.35199386 0.5147904 -0.78172314
vn 0.1364043 0.013658946 -0.99055904
vn 0 0 -1
vn 0.05557256 0 -0.99845463
vn 0.21116045 0 -0.97745144
vn 0.47193906 0 -0.88163126
vn -0.4582595 0 -0.88881844
vn -0.2017704 0 -0.9794329
vn -0.049469657 0 -0.9987757
vn 0 0 -1
vn -0.00410986 0.0108628515 -0.9999325
vn -0.0054930784 0.1813047 -0.9834116
vn 0 0.229437 -0.97332346
vn 0 0.2359905 -0.97175545
vn 0 0.23420903 -0.9721862
vn -0.000012078185 0.20556262 -0.978644
vn 0.008124467 0.10171743 -0.9947802
vn 0.000064790154 0.00003896795 -1
vn 0 0 -1
vn 0 0 -1
vn 0 0 -1
vn 0 0 -1
vn 0 0 -1
vn 0 0 -1
vn -0.0015421421 0.0017535841 -0.9999974
vn -0.007298019 0.15453038 -0.9879611
vn 0 0.18313229 -0.98308825
vn 0 0.1976167 -0.9802794
vn 0 0.18991418 -0.9818006
vn 0 0.17882927 -0.9838802
vn 0.008056657 0.12030429 -0.9927044
vn 0.00041959345 0.0005643925 -0.99999976
vn 0 0 -1
vn 0 0 -1
vn 0 0 -1
vn 0 0 -1
vn 0 0 -1
vn 0 0 -1
vn 0 0 -1
vn -0.00023761552 0.00013334565 -1
vn -0.0073669185 0.12656328 -0.9919312
vn 0.000010615578 0.2189319 -0.97574013
vn 0 0.23523703 -0.971938
vn 0 0.23637609 -0.9716616
vn 0 0.21958567 -0.9755932
vn 0.007750337 0.13721332 -0.99051124
vn 0.0006402849 0.0017050975 -0.9999984
vn 0 0 -1
vn 0.048304465 -0.0000031061804 -0.99883264
vn 0.19725427 -0.0000031210398 -0.98035234
vn 0.45003572 0 -0.8930106
vn -0.46841356 0.15014453 -0.87065804
vn -0.20928274 0.13502568 -0.9684879
vn -0.053696897 0.12683402 -0.9904695
vn 0 0.10046063 -0.9949411
vn 0 0.12868142 -0.9916859
vn 0 0.12482351 -0.9921789
vn 0 0.12463849 -0.9922023
vn 0 0.12453467 -0.9922153
vn 0 0.12514113 -0.99213904
vn 0 0.11926854 -0.99286205
vn 0 0.12835677 -0.9917281
vn 0 0.12465639 -0.99219996
vn 0 0.1241972 -0.99225754
vn 0 0.12403314 -0.99227804
vn 0 0.12399215 -0.9922833
vn 0 0.124548644 -0.9922135
vn 0 0.12460394 -0.9922066
vn 0 0.12489571 -0.99216986
vn 0 0.12596983 -0.992034
vn 0 0.12483347 -0.9921777
vn 0 0.124810465 -0.99218065
vn 0 0.12039062 -0.9927266
vn 0 0.12479119 -0.992183
vn 0 0.124821596 -0.99217916
vn 0 0.124853365 -0.9921752
vn 0 0.12679146 -0.99192935
vn 0 0.12489571 -0.99216986
vn 0 0.124603964 -0.9922066
vn 0 0.12454871 -0.9922135
vn 0 0.12399211 -0.9922832
vn 0 0.12403318 -0.99227804
vn 0 0.12413094 -0.9922658
vn 0 0.12428203 -0.9922469
vn 0 0.12471582 -0.9921925
vn 0 0.12833768 -0.9917305
vn 0 0.11967133 -0.9928136
vn 0 0.12486876 -0.99217325
vn 0 0.124541424 -0.9922144
vn 0 0.124701455 -0.99219435
vn 0 0.12890053 -0.99165756
vn 0 0.12406856 -0.9922736
vn 0 0.100422546 -0.9949448
vn 0.05250666 0.1269466 -0.99051887
vn 0.20454822 0.13454165 -0.9695661
vn 0.45971674 0.14812887 -0.8756246
vn -0.41216832 0.52132165 -0.74722224
vn -0.16698393 0.6509788 -0.74050176
vn -0.044706464 0.62725836 -0.777527
vn 0 0.56535363 -0.8248486
vn 0 0.63538265 -0.7721975
vn 0 0.6272323 -0.77883226
vn 0 0.62686634 -0.7791267
vn 0 0.62568563 -0.7800753
vn 0 0.6231872 -0.78207266
vn 0 0.61896086 -0.7854217
vn 0 0.6310189 -0.7757675
vn 0 0.626599 -0.7793419
vn 0 0.6232332 -0.78203607
vn 0 0.6220554 -0.7829733
vn 0 0.6218397 -0.78314453
vn 0 0.6207035 -0.7840454
vn 0 0.62063974 -0.7840959
vn 0 0.62053597 -0.7841781
vn 0 0.62321204 -0.7820529
vn 0 0.6272747 -0.77879804
vn 0 0.6275414 -0.7785833
vn 0 0.61531544 -0.78828096
vn 0 0.626967 -0.77904576
vn 0 0.62756056 -0.7785678
vn 0 0.6272154 -0.77884585
vn 0 0.6201924 -0.7844497
vn 0 0.62053597 -0.7841781
vn 0 0.62063974 -0.7840959
vn 0 0.6207091 -0.784041
vn 0 0.6218397 -0.78314453
vn 0 0.6220615 -0.7829684
vn 0 0.6227567 -0.78241557
vn 0 0.62381244 -0.781574
vn 0 0.62708056 -0.7789544
vn 0 0.63078547 -0.77595717
vn 0 0.61792696 -0.78623545
vn 0 0.6235857 -0.78175503
vn 0 0.6258714 -0.77992624
vn 0 0.62734044 -0.77874523
vn 0 0.6363476 -0.7714025
vn 0 0.6237113 -0.7816548
vn 0 0.5653561 -0.8248469
vn 0.04413864 0.6283095 -0.7767103
vn 0.16337842 0.65066564 -0.7415804
vn 0.40489224 0.5201422 -0.75200695
vn -0.5407049 -0.767379 -0.34462672
vn -0.2717825 -0.8481029 -0.454814
vn -0.075190805 -0.9300977 -0.35953405
vn -0.024392534 -0.96576345 -0.25827497
vn -0.0030416301 -0.974437 -0.22464007
vn -0.004570295 -0.9634331 -0.2679101
vn -0.00016793689 -0.96175975 -0.27389428
vn 0 -0.96157384 -0.2745464
vn 0 -0.9613942 -0.27517492
vn 0 -0.96141535 -0.27510068
vn 0 -0.9616376 -0.27432275
vn 0.0021179768 -0.962353 -0.2717943
vn 0.0035699643 -0.9648556 -0.26275617
vn 0.00010110629 -0.96383595 -0.26649624
vn 0 -0.96345747 -0.26786125
vn 0 -0.963407 -0.26804304
vn 0 -0.963674 -0.26708108
vn 0 -0.96374786 -0.26681462
vn 0 -0.96404594 -0.26573566
vn 0 -0.96555895 -0.26018447
vn 0 -0.9659553 -0.2587093
vn 0 -0.9659337 -0.25878978
vn 0 -0.9679859 -0.25100455
vn 0 -0.9658878 -0.25896117
vn 0 -0.9659493 -0.2587314
vn 0 -0.96596724 -0.2586645
vn 0 -0.9651776 -0.26159537
vn 0 -0.96404594 -0.26573566
vn 0 -0.96374786 -0.26681465
vn 0 -0.96367306 -0.26708454
vn 0 -0.96340704 -0.26804298
vn 0 -0.9634599 -0.26785266
vn -0.000039378607 -0.9636946 -0.2670069
vn -0.00018489169 -0.9639921 -0.26593065
vn -0.003223683 -0.9677376 -0.2519393
vn -0.0007157342 -0.95919883 -0.28273174
vn 0 -0.96157396 -0.2745463
vn 0 -0.96139425 -0.2751749
vn 0 -0.9614154 -0.27510056
vn 0 -0.9616377 -0.2743227
vn 0.0010314105 -0.96207994 -0.27276593
vn 0.0028657417 -0.96398526 -0.26594022
vn 0.0027653452 -0.9744335 -0.2246594
vn 0.02263851 -0.96573776 -0.25853088
vn 0.072483875 -0.9302808 -0.35961616
vn 0.26647863 -0.8482491 -0.4576708
vn 0.5341099 -0.767489 -0.35452393
vn -0.74918205 -0.32610416 -0.576526
vn 0.74287903 -0.3233645 -0.5861451
vn -0.7852555 -0.04060623 -0.61783886
vn 0.7790252 -0.04147019 -0.62561965
vn -0.7858288 0 -0.618444
vn 0.7793002 0 -0.62665075
vn -0.7858289 0 -0.6184441
vn 0.7793002 0 -0.6266507
vn -0.7858288 0 -0.6184441
vn 0.7793002 0 -0.6266507
vn -0.78582895 0 -0.618444
vn 0.7793002 0 -0.6266507
vn -0.78582877 0 -0.6184441
vn 0.7793002 0 -0.6266508
vn -0.7858288 0 -0.6184439
vn 0.77930033 0 -0.62665063
vn -0.7872004 0.025812149 -0.6161569
vn 0.78052497 0.024647724 -0.62463844
vn -0.78276396 -0.00036375647 -0.62231857
vn 0.77617663 -0.00031691248 -0.63051546
vn -0.79007566 0 -0.6130093
vn 0.78362656 0 -0.62123215
vn -0.7796622 0 -0.6262004
vn 0.77302015 0 -0.63438135
vn -0.7726118 0.19210735 -0.6051163
vn 0.7663321 0.19030792 -0.61361057
vn -0.49559364 0.78242016 -0.3771017
vn -0.21136886 0.90809727 -0.3615004
vn -0.06710956 0.9584587 -0.27722397
vn -0.022483949 0.97877777 -0.20368762
vn -0.00300736 0.98051375 -0.19642703
vn -0.002722464 0.9790736 -0.2034883
vn -0.00015810042 0.976745 -0.21440428
vn 0.000019835452 0.97660124 -0.2150583
vn 0 0.97652054 -0.21542443
vn 0 0.97658044 -0.21515264
vn 0 0.9767345 -0.21445179
vn 0.0032949073 0.97734344 -0.21163389
vn 0.0008385952 0.97871906 -0.20520307
vn 0.00011260645 0.9782369 -0.20749106
vn 0 0.9778991 -0.2090774
vn 0 0.9778438 -0.20933564
vn 0 0.9778219 -0.20943798
vn 0 0.97775704 -0.20974071
vn 0 0.9779463 -0.20885666
vn 0 0.9791477 -0.20314984
vn 0 0.9793337 -0.20225127
vn 0 0.97930986 -0.20236634
vn 0 0.9780079 -0.20856753
vn 0.00002855818 0.9792888 -0.202468
vn 0 0.9793214 -0.20231058
vn 0 0.9793467 -0.2021878
vn 0 0.97892106 -0.20423901
vn 0 0.9779463 -0.20885667
vn 0 0.97775775 -0.2097372
vn 0 0.9778219 -0.20943795
vn 0 0.97784454 -0.20933242
vn 0 0.97790056 -0.20907086
vn -0.000015089446 0.9781216 -0.20803417
vn -0.00009427049 0.97839147 -0.2067611
vn -0.0022139307 0.9805737 -0.19613868
vn -0.0007514345 0.9753395 -0.22070858
vn 0 0.9767022 -0.21459925
vn 0 0.976557 -0.21525884
vn 0 0.9765267 -0.21539682
vn -0.00002326659 0.97665024 -0.21483582
vn 0.0012257905 0.9780369 -0.20842837
vn 0.003917578 0.9780517 -0.20832543
vn 0.0029215862 0.98054564 -0.19626915
vn 0.021844523 0.9787401 -0.20393796
vn 0.06504822 0.9573349 -0.28156456
vn 0.20771864 0.9052266 -0.37069914
vn 0.49315315 0.7801342 -0.38495517
vn -0.18133162 -0.97342867 -0.13984051
vn -0.039345965 -0.9963992 -0.07510406
vn -0.005710017 -0.9995153 -0.030604377
vn -0.0011152863 -0.9994863 -0.03202728
vn -0.0037020508 -0.9993827 -0.034937255
vn -0.00013036722 -0.9993185 -0.036910195
vn 0 -0.9993176 -0.036936738
vn 0 -0.9993176 -0.036936734
vn 0 -0.9993176 -0.03693673
vn 0 -0.9993175 -0.036936726
vn 0.002233993 -0.99935085 -0.03595718
vn 0.0020587111 -0.99947435 -0.03235277
vn 0.00007362828 -0.9994993 -0.031643454
vn 0 -0.9995007 -0.031598132
vn 0 -0.9995007 -0.031598132
vn 0 -0.99950075 -0.031598143
vn 0 -0.9995007 -0.031598136
vn 0 -0.9995007 -0.031598136
vn 0 -0.99950075 -0.031598136
vn 0 -0.9995007 -0.031598136
vn 0 -0.99950075 -0.031598132
vn 0 -0.999565 -0.029491529
vn 0 -0.9995007 -0.031598132
vn 0 -0.9995007 -0.031598136
vn 0 -0.9995007 -0.031598132
vn 0 -0.9995007 -0.031598132
vn 0 -0.9995007 -0.03159813
vn 0 -0.99950075 -0.031598143
vn 0 -0.9995007 -0.031598136
vn 0 -0.9995007 -0.031598132
vn 0 -0.99950075 -0.031598136
vn -0.000037851503 -0.9995007 -0.031598464
vn -0.0002326866 -0.9994998 -0.031625073
vn -0.0048145344 -0.9994483 -0.03286306
vn -0.0019524337 -0.9993317 -0.036502525
vn 0 -0.9993176 -0.036936734
vn 0 -0.9993175 -0.03693673
vn 0 -0.9993175 -0.03693673
vn 0 -0.9993176 -0.036936738
vn 0.0015128986 -0.99932164 -0.036794182
vn 0.0048070163 -0.99940634 -0.03411781
vn 0.0015841759 -0.9994921 -0.03182693
vn 0.004909313 -0.99952483 -0.030428438
vn 0.03700176 -0.996488 -0.075117804
vn 0.1747609 -0.9742523 -0.14244619
vn -0.9111656 -0.3013804 -0.28097525
vn 0.90971464 -0.29684043 -0.29035354
vn -0.95292616 -0.039673213 -0.3005959
vn 0.9508595 -0.039776422 -0.30705696
vn -0.9536557 0 -0.3008999
vn 0.9515904 0 -0.30736902
vn -0.9536557 0 -0.30089992
vn 0.9515905 0 -0.30736902
vn -0.9536558 0 -0.30089995
vn 0.95159036 0 -0.30736905
vn -0.9536557 0 -0.30089992
vn 0.9515903 0 -0.3073691
vn -0.9536557 0 -0.30090004
vn 0.95159036 0 -0.30736896
vn -0.95365584 0 -0.3008998
vn 0.9515905 0 -0.30736896
vn -0.953941 0.025547015 -0.29890463
vn 0.95188546 0.024740756 -0.3054535
vn -0.95365566 -0.00034224216 -0.30089986
vn 0.95159036 -0.00030865538 -0.3073691
vn -0.9536558 0 -0.30089986
vn 0.9515904 0 -0.30736908
vn -0.9536558 0 -0.30089992
vn 0.95159036 0 -0.30736902
vn -0.9423673 0.15382549 -0.29712203
vn 0.94060105 0.15276223 -0.30320504
vn -0.8125271 0.52435476 -0.25466004
vn -0.12134478 0.9887114 -0.08789262
vn -0.032640852 0.9980411 -0.053372283
vn -0.005515943 0.9997104 -0.02342603
vn -0.0015820232 0.9996007 -0.028215049
vn -0.003962949 0.9996791 -0.02502257
vn -0.00018334121 0.9996059 -0.028071202
vn 0.000037884656 0.99960655 -0.028051464
vn 0 0.9996069 -0.028037842
vn 0 0.9996069 -0.028037848
vn 0 0.99960685 -0.028037839
vn 0.0025391355 0.99962074 -0.027421236
vn 0.0009192891 0.999696 -0.024637295
vn 0.00012428322 0.99971074 -0.024051115
vn 0 0.9997124 -0.023979848
vn 0 0.9997124 -0.02397984
vn 0 0.9997124 -0.02397984
vn 0 0.9997124 -0.02397984
vn 0 0.99971247 -0.023979843
vn 0 0.99971247 -0.023979843
vn 0 0.9997124 -0.023979839
vn 0 0.9997124 -0.023979839
vn -0.000051989842 0.9996733 -0.025560182
vn 0.000051715677 0.9997125 -0.023976887
vn 0 0.99971247 -0.023979846
vn 0 0.9997124 -0.023979845
vn 0 0.99971247 -0.02397984
vn 0 0.99971247 -0.02397984
vn 0 0.99971247 -0.023979843
vn 0 0.9997124 -0.02397984
vn 0 0.9997124 -0.023979839
vn 0 0.9997124 -0.023979839
vn -0.00005758226 0.9997116 -0.024016853
vn -0.00026870545 0.99970835 -0.024148855
vn -0.0041596834 0.99966186 -0.02566863
vn -0.0011831963 0.99960905 -0.027933529
vn 0 0.9996069 -0.028037852
vn 0 0.99960685 -0.028037839
vn 0 0.9996069 -0.028037844
vn -0.00010001484 0.99960554 -0.028086364
vn 0.001121948 0.99965686 -0.026169507
vn 0.0026543862 0.9996072 -0.027898163
vn 0.0017777779 0.9997111 -0.023970524
vn 0.005272698 0.9997071 -0.023619026
vn 0.031998117 0.99800533 -0.054419093
vn 0.12337914 0.98817945 -0.09098902
vn 0.8101098 0.5253169 -0.26031557
vn -0.63789713 -0.75255364 -0.16355501
vn -0.32359254 -0.9412539 -0.09658696
vn -0.135173 -0.9901598 -0.03622024
vn -0.016584454 -0.9997798 -0.012858505
vn 0 -1 0
vn 0 -1 0
vn 0 -1 0
vn 0 -1 0
vn 0 -1 0
vn 0 -1 0
vn 0 -1 0
vn 0 -1 0
vn 0 -1 0
vn 0 -1 0
vn 0 -1 0
vn 0 -1 0
vn 0 -1 0
vn 0 -1 0
vn 0 -1 0
vn 0 -1 0
vn 0 -1 0
vn 0 -1 0
vn 0 -1 0
vn 0 -1 0
vn 0 -1 0
vn 0 -1 0
vn 0 -1 0
vn 0 -1 0
vn 0 -1 0
vn 0 -1 0
vn 0 -1 0
vn 0 -1 0
vn 0 -1 0
vn 0 -1 0
vn 0 -1 0
vn 0 -1 0
vn 0 -1 0
vn 0 -1 0
vn 0 -1 0
vn 0 -1 0
vn 0 -1 0
vn 0 -1 0
vn 0 -1 0
vn 0 -1 0
vn 0 -1 0
vn 0.015821144 -0.99979043 -0.012987334
vn 0.12817495 -0.99101686 -0.03816721
vn 0.31047103 -0.9452136 -0.10089085
vn 0.63462275 -0.75352913 -0.1716034
vn -0.5362033 0.8266377 -0.1707514
vn -0.24415337 0.9666431 -0.07739579
vn -0.09878716 0.9947009 -0.028481977
vn -0.009002286 0.9999431 -0.005720644
vn 0.0000008610561 1 0.000054485536
vn 0.00006855756 1 0.000030974134
vn -0.00004212568 1 0.000054625445
vn -0.000009258227 1 0.000047540496
vn 0.00007653983 1 0.00005123864
vn 0 1 0
vn 0 1 0
vn 0 1 0
vn 0 1 0
vn 0 1 0
vn 0 1 0
vn 0 1 0
vn 0 1 0
vn 0 1 0
vn 0 1 0
vn 0 1 0
vn 0 1 0
vn 0 1 0
vn 0 1 0
vn -0.00005192992 1 0.000028348153
vn 0 1 0.0000035610224
vn 0 1 0
vn 0 1 0
vn 0 1 0
vn 0 1 0
vn 0 1 0
vn 0 1 0
vn 0 1 0
vn 0 1 0
vn 0 1 0
vn 0 1 0
vn 0 1 0
vn 0 1 0
vn 0 1 0
vn 0 1 0
vn 0 1 0
vn -0.0001303295 1 0.000033563356
vn 0.0000053148456 1 0.000040908326
vn 0.000026099075 1 0.000041037183
vn -0.00009663874 1 0.00000668316
vn -0.000008108651 1 0.000048398153
vn 0.008791115 0.99994445 -0.0058082165
vn 0.10224496 0.994353 -0.028424788
vn 0.2521254 0.9645652 -0.07776
vn 0.5378795 0.8249158 -0.17377985
vn -0.6660827 -0.7432249 -0.06285271
vn -0.34058887 -0.93937224 -0.039735243
vn -0.034347966 -0.99937546 -0.008295118
vn 0 -1 0
vn 0 -1 0
vn 0 -1 0
vn 0 -1 0
vn 0 -1 0
vn 0 -1 0
vn 0 -1 0
vn 0 -1 0
vn 0 -1 0
vn 0 -1 0
vn 0 -1 0
vn 0 -1 0
vn 0 -1 0
vn 0 -1 0
vn 0 -1 0
vn 0 -1 0
vn 0 -1 0
vn 0 -1 0
vn 0 -1 0
vn 0 -1 0
vn 0 -1 0
vn 0 -1 0
vn 0 -1 0
vn 0 -1 0
vn 0 -1 0
vn 0 -1 0
vn 0 -1 0
vn 0 -1 0
vn 0 -1 0
vn 0 -1 0
vn 0 -1 0
vn 0 -1 0
vn 0 -1 0
vn 0 -1 0
vn 0 -1 0
vn 0 -1 0
vn 0 -1 0
vn 0 -1 0
vn 0 -1 0
vn 0 -1 0
vn 0 -1 0
vn 0 -1 0
vn 0 -1 0
vn 0.03382048 -0.99939144 -0.0085403
vn 0.33542326 -0.94113106 -0.041993257
vn 0.66539204 -0.74361044 -0.06555209
vn -0.95033455 -0.2906049 -0.11141467
vn 0.9504003 -0.28889635 -0.11523105
vn -0.99212164 -0.038244206 -0.11929787
vn 0.99177676 -0.03835708 -0.12209662
vn -0.9928442 0 -0.11941699
vn 0.99249977 0 -0.122246
vn -0.9928442 0 -0.11941698
vn 0.99249977 0 -0.12224598
vn -0.99284416 0 -0.11941698
vn 0.9924998 0 -0.12224602
vn -0.9928442 0 -0.11941706
vn 0.99249977 0 -0.122246
vn -0.9928442 0 -0.119417
vn 0.99249977 0 -0.12224599
vn -0.99284416 0 -0.11941702
vn 0.9924998 0 -0.12224599
vn -0.992642 0.024712205 -0.11853799
vn 0.9922979 0.024468048 -0.1214338
vn -0.99284416 -0.00030609447 -0.11941696
vn 0.9924997 -0.00030431311 -0.12224617
vn -0.9928442 0 -0.119417
vn 0.9924998 0 -0.12224605
vn -0.99284416 0 -0.11941702
vn 0.99249977 0 -0.12224598
vn -0.9818451 0.14847314 -0.11805053
vn 0.9815131 0.1484205 -0.120845035
vn -0.7274293 0.68053955 -0.08782072
vn -0.26373896 0.9640559 -0.032218363
vn -0.026171671 0.99963784 -0.0062579676
vn -0.000056153654 1 0.00007017178
vn -0.0000062880017 1 0.00006568501
vn 0.000019424757 1 0.00004091529
vn -0.000017860735 1 0.000029376713
vn 0.000018843046 1 0.00005702332
vn 0.000022273683 1 0.0000061744336
vn 0 1 0
vn 0 1 0
vn 0 1 0
vn 0 1 0
vn 0 1 0
vn 0 1 0
vn 0 1 0
vn 0 1 0
vn 0 1 0
vn 0 1 0
vn 0 1 0
vn 0 1 0
vn 0 1 0
vn 0 1 0
vn 0 1 0
vn 0 1 0
vn 0 1 0
vn 0 1 0
vn 0 1 0
vn 0 1 0
vn 0 1 0
vn 0 1 0
vn 0 1 0
vn 0 1 0
vn 0 1 0
vn 0 1 0
vn 0 1 0
vn 0 1 0
vn 0 1 0
vn 0 1 0
vn 0 1 0
vn -0.000015991876 1 0.0000061728174
vn 0.000011723259 1 0.00006602592
vn 0.000032297325 1 0.00003822733
vn -0.000020606876 1 0.000039207138
vn -0.000013229916 1 0.00004984406
vn 0.000046077006 1 0.00006267125
vn 0.025768852 0.99964714 -0.0064447923
vn 0.26681066 0.96321195 -0.032168273
vn 0.7264453 0.6812862 -0.09014555
vn -0.087308995 -0.99614495 -0.008504571
vn 0 -1 0
vn 0 -1 0
vn 0 -1 0
vn 0 -1 0
vn 0 -1 0
vn 0 -1 0
vn 0 -1 0
vn 0 -1 0
vn 0 -1 0
vn 0 -1 0
vn 0 -1 0
vn 0 -1 0
vn 0 -1 0
vn 0 -1 0
vn 0 -1 0
vn 0 -1 0
vn 0 -1 0
vn 0 -1 0
vn 0 -1 0
vn 0 -1 0
vn 0 -1 0
vn 0 -1 0
vn 0 -1 0
vn 0 -1 0
vn 0 -1 0
vn 0 -1 0
vn 0 -1 0
vn 0 -1 0
vn 0 -1 0
vn 0 -1 0
vn 0 -1 0
vn 0 -1 0
vn 0 -1 0
vn 0 -1 0
vn 0 -1 0
vn 0 -1 0
vn 0 -1 0
vn 0 -1 0
vn 0 -1 0
vn 0 -1 0
vn 0 -1 0
vn 0 -1 0
vn 0 -1 0
vn 0.08548635 -0.9962985 -0.009018182
vn -0.065629244 0.9978217 -0.0066803005
vn 0 1 0
vn 0 1 0
vn 0 1 0
vn 0 1 0
vn 0 1 0
vn 0 1 0
vn 0 1 0
vn 0 1 0
vn 0 1 0
vn 0 1 0
vn 0 1 0
vn 0 1 0
vn 0 1 0
vn 0 1 0
vn 0 1 0
vn 0 1 0
vn 0 1 0
vn 0 1 0
vn 0 1 0
vn 0 1 0
vn 0 1 0
vn 0 1 0
vn 0 1 0
vn 0 1 0
vn 0 1 0
vn 0 1 0
vn 0 1 0
vn 0 1 0
vn 0 1 0
vn 0 1 0
vn 0 1 0
vn 0 1 0
vn 0 1 0
vn 0 1 0
vn 0 1 0
vn 0 1 0
vn 0 1 0
vn 0.000012977349 1 -0.000000010361252
vn 0.0000442737 1 0.0000004105422
vn 0 1 0
vn 0 1 0
vn 0 1 0
vn 0 1 0
vn 0.066087306 0.9977913 -0.006708494
vn -0.67433727 -0.7383207 -0.012321055
vn -0.24217325 -0.97020483 -0.007398208
vn -0.03183571 -0.99949265 -0.0009439275
vn 0 -1 0
vn 0 -1 0
vn 0 -1 0
vn 0 -1 0
vn 0 -1 0
vn 0 -1 0
vn 0 -1 0
vn 0 -1 0
vn 0 -1 0
vn 0 -1 0
vn 0 -1 0
vn 0 -1 0
vn 0 -1 0
vn 0 -1 0
vn 0 -1 0
vn 0 -1 0
vn 0.032338094 -0.9994768 -0.0005960874
vn 0.24185213 -0.97028416 -0.0074932203
vn 0.6742919 -0.73835665 -0.01264708
vn -0.9581393 -0.285071 -0.02652398
vn 0.9580878 -0.28518233 -0.027181085
vn -0.9988829 -0.037588716 -0.028634306
vn 0.99886024 -0.03769936 -0.02927113
vn -0.9995889 0 -0.028668307
vn 0.999569 0 -0.029360844
vn -0.9995889 0 -0.028668301
vn 0.99956894 0 -0.029360846
vn -0.9995889 0 -0.028668305
vn 0.999569 0 -0.029360842
vn -0.99958897 0 -0.028668314
vn 0.999569 0 -0.029360848
vn -0.9995889 0 -0.02866831
vn 0.999569 0 -0.029360846
vn -0.99958897 0 -0.028668303
vn 0.999569 0 -0.02936084
vn -0.99928623 0.024869291 -0.028434355
vn 0.9991181 0.030287072 -0.029084954
vn 0.9995683 0.0011503928 -0.029360874
vn -0.99958897 -0.0002911628 -0.028668297
vn 0.9995689 -0.00028688664 -0.02936118
vn -0.9995889 0 -0.028668307
vn 0.999569 0 -0.029360842
vn -0.99958897 0 -0.02866831
vn 0.999569 0 -0.029360846
vn -0.9888276 0.14632833 -0.028428618
vn 0.97241193 0.23148747 -0.02878661
vn 0.9978098 0.059283357 -0.029342381
vn -0.7373539 0.6751534 -0.021839164
vn -0.18847825 0.9820608 -0.005700246
vn -0.024769489 0.99969316 -0.00042871697
vn 0 1 0
vn 0 1 0
vn 0 1 0
vn 0 1 0
vn 0 1 0
vn 0 1 0
vn 0 1 0
vn 0 1 0
vn 0 1 0
vn 0 1 0
vn 0 1 0
vn 0 1 0
vn 0 1 0
vn 0 1 0
vn 0 1 0
vn 0 1 0
vn 0.023946373 0.99971294 -0.00073556724
vn 0.1879173 0.98216695 -0.0059278873
vn 0.7364034 0.6761606 -0.022738243
vn -0.67597663 -0.7369229 0
vn -0.3471383 -0.93781406 0.000030884625
vn 0 -1 0
vn 0 -1 0
vn 0 -1 0
vn 0 -1 0
vn 0 -1 0
vn 0 -1 0
vn 0 -1 0
vn 0 -1 0
vn 0 -1 0
vn 0 -1 0
vn 0 -1 0
vn 0 -1 0
vn 0 -1 0
vn 0 -1 0
vn 0 -1 0
vn 0 -1 0
vn 0 -1 0
vn 0 -1 0
vn 0 -1 0
vn 0 -1 0
vn 0 -1 0
vn 0 -1 0
vn 0 -1 0
vn 0 -1 0
vn 0 -1 0
vn 0 -1 0
vn 0 -1 0
vn 0 -1 0
vn 0 -1 0
vn 0 -1 0
vn 0 -1 0
vn 0 -1 0
vn 0 -1 0
vn 0 -1 0
vn 0 -1 0
vn 0 -1 0
vn 0 -1 0
vn 0 -1 0
vn 0 -1 0
vn 0 -1 0
vn 0 -1 0
vn 0 -1 0
vn 0 -1 0
vn 0.34678832 -0.93794346 0
vn 0.67597675 -0.736923 0
vn -0.9593244 -0.28230572 0
vn 0.95931375 -0.2823424 0
vn -0.99930006 -0.03740841 0
vn 0.9993026 -0.037342075 0
vn -1 0 0
vn 1 0 0
vn -1 0 0
vn 1 0 0
vn -1 0 0
vn 1 0 0
vn -1 0 0
vn 1 0 0
vn -1 0 0
vn 1 0 0
vn -1 0 0
vn 1 0 0
vn -0.9996973 0.024601655 -0.000010773951
vn 0.99955535 0.029819809 0
vn 0.99999934 0.0011460087 0
vn -1 -0.00028484897 0
vn 1 -0.00028484894 0
vn -1 0 0
vn 1 0 0
vn -1 0 0
vn 1 0 0
vn -0.9893348 0.1456591 0
vn 0.9731536 0.23015638 0
vn 0.99825853 0.05898953 0
vn -0.7391494 0.67354155 0
vn -0.2728862 0.9620464 0
vn 0 1 0
vn 0 1 0
vn 0 1 0
vn 0 1 0
vn 0 1 0
vn 0 1 0
vn 0 1 0
vn 0 1 0
vn 0 1 0
vn 0 1 0
vn 0 1 0
vn 0 1 0
vn 0 1 0
vn 0 1 0
vn 0 1 0
vn 0 1 0
vn 0 1 0
vn 0 1 0
vn 0 1 0
vn 0 1 0
vn 0 1 0
vn 0 1 0
vn 0 1 0
vn 0 1 0
vn 0 1 0
vn 0 1 0
vn 0 1 0
vn 0 1 0
vn 0 1 0
vn 0 1 0
vn 0 1 0
vn 0 1 0
vn 0 1 0
vn 0 1 0
vn 0 1 0
vn 0 1 0
vn 0 1 0
vn 0 1 0
vn 0 1 0
vn 0 1 0
vn 0 1 0
vn 0 1 0
vn 0 1 0
vn 0.2726775 0.96210545 0.000018761853
vn 0.73911905 0.6735748 0
vn -0.13696927 -0.9905753 0.00005518172
vn -0.032028962 -0.9994869 0.000023493583
vn 0 -1 0
vn 0 -1 0
vn 0 -1 0
vn 0 -1 0
vn 0 -1 0
vn 0 -1 0
vn 0 -1 0
vn 0 -1 0
vn 0 -1 0
vn 0 -1 0
vn 0 -1 0
vn 0 -1 0
vn 0 -1 0
vn 0 -1 0
vn 0 -1 0
vn 0 -1 0
vn 0 -1 0
vn 0 -1 0
vn 0 -1 0
vn 0 -1 0
vn 0 -1 0
vn 0 -1 0
vn 0 -1 0
vn 0 -1 0
vn 0 -1 0
vn 0 -1 0
vn 0 -1 0
vn 0 -1 0
vn 0 -1 0
vn 0 -1 0
vn 0 -1 0
vn 0 -1 0
vn 0 -1 0
vn 0 -1 0
vn 0 -1 0
vn 0 -1 0
vn 0 -1 0
vn 0 -1 0
vn 0 -1 0
vn 0 -1 0
vn 0 -1 0
vn 0 -1 0
vn 0 -1 0
vn 0.03177636 -0.999495 0.00003730601
vn 0.13635756 -0.99065965 0.00004650807
vn -0.10464403 0.99450976 0.00003558834
vn -0.02432648 0.99970406 0.000028548946
vn 0 1 0
vn 0 1 0
vn 0 1 0
vn 0 1 0
vn 0 1 0
vn 0 1 0
vn 0 1 0
vn 0 1 0
vn 0 1 0
vn 0 1 0
vn 0 1 0
vn 0 1 0
vn 0 1 0
vn 0 1 0
vn 0 1 0
vn 0 1 0
vn 0 1 0
vn 0 1 0
vn 0 1 0
vn 0 1 0
vn 0 1 0
vn 0 1 0
vn 0 1 0
vn 0 1 0
vn 0 1 0
vn 0 1 0
vn 0 1 0
vn 0 1 0
vn 0 1 0
vn 0 1 0
vn 0 1 0
vn 0 1 0
vn 0 1 0
vn 0 1 0
vn 0 1 0
vn 0 1 0
vn 0 1 0
vn 0 1 0
vn 0 1 0
vn 0 1 0
vn 0 1 0
vn 0 1 0
vn 0 1 0
vn 0.024096342 0.9997096 0.000017684504
vn 0.10418927 0.99455744 0.00003927614
vn -0.6759768 -0.7369229 0
vn -0.24267346 -0.9701081 0.000079796104
vn -0.032012593 -0.99948746 0.000059627775
vn 0 -1 0
vn 0 -1 0
vn 0 -1 0
vn 0 -1 0
vn 0 -1 0
vn 0 -1 0
vn 0 -1 0
vn 0 -1 0
vn 0 -1 0
vn 0 -1 0
vn 0 -1 0
vn 0 -1 0
vn 0 -1 0
vn 0 -1 0
vn 0 -1 0
vn 0 -1 0
vn 0 -1 0
vn 0 -1 0
vn 0 -1 0
vn 0 -1 0
vn 0 -1 0
vn 0 -1 0
vn 0 -1 0
vn 0 -1 0
vn 0 -1 0
vn 0 -1 0
vn 0 -1 0
vn 0 -1 0
vn 0 -1 0
vn 0 -1 0
vn 0 -1 0
vn 0 -1 0
vn 0 -1 0
vn 0 -1 0
vn 0 -1 0
vn 0 -1 0
vn 0 -1 0
vn 0 -1 0
vn 0 -1 0
vn 0 -1 0
vn 0 -1 0
vn 0 -1 0
vn 0 -1 0
vn 0.031734087 -0.9994963 0.00006008648
vn 0.24210517 -0.97025 0.000032843916
vn 0.67597675 -0.73692304 0
vn -0.95915043 -0.2828965 0
vn 0.9591396 -0.2829333 0
vn -0.99930006 -0.03740841 0
vn 0.99930257 -0.03734208 0
vn -1 0 0
vn 1 0 0
vn -1 0 0
vn 1 0 0
vn -1 0 0
vn 1 0 0
vn -1 0 0
vn 1 0 0
vn -1 0 0
vn 1 0 0
vn -1 0 0
vn 1 0 0
vn -0.99970716 0.024202073 -0.0000108103595
vn 0.99957025 0.029317304 -0.0000075486623
vn 0.99999934 0.0011459575 0
vn -1 -0.00028479457 0
vn 1 -0.00028479454 0
vn -1 0 0
vn 1 0 0
vn -1 0 0
vn 1 0 0
vn -0.9893169 0.14578061 0
vn 0.9731536 0.23015638 0
vn 0.9982586 0.058989536 0
vn -0.7392668 0.6734125 0
vn -0.1885771 0.9820584 0.000024335372
vn -0.024294784 0.9997048 0.00004525269
vn 0 1 0
vn 0 1 0
vn 0 1 0
vn 0 1 0
vn 0 1 0
vn 0 1 0
vn 0 1 0
vn 0 1 0
vn 0 1 0
vn 0 1 0
vn 0 1 0
vn 0 1 0
vn 0 1 0
vn 0 1 0
vn 0 1 0
vn 0 1 0
vn 0 1 0
vn 0 1 0
vn 0 1 0
vn 0 1 0
vn 0 1 0
vn 0 1 0
vn 0 1 0
vn 0 1 0
vn 0 1 0
vn 0 1 0
vn 0 1 0
vn 0 1 0
vn 0 1 0
vn 0 1 0
vn 0 1 0
vn 0 1 0
vn 0 1 0
vn 0 1 0
vn 0 1 0
vn 0 1 0
vn 0 1 0
vn 0 1 0
vn 0 1 0
vn 0 1 0
vn 0 1 0
vn 0 1 0
vn 0 1 0
vn 0.02408315 0.9997099 0.000045599503
vn 0.18824977 0.9821213 0.00006138023
vn 0.7392367 0.6734458 0
vn -0.6759768 -0.736923 0
vn -0.2416899 -0.9703535 0.00004166145
vn -0.03192596 -0.9994902 0.000050082024
vn 0 -1 0
vn 0 -1 0
vn 0 -1 0
vn 0 -1 0
vn 0 -1 0
vn 0 -1 0
vn 0 -1 0
vn 0 -1 0
vn 0 -1 0
vn 0 -1 0
vn 0 -1 0
vn 0 -1 0
vn 0 -1 0
vn 0 -1 0
vn 0 -1 0
vn 0 -1 0
vn 0 -1 0
vn 0 -1 0
vn 0 -1 0
vn 0 -1 0
vn 0 -1 0
vn 0 -1 0
vn 0 -1 0
vn 0 -1 0
vn 0 -1 0
vn 0 -1 0
vn 0 -1 0
vn 0 -1 0
vn 0 -1 0
vn 0 -1 0
vn 0 -1 0
vn 0 -1 0
vn 0 -1 0
vn 0 -1 0
vn 0 -1 0
vn 0 -1 0
vn 0 -1 0
vn 0 -1 0
vn 0 -1 0
vn 0 -1 0
vn 0 -1 0
vn 0 -1 0
vn 0 -1 0
vn 0.03166896 -0.9994984 0.000066525696
vn 0.24111219 -0.9704972 0.000032674256
vn 0.6759768 -0.736923 0
vn -0.95886284 -0.2838699 0
vn 0.9588515 -0.2839082 0
vn -0.9993001 -0.037408408 0
vn 0.99930257 -0.03734208 0
vn -1 0 0
vn 1 0 0
vn -1 0 0
vn 1 0 0
vn -1 0 0
vn 1 0 0
vn -1 0 0
vn 1 0 0
vn -1 0 0
vn 1 0 0
vn -1 0 0
vn 1 0 0
vn -0.9997281 0.023316594 0
vn 0.9995985 0.028334508 -0.000002568042
vn 0.9999994 0.0011459362 0
vn -1 -0.0002848874 0
vn 1 -0.00028488727 0
vn -1 0 0
vn 1 0 0
vn -1 0 0
vn 1 0 0
vn -0.9894016 0.14520517 0
vn 0.9731536 0.23015635 0
vn 0.9982586 0.058989536 0
vn -0.7373531 0.6755075 0
vn -0.1880556 0.98215836 0.000025244783
vn -0.024246424 0.999706 0.000050096896
vn 0 1 0
vn 0 1 0
vn 0 1 0
vn 0 1 0
vn 0 1 0
vn 0 1 0
vn 0 1 0
vn 0 1 0
vn 0 1 0
vn 0 1 0
vn 0 1 0
vn 0 1 0
vn 0 1 0
vn 0 1 0
vn 0 1 0
vn 0 1 0
vn 0 1 0
vn 0 1 0
vn 0 1 0
vn 0 1 0
vn 0 1 0
vn 0 1 0
vn 0 1 0
vn 0 1 0
vn 0 1 0
vn 0 1 0
vn 0 1 0
vn 0 1 0
vn 0 1 0
vn 0 1 0
vn 0 1 0
vn 0 1 0
vn 0 1 0
vn 0 1 0
vn 0 1 0
vn 0 1 0
vn 0 1 0
vn 0 1 0
vn 0 1 0
vn 0 1 0
vn 0 1 0
vn 0 1 0
vn 0 1 0
vn 0.024017518 0.9997116 0.00003921382
vn 0.18763381 0.9822391 0.0000357143
vn 0.7373226 0.67554086 0
vn -0.67597675 -0.7369229 0
vn -0.24152724 -0.9703941 0.000006875053
vn -0.031814117 -0.99949384 0.000015055186
vn 0 -1 0
vn 0 -1 0
vn 0 -1 0
vn 0 -1 0
vn 0 -1 0
vn 0 -1 0
vn 0 -1 0
vn 0 -1 0
vn 0 -1 0
vn 0 -1 0
vn 0 -1 0
vn 0 -1 0
vn 0 -1 0
vn 0 -1 0
vn 0 -1 0
vn 0 -1 0
vn 0 -1 0
vn 0 -1 0
vn 0 -1 0
vn 0 -1 0
vn 0 -1 0
vn 0 -1 0
vn 0 -1 0
vn 0 -1 0
vn 0 -1 0
vn 0 -1 0
vn 0 -1 0
vn 0 -1 0
vn 0 -1 0
vn 0 -1 0
vn 0 -1 0
vn 0 -1 0
vn 0 -1 0
vn 0 -1 0
vn 0 -1 0
vn 0 -1 0
vn 0 -1 0
vn 0 -1 0
vn 0 -1 0
vn 0 -1 0
vn 0 -1 0
vn 0 -1 0
vn 0 -1 0
vn 0.031601224 -0.99950063 0.00005560053
vn 0.24102134 -0.97051984 0.000025658972
vn 0.67597675 -0.736923 0
vn -0.95874286 -0.284275 0
vn 0.9587314 -0.28431317 0
vn -0.99930006 -0.03740841 0
vn 0.9993026 -0.03734208 0
vn -1 0 0
vn 1 0 0
vn -1 0 0
vn 1 0 0
vn -1 0 0
vn 1 0 0
vn -1 0 0
vn 1 0 0
vn -1 0 0
vn 1 0 0
vn -1 0 0
vn 1 0 0
vn -0.99972856 0.023299266 0
vn 0.9995992 0.0283073 0.0000049605737
vn 0.9999994 0.0011459789 0
vn -1 -0.0002849068 0
vn 1 -0.00028490668 0
vn -1 0 0
vn 1 0 0
vn -1 0 0
vn 1 0 0
vn -0.98940647 0.14517196 0
vn 0.97315365 0.2301564 0
vn 0.99825853 0.05898953 0
vn -0.7376041 0.67523336 0
vn -0.18798281 0.98217237 0.000019924013
vn -0.024193084 0.99970734 0.000044000008
vn 0 1 0
vn 0 1 0
vn 0 1 0
vn 0 1 0
vn 0 1 0
vn 0 1 0
vn 0 1 0
vn 0 1 0
vn 0 1 0
vn 0 1 0
vn 0 1 0
vn 0 1 0
vn 0 1 0
vn 0 1 0
vn 0 1 0
vn 0 1 0
vn 0 1 0
vn 0 1 0
vn 0 1 0
vn 0 1 0
vn 0 1 0
vn 0 1 0
vn 0 1 0
vn 0 1 0
vn 0 1 0
vn 0 1 0
vn 0 1 0
vn 0 1 0
vn 0 1 0
vn 0 1 0
vn 0 1 0
vn 0 1 0
vn 0 1 0
vn 0 1 0
vn 0 1 0
vn 0 1 0
vn 0 1 0
vn 0 1 0
vn 0 1 0
vn 0 1 0
vn 0 1 0
vn 0 1 0
vn 0 1 0
vn 0.023934947 0.99971354 0.000010726409
vn 0.18754224 0.9822566 0.0000045461243
vn 0.7375736 0.6752668 0
vn -0.67597675 -0.736923 0
vn -0.24181944 -0.97032124 0.000015460468
vn -0.031776786 -0.99949497 0.000014868975
vn 0 -1 0
vn 0 -1 0
vn 0 -1 0
vn 0 -1 0
vn 0 -1 0
vn 0 -1 0
vn 0 -1 0
vn 0 -1 0
vn 0 -1 0
vn 0 -1 0
vn 0 -1 0
vn 0 -1 0
vn 0 -1 0
vn 0 -1 0
vn 0 -1 0
vn 0 -1 0
vn 0 -1 0
vn 0 -1 0
vn 0 -1 0
vn 0 -1 0
vn 0 -1 0
vn 0 -1 0
vn 0 -1 0
vn 0 -1 0
vn 0 -1 0
vn 0 -1 0
vn 0 -1 0
vn 0 -1 0
vn 0 -1 0
vn 0 -1 0
vn 0 -1 0
vn 0 -1 0
vn 0 -1 0
vn 0 -1 0
vn 0 -1 0
vn 0 -1 0
vn 0 -1 0
vn 0 -1 0
vn 0 -1 0
vn 0 -1 0
vn 0 -1 0
vn 0 -1 0
vn 0 -1 0
vn 0.031539053 -0.9995026 0.000036676884
vn 0.24130325 -0.97044975 0.000014661194
vn 0.67597675 -0.73692304 0
vn -0.9586221 -0.28468174 0
vn 0.95861083 -0.28471988 0
vn -0.99930006 -0.037408408 0
vn 0.99930257 -0.037342083 0
vn -1 0 0
vn 1 0 0
vn -1 0 0
vn 1 0 0
vn -1 0 0
vn 1 0 0
vn -1 0 0
vn 1 0 0
vn -1 0 0
vn 1 0 0
vn -1 0 0
vn 1 0 0
vn -0.9997284 0.023305196 0
vn 0.99959904 0.028314048 0
vn 0.99999934 0.0011460262 0
vn -1 -0.00028492833 0
vn 1 -0.00028492833 0
vn -1 0 0
vn 1 0 0
vn -1 0 0
vn 1 0 0
vn -0.9894161 0.1451061 0
vn 0.97315365 0.23015639 0
vn 0.99825853 0.058989525 0
vn -0.73815995 0.6746259 0
vn -0.18821386 0.982128 0.000011174769
vn -0.024143962 0.9997085 0.000028076667
vn 0 1 0
vn 0 1 0
vn 0 1 0
vn 0 1 0
vn 0 1 0
vn 0 1 0
vn 0 1 0
vn 0 1 0
vn 0 1 0
vn 0 1 0
vn 0 1 0
vn 0 1 0
vn 0 1 0
vn 0 1 0
vn 0 1 0
vn 0 1 0
vn 0 1 0
vn 0 1 0
vn 0 1 0
vn 0 1 0
vn 0 1 0
vn 0 1 0
vn 0 1 0
vn 0 1 0
vn 0 1 0
vn 0 1 0
vn 0 1 0
vn 0 1 0
vn 0 1 0
vn 0 1 0
vn 0 1 0
vn 0 1 0
vn 0 1 0
vn 0 1 0
vn 0 1 0
vn 0 1 0
vn 0 1 0
vn 0 1 0
vn 0 1 0
vn 0 1 0
vn 0 1 0
vn 0 1 0
vn 0 1 0
vn 0.023905056 0.99971426 0.000009986042
vn 0.18782438 0.9822026 0.00001378185
vn 0.73812926 0.6746593 0
vn -0.67597675 -0.736923 0
vn -0.2419137 -0.97029775 0.000018619994
vn -0.03176482 -0.9994954 0.000016865619
vn 0 -1 0
vn 0 -1 0
vn 0 -1 0
vn 0 -1 0
vn 0 -1 0
vn 0 -1 0
vn 0 -1 0
vn 0 -1 0
vn 0 -1 0
vn 0 -1 0
vn 0 -1 0
vn 0 -1 0
vn 0 -1 0
vn 0 -1 0
vn 0 -1 0
vn 0 -1 0
vn 0 -1 0
vn 0 -1 0
vn 0 -1 0
vn 0 -1 0
vn 0 -1 0
vn 0 -1 0
vn 0 -1 0
vn 0 -1 0
vn 0 -1 0
vn 0 -1 0
vn 0 -1 0
vn 0 -1 0
vn 0 -1 0
vn 0 -1 0
vn 0 -1 0
vn 0 -1 0
vn 0 -1 0
vn 0 -1 0
vn 0 -1 0
vn 0 -1 0
vn 0 -1 0
vn 0 -1 0
vn 0 -1 0
vn 0 -1 0
vn 0 -1 0
vn 0 -1 0
vn 0 -1 0
vn 0.03148927 -0.99950415 0.000017297843
vn 0.24138305 -0.97042996 0.0000070409665
vn 0.67597663 -0.73692304 0
vn -0.95858 -0.28482318 0
vn 0.95856875 -0.28486136 0
vn -0.99930006 -0.037408415 0
vn 0.99930257 -0.03734208 0
vn -1 0 0
vn 1 0 0
vn -1 0 0
vn 1 0 0
vn -1 0 0
vn 1 0 0
vn -1 0 0
vn 1 0 0
vn -1 0 0
vn 1 0 0
vn -1 0 0
vn 1 0 0
vn -0.9997283 0.023307044 0
vn 0.99959904 0.028316116 -0.0000031745467
vn 0.9999994 0.0011460412 0
vn -1 -0.0002849351 0
vn 1 -0.00028493511 0
vn -1 0 0
vn 1 0 0
vn -1 0 0
vn 1 0 0
vn -0.98941934 0.14508432 0
vn 0.9731536 0.23015636 0.000009027065
vn 0.9982586 0.05898954 0.00001796784
vn -0.73834634 0.6744218 0
vn -0.1882799 0.98211545 0.000004916325
vn -0.024106503 0.9997094 0.000012799099
vn 0 1 0
vn 0 1 0
vn 0 1 0
vn 0 1 0
vn 0 1 0
vn 0 1 0
vn 0 1 0
vn 0 1 0
vn 0 1 0
vn 0 1 0
vn 0 1 0
vn 0 1 0
vn 0 1 0
vn 0 1 0
vn 0 1 0
vn 0 1 0
vn 0 1 0
vn 0 1 0
vn 0 1 0
vn 0 1 0
vn 0 1 0
vn 0 1 0
vn 0 1 0
vn 0 1 0
vn 0 1 0
vn 0 1 0
vn 0 1 0
vn 0 1 0
vn 0 1 0
vn 0 1 0
vn 0 1 0
vn 0 1 0
vn 0 1 0
vn 0 1 0
vn 0 1 0
vn 0 1 0
vn 0 1 0
vn 0 1 0
vn 0 1 0
vn 0 1 0
vn 0 1 0
vn 0 1 0
vn 0 1 0
vn 0.023897117 0.9997144 0.000013127507
vn 0.18791099 0.9821861 0.00001693862
vn 0.73831564 0.67445534 0
vn -0.67597675 -0.73692304 0
vn -0.24187322 -0.9703079 0.0000072605535
vn -0.031734247 -0.9994963 0.0000057777706
vn 0 -1 0
vn 0 -1 0
vn 0 -1 0
vn 0 -1 0
vn 0 -1 0
vn 0 -1 0
vn 0 -1 0
vn 0 -1 0
vn 0 -1 0
vn 0 -1 0
vn 0 -1 0
vn 0 -1 0
vn 0 -1 0
vn 0 -1 0
vn 0 -1 0
vn 0 -1 0
vn 0 -1 0
vn 0 -1 0
vn 0 -1 0
vn 0 -1 0
vn 0 -1 0
vn 0 -1 0
vn 0 -1 0
vn 0 -1 0
vn 0 -1 0
vn 0 -1 0
vn 0 -1 0
vn 0 -1 0
vn 0 -1 0
vn 0 -1 0
vn 0 -1 0
vn 0 -1 0
vn 0 -1 0
vn 0 -1 0
vn 0 -1 0
vn 0 -1 0
vn 0 -1 0
vn 0 -1 0
vn 0 -1 0
vn 0 -1 0
vn 0 -1 0
vn 0 -1 0
vn 0 -1 0
vn 0.031461835 -0.999505 0.000008033148
vn 0.2413576 -0.97043633 0.0000029242678
vn 0.67597675 -0.73692304 0
vn -0.95858 -0.28482324 0
vn 0.9585687 -0.28486133 0
vn -0.99930006 -0.03740841 0
vn 0.99930257 -0.03734208 0
vn -1 0 0
vn 1 0 0
vn -1 0 0
vn 1 0 0
vn -1 0 0
vn 1 0 0
vn -1 0 0
vn 1 0 0
vn -1 0 0
vn 1 0 0
vn -1 0 0
vn 1 0 0
vn -0.99972844 0.023301044 0
vn 0.9995993 0.02830879 -0.0000000032513687
vn 0.99999934 0.0011460371 0
vn -1 -0.0002849349 0
vn 1 -0.0002849349 0
vn -1 0 0
vn 1 0 0
vn -1 0 0
vn 1 0 0
vn -0.98941934 0.14508432 0
vn 0.9731536 0.23015639 0.0000009541217
vn 0.9982586 0.058989536 0.0000089839195
vn -0.73834634 0.6744217 0
vn -0.18826132 0.98211896 0.0000020038071
vn -0.024085289 0.9997099 0.0000052625046
vn 0 1 0
vn 0 1 0
vn 0 1 0
vn 0 1 0
vn 0 1 0
vn 0 1 0
vn 0 1 0
vn 0 1 0
vn 0 1 0
vn 0 1 0
vn 0 1 0
vn 0 1 0
vn 0 1 0
vn 0 1 0
vn 0 1 0
vn 0 1 0
vn 0 1 0
vn 0 1 0
vn 0 1 0
vn 0 1 0
vn 0 1 0
vn 0 1 0
vn 0 1 0
vn 0 1 0
vn 0 1 0
vn 0 1 0
vn 0 1 0
vn 0 1 0
vn 0 1 0
vn 0 1 0
vn 0 1 0
vn 0 1 0
vn 0 1 0
vn 0 1 0
vn 0 1 0
vn 0 1 0
vn 0 1 0
vn 0 1 0
vn 0 1 0
vn 0 1 0
vn 0 1 0
vn 0 1 0
vn 0 1 0
vn 0.023875276 0.9997149 0.0000052258647
vn 0.18787387 0.9821932 0.0000056899753
vn 0.73831564 0.6744553 -0.0000044063136
vn -0.67597675 -0.7369229 0
vn -0.24170223 -0.97035056 0
vn -0.03172099 -0.99949676 0
vn 0 -1 0
vn 0 -1 0
vn 0 -1 0
vn 0 -1 0
vn 0 -1 0
vn 0 -1 0
vn 0 -1 0
vn 0 -1 0
vn 0 -1 0
vn 0 -1 0
vn 0 -1 0
vn 0 -1 0
vn 0 -1 0
vn 0 -1 0
vn 0 -1 0
vn 0 -1 0
vn 0 -1 0
vn 0 -1 0
vn 0 -1 0
vn 0 -1 0
vn 0 -1 0
vn 0 -1 0
vn 0 -1 0
vn 0 -1 0
vn 0 -1 0
vn 0 -1 0
vn 0 -1 0
vn 0 -1 0
vn 0 -1 0
vn 0 -1 0
vn 0 -1 0
vn 0 -1 0
vn 0 -1 0
vn 0 -1 0
vn 0 -1 0
vn 0 -1 0
vn 0 -1 0
vn 0 -1 0
vn 0 -1 0
vn 0 -1 0
vn 0 -1 0
vn 0 -1 0
vn 0 -1 0
vn 0.031447437 -0.9995055 0.0000022939605
vn 0.24122289 -0.97046965 0.0000005853073
vn 0.67597675 -0.7369229 0
vn -0.9585451 -0.28494123 0
vn 0.9585339 -0.28497875 0
vn -0.99930006 -0.037408408 0
vn 0.99930257 -0.037342086 0
vn -1 0 0
vn 1 0 0
vn -1 0 0
vn 1 0 0
vn -1 0 0
vn 1 0 0
vn -1 0 0
vn 1 0 0
vn -1 0 0
vn 1 0 0
vn -1 0 0
vn 1 0 0
vn -0.9997285 0.023301896 0
vn 0.9995992 0.028310278 0.0000031713298
vn 0.99999934 0.0011460374 0
vn -1 -0.0002848926 0
vn 1 -0.0002848926 0
vn -1 0 0
vn 1 0 0
vn -1 0 0
vn 1 0 0
vn -0.9893811 0.14534493 0
vn 0.97315365 0.23015639 -0.000008550004
vn 0.99825853 0.05898953 0
vn -0.7391996 0.6734864 0
vn -0.18801524 0.98216605 0.00000044693527
vn -0.02407723 0.99971014 0.000001756408
vn 0 1 0
vn 0 1 0
vn 0 1 0
vn 0 1 0
vn 0 1 0
vn 0 1 0
vn 0 1 0
vn 0 1 0
vn 0 1 0
vn 0 1 0
vn 0 1 0
vn 0 1 0
vn 0 1 0
vn 0 1 0
vn 0 1 0
vn 0 1 0
vn 0 1 0
vn 0 1 0
vn 0 1 0
vn 0 1 0
vn 0 1 0
vn 0 1 0
vn 0 1 0
vn 0 1 0
vn 0 1 0
vn 0 1 0
vn 0 1 0
vn 0 1 0
vn 0 1 0
vn 0 1 0
vn 0 1 0
vn 0 1 0
vn 0 1 0
vn 0 1 0
vn 0 1 0
vn 0 1 0
vn 0 1 0
vn 0 1 0
vn 0 1 0
vn 0 1 0
vn 0 1 0
vn 0 1 0
vn 0 1 0
vn 0.02386333 0.99971527 0
vn 0.18764064 0.9822377 0
vn 0.7391688 0.67352027 -0.000008865564
vn -0.6759767 -0.73692286 0
vn -0.24154957 -0.9703885 0
vn -0.03172098 -0.99949676 0
vn 0 -1 0
vn 0 -1 0
vn 0 -1 0
vn 0 -1 0
vn 0 -1 0
vn 0 -1 0
vn 0 -1 0
vn 0 -1 0
vn 0 -1 0
vn 0 -1 0
vn 0 -1 0
vn 0 -1 0
vn 0 -1 0
vn 0 -1 0
vn 0 -1 0
vn 0 -1 0
vn 0 -1 0
vn 0 -1 0
vn 0 -1 0
vn 0 -1 0
vn 0 -1 0
vn 0 -1 0
vn 0 -1 0
vn 0 -1 0
vn 0 -1 0
vn 0 -1 0
vn 0 -1 0
vn 0 -1 0
vn 0 -1 0
vn 0 -1 0
vn 0 -1 0
vn 0 -1 0
vn 0 -1 0
vn 0 -1 0
vn 0 -1 0
vn 0 -1 0
vn 0 -1 0
vn 0 -1 0
vn 0 -1 0
vn 0 -1 0
vn 0 -1 0
vn 0 -1 0
vn 0 -1 0
vn 0.0314448 -0.9995055 0
vn 0.24106559 -0.9705088 0
vn 0.6759767 -0.73692286 0
vn -0.95858204 -0.28481644 0
vn 0.9585709 -0.28485394 0
vn -0.99930006 -0.03740841 0
vn 0.9993026 -0.037342083 0
vn -1 0 0
vn 1 0 0
vn -1 0 0
vn 1 0 0
vn -1 0 0
vn 1 0 0
vn -1 0 0
vn 1 0 0
vn -1 0 0
vn 1 0 0
vn -1 0 0
vn 1 0 0
vn -0.9997285 0.023298867 0
vn 0.9995993 0.028306922 0
vn 0.9999994 0.0011460214 0
vn -1 -0.0002848772 0
vn 1 -0.00028487714 0
vn -1 0 0
vn 1 0 0
vn -1 0 0
vn 1 0 0
vn -0.98937047 0.14541672 0
vn 0.9731536 0.23015636 0
vn 0.9982586 0.058989543 0
vn -0.7391694 0.67351955 0
vn -0.18786187 0.9821954 0
vn -0.024073195 0.9997102 0
vn 0 1 0
vn 0 1 0
vn 0 1 0
vn 0 1 0
vn 0 1 0
vn 0 1 0
vn 0 1 0
vn 0 1 0
vn 0 1 0
vn 0 1 0
vn 0 1 0
vn 0 1 0
vn 0 1 0
vn 0 1 0
vn 0 1 0
vn 0 1 0
vn 0 1 0
vn 0 1 0
vn 0 1 0
vn 0 1 0
vn 0 1 0
vn 0 1 0
vn 0 1 0
vn 0 1 0
vn 0 1 0
vn 0 1 0
vn 0 1 0
vn 0 1 0
vn 0 1 0
vn 0 1 0
vn 0 1 0
vn 0 1 0
vn 0 1 0
vn 0 1 0
vn 0 1 0
vn 0 1 0
vn 0 1 0
vn 0 1 0
vn 0 1 0
vn 0 1 0
vn 0 1 0
vn 0 1 0
vn 0 1 0
vn 0.02386333 0.99971527 0
vn 0.18748505 0.9822675 0
vn 0.73913896 0.6735529 0
vn -0.67552906 -0.7373331 -0.00053519616
vn -0.24110758 -0.9704983 -0.000093538045
vn -0.03172098 -0.9994968 0
vn 0 -1 0
vn 0 -1 0
vn 0 -1 0
vn 0 -1 0
vn 0 -1 0
vn 0 -1 0
vn 0 -1 0
vn 0 -1 0
vn 0 -1 0
vn 0 -1 0
vn 0 -1 0
vn 0 -1 0
vn 0 -1 0
vn 0 -1 0
vn 0 -1 0
vn 0 -1 0
vn 0 -1 0
vn 0 -1 0
vn 0 -1 0
vn 0 -1 0
vn 0 -1 0
vn 0 -1 0
vn 0 -1 0
vn 0 -1 0
vn 0 -1 0
vn 0 -1 0
vn 0 -1 0
vn 0 -1 0
vn 0 -1 0
vn 0 -1 0
vn 0 -1 0
vn 0 -1 0
vn 0 -1 0
vn 0 -1 0
vn 0 -1 0
vn 0 -1 0
vn 0 -1 0
vn 0 -1 0
vn 0 -1 0
vn 0 -1 0
vn 0 -1 0
vn 0 -1 0
vn 0 -1 0
vn 0.0314448 -0.9995056 0
vn 0.24028873 -0.9707014 -0.00029606867
vn 0.6755714 -0.7372936 -0.0011683971
vn -0.9585793 -0.28482544 -0.00040224075
vn 0.958679 -0.28448904 -0.0006197232
vn -0.9993001 -0.03740841 -0.000103298145
vn 0.9993026 -0.037342083 -0.00010311504
vn -1 0 0
vn 1 0 0
vn -1 0 0
vn 1 0 0
vn -1 0 0
vn 1 0 0
vn -1 0 0
vn 1 0 0
vn -1 0 0
vn 1 0 0
vn -1 0 0
vn 1 0 0
vn -0.99972856 0.023298535 0.000010170043
vn 0.9995962 0.028419266 0.000009862737
vn 0.99999934 0.0011459717 0.0000010439778
vn -1 -0.00028482798 0.00000026757763
vn 1 -0.000284828 0.0000002675772
vn -1 0 0
vn 1 0 0
vn -1 0 0
vn 1 0 0
vn -0.98935264 0.14553724 0.0002817266
vn 0.9731536 0.23015636 0.00035008427
vn 0.9982586 0.058989525 0.00017262776
vn -0.73920757 0.67347765 0.00043982465
vn -0.1876491 0.98223615 0.00019211273
vn -0.02407319 0.99971014 0
vn 0 1 0
vn 0 1 0
vn 0 1 0
vn 0 1 0
vn 0 1 0
vn 0 1 0
vn 0 1 0
vn 0 1 0
vn 0 1 0
vn 0 1 0
vn 0 1 0
vn 0 1 0
vn 0 1 0
vn 0 1 0
vn 0 1 0
vn 0 1 0
vn 0 1 0
vn 0 1 0
vn 0 1 0
vn 0 1 0
vn 0 1 0
vn 0 1 0
vn 0 1 0
vn 0 1 0
vn 0 1 0
vn 0 1 0
vn 0 1 0
vn 0 1 0
vn 0 1 0
vn 0 1 0
vn 0 1 0
vn 0 1 0
vn 0 1 0
vn 0 1 0
vn 0 1 0
vn 0 1 0
vn 0 1 0
vn 0 1 0
vn 0 1 0
vn 0 1 0
vn 0 1 0
vn 0 1 0
vn 0 1 0
vn 0.023863329 0.9997152 0
vn 0.18703276 0.9823536 0.000054509084
vn 0.7390483 0.6736524 0.0003295485
vn -0.6723334 -0.7402426 -0.002940703
vn -0.23958129 -0.9708756 -0.001170602
vn -0.031558048 -0.999502 -0.000092496666
vn 0 -1 0
vn 0 -1 0
vn 0 -1 0
vn 0 -1 0
vn 0 -1 0
vn 0 -1 0
vn 0 -1 0
vn 0 -1 0
vn 0 -1 0
vn 0 -1 0
vn 0 -1 0
vn 0 -1 0
vn 0 -1 0
vn 0 -1 0
vn 0 -1 0
vn 0 -1 0
vn 0 -1 0
vn 0 -1 0
vn 0 -1 0
vn 0 -1 0
vn 0 -1 0
vn 0 -1 0
vn 0 -1 0
vn 0 -1 0
vn 0 -1 0
vn 0 -1 0
vn 0 -1 0
vn 0 -1 0
vn 0 -1 0
vn 0 -1 0
vn 0 -1 0
vn 0 -1 0
vn 0 -1 0
vn 0 -1 0
vn 0 -1 0
vn 0 -1 0
vn 0 -1 0
vn 0 -1 0
vn 0 -1 0
vn 0 -1 0
vn 0 -1 0
vn 0 -1 0
vn 0 -1 0
vn 0.031403355 -0.9995069 0
vn 0.23874362 -0.97108173 -0.0013541654
vn 0.67235374 -0.7402229 -0.0032576097
vn -0.9581622 -0.2862206 -0.001684953
vn 0.9582601 -0.28589183 -0.001884137
vn -0.999298 -0.037460078 -0.0005222939
vn 0.99929476 -0.037546374 -0.00042663486
vn -1 0 0
vn 1 0 0
vn -1 0 0
vn 1 0 0
vn -1 0 0
vn 1 0 0
vn -1 0 0
vn 1 0 0
vn -1 0 0
vn 1 0 0
vn -1 0 0
vn 1 0 0
vn -0.99973476 0.023032267 0.000040190018
vn 0.9995923 0.02854942 0.00006415671
vn 0.99999946 0.0011061444 0.0000049919577
vn -1 -0.0002838559 0.0000013525943
vn 1 -0.00028121198 0.0000010753649
vn -1 0 0
vn 1 0 0
vn -1 0 0
vn 1 0 0
vn -0.98941064 0.14514005 0.0010686911
vn 0.9735427 0.22849785 0.0018488495
vn 0.9982876 0.058493204 0.00067711016
vn -0.7401326 0.6724584 0.0018331563
vn -0.1885419 0.9820647 0.00093427754
vn -0.024094084 0.99970967 0
vn 0 1 0
vn 0 1 0
vn 0 1 0
vn 0 1 0
vn 0 1 0
vn 0 1 0
vn 0 1 0
vn 0 1 0
vn 0 1 0
vn 0 1 0
vn 0 1 0
vn 0 1 0
vn 0 1 0
vn 0 1 0
vn 0 1 0
vn 0 1 0
vn 0 1 0
vn 0 1 0
vn 0 1 0
vn 0 1 0
vn 0 1 0
vn 0 1 0
vn 0 1 0
vn 0 1 0
vn 0 1 0
vn 0 1 0
vn 0 1 0
vn 0 1 0
vn 0 1 0
vn 0 1 0
vn 0 1 0
vn 0 1 0
vn 0 1 0
vn 0 1 0
vn 0 1 0
vn 0 1 0
vn 0 1 0
vn 0 1 0
vn 0 1 0
vn 0 1 0
vn 0 1 0
vn 0 1 0
vn 0 1 0
vn 0.023964262 0.99971277 0.000061724175
vn 0.1878979 0.98218817 0.0008068486
vn 0.74108684 0.6714046 0.0024784536
vn -0.6657366 -0.7461613 -0.006176422
vn -0.23727538 -0.97143686 -0.0032889673
vn -0.030997043 -0.99951935 -0.00036014433
vn 0 -1 0
vn 0 -1 0
vn 0 -1 0
vn 0 -1 0
vn 0 -1 0
vn 0 -1 0
vn 0 -1 0
vn 0 -1 0
vn 0 -1 0
vn 0 -1 0
vn 0 -1 0
vn 0 -1 0
vn 0 -1 0
vn 0 -1 0
vn 0 -1 0
vn 0 -1 0
vn 0 -1 0
vn 0 -1 0
vn 0 -1 0
vn 0 -1 0
vn 0 -1 0
vn 0 -1 0
vn 0 -1 0
vn 0 -1 0
vn 0 -1 0
vn 0 -1 0
vn 0 -1 0
vn 0 -1 0
vn 0 -1 0
vn 0 -1 0
vn 0 -1 0
vn 0 -1 0
vn 0 -1 0
vn 0 -1 0
vn 0 -1 0
vn 0 -1 0
vn 0 -1 0
vn 0 -1 0
vn 0 -1 0
vn 0 -1 0
vn 0 -1 0
vn 0 -1 0
vn 0 -1 0
vn 0.031196315 -0.99951327 0
vn 0.23699279 -0.97150654 -0.0030634683
vn 0.6657366 -0.7461613 -0.0061764214
vn -0.9567679 -0.29082942 -0.0036566213
vn 0.9566411 -0.29124904 -0.0034350527
vn -0.9992878 -0.037714913 -0.0012059365
vn 0.999267 -0.03827336 -0.00084603514
vn -1 0 0
vn 1 0 0
vn -1 0 0
vn 1 0 0
vn -1 0 0
vn 1 0 0
vn -1 0 0
vn 1 0 0
vn -1 0 0
vn 1 0 0
vn -1 0 0
vn 1 0 0
vn -0.9997662 0.021618996 0.000091479655
vn 0.9996161 0.027705763 0.00013630446
vn 0.99999946 0.0010338033 0.000009678127
vn -1 -0.00031943282 0.0000034993109
vn 1 -0.0003079091 0.0000022934828
vn -1 0 0
vn 1 0 0
vn -1 0 0
vn 1 0 0
vn -0.9897712 0.14264731 0.0021611827
vn 0.9743546 0.22498262 0.0039750873
vn 0.9983435 0.057518654 0.0013390528
vn -0.74323994 0.66901374 0.0038679254
vn -0.19255452 0.9812841 0.0021181067
vn -0.02421954 0.9997067 0
vn 0 1 0
vn 0 1 0
vn 0 1 0
vn 0 1 0
vn 0 1 0
vn 0 1 0
vn 0 1 0
vn 0 1 0
vn 0 1 0
vn 0 1 0
vn 0 1 0
vn 0 1 0
vn 0 1 0
vn 0 1 0
vn 0 1 0
vn 0 1 0
vn 0 1 0
vn 0 1 0
vn 0 1 0
vn 0 1 0
vn 0 1 0
vn 0 1 0
vn 0 1 0
vn 0 1 0
vn 0 1 0
vn 0 1 0
vn 0 1 0
vn 0 1 0
vn 0 1 0
vn 0 1 0
vn 0 1 0
vn 0 1 0
vn 0 1 0
vn 0 1 0
vn 0 1 0
vn 0 1 0
vn 0 1 0
vn 0 1 0
vn 0 1 0
vn 0 1 0
vn 0 1 0
vn 0 1 0
vn 0 1 0
vn 0.024321835 0.9997042 0.00024032008
vn 0.19228487 0.98133653 0.0022659362
vn 0.74644583 0.66541946 0.0059463726
vn -0.6582768 -0.7527447 -0.0068594357
vn -0.23566557 -0.9718284 -0.0033547992
vn -0.030507304 -0.9995345 -0.0003503032
vn 0 -1 0
vn 0 -1 0
vn 0 -1 0
vn 0 -1 0
vn 0 -1 0
vn 0 -1 0
vn 0 -1 0
vn 0 -1 0
vn 0 -1 0
vn 0 -1 0
vn 0 -1 0
vn 0 -1 0
vn 0 -1 0
vn 0 -1 0
vn 0 -1 0
vn 0 -1 0
vn 0 -1 0
vn 0 -1 0
vn 0 -1 0
vn 0 -1 0
vn 0 -1 0
vn 0 -1 0
vn 0 -1 0
vn 0 -1 0
vn 0 -1 0
vn 0 -1 0
vn 0 -1 0
vn 0 -1 0
vn 0 -1 0
vn 0 -1 0
vn 0 -1 0
vn 0 -1 0
vn 0 -1 0
vn 0 -1 0
vn 0 -1 0
vn 0 -1 0
vn 0 -1 0
vn 0 -1 0
vn 0 -1 0
vn 0 -1 0
vn 0 -1 0
vn 0 -1 0
vn 0 -1 0
vn 0.030699687 -0.9995287 0
vn 0.2322851 -0.97263527 -0.004914235
vn 0.65947694 -0.7516339 -0.011694949
vn -0.9541837 -0.299166 -0.0057619205
vn 0.9554031 -0.2952153 -0.0072737997
vn -0.99957037 0.029307254 0.00015176143
vn 0.99950165 0.031568825 0.00015370068
vn -0.9746444 0.2237153 0.004430356
vn 0.9747438 0.22327788 0.004655015
vn -0.74952686 0.66194785 0.0058725355
vn -0.1977916 0.98023844 0.0033491647
vn -0.024554208 0.99969846 0
vn 0 1 0
vn 0 1 0
vn 0 1 0
vn 0 1 0
vn 0 1 0
vn 0 1 0
vn 0 1 0
vn 0 1 0
vn 0 1 0
vn 0 1 0
vn 0 1 0
vn 0 1 0
vn 0 1 0
vn 0 1 0
vn 0 1 0
vn 0 1 0
vn 0 1 0
vn 0 1 0
vn 0 1 0
vn 0 1 0
vn 0 1 0
vn 0 1 0
vn 0 1 0
vn 0 1 0
vn 0 1 0
vn 0 1 0
vn 0 1 0
vn 0 1 0
vn 0 1 0
vn 0 1 0
vn 0 1 0
vn 0 1 0
vn 0 1 0
vn 0 1 0
vn 0 1 0
vn 0 1 0
vn 0 1 0
vn 0 1 0
vn 0 1 0
vn 0 1 0
vn 0 1 0
vn 0 1 0
vn 0 1 0
vn 0.024646126 0.9996962 0.00023374308
vn 0.19537343 0.98072624 0.0023064893
vn 0.7507141 0.6605952 0.006512604
vn -0.029978499 -0.9995505 0.00032489814
vn 0 -1 0
vn 0 -1 0
vn 0 -1 0
vn 0 -1 0
vn 0 -1 0
vn 0 -1 0
vn 0 -1 0
vn 0 -1 0
vn 0 -1 0
vn 0 -1 0
vn 0 -1 0
vn 0 -1 0
vn 0 -1 0
vn 0 -1 0
vn 0 -1 0
vn 0 -1 0
vn 0 -1 0
vn 0 -1 0
vn 0 -1 0
vn 0 -1 0
vn 0 -1 0
vn 0 -1 0
vn 0 -1 0
vn 0 -1 0
vn 0 -1 0
vn 0 -1 0
vn 0 -1 0
vn 0 -1 0
vn 0 -1 0
vn 0 -1 0
vn 0 -1 0
vn 0 -1 0
vn 0 -1 0
vn 0 -1 0
vn 0 -1 0
vn 0 -1 0
vn 0 -1 0
vn 0 -1 0
vn 0 -1 0
vn 0 -1 0
vn 0 -1 0
vn 0 -1 0
vn 0 -1 0
vn 0.029714672 -0.9995584 0.00033730024
vn -0.99926317 -0.038334172 -0.0019517089
vn 0.99924153 -0.038905937 -0.001611659
vn -1 0 0
vn 1 0 0
vn -1 0 0
vn 1 0 0
vn -1 0 0
vn 1 0 0
vn -1 0 0
vn 1 0 0
vn -1 0 0
vn 1 0 0
vn -1 0 0
vn 1 0 0
vn -0.9999106 0.013373453 0.00010811913
vn 0.9997217 0.023590162 0.0002693014
vn 0.9999995 0.0010074347 0.0000107171545
vn -0.9999989 -0.0014682658 0.000016566248
vn 0.9999523 -0.009773434 0.00010767573
vn 1 -0.00029694758 0.000004222651
vn -1 0 0
vn 1 0 0
vn -0.99989897 0.014213036 0.0004836172
vn 0.99989504 0.014475851 0.00039983878
vn -0.025117898 0.99968445 0.000286538
vn 0 1 0
vn 0 1 0
vn 0 1 0
vn 0 1 0
vn 0 1 0
vn 0 1 0
vn 0 1 0
vn 0 1 0
vn 0 1 0
vn 0 1 0
vn 0 1 0
vn 0 1 0
vn 0 1 0
vn 0 1 0
vn 0 1 0
vn 0 1 0
vn 0 1 0
vn 0 1 0
vn 0 1 0
vn 0 1 0
vn 0 1 0
vn 0 1 0
vn 0 1 0
vn 0 1 0
vn 0 1 0
vn 0 1 0
vn 0 1 0
vn 0 1 0
vn 0 1 0
vn 0 1 0
vn 0 1 0
vn 0 1 0
vn 0 1 0
vn 0 1 0
vn 0 1 0
vn 0 1 0
vn 0 1 0
vn 0 1 0
vn 0 1 0
vn 0 1 0
vn 0 1 0
vn 0 1 0
vn 0 1 0
vn 0.024896553 0.99969 0.00029747366
vn -0.7875366 -0.61588305 0.021775022
vn -0.23095445 -0.9729598 0.0030651197
vn 0 -1 0
vn 0 -1 0
vn 0 -1 0
vn 0 -1 0
vn 0 -1 0
vn 0 -1 0
vn 0 -1 0
vn 0 -1 0
vn 0 -1 0
vn 0 -1 0
vn 0 -1 0
vn 0 -1 0
vn 0 -1 0
vn 0 -1 0
vn 0 -1 0
vn 0 -1 0
vn 0 -1 0
vn 0 -1 0
vn 0 -1 0
vn 0 -1 0
vn 0 -1 0
vn 0 -1 0
vn 0 -1 0
vn 0 -1 0
vn 0 -1 0
vn 0 -1 0
vn 0 -1 0
vn 0 -1 0
vn 0 -1 0
vn 0 -1 0
vn 0 -1 0
vn 0 -1 0
vn 0 -1 0
vn 0 -1 0
vn 0 -1 0
vn 0 -1 0
vn 0 -1 0
vn 0 -1 0
vn 0 -1 0
vn 0 -1 0
vn 0 -1 0
vn 0.22400987 -0.9745867 -0.000494384
vn 0.79375553 -0.6080185 0.016295852
vn -0.9836514 -0.17797568 0.027471194
vn 0.9846501 -0.17255946 0.026219198
vn -0.9986965 -0.03977219 0.031991214
vn 0.9986766 -0.039706875 0.03268681
vn -0.99940217 0 0.034571894
vn 0.999378 0 0.035263292
vn -0.9994022 0 0.03457189
vn 0.9993781 0 0.03526329
vn -0.9994022 0 0.03457189
vn 0.999378 0 0.035263292
vn -0.99940217 0 0.034571905
vn 0.999378 0 0.035263292
vn -0.9994022 0 0.034571894
vn 0.999378 0 0.035263292
vn -0.9994022 0 0.034571897
vn 0.9993781 0 0.03526329
vn -0.99914986 0.022396768 0.034612294
vn 0.99899095 0.027684718 0.035365023
vn 0.9993768 0.0012694313 0.03527771
vn -0.99940026 -0.0015664108 0.03459443
vn 0.9993269 -0.0095337415 0.035423633
vn 0.9993777 -0.00034020518 0.035270825
vn -0.99940217 0 0.034571886
vn 0.999378 0 0.035263296
vn -0.9992881 0.013773592 0.035120435
vn 0.99926174 0.014300602 0.035656918
vn -0.9333086 0.3571837 0.036809083
vn 0.93291473 0.3581747 0.03716321
vn -0.6027224 0.7975346 0.025775086
vn -0.20376343 0.9789724 0.009678684
vn 0 1 0
vn 0 1 0
vn 0 1 0
vn 0 1 0
vn 0 1 0
vn 0 1 0
vn 0 1 0
vn 0 1 0
vn 0 1 0
vn 0 1 0
vn 0 1 0
vn 0 1 0
vn 0 1 0
vn 0 1 0
vn 0 1 0
vn 0 1 0
vn 0 1 0
vn 0 1 0
vn 0 1 0
vn 0 1 0
vn 0 1 0
vn 0 1 0
vn 0 1 0
vn 0 1 0
vn 0 1 0
vn 0 1 0
vn 0 1 0
vn 0 1 0
vn 0 1 0
vn 0 1 0
vn 0 1 0
vn 0 1 0
vn 0 1 0
vn 0 1 0
vn 0 1 0
vn 0 1 0
vn 0 1 0
vn 0 1 0
vn 0 1 0
vn 0 1 0
vn 0 1 0
vn 0.19725223 0.9803326 0.006291875
vn 0.5972779 0.8017122 0.022731341
vn -0.3076187 -0.95103395 0.030085376
vn -0.07640267 -0.9970568 0.0063645123
vn 0 -1 0
vn 0 -1 0
vn 0.07465647 -0.99719393 0.005551353
vn 0.3019243 -0.95292485 0.027858283
vn -0.2971569 0.9537689 0.044971816
vn -0.07173011 0.99739134 0.008085488
vn 0 1 0
vn 0 1 0
vn 0.07114483 0.99742776 0.00873259
vn 0.2905645 0.95592225 0.04224845
vn -0.76521146 -0.63530636 0.10410241
vn -0.071036234 -0.99730325 0.0184398
vn 0 -1 0
vn 0 -1 0
vn 0 -1 0
vn 0 -1 0
vn 0 -1 0
vn 0 -1 0
vn 0 -1 0
vn 0 -1 0
vn 0 -1 0
vn 0 -1 0
vn 0 -1 0
vn 0 -1 0
vn 0 -1 0
vn 0 -1 0
vn 0 -1 0
vn 0 -1 0
vn 0 -1 0
vn 0 -1 0
vn 0 -1 0
vn 0 -1 0
vn 0 -1 0
vn 0 -1 0
vn 0 -1 0
vn 0 -1 0
vn 0 -1 0
vn 0 -1 0
vn 0 -1 0
vn 0 -1 0
vn 0 -1 0
vn 0 -1 0
vn 0 -1 0
vn 0 -1 0
vn 0 -1 0
vn 0 -1 0
vn 0 -1 0
vn 0 -1 0
vn 0 -1 0
vn 0 -1 0
vn 0 -1 0
vn 0 -1 0
vn 0 -1 0
vn 0 -1 0
vn 0.010978941 -0.99993724 0.002233948
vn 0.109142184 -0.99360096 0.029070405
vn 0.7681992 -0.6316832 0.104146264
vn -0.9727804 -0.18998408 0.13268152
vn 0.9730413 -0.18731931 0.13454443
vn -0.9896512 -0.021408597 0.14188711
vn 0.98922604 -0.02163664 0.144788
vn -0.98966384 0 0.14340697
vn 0.9892515 0 0.14622423
vn -0.98966384 0 0.14340699
vn 0.98925143 0 0.14622423
vn -0.9896638 0 0.14340696
vn 0.98925143 0 0.14622423
vn -0.9896638 0 0.14340694
vn 0.98925143 0 0.1462242
vn -0.9896638 0 0.143407
vn 0.98925143 0 0.14622422
vn -0.98966384 0 0.14340699
vn 0.9892515 0 0.14622422
vn -0.9894499 0.021933265 0.14320551
vn 0.989016 0.023782605 0.14588279
vn -0.98965937 -0.0014713951 0.14342962
vn 0.98924655 -0.0014971897 0.14625
vn -0.98966384 0 0.14340697
vn 0.98925143 0 0.14622423
vn -0.9893932 0.018032523 0.14413893
vn 0.9889848 0.018294258 0.14688192
vn -0.9250631 0.3544708 0.13641365
vn 0.9268198 0.34732148 0.14273357
vn -0.60277545 0.79306394 0.08781412
vn -0.07277416 0.99711627 0.021520749
vn 0 1 0
vn 0 1 0
vn 0 1 0
vn 0 1 0
vn 0 1 0
vn 0 1 0
vn 0 1 0
vn 0 1 0
vn 0 1 0
vn 0 1 0
vn 0 1 0
vn 0 1 0
vn 0 1 0
vn 0 1 0
vn 0 1 0
vn 0 1 0
vn 0 1 0
vn 0 1 0
vn 0 1 0
vn 0 1 0
vn 0 1 0
vn 0 1 0
vn 0 1 0
vn 0 1 0
vn 0 1 0
vn 0 1 0
vn 0 1 0
vn 0 1 0
vn 0 1 0
vn 0 1 0
vn 0 1 0
vn 0 1 0
vn 0 1 0
vn 0 1 0
vn 0 1 0
vn 0 1 0
vn 0 1 0
vn 0 1 0
vn 0 1 0
vn 0 1 0
vn 0 1 0
vn 0 1 0
vn 0.011840817 0.9999237 0.003519432
vn 0.11545709 0.9925061 0.040018525
vn 0.6034914 0.7921983 0.090663925
vn -0.81999147 -0.4903243 0.2952899
vn -0.41897935 -0.8955874 0.14959823
vn -0.021942517 -0.99966264 0.013895579
vn -0.006576461 -0.99990845 0.011826905
vn 0 -1 0
vn 0 -1 0
vn 0 -1 0
vn 0 -1 0
vn 0 -1 0
vn 0 -1 0
vn 0 -1 0
vn 0 -1 0
vn 0 -1 0
vn 0 -1 0
vn 0 -1 0
vn 0 -1 0
vn 0 -1 0
vn 0 -1 0
vn 0 -1 0
vn 0 -1 0
vn 0 -1 0
vn 0 -1 0
vn 0 -1 0
vn 0 -1 0
vn 0 -1 0
vn 0 -1 0
vn 0 -1 0
vn 0 -1 0
vn 0 -1 0
vn 0 -1 0
vn 0 -1 0
vn 0 -1 0
vn 0 -1 0
vn 0 -1 0
vn 0 -1 0
vn 0 -1 0
vn 0 -1 0
vn 0 -1 0
vn 0 -1 0
vn 0 -1 0
vn 0 -1 0
vn 0 -1 0
vn 0 -1 0
vn 0 -1 0
vn 0.00643902 -0.99990815 0.011935394
vn 0.021246826 -0.9996859 0.013292694
vn 0.4169473 -0.8960735 0.1523389
vn 0.817574 -0.4910834 0.30068216
vn -0.93641764 -0.0012070319 0.35088515
vn 0.93407696 -0.0005776431 0.35707134
vn -0.81759757 0.48940468 0.30334333
vn 0.8226183 0.46849418 0.32219934
vn -0.44002894 0.88362813 0.1599246
vn -0.023432553 0.99962 0.014522464
vn -0.007634008 0.9998747 0.013864054
vn 0 1 0
vn 0 1 0
vn 0 1 0
vn 0 1 0
vn 0 1 0
vn 0 1 0
vn 0 1 0
vn 0 1 0
vn 0 1 0
vn 0 1 0
vn 0 1 0
vn 0 1 0
vn 0 1 0
vn 0 1 0
vn 0 1 0
vn 0 1 0
vn 0 1 0
vn 0 1 0
vn 0 1 0
vn 0 1 0
vn 0 1 0
vn 0 1 0
vn 0 1 0
vn 0 1 0
vn 0 1 0
vn 0 1 0
vn 0 1 0
vn 0 1 0
vn 0 1 0
vn 0 1 0
vn 0 1 0
vn 0 1 0
vn 0 1 0
vn 0 1 0
vn 0 1 0
vn 0 1 0
vn 0 1 0
vn 0 1 0
vn 0 1 0
vn 0 1 0
vn 0.0074741757 0.9998742 0.013990275
vn 0.023979878 0.9995679 0.017000625
vn 0.4431249 0.8806786 0.16746803
vn -0.15142255 -0.9818741 0.11399342
vn -0.04982564 -0.99443686 0.0928055
vn -0.014278474 -0.9976784 0.06658746
vn -0.0015994128 -0.9997254 0.023377031
vn 0 -0.99972296 0.023539029
vn 0 -0.99972296 0.023539029
vn 0 -0.99972296 0.02353903
vn 0 -0.9997229 0.02353903
vn 0 -0.9997229 0.02353903
vn 0 -0.99972296 0.023539023
vn 0.00026954428 -0.9997161 0.023823908
vn 0 -0.999705 0.02428919
vn 0.0001941064 -0.9996864 0.025037592
vn 0.0005466814 -0.9996623 0.025980461
vn 0.00031692226 -0.9996507 0.026428023
vn 0 -0.99964505 0.026642593
vn 0.000026191065 -0.9996371 0.02694024
vn 0.000052382373 -0.99963236 0.027113002
vn 0 -0.99963266 0.027100215
vn 0 -0.9996327 0.027100215
vn 0 -0.9996328 0.027100213
vn 0 -0.9996328 0.027100213
vn 0 -0.9995516 0.029942382
vn 0 -0.9996328 0.027100215
vn 0 -0.9996327 0.027100211
vn 0 -0.9996328 0.027100213
vn 0 -0.9996328 0.027100215
vn 0 -0.9996327 0.02710021
vn 0 -0.9996339 0.027058527
vn 0 -0.99963784 0.026913002
vn 0 -0.99964505 0.026642594
vn 0 -0.9996576 0.026163666
vn 0 -0.9996743 0.025517877
vn 0 -0.99969065 0.02487239
vn 0 -0.99970967 0.024093537
vn 0 -0.99972206 0.023576962
vn 0 -0.9997229 0.023539029
vn 0 -0.99972296 0.023539029
vn 0 -0.99972296 0.023539029
vn 0 -0.9997229 0.023539029
vn 0 -0.99972296 0.023539029
vn 0 -0.9997229 0.02353903
vn 0.0012882643 -0.9997162 0.023786318
vn 0.013821392 -0.9976839 0.06660239
vn 0.048947588 -0.99444526 0.09318063
vn 0.1497162 -0.98189586 0.116041034
vn -0.91864526 -0.20561351 0.3373633
vn 0.9160709 -0.20683938 0.34355745
vn -0.9356257 -0.023571258 0.35220572
vn 0.9332547 -0.02417223 0.35840103
vn -0.935311 0 0.3538267
vn 0.93302095 0 0.35982195
vn -0.93531096 0 0.35382673
vn 0.93302107 0 0.35982195
vn -0.93531096 0 0.35382682
vn 0.93302095 0 0.359822
vn -0.935311 0 0.35382676
vn 0.933021 0 0.35982195
vn -0.93531096 0 0.35382676
vn 0.933021 0 0.35982195
vn -0.93531096 0 0.3538267
vn 0.933021 0 0.35982195
vn -0.93473977 0.03389423 0.3537127
vn 0.93228185 0.03696897 0.35983875
vn -0.93530124 -0.0016410141 0.35384887
vn 0.93301374 -0.0015520466 0.3598373
vn -0.935311 0 0.35382667
vn 0.9330211 0 0.35982177
vn -0.93459964 0.026838364 0.35468754
vn 0.93230456 0.026877346 0.36067405
vn -0.91237676 0.21722302 0.3469622
vn 0.91059846 0.20821458 0.35701123
vn -0.16679336 0.9757855 0.1415013
vn -0.057324324 0.9918454 0.113827415
vn -0.016666675 0.9964754 0.0822123
vn -0.0016464753 0.9995631 0.029515058
vn 0 0.9992309 0.039211903
vn 0 0.99956745 0.029410345
vn 0 0.99956745 0.029410342
vn 0 0.9995675 0.029410344
vn 0 0.9995675 0.029410347
vn 0 0.99956745 0.029410334
vn -0.00006602536 0.9996465 0.02659059
vn 0 0.99957544 0.029139908
vn 0 0.999582 0.028911024
vn 0 0.9995879 0.028702958
vn -0.000076658915 0.9992796 0.03794881
vn -0.00008177281 0.9995998 0.028288925
vn -0.000021720842 0.9996027 0.028187556
vn 0 0.9996034 0.028161973
vn 0 0.99960333 0.02816197
vn 0 0.9996034 0.028161976
vn 0 0.99960333 0.02816197
vn 0 0.99960333 0.028161965
vn 0 0.9996881 0.024973752
vn 0 0.9996034 0.02816197
vn 0 0.99960333 0.02816197
vn 0 0.9996034 0.02816197
vn 0 0.9996034 0.028161973
vn 0 0.99960333 0.028161969
vn 0 0.99960333 0.02816197
vn 0 0.99960333 0.028161973
vn 0 0.99960274 0.02818276
vn 0.00010558497 0.9992872 0.03775084
vn 0.00019390299 0.99959266 0.028538952
vn 0.000070554546 0.9995837 0.028851025
vn 0 0.99970317 0.024364727
vn 0 0.9995698 0.029332029
vn 0 0.99956745 0.029410342
vn 0 0.9995675 0.029410345
vn 0 0.99956745 0.029410342
vn 0 0.99956745 0.029410342
vn 0 0.9995675 0.029410347
vn 0 0.999231 0.039211906
vn 0.0017928407 0.9995712 0.02922887
vn 0.016505448 0.9965198 0.08170534
vn 0.056145947 0.9922825 0.11055814
vn 0.1646051 0.97660804 0.1383549
vn -0.5366663 -0.6730351 0.50893337
vn -0.22740906 -0.801799 0.55263317
vn -0.1272724 -0.9615973 0.24317165
vn -0.06049351 -0.9561954 0.2864103
vn -0.011912193 -0.97788996 0.20878056
vn 0 -0.97791266 0.2090141
vn 0 -0.9819195 0.18929853
vn 0 -0.98018533 0.1980824
vn 0 -0.9772416 0.2121295
vn 0 -0.9799011 0.19948402
vn 0.00005932664 -0.9799174 0.19940422
vn 0.0031843737 -0.97835565 0.20690618
vn 0.001594149 -0.9769067 0.21366015
vn 0.0029011287 -0.97508454 0.22181463
vn 0.0043408982 -0.97383714 0.22720574
vn 0.002659157 -0.97423035 0.22553961
vn 0.00072548306 -0.9753993 0.22044423
vn 0.00085856544 -0.9653449 0.2609757
vn 0.00003631966 -0.9669176 0.2550889
vn 0 -0.9764775 0.21561922
vn 0 -0.96926266 0.24602821
vn 0 -0.97972846 0.20032977
vn 0 -0.98031473 0.19744116
vn 0 -0.96720546 0.25399518
vn 0 -0.9717907 0.23584537
vn 0 -0.9771908 0.21236312
vn 0 -0.97991514 0.19941491
vn 0 -0.9663221 0.25733528
vn 0 -0.9786867 0.20535892
vn -0.00018450672 -0.96175355 0.27391636
vn -0.001646208 -0.9748045 0.22305462
vn -0.0034982392 -0.96555436 0.26017767
vn -0.0039109415 -0.9737911 0.22741066
vn -0.0019796381 -0.9926676 0.12085995
vn -0.0043298053 -0.97457635 0.22401376
vn -0.00433139 -0.9765863 0.21508245
vn -0.002787652 -0.982565 0.18589886
vn -0.00013437515 -0.97802895 0.208469
vn 0 -0.9799316 0.19933416
vn 0 -0.98010707 0.19846967
vn 0 -0.97787505 0.20918982
vn 0 -0.98235494 0.18702641
vn 0 -0.97790027 0.2090718
vn 0.011575647 -0.9778659 0.20891242
vn 0.059001908 -0.95552623 0.28894386
vn 0.12556076 -0.96058065 0.24803078
vn 0.22086263 -0.8012143 0.5561252
vn 0.52837217 -0.6760115 0.513645
vn -0.7202308 -0.21750501 0.6587559
vn 0.7139026 -0.21842614 0.6653068
vn -0.73310083 -0.025524877 0.6796408
vn 0.7270025 -0.025702966 0.68615365
vn -0.7324051 0 0.6808691
vn 0.7263639 0 0.6873104
vn -0.7324052 0 0.6808689
vn 0.72636384 0 0.68731034
vn -0.73240525 0 0.680869
vn 0.72636396 0 0.6873103
vn -0.7324052 0 0.68086904
vn 0.72636384 0 0.6873104
vn -0.7324052 0 0.6808691
vn 0.7263639 0 0.6873104
vn -0.7324052 0 0.6808691
vn 0.7263637 0 0.68731046
vn -0.7327784 0.02039814 0.68016165
vn 0.72630835 0.021859588 0.6870212
vn -0.7323889 -0.0019342828 0.6808837
vn 0.72635037 -0.0018658282 0.687322
vn -0.7324053 0 0.680869
vn 0.72636384 0 0.6873104
vn -0.7468672 0.019775433 0.6646792
vn 0.7409927 0.019768456 0.67122203
vn -0.6926164 0.31801113 0.6474191
vn 0.69031024 0.3032587 0.65689117
vn -0.45972654 0.7657042 0.4498317
vn -0.23776686 0.7481361 0.6194831
vn -0.14384933 0.9430667 0.29988766
vn -0.06852473 0.9343435 0.3497237
vn -0.01364663 0.96677524 0.25526327
vn 0 0.95568573 0.29438865
vn 0 0.972282 0.23381095
vn 0 0.9698768 0.24359553
vn 0 0.9654684 0.26052037
vn 0 0.9700844 0.24276768
vn -0.00008799667 0.97008866 0.2427507
vn -0.00062801846 0.97295123 0.23100953
vn -0.0015301978 0.9683006 0.24978292
vn -0.0015145112 0.9680214 0.25086296
vn -0.0014051925 0.9688969 0.24746099
vn -0.0014136198 0.9615346 0.27468026
vn -0.0009455123 0.9711184 0.23859614
vn -0.00026709 0.96408087 0.26560867
vn 0 0.96425456 0.26497766
vn 0 0.97593087 0.21808006
vn 0 0.9669026 0.25514564
vn 0 0.9799601 0.19919418
vn 0 0.9796244 0.20083842
vn 0 0.9744273 0.22470333
vn 0 0.9694029 0.24547474
vn 0 0.9768428 0.21395862
vn 0 0.9796889 0.20052344
vn 0 0.96372217 0.26690736
vn 0 0.97808206 0.20821987
vn 0.000037929243 0.95853996 0.28495803
vn 0.00049835414 0.9723659 0.23346184
vn 0.0012508333 0.95763236 0.28799093
vn 0.0014093978 0.9680581 0.25072223
vn 0.00085538113 0.9911255 0.13292666
vn 0.0009998231 0.967826 0.25161877
vn 0.0007002887 0.9726977 0.23207435
vn 0.00095191447 0.9751265 0.22164701
vn 0.000052032152 0.9673764 0.2533434
vn 0 0.9700815 0.24277928
vn 0 0.96985614 0.24367827
vn 0 0.96644956 0.25685647
vn 0 0.97281754 0.23157278
vn 0 0.9556681 0.29444626
vn 0.013383702 0.9667894 0.25522363
vn 0.06812328 0.9365419 0.34387293
vn 0.1409233 0.9476558 0.28651226
vn 0.24199174 0.7482168 0.61774725
vn 0.4656334 0.75809383 0.4565952
vn -0.36376378 -0.48705727 0.79400945
vn -0.13216159 -0.6333014 0.762537
vn -0.031375367 -0.6208027 0.7833387
vn 0 -0.6434459 0.76549155
vn 0 -0.62020695 0.7844382
vn 0 -0.6252219 0.78044707
vn 0 -0.62796223 0.7782439
vn 0 -0.62744284 0.7786626
vn 0.0014297771 -0.63197035 0.77499115
vn 0.0060217767 -0.63196385 0.7749745
vn 0.005396413 -0.6073043 0.79445094
vn 0.007374331 -0.75509244 0.6555768
vn 0.007536887 -0.42479435 0.9052584
vn 0.009515487 -0.5839761 0.811715
vn 0.005642058 -0.62531644 0.78035086
vn 0.0016397865 -0.54085064 0.841117
vn 0 -0.6095872 0.792719
vn 0 -0.5901999 0.8072571
vn 0 -0.59925044 0.80056167
vn 0 -0.5821831 0.81305766
vn 0 -0.51985323 0.8542556
vn 0 -0.59359956 0.80476063
vn 0 -0.5764049 0.81716424
vn 0 -0.5784367 0.8157273
vn 0 -0.6350432 0.7724766
vn 0 -0.58507043 0.8109826
vn 0 -0.55464715 0.8320856
vn 0 -0.6395482 0.7687509
vn -0.0021063464 -0.5307045 0.8475543
vn -0.0055108587 -0.58170265 0.8133829
vn -0.006156215 -0.5891161 0.808025
vn -0.006477753 -0.59828496 0.80125725
vn -0.0066378783 -0.6057512 0.7956264
vn -0.006522254 -0.65588707 0.7548308
vn -0.0012035657 -0.6156077 0.7880519
vn 0 -0.62595165 0.77986187
vn 0 -0.62721133 0.7788492
vn 0 -0.62543213 0.7802786
vn 0 -0.61832774 0.7859203
vn 0 -0.6437517 0.7652345
vn 0.030697487 -0.62087727 0.78330654
vn 0.12834826 -0.6341531 0.7624805
vn 0.35469943 -0.491202 0.7955558
vn -0.40874296 -0.12689237 0.9037851
vn -0.17692629 -0.117646 0.97716755
vn -0.045130763 -0.113082714 0.9925601
vn 0 -0.13596316 0.9907139
vn 0 -0.11260072 0.9936403
vn 0 -0.11232407 0.99367154
vn 0 -0.10458833 0.9945156
vn 0 -0.1150263 0.9933625
vn 0.00068280124 -0.11217667 0.99368805
vn 0.0031072851 -0.12375247 0.99230826
vn 0.0037979023 -0.17786326 0.98404783
vn 0.004803822 -0.17145243 0.9851807
vn 0.0054780957 -0.16599648 0.9861111
vn 0.0041447207 -0.16444796 0.98637706
vn 0.001355586 -0.16124865 0.9869129
vn 0 -0.16079342 0.98698807
vn 0 -0.1607935 0.9869881
vn 0 -0.16079341 0.986988
vn 0 -0.16079344 0.986988
vn 0 -0.16079341 0.98698807
vn 0 -0.13195004 0.99125636
vn 0 -0.16079344 0.98698807
vn 0 -0.16079345 0.98698807
vn 0 -0.16079342 0.986988
vn 0 -0.16079344 0.986988
vn 0 -0.16079344 0.98698807
vn 0 -0.16079347 0.98698807
vn -0.0012574901 -0.16122448 0.9869171
vn -0.003835362 -0.1650935 0.9862704
vn -0.004049809 -0.16859639 0.9856768
vn -0.0041955183 -0.17272747 0.98496073
vn -0.004308005 -0.17689519 0.9842203
vn -0.0028510655 -0.123132735 0.99238616
vn -0.0006084868 -0.11219866 0.9936856
vn 0 -0.10660764 0.9943012
vn 0 -0.11239176 0.99366397
vn 0 -0.11231933 0.99367213
vn 0 -0.1127267 0.993626
vn 0 -0.13599043 0.99071014
vn 0.0442636 -0.11299755 0.9926088
vn 0.17337634 -0.11796537 0.97776526
vn 0.40186143 -0.12757279 0.9067704
vn -0.40895104 0 0.91255635
vn -0.17668158 0 0.98426807
vn -0.045079052 0 0.99898344
vn 0 0 1
vn 0 0 1
vn 0 0 1
vn 0 0 1
vn 0 0 1
vn 0 0 1
vn 0 0 1
vn 0.0006015362 -0.020048302 0.9997988
vn 0.0007463042 -0.019280616 0.99981385
vn 0.00086419197 -0.019938368 0.9998008
vn 0.0006911403 -0.020407023 0.99979156
vn 0.00019646603 -0.018858362 0.9998222
vn 0 -0.018530922 0.9998283
vn 0 -0.01875846 0.99982405
vn 0 -0.01846415 0.99982953
vn 0 -0.018533822 0.9998283
vn 0 -0.018449236 0.9998298
vn 0 -0.016066743 0.9998709
vn 0 -0.018416153 0.99983037
vn 0 -0.01848358 0.9998292
vn 0 -0.018533824 0.9998283
vn 0 -0.018518927 0.9998285
vn 0 -0.01899467 0.9998196
vn 0 -0.018519549 0.9998285
vn -0.00028645495 -0.01887781 0.9998217
vn -0.00087208877 -0.02023419 0.9997949
vn -0.0008643506 -0.01993822 0.9998009
vn -0.0008277116 -0.019105067 0.99981713
vn -0.0008466169 -0.019547898 0.9998085
vn 0 0 1
vn 0 0 1
vn 0 0 1
vn 0 0 1
vn 0 0 1
vn 0 0 1
vn 0 0 1
vn 0.044188276 0 0.99902326
vn 0.17333323 0 0.9848632
vn 0.40248173 0 0.91542804
vn -0.40895107 0 0.9125563
vn -0.17668158 0 0.98426807
vn -0.04507906 0 0.9989834
vn 0 0 1
vn 0 0 1
vn 0 0 1
vn 0 0 1
vn 0 0 1
vn 0 0 1
vn 0 0 1
vn 0 0 1
vn 0 0 1
vn 0 0 1
vn 0 0 1
vn 0 0 1
vn 0 0 1
vn 0 0 1
vn 0 0 1
vn 0 0 1
vn 0 0 1
vn 0 0 1
vn 0 0 1
vn 0 0 1
vn 0 0 1
vn 0 0 1
vn 0 0 1
vn 0 0 1
vn 0 0 1
vn 0 0 1
vn 0 0 1
vn 0 0 1
vn 0 0 1
vn 0 0 1
vn 0 0 1
vn 0 0 1
vn 0 0 1
vn 0 0 1
vn 0 0 1
vn 0 0 1
vn 0.044188265 0 0.99902326
vn 0.17333323 0 0.9848632
vn 0.4024817 0 0.91542804
vn -0.40895107 0 0.91255635
vn -0.17668162 0 0.98426807
vn -0.045079064 0 0.99898344
vn 0 0 1
vn 0 0 1
vn 0 0 1
vn 0 0 1
vn 0 0 1
vn 0 0 1
vn 0 0 1
vn 0 0 1
vn 0 0 1
vn 0 0 1
vn 0 0 1
vn 0 0 1
vn 0 0 1
vn 0 0 1
vn 0 0 1
vn 0 0 1
vn 0 0 1
vn 0 0 1
vn 0 0 1
vn 0 0 1
vn 0 0 1
vn 0 0 1
vn 0 0 1
vn 0 0 1
vn 0 0 1
vn 0 0 1
vn 0 0 1
vn 0 0 1
vn 0 0 1
vn 0 0 1
vn 0 0 1
vn 0 0 1
vn 0 0 1
vn 0 0 1
vn 0 0 1
vn 0 0 1
vn 0.044188272 0 0.9990233
vn 0.17333321 0 0.9848633
vn 0.4024818 0 0.91542804
vn -0.40895107 0 0.9125563
vn -0.17668164 0 0.98426807
vn -0.045079056 0 0.99898344
vn 0 0 1
vn -0.26195863 -0.03944131 0.9642728
vn -0.10190608 -0.50213057 0.8587665
vn -0.000001326006 -0.5694103 0.8220534
vn 0.0046376637 -0.56795764 0.8230447
vn 0.34650722 -0.22335564 0.9110681
vn 0.00013283308 -0.000101172125 1
vn 0 0 1
vn 0 0 1
vn 0 0 1
vn 0 0 1
vn -0.15034387 -0.25444114 0.95533055
vn 0 -0.703905 0.7102941
vn 0.20305993 -0.52983624 0.823432
vn 0.001269865 -0.0012009653 0.99999857
vn 0 0 1
vn 0 0 1
vn 0 0 1
vn 0 0 1
vn 0 0 1
vn 0 0 1
vn -0.16938598 -0.085526474 0.9818318
vn -0.0005548428 -0.6747622 0.73803496
vn 0 -0.70891666 0.7052923
vn 0.17098893 -0.16196132 0.97187
vn 0 0 1
vn 0 0 1
vn 0 0 1
vn 0 0 1
vn -0.000096125135 0 1
vn -0.3085329 -0.27881315 0.9094343
vn -0.000005544301 -0.56895363 0.82236964
vn 0.000004416435 -0.5677118 0.82322735
vn 0.4219911 -0.3651531 0.8298112
vn 0.0016314154 -0.0006049583 0.9999985
vn 0 0 1
vn 0.04418828 0 0.9990233
vn 0.17333323 0 0.9848633
vn 0.40248165 0 0.9154281
vn -0.4089511 0 0.9125563
vn -0.1766816 0 0.98426795
vn -0.04507905 0 0.9989834
vn 0 0 1
vn -0.64807355 -0.000030659536 0.7615777
vn 0.7816087 -0.000039722396 0.62376904
vn 0.0003855399 -0.0000003484302 0.99999994
vn 0 0 1
vn 0 0 1
vn 0 0 1
vn 0.000048726655 0 1
vn -0.6618874 0.00009799275 0.7496032
vn 0.93416893 0.000088251756 0.356831
vn 0.0029017478 0.000011402327 0.9999958
vn 0 0 1
vn 0 0 1
vn 0 0 1
vn 0 0 1
vn 0 0 1
vn 0 0 1
vn -0.6000475 0.000042249365 0.79996437
vn 0.6620365 0.00006944264 0.74947166
vn -0.00006524053 0.000052345356 1
vn 0 0 1
vn 0 0 1
vn 0 0 1
vn -0.00038537997 0 0.99999994
vn -0.7817535 -0.00004629197 0.6235877
vn 0.9376107 -0.000028515418 0.34768674
vn 0.0039628176 -0.000021379898 0.99999225
vn 0 0 1
vn 0.044188272 0 0.9990233
vn 0.17333321 0 0.9848632
vn 0.40248176 0 0.9154279
vn -0.408951 0 0.91255635
vn -0.1766816 0 0.98426807
vn -0.045079056 0 0.9989834
vn 0 0 1
vn -0.6381541 0 0.7699086
vn 0.7885107 0 0.61502093
vn 0.00038137555 0 0.99999994
vn 0 0 1
vn 0 0 1
vn 0 0 1
vn 0.000050382845 -0.000118523436 1
vn -0.40783042 0.2702672 0.872141
vn 0 0.8535405 0.52102643
vn 0.58380556 0.570586 0.5775834
vn 0.0019379004 0.0006584316 0.9999979
vn 0 0 1
vn 0 0 1
vn 0 0 1
vn 0 0 1
vn 0 0 1
vn 0 0 1
vn -0.39991277 0.07528128 0.91345626
vn -0.00070682407 0.85401857 0.5202421
vn 0 0.85576534 0.51736414
vn 0.4478662 0.16512874 0.8787198
vn -0.00006141318 0.000039202434 1
vn 0 0 1
vn 0 0 1
vn 0 0 1
vn -0.0003815114 0 0.99999994
vn -0.7889208 0 0.6144949
vn 0.9371993 0 0.34879404
vn 0.004017492 0 0.999992
vn 0 0 1
vn 0.044188276 0 0.9990233
vn 0.17333324 0 0.9848633
vn 0.4024818 0 0.91542804
vn -0.40895104 0 0.91255635
vn -0.17668155 0 0.98426807
vn -0.045079056 0 0.9989834
vn 0 0 1
vn -0.5039221 0 0.86374915
vn 0.749819 0 0.66164297
vn 0.00036839236 0.00019495196 0.99999994
vn 0.00002046833 0.0002115434 1
vn 0.00005454553 0.00083099405 0.9999997
vn 0.00004681383 0.0007070258 0.9999998
vn 0.00007926697 0.000762392 0.99999976
vn -0.000010234766 0.0026524754 0.9999965
vn 0 0.00330657 0.99999464
vn 0 0.003233565 0.9999949
vn 0 0.0028825032 0.99999595
vn 0 0.002734569 0.99999636
vn 0 0.0027188773 0.99999636
vn 0 0.0029187922 0.99999577
vn 0 0.0027164808 0.9999963
vn 0 0.0027214226 0.9999963
vn 0 0.002734569 0.99999636
vn -0.00007289467 0.0030289388 0.99999547
vn 0 0.003202981 0.99999493
vn 0 0.003335135 0.99999446
vn 0.0002555753 0.0025655446 0.99999666
vn -0.00007066666 0.00058319827 0.9999998
vn -0.00005411124 0.00065240974 0.9999998
vn -0.000057548303 0.00081616023 0.99999976
vn -0.000018218469 0.00025238248 1
vn -0.00037145094 0.00022583449 0.99999994
vn -0.7502434 0 0.6611617
vn 0.9287619 0 0.37067688
vn 0.0038324678 0 0.9999927
vn 0 0 1
vn 0.044188265 0 0.9990233
vn 0.17333327 0 0.9848632
vn 0.40248176 0 0.91542804
vn -0.4084922 0.022498338 0.9124845
vn -0.17613809 0.035923563 0.9837098
vn -0.17717606 0.004920304 0.98416686
vn -0.045099918 0.021527201 0.9987505
vn 0.0000045268453 0.021258127 0.999774
vn -0.4466229 0.0171247 0.8945584
vn 0.7547387 0.0068658306 0.6559896
vn 0.0022428017 0.011675582 0.9999293
vn 0.0004099687 0.0056820754 0.9999838
vn 0.00022580537 -0.005678767 0.99998385
vn 0.00007385791 -0.014957547 0.9998881
vn 0.00017010739 -0.01701786 0.9998552
vn 0.00009630487 -0.018208606 0.99983424
vn 0 -0.021983353 0.9997583
vn 0 -0.019584153 0.99980813
vn 0 -0.021371977 0.99977154
vn 0 -0.022548787 0.99974585
vn 0 -0.022634808 0.99974376
vn 0 -0.023356399 0.9997273
vn 0 -0.022647792 0.99974346
vn 0 -0.02262099 0.9997441
vn 0 -0.02254878 0.9997458
vn 0 -0.018886207 0.9998216
vn 0 -0.022716116 0.9997419
vn 0 -0.02187608 0.99976075
vn -0.00011666611 -0.01804743 0.99983716
vn -0.00018062888 -0.017360665 0.9998493
vn -0.00021703333 -0.013259073 0.9999121
vn -0.0002510871 -0.006693534 0.9999776
vn -0.00030099764 0.0018894572 0.9999982
vn -0.0022663483 0.009334426 0.99995387
vn -0.75084376 0.010093767 0.6604028
vn 0.96494657 0.0016197874 0.2624415
vn 0.016264495 0.018717783 0.99969256
vn -0.0000039485963 0.021249384 0.9997742
vn 0.04419669 0.021612277 0.9987891
vn 0.17322294 0.022355227 0.9846289
vn 0.4019347 0.02326598 0.9153727
vn -0.40894115 -0.0017233092 0.91255915
vn -0.17667764 -0.0015146467 0.98426765
vn -0.045079205 -0.0014458623 0.9989823
vn 0 -0.0016440444 0.9999987
vn -0.5511868 -0.0012601871 0.8343809
vn 0.7508414 -0.0010409522 0.66048175
vn 0.00038322213 -0.0013997572 0.99999905
vn 0.000009397899 -0.0013727307 0.9999991
vn 0.000030186027 -0.0014118837 0.9999991
vn 0.000027537735 -0.0014423394 0.999999
vn 0.0000057787415 -0.0014470738 0.99999905
vn -0.00027628595 -0.0013736207 0.99999905
vn 0 -0.0014246765 0.999999
vn 0 -0.0013999961 0.9999991
vn 0 -0.0012814852 0.99999917
vn 0 -0.001425557 0.99999905
vn 0 -0.0014237029 0.99999905
vn 0 -0.001592276 0.9999988
vn 0 -0.0014234228 0.99999905
vn 0 -0.0014240013 0.999999
vn 0 -0.001425557 0.999999
vn 0 -0.0013313905 0.99999917
vn 0 -0.0013925433 0.99999905
vn 0 -0.0014309986 0.99999905
vn 0.00030967506 -0.0013588754 0.99999905
vn 0.000003397751 -0.001447263 0.99999905
vn -0.000012535197 -0.0013238409 0.9999992
vn -0.000021727014 -0.0013416867 0.9999991
vn -0.000012557303 -0.0013764466 0.9999991
vn -0.00040062884 -0.0014208213 0.9999989
vn -0.7515905 -0.001102968 0.65962917
vn 0.93634796 -0.00060947007 0.35107288
vn 0.004009291 -0.0013846008 0.99999106
vn 0 -0.0016441237 0.9999987
vn 0.044189855 -0.001438651 0.9990221
vn 0.17332564 -0.0015418141 0.9848633
vn 0.4024648 -0.0017297236 0.9154338
vn -0.4089512 0 0.91255623
vn -0.17668167 0 0.98426795
vn -0.045079056 0 0.9989834
vn 0 0 1
vn -0.22091737 0.037294142 0.9745792
vn -0.018742336 0.638958 0.7690132
vn 0 0.65591806 0.75483215
vn 0.00021795717 0.7237628 0.69004875
vn 0.31611192 0.35258564 0.88077044
vn 0.00030832825 0.00032003652 0.99999994
vn 0.000011030334 0.0004798121 0.9999999
vn 0.000018237659 0.00022978002 1
vn 0.000026667312 -0.00052953605 0.9999999
vn 0.000023863244 -0.00024803955 1
vn -0.00028626752 0.00003625294 1
vn -0.000015038068 0.00021032548 1
vn 0.00017171013 0.000038593877 1
vn -0.000026666392 0.000037892583 1
vn 0.0000016763634 0.000013721423 1
vn 0.0000018924208 0.00009017783 1
vn 0.0000057862608 0.00011093314 1
vn 0.000001148918 0.00014755997 1
vn -0.000007639228 0.00014271688 1
vn -0.000006650784 0.000053348707 1
vn 0.00007058927 0.000024144643 1
vn 0.0000121226 0.00012033702 1
vn 0.00003329171 0.00008795671 1
vn 0.0002014101 -0.000113136666 1
vn 0.000013846172 -0.00024799528 1
vn -0.00001186559 0.000008109661 1
vn -0.000019058973 0.00010969781 1
vn -0.000012863047 0.00024023265 1
vn -0.00031137693 0.00028951286 1
vn -0.2870473 0.3768343 0.8806814
vn 0 0.71707004 0.6970011
vn 0 0.6702836 0.742105
vn 0.40815237 0.50089025 0.76323044
vn 0.002750352 0.0017974414 0.99999464
vn 0 0 1
vn 0.04418828 0 0.99902326
vn 0.17333323 0 0.9848632
vn 0.40248188 0 0.915428
vn -0.431682 0.025624808 0.90166175
vn -0.1907275 0.022374712 0.98138803
vn -0.052525606 0.021056298 0.9983975
vn 0 0.025939085 0.9996636
vn 0 0.022299502 0.9997513
vn 0 0.021267565 0.99977386
vn 0 0.022438075 0.9997482
vn 0 0.022341168 0.9997503
vn -0.000047235193 0.022406945 0.9997489
vn -0.00020368007 0.022409458 0.9997488
vn -0.00024420078 0.021578185 0.9997672
vn -0.0002785442 0.021325722 0.9997725
vn -0.00019998275 0.021569632 0.9997673
vn -0.00021746992 0.02021905 0.99979556
vn -0.00091100123 0.022865335 0.99973816
vn -0.000017867977 0.022192823 0.9997538
vn 0.0002483667 0.02280943 0.99973977
vn -0.000035259916 0.024130456 0.9997089
vn 0 0.023229528 0.99973017
vn 0 0.022256598 0.99975234
vn 0.000015348649 0.024945408 0.99968874
vn -0.000010009591 0.02194426 0.99975926
vn -0.000009160177 0.022561882 0.99974537
vn 0 0.02325473 0.9997296
vn 0 0.023581369 0.9997219
vn 0 0.022427725 0.9997484
vn 0.000022317565 0.021850472 0.9997613
vn 0.0013459479 0.023121364 0.9997317
vn 0.00025470945 0.020149643 0.99979705
vn 0.00025372367 0.02155348 0.99976766
vn 0.0002851507 0.021363074 0.9997718
vn 0.00024426045 0.021578532 0.9997671
vn 0.00023311043 0.022348968 0.99975014
vn 0.000038616578 0.02237863 0.9997495
vn 0 0.022378324 0.99974954
vn 0 0.021355402 0.999772
vn 0 0.022372926 0.99974966
vn 0 0.022205805 0.9997534
vn 0 0.0259261 0.99966395
vn 0.05143093 0.021182932 0.9984519
vn 0.18710397 0.022401417 0.9820847
vn 0.42493537 0.025610067 0.9048614
vn -0.3824416 0.31926638 0.8670683
vn -0.17288506 0.17381099 0.9694846
vn -0.1597085 0.40316197 0.90108466
vn -0.043407626 0.2728317 0.96108204
vn 0 0.3087868 0.9511313
vn 0 0.27505627 0.9614281
vn 0 0.26730224 0.9636128
vn 0 0.27460608 0.9615568
vn 0 0.27505136 0.9614296
vn -0.00042572172 0.27480888 0.96149874
vn -0.0016430427 0.27600783 0.961154
vn -0.00235488 0.27742404 0.9607447
vn -0.0020019375 0.28057826 0.9598291
vn -0.0014806194 0.28250945 0.9592633
vn -0.0018344169 0.28502378 0.9585186
vn -0.00068708876 0.2785455 0.9604228
vn 0 0.30404595 0.95265734
vn 0 0.24624866 0.96920663
vn 0 0.31278056 0.9498254
vn 0 0.28181955 0.95946753
vn 0 0.28314757 0.95907634
vn 0 0.31833476 0.9479783
vn 0 0.28361464 0.9589383
vn 0 0.28264984 0.95922315
vn 0 0.28181955 0.95946753
vn 0 0.29133153 0.9566222
vn 0 0.28488594 0.9585615
vn 0 0.28104392 0.9596949
vn 0.0008515591 0.27826455 0.9605041
vn 0.0014674849 0.28546694 0.9583875
vn 0.0015401049 0.28240004 0.9592955
vn 0.0015653376 0.2814588 0.95957196
vn 0.0013264486 0.16555537 0.9861997
vn 0.0017393949 0.38876894 0.9213337
vn 0.0014792864 0.2763021 0.9610697
vn 0.00026338457 0.2748447 0.9614886
vn 0 0.2750807 0.9614212
vn 0 0.26761708 0.96352535
vn 0 0.27465677 0.96154237
vn 0 0.27475214 0.9615151
vn 0 0.30883873 0.95111436
vn 0.042474996 0.27292556 0.96109706
vn 0.16673087 0.28417432 0.94416404
vn 0.38331896 0.30735278 0.8709769
vn -0.103395455 0.71954876 0.6867014
vn -0.021681104 0.70959604 0.7042751
vn 0 0.70834106 0.70587033
vn 0 0.708341 0.7058704
vn 0 0.70240986 0.7117727
vn 0 0.70834106 0.7058704
vn 0 0.7083412 0.70587033
vn -0.0005195946 0.7084728 0.70573795
vn -0.0020884417 0.7260569 0.6876314
vn -0.0033206868 0.7127449 0.7014156
vn -0.002754405 0.71580136 0.6982986
vn -0.0023454581 0.7184314 0.6955938
vn -0.002654082 0.7043348 0.70986307
vn -0.0004278732 0.72162324 0.6922858
vn 0 0.7217772 0.69212556
vn 0 0.72177714 0.6921255
vn 0 0.72177726 0.6921253
vn 0 0.7217772 0.69212544
vn 0 0.72177714 0.69212556
vn 0 0.7486824 0.6629289
vn 0 0.72177714 0.6921255
vn 0 0.72177714 0.69212556
vn 0 0.7217772 0.6921254
vn 0 0.72177726 0.69212544
vn 0 0.72177714 0.6921255
vn 0 0.7217772 0.6921254
vn 0.001230042 0.7210553 0.6928764
vn 0.0020217204 0.6842328 0.729261
vn 0.002345837 0.7184313 0.69559395
vn 0.002180959 0.7158729 0.6982273
vn 0.0016282253 0.7129187 0.7012448
vn 0.0020084183 0.7219057 0.6919886
vn 0.0001177553 0.70836467 0.70584667
vn 0 0.70834106 0.70587033
vn 0 0.7025097 0.7116742
vn 0 0.708341 0.7058704
vn 0 0.70834106 0.7058704
vn 0 0.70834106 0.70587033
vn 0.021210691 0.709571 0.7043146
vn 0.103470504 0.7197191 0.68651164
vn -0.9806448 -0.17279303 0.09207787
vn -0.2090026 -0.82996863 0.5171751
vn -0.000075262884 -0.82743025 0.56156844
vn 0.007400809 -0.8283767 0.5601225
vn 0.753639 -0.56120044 0.3421732
vn -0.2580614 -0.85002214 -0.45920217
vn 0.0009206206 -0.876803 -0.48084894
vn -0.56801075 -0.82014483 -0.06874832
vn 0 -0.99992573 0.01218493
vn 0.51427895 -0.8575525 0.010990277
vn -0.8755682 -0.48305067 0.0065084826
vn -0.0008691612 -0.99992156 0.012495012
vn 0 -0.9999239 0.012334579
vn 0.6484232 -0.7530349 -0.11174009
vn 0 -0.8767598 -0.48092842
vn 0.25745663 -0.85017025 -0.45926756
vn -0.6597164 -0.6535033 0.37108985
vn -0.00031274636 -0.8079478 0.5892539
vn 0.00016293085 -0.8400148 0.54256344
vn 0.64893025 -0.63952935 0.4121794
vn -0.99290186 0.000013335469 0.1189365
vn -0.19414245 -0.026075346 0.98062676
vn -0.0010169535 -0.54525554 0.83826935
vn 0.25732103 -0.17242233 0.95081884
vn 0.85771006 -0.00007614251 0.51413375
vn -0.747442 -0.20637593 -0.63145816
vn 0.00089047046 -0.29021204 -0.9569619
vn -0.13573672 -0.42334574 -0.8957422
vn 1 0 0
vn -1 0 0
vn 0.12591024 -0.4142625 -0.90140617
vn 0 -0.29040873 -0.95690274
vn 0.7471888 -0.20668806 -0.63165575
vn -0.7932004 -0.000063951404 0.6089607
vn -0.30280706 -0.25660214 0.917858
vn 0.33829197 -0.3694866 0.86547
vn 0.7365957 -0.00025577514 0.67633325
vn -0.9926387 0 0.121112615
vn -0.20568638 0 0.978618
vn 0.3678455 0 0.9298869
vn 0.88139457 0 0.47238097
vn -0.5999081 0.5628763 -0.5685776
vn 0.0009498433 0.7054506 -0.7087585
vn -0.45470122 0.76626605 -0.4539638
vn 0 0.9999259 0.012166524
vn 0.73518604 0.67780834 0.008790183
vn -0.95558256 0.2946945 0.0041401545
vn -0.00080859824 0.99992245 0.012420411
vn 0 0.9999236 0.012362223
vn 0.46259287 0.72698945 -0.50743896
vn 0 0.7051925 -0.7090158
vn 0.60059583 0.5622807 -0.56844085
vn -0.8295008 0 0.5585054
vn -0.52915096 0 0.84852767
vn 0.7909546 0 0.6118749
vn 0.7804513 0 0.6252164
vn -0.99393636 0 0.10995609
vn -0.18215656 0.000008432055 0.9832696
vn 0.336553 0.000017856202 0.9416646
vn 0.8900715 -0.00000010126354 0.45582083
vn -0.83926064 0 0.54372925
vn -0.51129746 0.000027121903 0.8594038
vn 0.78369135 0 0.6211505
vn 0.77478087 0.000005360096 0.63222986
vn -0.9943059 -0.0000014555136 0.1065631
vn -0.14410807 0.000012703813 0.98956203
vn 0.2844112 0.000015188719 0.95870245
vn 0.8483737 0.0000021345827 0.52939785
vn -0.78339887 0.00000246358 0.6215192
vn -0.48563775 0.00004831574 0.8741602
vn 0.78397363 0.000021150643 0.6207941
vn 0.7308998 0.000004469828 0.68248487
vn -0.9957046 0 0.092586815
vn -0.20780055 0 0.9781712
vn 0.36757785 0 0.9299927
vn 0.9105114 0 0.41348392
vn -0.8682659 0 0.496099
vn -0.52594405 0 0.8505191
vn 0.7852305 0 0.61920345
vn 0.85279465 0 0.52224636
vn -0.9813609 0.15788804 0.109553725
vn -0.09840351 0.7861095 0.61020356
vn -0.00016795263 1 0.000013594615
vn 0.10184161 0.93381417 0.34295657
vn 0.63045377 0.6198749 0.46720773
vn -0.54735583 0.6563155 0.5192798
vn -0.13114099 0.96362936 0.23285277
vn 0.110590875 0.99004155 0.08710549
vn 0.5259953 0.6747886 0.51767695
vn -0.5259512 -0.8446113 -0.10003568
vn 0.0009827989 -0.9929237 -0.11875056
vn -0.058453523 -0.9873654 0.14728387
vn 0 -0.94831353 0.31733486
vn 0.459983 -0.84304076 0.2787434
vn -0.820436 -0.54312843 0.17859498
vn -0.0007617408 -0.9491138 0.31493247
vn 0 -0.9480988 0.31797585
vn 0.027648222 -0.99589914 0.086143084
vn 0 -0.99291456 -0.11882973
vn 0.5256488 -0.84480363 -0.10000163
vn -0.9122218 -0.13020517 0.38845593
vn -0.16519488 -0.59653 0.7854059
vn 0.5944689 -0.4010835 0.69694954
vn -1 0 0
vn -0.213901 -0.83849007 0.50117934
vn 0 -0.70686966 0.70734376
vn 0.97358024 -0.1611474 0.16178083
vn -0.99658966 -0.05807119 0.058623213
vn -0.0006498706 -0.70691895 0.7072942
vn 0 -0.7068697 0.70734376
vn 0.21646419 -0.8418721 0.49436304
vn 1 0 0
vn -0.5215517 -0.45151782 0.72395825
vn 0.46210036 -0.49400103 0.736496
vn -0.911416 -0.0000009657982 0.4114861
vn -0.16975482 0.06423856 0.98339033
vn 0.51644915 -0.013459519 0.8562121
vn -0.7641503 0.6405658 -0.075827226
vn 0.0009642297 0.99293053 -0.11869254
vn -0.21013887 0.9157332 0.3424535
vn 0 0.92223907 0.38662007
vn 0.71931225 0.6403333 0.26937562
vn -0.9444594 0.30357742 0.12584713
vn -0.0008401775 0.92051244 0.39071232
vn 0 0.92231363 0.38644224
vn 0.2392103 0.9182327 0.31563786
vn 0 0.99292177 -0.118770346
vn 0.76426697 0.64042556 -0.0758357
vn -0.295089 0.018110082 0.9552982
vn 0.2769113 0.04183037 0.95998454
vn -0.9093711 0.00003383497 0.4159858
vn -0.23526919 0.1871703 0.9537378
vn 0.566397 0.13708733 0.8126509
vn -0.50546384 0.13133895 0.8527933
vn 0.49967965 0.1561999 0.8520104
vn -0.9614637 -0.096077055 0.25759786
vn -0.0011564672 -0.5012597 0.8652962
vn 0.7034384 -0.32497013 0.6321146
vn -0.625827 -0.36489642 0.68934107
vn 0.55580574 -0.3920166 0.7330777
vn -0.98092806 0 0.19437091
vn -0.0014009816 0 0.99999905
vn 0.9167313 0 0.39950433
vn -0.89442056 0 0.44722682
vn 0.87094414 0 0.4913819
vn -0.96936446 0.15678309 0.18908106
vn -0.0013805776 0.78463095 0.6199615
vn 0.7488429 0.48812655 0.44829318
vn -0.67629415 0.55045223 0.48951873
vn 0.618896 0.59464586 0.51319
vn -0.4419197 -0.8579846 0.2618572
vn 0.0011985985 -0.95647925 0.2917978
vn 0.64845216 -0.7283471 0.22140533
vn -0.55764586 -0.7938696 0.24249148
vn 0 -0.95649254 0.29175708
vn 0.4425443 -0.85776454 0.2615235
vn -0.94478804 -0.2811529 0.16831063
vn 0.0010499372 -0.8572467 0.5149049
vn 0.41849947 -0.27452224 0.8657342
vn 0 -0.29086775 0.95676327
vn 0.5339162 -0.23313856 0.81276065
vn -0.8640435 -0.12555811 0.4875079
vn -0.0007261011 -0.2909314 0.9567436
vn 0 -0.29086363 0.9567646
vn -0.45112547 -0.30929914 0.8371499
vn 0 -0.8572433 0.5149116
vn 0.94476134 -0.28120413 0.16837566
vn -0.71747863 0.6393476 0.27651212
vn 0.0011095885 0.9158822 0.4014458
vn 0.62583786 0.5887314 0.5115881
vn 0 0.38438365 0.9231734
vn 0.36294976 0.36621654 0.85682726
vn -0.76812154 0.26317143 0.58372086
vn -0.0007942856 0.38433632 0.9231928
vn 0 0.38439262 0.92316973
vn -0.6025811 0.65650237 0.45376277
vn 0 0.91588 0.40145192
vn 0.71728307 0.6395158 0.2766303
vn -0.8487996 -0.526857 0.044283334
vn 0.0008131944 -0.9949763 0.1001081
vn 0.9222735 -0.38540238 0.029606069
vn -0.8839387 -0.46611032 0.037329555
vn 0 -0.99480295 0.10181832
vn 0.8489539 -0.52663034 0.044020075
vn -0.6148276 0.7859274 0.06561429
vn 0.00085582363 0.994992 0.09995056
vn 0.7438627 0.66637325 0.051137798
vn -0.6616798 0.74739426 0.059846293
vn 0 0.9948215 0.101637736
vn 0.614476 0.7861687 0.066015586
vn -0.85049605 -0.5259815 0.0000007382921
vn 0.0009723339 -0.9999996 -0.0000052184
vn 0.9169052 -0.39908573 -0.0039218585
vn -0.87910783 -0.47660813 -0.0037573318
vn 0 -1 0
vn 0.85049534 -0.52598256 0.00000048517626
vn -0.62485546 0.7807405 0.00000077981224
vn 0.0010537538 0.99999946 -0.0000054985308
vn 0.74547786 0.66652316 -0.0031363962
vn -0.6680798 0.7440843 -0.002816766
vn 0 1 0
vn 0.6248572 0.78073907 0.0000011316042
vn -0.09122405 -0.5659385 -0.819385
vn -0.05142228 -0.60770255 -0.79249823
vn -0.007976324 -0.61042386 -0.79203486
vn 0.020471519 -0.61811274 -0.7858229
vn 0.059044372 -0.5986105 -0.7988612
vn 0.09025603 -0.56404746 -0.8207949
vn -0.8477196 -0.5304376 0.0027085736
vn 0.000944576 -0.99999964 -0.000053159838
vn 0.9161155 -0.39866725 -0.04238802
vn -0.18262762 -0.023540163 -0.9829003
vn -0.13890216 -0.1487004 -0.97907835
vn -0.09643067 -0.15983789 -0.982422
vn -0.056035753 -0.16443065 -0.98479575
vn -0.008040508 -0.16345875 -0.9865174
vn 0.02053456 -0.1670811 -0.9857293
vn 0.064347334 -0.16332541 -0.98447156
vn 0.111797415 -0.16961825 -0.97914803
vn 0.15497513 -0.1255842 -0.97990376
vn 0.18352926 -0.031786475 -0.98250014
vn -0.87776935 -0.47735932 -0.040608715
vn 0 -1 0
vn 0.8477234 -0.5304316 0.0027072104
vn -0.6189894 0.7853966 0.0020727708
vn 0.0010263424 0.99999946 -0.00005680899
vn 0.7466957 0.6642841 -0.034238573
vn -0.18047076 0.17954113 -0.9670549
vn -0.12975234 0.3529275 -0.92661023
vn -0.092166744 0.3398986 -0.9359349
vn -0.053236496 0.3860949 -0.9209216
vn -0.007777752 0.40945888 -0.9122955
vn 0.019972816 0.40905455 -0.9122913
vn 0.061777443 0.3765337 -0.9243408
vn 0.10390291 0.36119744 -0.9266826
vn 0.14756906 0.2975208 -0.9432416
vn 0.17566136 0.15189655 -0.97266155
vn -0.66752064 0.74396104 -0.030630823
vn 0 1 0
vn 0.6189775 0.78540593 0.0020749157
vn -0.2304437 -0.9598522 -0.15993553
vn -0.21583414 -0.93655604 -0.2761856
vn -0.15954062 -0.909117 -0.3847768
vn -0.11393762 -0.9014396 -0.41764197
vn -0.07046392 -0.91721916 -0.39210173
vn -0.00979953 -0.9306783 -0.3657073
vn 0.025366923 -0.9306889 -0.36493093
vn 0.078576684 -0.9121972 -0.4021468
vn 0.12823981 -0.90377796 -0.408338
vn 0.17571408 -0.9101904 -0.3750707
vn 0.2167519 -0.9523677 -0.21450932
vn -0.84132326 -0.5321299 0.0949364
vn 0 -1 0
vn 0.2948511 -0.7613644 -0.5773968
vn -0.20842133 -0.39148724 -0.896269
vn -0.17459695 -0.5180273 -0.83735514
vn -0.14295502 -0.57724714 -0.80395865
vn 0.1420762 -0.5744458 -0.80611813
vn 0.19515659 -0.35538757 -0.91411895
vn 0.21675006 -0.49832752 -0.8394576
vn -0.31442428 -0.7517053 -0.579721
vn 0 -1 0
vn 0.8872601 -0.45027232 0.10012102
vn -0.6118942 0.7878435 0.069915384
vn 0 1 0
vn 0.14180636 0.93079746 -0.336908
vn -0.21468545 0.7150691 -0.6652715
vn -0.20367149 0.78523225 -0.58474624
vn -0.15886879 0.87471753 -0.45785365
vn -0.10356195 0.82295585 -0.55858624
vn -0.06544592 0.7798676 -0.6225138
vn -0.009191692 0.8045302 -0.59384066
vn 0.025057172 0.8058754 -0.5915545
vn 0.07585685 0.773883 -0.6287692
vn 0.12326064 0.8558017 -0.50240463
vn 0.17616618 0.8730836 -0.4546321
vn 0.21801543 0.7620375 -0.6097278
vn 0.21418196 0.75987107 -0.613777
vn -0.16426823 0.92706037 -0.33700886
vn 0 1 0
vn 0.6932825 0.71629924 0.07921331
vn -0.15921892 0.9759789 -0.14870965
vn -0.121811084 0.97040755 -0.20849745
vn -0.06910786 0.9557212 -0.2860439
vn -0.009830139 0.95826423 -0.28571475
vn 0.02475891 0.95621496 -0.29161623
vn 0.08121883 0.9545419 -0.28679788
vn 0.13127112 0.9746295 -0.18128763
vn -0.25764465 -0.9659056 -0.025409294
vn -0.24112764 -0.9697743 -0.03735362
vn -0.1832264 -0.98211694 -0.04329461
vn -0.12986906 -0.9901026 -0.053206194
vn -0.07594002 -0.9953314 -0.059569407
vn -0.010652892 -0.99820757 -0.05889118
vn 0.027199993 -0.9977301 -0.06160364
vn 0.087390825 -0.99448353 -0.058009904
vn 0.14684674 -0.9878741 -0.050406225
vn 0.20376363 -0.9781544 -0.041161474
vn 0.24755807 -0.96843815 -0.02902688
vn -0.8521446 -0.48435354 0.19811925
vn 0 -1 0
vn -0.11029066 -0.99388736 -0.0049079037
vn -0.2578641 -0.966087 -0.013500513
vn 0.24798833 -0.9686483 -0.014908945
vn 0.071201414 -0.9974568 -0.0032274085
vn 0.0004797768 -0.9999999 0.0001241479
vn 0.88792354 -0.4110733 0.20642304
vn -0.6489322 0.7455235 0.15192682
vn 0 1 0
vn -0.110275105 0.9938864 -0.005407154
vn -0.2584219 0.96580017 -0.021167632
vn -0.23851663 0.97056985 -0.03322497
vn -0.20381553 0.97814256 -0.04118582
vn 0.20395918 0.97811407 -0.0411544
vn 0.24922119 0.96793365 -0.031513482
vn 0.24687532 0.9689735 -0.011949712
vn 0.071094215 0.9974642 -0.0032855133
vn 0.00052858976 0.9999999 0.00013399146
vn 0.7193149 0.67396206 0.1684081
vn -0.16357024 0.9853742 -0.047775473
vn -0.12948373 0.99016815 -0.052925486
vn -0.0754229 0.9954074 -0.058954056
vn -0.01062561 0.99821043 -0.0588468
vn 0.0271113 0.99773824 -0.061508458
vn 0.08832852 0.99433553 -0.059118032
vn 0.14619945 0.98803306 -0.049156513
vn -0.25849175 -0.9658322 0.018716196
vn -0.23735651 -0.9709431 0.030521588
vn -0.18567389 -0.98197913 0.0352471
vn -0.13182768 -0.9904722 0.039828487
vn -0.076902956 -0.99613667 0.0423978
vn -0.010866192 -0.9988858 0.045925852
vn 0.027614085 -0.99868965 0.04308588
vn 0.08875029 -0.9951438 0.042572603
vn 0.1476174 -0.9882135 0.040536217
vn 0.2032662 -0.97845185 0.036259968
vn 0.2461609 -0.9688491 0.027134666
vn -0.8520781 -0.33931264 0.39853477
vn -0.30506575 -0.91085654 0.27798426
vn -0.13106093 -0.9913575 0.0057578827
vn -0.26311222 -0.9647299 0.00826292
vn 0.24321476 -0.969861 0.014709008
vn 0.08382276 -0.9964769 0.0027634006
vn 0.503753 -0.7840109 0.36271176
vn 0.9163283 -0.20916629 0.34145588
vn -0.7279309 0.5934656 0.34338796
vn -0.16385461 0.9749021 0.15072374
vn -0.12936205 0.99158067 0.005773731
vn -0.2564593 0.9663534 0.019742275
vn -0.23723736 0.9709669 0.03069112
vn -0.20329186 0.9784497 0.03617693
vn 0.20450039 0.9782631 0.034363575
vn 0.24780163 0.9684952 0.024726793
vn 0.24819967 0.9686419 0.011396469
vn 0.08419885 0.996445 0.002838443
vn 0.29640442 0.93040156 0.21563227
vn 0.8565548 0.4032299 0.32205525
vn -0.16405946 0.98565567 0.039589655
vn -0.13064831 0.9905608 0.04147504
vn -0.07662101 0.9961462 0.042683315
vn -0.010797209 0.9988847 0.045965705
vn 0.0277355 0.99869174 0.04295896
vn 0.088961385 0.99513406 0.04235778
vn 0.14947668 0.9880405 0.037853934
vn -0.23622607 -0.9591762 0.15549353
vn -0.2095656 -0.9239044 0.32012978
vn -0.16869424 -0.9200585 0.3536023
vn -0.12415361 -0.9434357 0.307433
vn -0.074608125 -0.9460126 0.31542602
vn -0.010744833 -0.94803953 0.31797132
vn 0.027218029 -0.94966316 0.3120885
vn 0.08646202 -0.9452497 0.31468603
vn 0.13924548 -0.92974305 0.34086457
vn 0.18409558 -0.9161275 0.35611713
vn 0.22177047 -0.93792117 0.26668635
vn -0.47848898 -0.33512437 0.81162804
vn -0.30178905 -0.47005248 0.829442
vn -0.26279807 -0.415797 0.8706607
vn -0.18590483 -0.64093196 0.7447453
vn 0.23654553 -0.34292534 0.909092
vn 0.28156242 -0.48632744 0.8271688
vn 0.32783884 -0.4652037 0.8222574
vn 0.5189093 -0.30447638 0.7987662
vn -0.40579528 0.593766 0.694818
vn -0.25722644 0.72317123 0.64098203
vn -0.2513327 0.7342056 0.6306932
vn -0.21346432 0.88684523 0.40980303
vn -0.16811661 0.9058486 0.3888124
vn -0.11864583 0.8908047 0.43862298
vn -0.072601065 0.853898 0.51535153
vn -0.010472339 0.85135317 0.52448833
vn 0.026849171 0.8557681 0.51666236
vn 0.083456695 0.8532678 0.5147513
vn 0.13927272 0.89255977 0.42888248
vn 0.18369739 0.9199896 0.34622884
vn 0.23406592 0.8021896 0.5492768
vn 0.2623059 0.7155143 0.64748365
vn 0.2665157 0.7266652 0.6331879
vn 0.45109642 0.55195594 0.7013248
vn -0.1598588 0.9792979 0.12418073
vn -0.12696187 0.97525173 0.18101029
vn -0.07505435 0.96560127 0.2489599
vn -0.010732052 0.96690786 0.2549001
vn 0.02707462 0.96813595 0.24895716
vn 0.08569901 0.96444213 0.25001422
vn 0.13905013 0.97717226 0.16062161
vn -0.13935731 -0.64160794 0.7542671
vn -0.11558296 -0.70030075 0.70442843
vn -0.07251162 -0.7072358 0.7032492
vn -0.01084643 -0.6541748 0.7562657
vn 0.024815196 -0.6733941 0.73886716
vn 0.08360503 -0.7071721 0.70208114
vn 0.12378549 -0.6804048 0.7223064
vn -0.214708 -0.14069596 0.9664911
vn -0.17913306 -0.18592536 0.9660968
vn -0.14140819 -0.17106962 0.9750584
vn -0.09044959 -0.18090501 0.9793325
vn -0.01325696 -0.13669588 0.9905244
vn 0.034693588 -0.15614797 0.9871242
vn 0.1029453 -0.18160555 0.97796816
vn 0.15415528 -0.16471994 0.9742194
vn 0.19091082 -0.20679697 0.959577
vn 0.21355484 -0.14982954 0.9653733
vn -0.19996807 0.3313011 0.92209125
vn -0.16604011 0.41143942 0.8961854
vn -0.12811524 0.49114138 0.861607
vn -0.0807179 0.5098082 0.856493
vn -0.011872833 0.51366925 0.85790616
vn 0.030215196 0.5167522 0.8556017
vn 0.09297779 0.5055692 0.8577615
vn 0.13981469 0.45883873 0.8774503
vn 0.1781628 0.40481517 0.89687383
vn 0.20311055 0.31482047 0.92716455

# triangles

f 1993/1993/1993 2119/2119/2119 2118/2118/2118
f 1993/1993/1993 2118/2118/2118 1992/1992/1992
f 2119/2119/2119 2245/2245/2245 2244/2244/2244
f 2119/2119/2119 2244/2244/2244 2118/2118/2118
f 2371/2371/2371 2497/2497/2497 2496/2496/2496
f 2371/2371/2371 2496/2496/2496 2370/2370/2370
f 2245/2245/2245 2371/2371/2371 2370/2370/2370
f 2245/2245/2245 2370/2370/2370 2244/2244/2244
f 2494/2494/2494 2368/2368/2368 2369/2369/2369
f 2494/2494/2494 2369/2369/2369 2495/2495/2495
f 2368/2368/2368 2242/2242/2242 2243/2243/2243
f 2368/2368/2368 2243/2243/2243 2369/2369/2369
f 2495/2495/2495 2369/2369/2369 2370/2370/2370
f 2495/2495/2495 2370/2370/2370 2496/2496/2496
f 2369/2369/2369 2243/2243/2243 2244/2244/2244
f 2369/2369/2369 2244/2244/2244 2370/2370/2370
f 2116/2116/2116 1990/1990/1990 1991/1991/1991
f 2116/2116/2116 1991/1991/1991 2117/2117/2117
f 2117/2117/2117 1991/1991/1991 1992/1992/1992
f 2117/2117/2117 1992/1992/1992 2118/2118/2118
f 2242/2242/2242 2116/2116/2116 2117/2117/2117
f 2242/2242/2242 2117/2117/2117 2243/2243/2243
f 2243/2243/2243 2117/2117/2117 2118/2118/2118
f 2243/2243/2243 2118/2118/2118 2244/2244/2244
f 2006/2006/2006 2132/2132/2132 2131/2131/2131
f 2006/2006/2006 2131/2131/2131 2005/2005/2005
f 2132/2132/2132 2258/2258/2258 2257/2257/2257
f 2132/2132/2132 2257/2257/2257 2131/2131/2131
f 2384/2384/2384 2510/2510/2510 2509/2509/2509
f 2384/2384/2384 2509/2509/2509 2383/2383/2383
f 2258/2258/2258 2384/2384/2384 2383/2383/2383
f 2258/2258/2258 2383/2383/2383 2257/2257/2257
f 2507/2507/2507 2381/2381/2381 2382/2382/2382
f 2507/2507/2507 2382/2382/2382 2508/2508/2508
f 2381/2381/2381 2255/2255/2255 2256/2256/2256
f 2381/2381/2381 2256/2256/2256 2382/2382/2382
f 2508/2508/2508 2382/2382/2382 2383/2383/2383
f 2508/2508/2508 2383/2383/2383 2509/2509/2509
f 2382/2382/2382 2256/2256/2256 2257/2257/2257
f 2382/2382/2382 2257/2257/2257 2383/2383/2383
f 2129/2129/2129 2003/2003/2003 2004/2004/2004
f 2129/2129/2129 2004/2004/2004 2130/2130/2130
f 2130/2130/2130 2004/2004/2004 2005/2005/2005
f 2130/2130/2130 2005/2005/2005 2131/2131/2131
f 2255/2255/2255 2129/2129/2129 2130/2130/2130
f 2255/2255/2255 2130/2130/2130 2256/2256/2256
f 2256/2256/2256 2130/2130/2130 2131/2131/2131
f 2256/2256/2256 2131/2131/2131 2257/2257/2257
f 3805/3805/3805 3804/3804/3804 3685/3685/3685
f 3804/3804/3804 3803/3803/3803 3684/3684/3684
f 3804/3804/3804 3684/3684/3684 3685/3685/3685
f 3802/3802/3802 3801/3801/3801 3681/3681/3681
f 3802/3802/3802 3681/3681/3681 3682/3682/3682
f 3803/3803/3803 3802/3802/3802 3682/3682/3682
f 3803/3803/3803 3682/3682/3682 3684/3684/3684
f 3684/3684/3684 3682/3682/3682 3683/3683/3683
f 3466/3466/3466 3467/3467/3467 3564/3564/3564
f 3466/3466/3466 3564/3564/3564 3563/3563/3563
f 3467/3467/3467 3468/3468/3468 3565/3565/3565
f 3467/3467/3467 3565/3565/3565 3564/3564/3564
f 3563/3563/3563 3564/3564/3564 3683/3683/3683
f 3563/3563/3563 3683/3683/3683 3682/3682/3682
f 3564/3564/3564 3565/3565/3565 3684/3684/3684
f 3564/3564/3564 3684/3684/3684 3683/3683/3683
f 3468/3468/3468 3469/3469/3469 3566/3566/3566
f 3468/3468/3468 3566/3566/3566 3565/3565/3565
f 3565/3565/3565 3566/3566/3566 3685/3685/3685
f 3565/3565/3565 3685/3685/3685 3684/3684/3684
f 2003/2003/2003 2129/2129/2129 2128/2128/2128
f 2003/2003/2003 2128/2128/2128 2002/2002/2002
f 2129/2129/2129 2255/2255/2255 2254/2254/2254
f 2129/2129/2129 2254/2254/2254 2128/2128/2128
f 2002/2002/2002 2128/2128/2128 2127/2127/2127
f 2002/2002/2002 2127/2127/2127 2001/2001/2001
f 2128/2128/2128 2254/2254/2254 2253/2253/2253
f 2128/2128/2128 2253/2253/2253 2127/2127/2127
f 2381/2381/2381 2507/2507/2507 2506/2506/2506
f 2381/2381/2381 2506/2506/2506 2380/2380/2380
f 2380/2380/2380 2506/2506/2506 2505/2505/2505
f 2380/2380/2380 2505/2505/2505 2379/2379/2379
f 2255/2255/2255 2381/2381/2381 2380/2380/2380
f 2255/2255/2255 2380/2380/2380 2254/2254/2254
f 2254/2254/2254 2380/2380/2380 2379/2379/2379
f 2254/2254/2254 2379/2379/2379 2253/2253/2253
f 2504/2504/2504 2378/2378/2378 2379/2379/2379
f 2504/2504/2504 2379/2379/2379 2505/2505/2505
f 2378/2378/2378 2252/2252/2252 2253/2253/2253
f 2378/2378/2378 2253/2253/2253 2379/2379/2379
f 2126/2126/2126 2000/2000/2000 2001/2001/2001
f 2126/2126/2126 2001/2001/2001 2127/2127/2127
f 2252/2252/2252 2126/2126/2126 2127/2127/2127
f 2252/2252/2252 2127/2127/2127 2253/2253/2253
f 3476/3476/3476 3477/3477/3477 3574/3574/3574
f 3476/3476/3476 3574/3574/3574 3573/3573/3573
f 3477/3477/3477 3575/3575/3575 3574/3574/3574
f 3573/3573/3573 3574/3574/3574 3693/3693/3693
f 3573/3573/3573 3693/3693/3693 3692/3692/3692
f 3574/3574/3574 3575/3575/3575 3693/3693/3693
f 3478/3478/3478 3358/3358/3358 3479/3479/3479
f 3478/3478/3478 3479/3479/3479 3577/3577/3577
f 3478/3478/3478 3577/3577/3577 3576/3576/3576
f 3477/3477/3477 3478/3478/3478 3575/3575/3575
f 3575/3575/3575 3478/3478/3478 3576/3576/3576
f 3697/3697/3697 3696/3696/3696 3695/3695/3695
f 3697/3697/3697 3695/3695/3695 3577/3577/3577
f 3696/3696/3696 3813/3813/3813 3694/3694/3694
f 3696/3696/3696 3694/3694/3694 3695/3695/3695
f 3577/3577/3577 3695/3695/3695 3576/3576/3576
f 3695/3695/3695 3694/3694/3694 3575/3575/3575
f 3695/3695/3695 3575/3575/3575 3576/3576/3576
f 3812/3812/3812 3811/3811/3811 3692/3692/3692
f 3812/3812/3812 3692/3692/3692 3693/3693/3693
f 3813/3813/3813 3812/3812/3812 3693/3693/3693
f 3813/3813/3813 3693/3693/3693 3694/3694/3694
f 3694/3694/3694 3693/3693/3693 3575/3575/3575
f 167/167/167 168/168/168 783/783/783
f 167/167/167 783/783/783 782/782/782
f 168/168/168 169/169/169 784/784/784
f 168/168/168 784/784/784 783/783/783
f 902/902/902 783/783/783 784/784/784
f 1022/1022/1022 1021/1021/1021 901/901/901
f 1022/1022/1022 901/901/901 902/902/902
f 902/902/902 901/901/901 782/782/782
f 902/902/902 782/782/782 783/783/783
f 3469/3469/3469 3468/3468/3468 3347/3347/3347
f 3469/3469/3469 3347/3347/3347 3348/3348/3348
f 3348/3348/3348 3347/3347/3347 3216/3216/3216
f 3348/3348/3348 3216/3216/3216 3217/3217/3217
f 3467/3467/3467 3466/3466/3466 3345/3345/3345
f 3467/3467/3467 3345/3345/3345 3346/3346/3346
f 3346/3346/3346 3345/3345/3345 3214/3214/3214
f 3346/3346/3346 3214/3214/3214 3215/3215/3215
f 3468/3468/3468 3467/3467/3467 3346/3346/3346
f 3468/3468/3468 3346/3346/3346 3347/3347/3347
f 3347/3347/3347 3346/3346/3346 3215/3215/3215
f 3347/3347/3347 3215/3215/3215 3216/3216/3216
f 2998/2998/2998 2999/2999/2999 3101/3101/3101
f 2998/2998/2998 3101/3101/3101 3100/3100/3100
f 2999/2999/2999 3000/3000/3000 3102/3102/3102
f 2999/2999/2999 3102/3102/3102 3101/3101/3101
f 3100/3100/3100 3101/3101/3101 3215/3215/3215
f 3100/3100/3100 3215/3215/3215 3214/3214/3214
f 3101/3101/3101 3102/3102/3102 3216/3216/3216
f 3101/3101/3101 3216/3216/3216 3215/3215/3215
f 3000/3000/3000 3001/3001/3001 3103/3103/3103
f 3000/3000/3000 3103/3103/3103 3102/3102/3102
f 3102/3102/3102 3103/3103/3103 3217/3217/3217
f 3102/3102/3102 3217/3217/3217 3216/3216/3216
f 3014/3014/3014 3228/3228/3228 3227/3227/3227
f 3014/3014/3014 3227/3227/3227 3013/3013/3013
f 3228/3228/3228 3360/3360/3360 3307/3307/3307
f 3228/3228/3228 3307/3307/3307 3227/3227/3227
f 3227/3227/3227 3307/3307/3307 3306/3306/3306
f 3480/3480/3480 3697/3697/3697 3577/3577/3577
f 3480/3480/3480 3577/3577/3577 3359/3359/3359
f 3360/3360/3360 3480/3480/3480 3307/3307/3307
f 3307/3307/3307 3480/3480/3480 3359/3359/3359
f 3307/3307/3307 3359/3359/3359 3306/3306/3306
f 3358/3358/3358 3305/3305/3305 3306/3306/3306
f 3479/3479/3479 3358/3358/3358 3359/3359/3359
f 3479/3479/3479 3359/3359/3359 3577/3577/3577
f 3358/3358/3358 3306/3306/3306 3359/3359/3359
f 3113/3113/3113 3011/3011/3011 3012/3012/3012
f 3113/3113/3113 3012/3012/3012 3114/3114/3114
f 3114/3114/3114 3012/3012/3012 3013/3013/3013
f 3114/3114/3114 3013/3013/3013 3227/3227/3227
f 3305/3305/3305 3113/3113/3113 3114/3114/3114
f 3305/3305/3305 3114/3114/3114 3306/3306/3306
f 3306/3306/3306 3114/3114/3114 3227/3227/3227
f 1530/1530/1530 1408/1408/1408 1311/1311/1311
f 1530/1530/1530 1311/1311/1311 1531/1531/1531
f 1408/1408/1408 1245/1245/1245 1246/1246/1246
f 1408/1408/1408 1246/1246/1246 1311/1311/1311
f 1531/1531/1531 1311/1311/1311 1312/1312/1312
f 1531/1531/1531 1312/1312/1312 1532/1532/1532
f 1311/1311/1311 1246/1246/1246 1312/1312/1312
f 1123/1123/1123 1025/1025/1025 1124/1124/1124
f 1124/1124/1124 1025/1025/1025 906/906/906
f 1124/1124/1124 906/906/906 1026/1026/1026
f 1245/1245/1245 1123/1123/1123 1124/1124/1124
f 1245/1245/1245 1124/1124/1124 1246/1246/1246
f 1246/1246/1246 1124/1124/1124 1026/1026/1026
f 788/788/788 1028/1028/1028 1027/1027/1027
f 788/788/788 1027/1027/1027 906/906/906
f 1028/1028/1028 1126/1126/1126 1125/1125/1125
f 1028/1028/1028 1125/1125/1125 1027/1027/1027
f 906/906/906 1027/1027/1027 1026/1026/1026
f 1027/1027/1027 1125/1125/1125 1246/1246/1246
f 1027/1027/1027 1246/1246/1246 1026/1026/1026
f 1313/1313/1313 1410/1410/1410 1409/1409/1409
f 1313/1313/1313 1409/1409/1409 1312/1312/1312
f 1312/1312/1312 1409/1409/1409 1532/1532/1532
f 1126/1126/1126 1313/1313/1313 1312/1312/1312
f 1126/1126/1126 1312/1312/1312 1125/1125/1125
f 1125/1125/1125 1312/1312/1312 1246/1246/1246
f 3011/3011/3011 3113/3113/3113 3112/3112/3112
f 3011/3011/3011 3112/3112/3112 3010/3010/3010
f 3113/3113/3113 3305/3305/3305 3226/3226/3226
f 3113/3113/3113 3226/3226/3226 3112/3112/3112
f 3010/3010/3010 3112/3112/3112 3111/3111/3111
f 3010/3010/3010 3111/3111/3111 3009/3009/3009
f 3112/3112/3112 3226/3226/3226 3225/3225/3225
f 3112/3112/3112 3225/3225/3225 3111/3111/3111
f 3358/3358/3358 3478/3478/3478 3357/3357/3357
f 3357/3357/3357 3478/3478/3478 3477/3477/3477
f 3357/3357/3357 3477/3477/3477 3356/3356/3356
f 3305/3305/3305 3358/3358/3358 3357/3357/3357
f 3305/3305/3305 3357/3357/3357 3226/3226/3226
f 3226/3226/3226 3357/3357/3357 3356/3356/3356
f 3226/3226/3226 3356/3356/3356 3225/3225/3225
f 3476/3476/3476 3355/3355/3355 3356/3356/3356
f 3476/3476/3476 3356/3356/3356 3477/3477/3477
f 3355/3355/3355 3224/3224/3224 3225/3225/3225
f 3355/3355/3355 3225/3225/3225 3356/3356/3356
f 3110/3110/3110 3008/3008/3008 3009/3009/3009
f 3110/3110/3110 3009/3009/3009 3111/3111/3111
f 3224/3224/3224 3110/3110/3110 3111/3111/3111
f 3224/3224/3224 3111/3111/3111 3225/3225/3225
f 2502/2502/2502 2501/2501/2501 2375/2375/2375
f 2502/2502/2502 2375/2375/2375 2376/2376/2376
f 2376/2376/2376 2375/2375/2375 2249/2249/2249
f 2376/2376/2376 2249/2249/2249 2250/2250/2250
f 1997/1997/1997 1998/1998/1998 2124/2124/2124
f 1997/1997/1997 2124/2124/2124 2123/2123/2123
f 2123/2123/2123 2124/2124/2124 2250/2250/2250
f 2123/2123/2123 2250/2250/2250 2249/2249/2249
f 3471/3471/3471 3569/3569/3569 3568/3568/3568
f 3471/3471/3471 3472/3472/3472 3569/3569/3569
f 3568/3568/3568 3569/3569/3569 3688/3688/3688
f 3568/3568/3568 3688/3688/3688 3687/3687/3687
f 3472/3472/3472 3473/3473/3473 3570/3570/3570
f 3472/3472/3472 3570/3570/3570 3569/3569/3569
f 3569/3569/3569 3570/3570/3570 3689/3689/3689
f 3569/3569/3569 3689/3689/3689 3688/3688/3688
f 3808/3808/3808 3807/3807/3807 3688/3688/3688
f 3808/3808/3808 3688/3688/3688 3689/3689/3689
f 3807/3807/3807 3687/3687/3687 3688/3688/3688
f 163/163/163 164/164/164 779/779/779
f 163/163/163 779/779/779 778/778/778
f 164/164/164 165/165/165 780/780/780
f 164/164/164 780/780/780 779/779/779
f 1019/1019/1019 1018/1018/1018 898/898/898
f 1019/1019/1019 898/898/898 899/899/899
f 899/899/899 898/898/898 779/779/779
f 899/899/899 779/779/779 780/780/780
f 1018/1018/1018 1017/1017/1017 897/897/897
f 1018/1018/1018 897/897/897 898/898/898
f 898/898/898 897/897/897 778/778/778
f 898/898/898 778/778/778 779/779/779
f 1017/1017/1017 1018/1018/1018 1116/1116/1116
f 1017/1017/1017 1116/1116/1116 1115/1115/1115
f 1018/1018/1018 1019/1019/1019 1117/1117/1117
f 1018/1018/1018 1117/1117/1117 1116/1116/1116
f 1239/1239/1239 1238/1238/1238 1116/1116/1116
f 1239/1239/1239 1116/1116/1116 1117/1117/1117
f 1238/1238/1238 1237/1237/1237 1115/1115/1115
f 1238/1238/1238 1115/1115/1115 1116/1116/1116
f 3003/3003/3003 3004/3004/3004 3106/3106/3106
f 3003/3003/3003 3106/3106/3106 3105/3105/3105
f 3105/3105/3105 3106/3106/3106 3220/3220/3220
f 3105/3105/3105 3220/3220/3220 3219/3219/3219
f 3004/3004/3004 3005/3005/3005 3107/3107/3107
f 3004/3004/3004 3107/3107/3107 3106/3106/3106
f 3106/3106/3106 3107/3107/3107 3221/3221/3221
f 3106/3106/3106 3221/3221/3221 3220/3220/3220
f 3473/3473/3473 3472/3472/3472 3351/3351/3351
f 3473/3473/3473 3351/3351/3351 3352/3352/3352
f 3352/3352/3352 3351/3351/3351 3220/3220/3220
f 3352/3352/3352 3220/3220/3220 3221/3221/3221
f 3472/3472/3472 3471/3471/3471 3350/3350/3350
f 3472/3472/3472 3350/3350/3350 3351/3351/3351
f 3351/3351/3351 3350/3350/3350 3219/3219/3219
f 3351/3351/3351 3219/3219/3219 3220/3220/3220
f 2497/2497/2497 2623/2623/2623 2622/2622/2622
f 2497/2497/2497 2622/2622/2622 2496/2496/2496
f 2623/2623/2623 2749/2749/2749 2748/2748/2748
f 2623/2623/2623 2748/2748/2748 2622/2622/2622
f 2875/2875/2875 3001/3001/3001 3000/3000/3000
f 2875/2875/2875 3000/3000/3000 2874/2874/2874
f 2749/2749/2749 2875/2875/2875 2874/2874/2874
f 2749/2749/2749 2874/2874/2874 2748/2748/2748
f 2998/2998/2998 2872/2872/2872 2873/2873/2873
f 2998/2998/2998 2873/2873/2873 2999/2999/2999
f 2872/2872/2872 2746/2746/2746 2747/2747/2747
f 2872/2872/2872 2747/2747/2747 2873/2873/2873
f 2999/2999/2999 2873/2873/2873 2874/2874/2874
f 2999/2999/2999 2874/2874/2874 3000/3000/3000
f 2873/2873/2873 2747/2747/2747 2748/2748/2748
f 2873/2873/2873 2748/2748/2748 2874/2874/2874
f 2620/2620/2620 2494/2494/2494 2495/2495/2495
f 2620/2620/2620 2495/2495/2495 2621/2621/2621
f 2621/2621/2621 2495/2495/2495 2496/2496/2496
f 2621/2621/2621 2496/2496/2496 2622/2622/2622
f 2746/2746/2746 2620/2620/2620 2621/2621/2621
f 2746/2746/2746 2621/2621/2621 2747/2747/2747
f 2747/2747/2747 2621/2621/2621 2622/2622/2622
f 2747/2747/2747 2622/2622/2622 2748/2748/2748
f 2510/2510/2510 2636/2636/2636 2635/2635/2635
f 2510/2510/2510 2635/2635/2635 2509/2509/2509
f 2636/2636/2636 2762/2762/2762 2761/2761/2761
f 2636/2636/2636 2761/2761/2761 2635/2635/2635
f 2888/2888/2888 3014/3014/3014 3013/3013/3013
f 2888/2888/2888 3013/3013/3013 2887/2887/2887
f 2762/2762/2762 2888/2888/2888 2887/2887/2887
f 2762/2762/2762 2887/2887/2887 2761/2761/2761
f 3011/3011/3011 2885/2885/2885 2886/2886/2886
f 3011/3011/3011 2886/2886/2886 3012/3012/3012
f 2885/2885/2885 2759/2759/2759 2760/2760/2760
f 2885/2885/2885 2760/2760/2760 2886/2886/2886
f 3012/3012/3012 2886/2886/2886 2887/2887/2887
f 3012/3012/3012 2887/2887/2887 3013/3013/3013
f 2886/2886/2886 2760/2760/2760 2761/2761/2761
f 2886/2886/2886 2761/2761/2761 2887/2887/2887
f 2633/2633/2633 2507/2507/2507 2508/2508/2508
f 2633/2633/2633 2508/2508/2508 2634/2634/2634
f 2634/2634/2634 2508/2508/2508 2509/2509/2509
f 2634/2634/2634 2509/2509/2509 2635/2635/2635
f 2759/2759/2759 2633/2633/2633 2634/2634/2634
f 2759/2759/2759 2634/2634/2634 2760/2760/2760
f 2760/2760/2760 2634/2634/2634 2635/2635/2635
f 2760/2760/2760 2635/2635/2635 2761/2761/2761
f 2003/2003/2003 1877/1877/1877 1878/1878/1878
f 2003/2003/2003 1878/1878/1878 2004/2004/2004
f 1877/1877/1877 1751/1751/1751 1752/1752/1752
f 1877/1877/1877 1752/1752/1752 1878/1878/1878
f 2004/2004/2004 1878/1878/1878 1879/1879/1879
f 2004/2004/2004 1879/1879/1879 2005/2005/2005
f 1878/1878/1878 1752/1752/1752 1753/1753/1753
f 1878/1878/1878 1753/1753/1753 1879/1879/1879
f 1625/1625/1625 1530/1530/1530 1531/1531/1531
f 1625/1625/1625 1531/1531/1531 1626/1626/1626
f 1626/1626/1626 1531/1531/1531 1532/1532/1532
f 1626/1626/1626 1532/1532/1532 1627/1627/1627
f 1751/1751/1751 1625/1625/1625 1626/1626/1626
f 1751/1751/1751 1626/1626/1626 1752/1752/1752
f 1752/1752/1752 1626/1626/1626 1627/1627/1627
f 1752/1752/1752 1627/1627/1627 1753/1753/1753
f 1410/1410/1410 1628/1628/1628 1627/1627/1627
f 1410/1410/1410 1627/1627/1627 1409/1409/1409
f 1628/1628/1628 1754/1754/1754 1753/1753/1753
f 1628/1628/1628 1753/1753/1753 1627/1627/1627
f 1409/1409/1409 1627/1627/1627 1532/1532/1532
f 1880/1880/1880 2006/2006/2006 2005/2005/2005
f 1880/1880/1880 2005/2005/2005 1879/1879/1879
f 1754/1754/1754 1880/1880/1880 1879/1879/1879
f 1754/1754/1754 1879/1879/1879 1753/1753/1753
f 2507/2507/2507 2633/2633/2633 2632/2632/2632
f 2507/2507/2507 2632/2632/2632 2506/2506/2506
f 2633/2633/2633 2759/2759/2759 2758/2758/2758
f 2633/2633/2633 2758/2758/2758 2632/2632/2632
f 2506/2506/2506 2632/2632/2632 2631/2631/2631
f 2506/2506/2506 2631/2631/2631 2505/2505/2505
f 2632/2632/2632 2758/2758/2758 2757/2757/2757
f 2632/2632/2632 2757/2757/2757 2631/2631/2631
f 2885/2885/2885 3011/3011/3011 3010/3010/3010
f 2885/2885/2885 3010/3010/3010 2884/2884/2884
f 2884/2884/2884 3010/3010/3010 3009/3009/3009
f 2884/2884/2884 3009/3009/3009 2883/2883/2883
f 2759/2759/2759 2885/2885/2885 2884/2884/2884
f 2759/2759/2759 2884/2884/2884 2758/2758/2758
f 2758/2758/2758 2884/2884/2884 2883/2883/2883
f 2758/2758/2758 2883/2883/2883 2757/2757/2757
f 3008/3008/3008 2882/2882/2882 2883/2883/2883
f 3008/3008/3008 2883/2883/2883 3009/3009/3009
f 2882/2882/2882 2756/2756/2756 2757/2757/2757
f 2882/2882/2882 2757/2757/2757 2883/2883/2883
f 2630/2630/2630 2504/2504/2504 2505/2505/2505
f 2630/2630/2630 2505/2505/2505 2631/2631/2631
f 2756/2756/2756 2630/2630/2630 2631/2631/2631
f 2756/2756/2756 2631/2631/2631 2757/2757/2757
f 2000/2000/2000 1874/1874/1874 1875/1875/1875
f 2000/2000/2000 1875/1875/1875 2001/2001/2001
f 1874/1874/1874 1748/1748/1748 1749/1749/1749
f 1874/1874/1874 1749/1749/1749 1875/1875/1875
f 1622/1622/1622 1527/1527/1527 1528/1528/1528
f 1622/1622/1622 1528/1528/1528 1623/1623/1623
f 1748/1748/1748 1622/1622/1622 1623/1623/1623
f 1748/1748/1748 1623/1623/1623 1749/1749/1749
f 1530/1530/1530 1625/1625/1625 1624/1624/1624
f 1530/1530/1530 1624/1624/1624 1529/1529/1529
f 1625/1625/1625 1751/1751/1751 1750/1750/1750
f 1625/1625/1625 1750/1750/1750 1624/1624/1624
f 1529/1529/1529 1624/1624/1624 1623/1623/1623
f 1529/1529/1529 1623/1623/1623 1528/1528/1528
f 1624/1624/1624 1750/1750/1750 1749/1749/1749
f 1624/1624/1624 1749/1749/1749 1623/1623/1623
f 1877/1877/1877 2003/2003/2003 2002/2002/2002
f 1877/1877/1877 2002/2002/2002 1876/1876/1876
f 1876/1876/1876 2002/2002/2002 2001/2001/2001
f 1876/1876/1876 2001/2001/2001 1875/1875/1875
f 1751/1751/1751 1877/1877/1877 1876/1876/1876
f 1751/1751/1751 1876/1876/1876 1750/1750/1750
f 1750/1750/1750 1876/1876/1876 1875/1875/1875
f 1750/1750/1750 1875/1875/1875 1749/1749/1749
f 3006/3006/3006 3005/3005/3005 2879/2879/2879
f 3006/3006/3006 2879/2879/2879 2880/2880/2880
f 2880/2880/2880 2879/2879/2879 2753/2753/2753
f 2880/2880/2880 2753/2753/2753 2754/2754/2754
f 2501/2501/2501 2502/2502/2502 2628/2628/2628
f 2501/2501/2501 2628/2628/2628 2627/2627/2627
f 2627/2627/2627 2628/2628/2628 2754/2754/2754
f 2627/2627/2627 2754/2754/2754 2753/2753/2753
f 1522/1522/1522 1523/1523/1523 1618/1618/1618
f 1522/1522/1522 1618/1618/1618 1617/1617/1617
f 1617/1617/1617 1618/1618/1618 1744/1744/1744
f 1617/1617/1617 1744/1744/1744 1743/1743/1743
f 1523/1523/1523 1524/1524/1524 1619/1619/1619
f 1523/1523/1523 1619/1619/1619 1618/1618/1618
f 1618/1618/1618 1619/1619/1619 1745/1745/1745
f 1618/1618/1618 1745/1745/1745 1744/1744/1744
f 1997/1997/1997 1996/1996/1996 1870/1870/1870
f 1997/1997/1997 1870/1870/1870 1871/1871/1871
f 1871/1871/1871 1870/1870/1870 1744/1744/1744
f 1871/1871/1871 1744/1744/1744 1745/1745/1745
f 1996/1996/1996 1995/1995/1995 1869/1869/1869
f 1996/1996/1996 1869/1869/1869 1870/1870/1870
f 1870/1870/1870 1869/1869/1869 1743/1743/1743
f 1870/1870/1870 1743/1743/1743 1744/1744/1744
f 2070/2070/2070 2069/2069/2069 2195/2195/2195
f 2070/2070/2070 2195/2195/2195 2196/2196/2196
f 2196/2196/2196 2195/2195/2195 2321/2321/2321
f 2196/2196/2196 2321/2321/2321 2322/2322/2322
f 2068/2068/2068 2067/2067/2067 2193/2193/2193
f 2068/2068/2068 2193/2193/2193 2194/2194/2194
f 2194/2194/2194 2193/2193/2193 2319/2319/2319
f 2194/2194/2194 2319/2319/2319 2320/2320/2320
f 2069/2069/2069 2068/2068/2068 2194/2194/2194
f 2069/2069/2069 2194/2194/2194 2195/2195/2195
f 2195/2195/2195 2194/2194/2194 2320/2320/2320
f 2195/2195/2195 2320/2320/2320 2321/2321/2321
f 2571/2571/2571 2572/2572/2572 2446/2446/2446
f 2571/2571/2571 2446/2446/2446 2445/2445/2445
f 2572/2572/2572 2573/2573/2573 2447/2447/2447
f 2572/2572/2572 2447/2447/2447 2446/2446/2446
f 2445/2445/2445 2446/2446/2446 2320/2320/2320
f 2445/2445/2445 2320/2320/2320 2319/2319/2319
f 2446/2446/2446 2447/2447/2447 2321/2321/2321
f 2446/2446/2446 2321/2321/2321 2320/2320/2320
f 2573/2573/2573 2574/2574/2574 2448/2448/2448
f 2573/2573/2573 2448/2448/2448 2447/2447/2447
f 2447/2447/2447 2448/2448/2448 2322/2322/2322
f 2447/2447/2447 2322/2322/2322 2321/2321/2321
f 2083/2083/2083 2082/2082/2082 2208/2208/2208
f 2083/2083/2083 2208/2208/2208 2209/2209/2209
f 2209/2209/2209 2208/2208/2208 2334/2334/2334
f 2209/2209/2209 2334/2334/2334 2335/2335/2335
f 2081/2081/2081 2080/2080/2080 2206/2206/2206
f 2081/2081/2081 2206/2206/2206 2207/2207/2207
f 2207/2207/2207 2206/2206/2206 2332/2332/2332
f 2207/2207/2207 2332/2332/2332 2333/2333/2333
f 2082/2082/2082 2081/2081/2081 2207/2207/2207
f 2082/2082/2082 2207/2207/2207 2208/2208/2208
f 2208/2208/2208 2207/2207/2207 2333/2333/2333
f 2208/2208/2208 2333/2333/2333 2334/2334/2334
f 2584/2584/2584 2585/2585/2585 2459/2459/2459
f 2584/2584/2584 2459/2459/2459 2458/2458/2458
f 2585/2585/2585 2586/2586/2586 2460/2460/2460
f 2585/2585/2585 2460/2460/2460 2459/2459/2459
f 2458/2458/2458 2459/2459/2459 2333/2333/2333
f 2458/2458/2458 2333/2333/2333 2332/2332/2332
f 2459/2459/2459 2460/2460/2460 2334/2334/2334
f 2459/2459/2459 2334/2334/2334 2333/2333/2333
f 2586/2586/2586 2587/2587/2587 2461/2461/2461
f 2586/2586/2586 2461/2461/2461 2460/2460/2460
f 2460/2460/2460 2461/2461/2461 2335/2335/2335
f 2460/2460/2460 2335/2335/2335 2334/2334/2334
f 4367/4367/4367 3759/3759/3759 4366/4366/4366
f 4366/4366/4366 3759/3759/3759 3758/3758/3758
f 4366/4366/4366 3758/3758/3758 4365/4365/4365
f 3638/3638/3638 3520/3520/3520 3519/3519/3519
f 3638/3638/3638 3519/3519/3519 3637/3637/3637
f 3759/3759/3759 3638/3638/3638 3637/3637/3637
f 3759/3759/3759 3637/3637/3637 3758/3758/3758
f 3517/3517/3517 3635/3635/3635 3636/3636/3636
f 3517/3517/3517 3636/3636/3636 3518/3518/3518
f 3635/3635/3635 3756/3756/3756 3757/3757/3757
f 3635/3635/3635 3757/3757/3757 3636/3636/3636
f 3518/3518/3518 3636/3636/3636 3637/3637/3637
f 3518/3518/3518 3637/3637/3637 3519/3519/3519
f 3636/3636/3636 3757/3757/3757 3758/3758/3758
f 3636/3636/3636 3758/3758/3758 3637/3637/3637
f 3755/3755/3755 4363/4363/4363 4364/4364/4364
f 3755/3755/3755 4364/4364/4364 3756/3756/3756
f 3756/3756/3756 4364/4364/4364 4365/4365/4365
f 3756/3756/3756 4365/4365/4365 3758/3758/3758
f 3757/3757/3757 3756/3756/3756 3758/3758/3758
f 2080/2080/2080 2079/2079/2079 2205/2205/2205
f 2080/2080/2080 2205/2205/2205 2206/2206/2206
f 2079/2079/2079 2078/2078/2078 2204/2204/2204
f 2079/2079/2079 2204/2204/2204 2205/2205/2205
f 2206/2206/2206 2205/2205/2205 2331/2331/2331
f 2206/2206/2206 2331/2331/2331 2332/2332/2332
f 2205/2205/2205 2204/2204/2204 2330/2330/2330
f 2205/2205/2205 2330/2330/2330 2331/2331/2331
f 2078/2078/2078 2077/2077/2077 2203/2203/2203
f 2078/2078/2078 2203/2203/2203 2204/2204/2204
f 2204/2204/2204 2203/2203/2203 2329/2329/2329
f 2204/2204/2204 2329/2329/2329 2330/2330/2330
f 2581/2581/2581 2582/2582/2582 2456/2456/2456
f 2581/2581/2581 2456/2456/2456 2455/2455/2455
f 2455/2455/2455 2456/2456/2456 2330/2330/2330
f 2455/2455/2455 2330/2330/2330 2329/2329/2329
f 2583/2583/2583 2584/2584/2584 2458/2458/2458
f 2583/2583/2583 2458/2458/2458 2457/2457/2457
f 2457/2457/2457 2458/2458/2458 2332/2332/2332
f 2457/2457/2457 2332/2332/2332 2331/2331/2331
f 2582/2582/2582 2583/2583/2583 2457/2457/2457
f 2582/2582/2582 2457/2457/2457 2456/2456/2456
f 2456/2456/2456 2457/2457/2457 2331/2331/2331
f 2456/2456/2456 2331/2331/2331 2330/2330/2330
f 3527/3527/3527 3645/3645/3645 3646/3646/3646
f 3527/3527/3527 3646/3646/3646 3528/3528/3528
f 3645/3645/3645 3766/3766/3766 3767/3767/3767
f 3645/3645/3645 3767/3767/3767 3646/3646/3646
f 3528/3528/3528 3646/3646/3646 3647/3647/3647
f 3646/3646/3646 3767/3767/3767 3647/3647/3647
f 3766/3766/3766 4373/4373/4373 4374/4374/4374
f 3766/3766/3766 4374/4374/4374 3767/3767/3767
f 3767/3767/3767 4374/4374/4374 4375/4375/4375
f 3767/3767/3767 4375/4375/4375 3768/3768/3768
f 3767/3767/3767 3768/3768/3768 3647/3647/3647
f 3771/3771/3771 3649/3649/3649 3769/3769/3769
f 3771/3771/3771 3769/3769/3769 3770/3770/3770
f 3649/3649/3649 3648/3648/3648 3769/3769/3769
f 3770/3770/3770 3769/3769/3769 3768/3768/3768
f 3770/3770/3770 3768/3768/3768 4375/4375/4375
f 3769/3769/3769 3648/3648/3648 3647/3647/3647
f 3769/3769/3769 3647/3647/3647 3768/3768/3768
f 3530/3530/3530 3431/3431/3431 3529/3529/3529
f 3529/3529/3529 3528/3528/3528 3647/3647/3647
f 3649/3649/3649 3530/3530/3530 3529/3529/3529
f 3649/3649/3649 3529/3529/3529 3648/3648/3648
f 3648/3648/3648 3529/3529/3529 3647/3647/3647
f 736/736/736 855/855/855 856/856/856
f 736/736/736 856/856/856 737/737/737
f 973/973/973 1070/1070/1070 1071/1071/1071
f 973/973/973 1071/1071/1071 974/974/974
f 855/855/855 973/973/973 974/974/974
f 855/855/855 974/974/974 856/856/856
f 974/974/974 857/857/857 856/856/856
f 857/857/857 738/738/738 737/737/737
f 857/857/857 737/737/737 856/856/856
f 3520/3520/3520 3421/3421/3421 3420/3420/3420
f 3520/3520/3520 3420/3420/3420 3519/3519/3519
f 3421/3421/3421 3290/3290/3290 3289/3289/3289
f 3421/3421/3421 3289/3289/3289 3420/3420/3420
f 3172/3172/3172 3056/3056/3056 3055/3055/3055
f 3172/3172/3172 3055/3055/3055 3171/3171/3171
f 3290/3290/3290 3172/3172/3172 3171/3171/3171
f 3290/3290/3290 3171/3171/3171 3289/3289/3289
f 3053/3053/3053 3169/3169/3169 3170/3170/3170
f 3053/3053/3053 3170/3170/3170 3054/3054/3054
f 3169/3169/3169 3287/3287/3287 3288/3288/3288
f 3169/3169/3169 3288/3288/3288 3170/3170/3170
f 3054/3054/3054 3170/3170/3170 3171/3171/3171
f 3054/3054/3054 3171/3171/3171 3055/3055/3055
f 3170/3170/3170 3288/3288/3288 3289/3289/3289
f 3170/3170/3170 3289/3289/3289 3171/3171/3171
f 3418/3418/3418 3517/3517/3517 3518/3518/3518
f 3418/3418/3418 3518/3518/3518 3419/3419/3419
f 3419/3419/3419 3518/3518/3518 3519/3519/3519
f 3419/3419/3419 3519/3519/3519 3420/3420/3420
f 3287/3287/3287 3418/3418/3418 3419/3419/3419
f 3287/3287/3287 3419/3419/3419 3288/3288/3288
f 3288/3288/3288 3419/3419/3419 3420/3420/3420
f 3288/3288/3288 3420/3420/3420 3289/3289/3289
f 3069/3069/3069 3068/3068/3068 3300/3300/3300
f 3069/3069/3069 3300/3300/3300 3301/3301/3301
f 3301/3301/3301 3300/3300/3300 3313/3313/3313
f 3301/3301/3301 3313/3313/3313 3433/3433/3433
f 3300/3300/3300 3312/3312/3312 3313/3313/3313
f 3067/3067/3067 3066/3066/3066 3182/3182/3182
f 3067/3067/3067 3182/3182/3182 3183/3183/3183
f 3183/3183/3183 3182/3182/3182 3311/3311/3311
f 3183/3183/3183 3311/3311/3311 3312/3312/3312
f 3068/3068/3068 3067/3067/3067 3183/3183/3183
f 3068/3068/3068 3183/3183/3183 3300/3300/3300
f 3300/3300/3300 3183/3183/3183 3312/3312/3312
f 3530/3530/3530 3649/3649/3649 3432/3432/3432
f 3530/3530/3530 3432/3432/3432 3431/3431/3431
f 3431/3431/3431 3312/3312/3312 3311/3311/3311
f 3431/3431/3431 3432/3432/3432 3312/3312/3312
f 3649/3649/3649 3771/3771/3771 3531/3531/3531
f 3531/3531/3531 3433/3433/3433 3313/3313/3313
f 3649/3649/3649 3531/3531/3531 3432/3432/3432
f 3432/3432/3432 3531/3531/3531 3313/3313/3313
f 3432/3432/3432 3313/3313/3313 3312/3312/3312
f 1577/1577/1577 1578/1578/1578 1361/1361/1361
f 1577/1577/1577 1361/1361/1361 1483/1483/1483
f 1578/1578/1578 1579/1579/1579 1362/1362/1362
f 1578/1578/1578 1362/1362/1362 1361/1361/1361
f 1483/1483/1483 1361/1361/1361 1291/1291/1291
f 1483/1483/1483 1291/1291/1291 1290/1290/1290
f 1361/1361/1361 1362/1362/1362 1291/1291/1291
f 1484/1484/1484 1485/1485/1485 1363/1363/1363
f 1484/1484/1484 1363/1363/1363 1362/1362/1362
f 1362/1362/1362 1363/1363/1363 1201/1201/1201
f 1362/1362/1362 1201/1201/1201 1200/1200/1200
f 1579/1579/1579 1484/1484/1484 1362/1362/1362
f 1362/1362/1362 1200/1200/1200 1291/1291/1291
f 861/861/861 978/978/978 1076/1076/1076
f 861/861/861 1076/1076/1076 1077/1077/1077
f 978/978/978 1075/1075/1075 1076/1076/1076
f 1077/1077/1077 1076/1076/1076 1200/1200/1200
f 1077/1077/1077 1200/1200/1200 1201/1201/1201
f 1076/1076/1076 1075/1075/1075 1291/1291/1291
f 1076/1076/1076 1291/1291/1291 1200/1200/1200
f 1074/1074/1074 1198/1198/1198 1199/1199/1199
f 1199/1199/1199 1198/1198/1198 1290/1290/1290
f 1199/1199/1199 1290/1290/1290 1291/1291/1291
f 978/978/978 1074/1074/1074 1199/1199/1199
f 978/978/978 1199/1199/1199 1075/1075/1075
f 1075/1075/1075 1199/1199/1199 1291/1291/1291
f 3066/3066/3066 3065/3065/3065 3181/3181/3181
f 3066/3066/3066 3181/3181/3181 3182/3182/3182
f 3065/3065/3065 3064/3064/3064 3180/3180/3180
f 3065/3065/3065 3180/3180/3180 3181/3181/3181
f 3182/3182/3182 3181/3181/3181 3299/3299/3299
f 3182/3182/3182 3299/3299/3299 3311/3311/3311
f 3181/3181/3181 3180/3180/3180 3298/3298/3298
f 3181/3181/3181 3298/3298/3298 3299/3299/3299
f 3064/3064/3064 3063/3063/3063 3179/3179/3179
f 3064/3064/3064 3179/3179/3179 3180/3180/3180
f 3180/3180/3180 3179/3179/3179 3297/3297/3297
f 3180/3180/3180 3297/3297/3297 3298/3298/3298
f 3527/3527/3527 3528/3528/3528 3429/3429/3429
f 3527/3527/3527 3429/3429/3429 3428/3428/3428
f 3428/3428/3428 3429/3429/3429 3298/3298/3298
f 3428/3428/3428 3298/3298/3298 3297/3297/3297
f 3529/3529/3529 3431/3431/3431 3430/3430/3430
f 3430/3430/3430 3431/3431/3431 3311/3311/3311
f 3430/3430/3430 3311/3311/3311 3299/3299/3299
f 3528/3528/3528 3529/3529/3529 3430/3430/3430
f 3528/3528/3528 3430/3430/3430 3429/3429/3429
f 3429/3429/3429 3430/3430/3430 3299/3299/3299
f 3429/3429/3429 3299/3299/3299 3298/3298/3298
f 2075/2075/2075 2074/2074/2074 2200/2200/2200
f 2075/2075/2075 2200/2200/2200 2201/2201/2201
f 2201/2201/2201 2200/2200/2200 2326/2326/2326
f 2201/2201/2201 2326/2326/2326 2327/2327/2327
f 2578/2578/2578 2579/2579/2579 2453/2453/2453
f 2578/2578/2578 2453/2453/2453 2452/2452/2452
f 2452/2452/2452 2453/2453/2453 2327/2327/2327
f 2452/2452/2452 2327/2327/2327 2326/2326/2326
f 4369/4369/4369 3762/3762/3762 3761/3761/3761
f 4369/4369/4369 4370/4370/4370 3763/3763/3763
f 4369/4369/4369 3763/3763/3763 3762/3762/3762
f 3524/3524/3524 3523/3523/3523 3641/3641/3641
f 3524/3524/3524 3641/3641/3641 3642/3642/3642
f 3642/3642/3642 3641/3641/3641 3762/3762/3762
f 3642/3642/3642 3762/3762/3762 3763/3763/3763
f 3522/3522/3522 3640/3640/3640 3641/3641/3641
f 3641/3641/3641 3640/3640/3640 3761/3761/3761
f 3641/3641/3641 3761/3761/3761 3762/3762/3762
f 3523/3523/3523 3522/3522/3522 3641/3641/3641
f 1066/1066/1066 1067/1067/1067 970/970/970
f 1066/1066/1066 970/970/970 969/969/969
f 969/969/969 970/970/970 852/852/852
f 969/969/969 852/852/852 851/851/851
f 1067/1067/1067 1068/1068/1068 971/971/971
f 1067/1067/1067 971/971/971 970/970/970
f 970/970/970 971/971/971 853/853/853
f 970/970/970 853/853/853 852/852/852
f 734/734/734 733/733/733 852/852/852
f 734/734/734 852/852/852 853/853/853
f 733/733/733 732/732/732 851/851/851
f 733/733/733 851/851/851 852/852/852
f 1569/1569/1569 1570/1570/1570 1476/1476/1476
f 1569/1569/1569 1476/1476/1476 1475/1475/1475
f 1570/1570/1570 1571/1571/1571 1477/1477/1477
f 1570/1570/1570 1477/1477/1477 1476/1476/1476
f 1284/1284/1284 1283/1283/1283 1356/1356/1356
f 1284/1284/1284 1356/1356/1356 1357/1357/1357
f 1357/1357/1357 1356/1356/1356 1476/1476/1476
f 1357/1357/1357 1476/1476/1476 1477/1477/1477
f 1283/1283/1283 1282/1282/1282 1355/1355/1355
f 1283/1283/1283 1355/1355/1355 1356/1356/1356
f 1356/1356/1356 1355/1355/1355 1475/1475/1475
f 1356/1356/1356 1475/1475/1475 1476/1476/1476
f 3522/3522/3522 3523/3523/3523 3424/3424/3424
f 3522/3522/3522 3424/3424/3424 3423/3423/3423
f 3423/3423/3423 3424/3424/3424 3293/3293/3293
f 3423/3423/3423 3293/3293/3293 3292/3292/3292
f 3523/3523/3523 3524/3524/3524 3425/3425/3425
f 3523/3523/3523 3425/3425/3425 3424/3424/3424
f 3424/3424/3424 3425/3425/3425 3294/3294/3294
f 3424/3424/3424 3294/3294/3294 3293/3293/3293
f 3060/3060/3060 3059/3059/3059 3175/3175/3175
f 3060/3060/3060 3175/3175/3175 3176/3176/3176
f 3176/3176/3176 3175/3175/3175 3293/3293/3293
f 3176/3176/3176 3293/3293/3293 3294/3294/3294
f 3059/3059/3059 3058/3058/3058 3174/3174/3174
f 3059/3059/3059 3174/3174/3174 3175/3175/3175
f 3175/3175/3175 3174/3174/3174 3292/3292/3292
f 3175/3175/3175 3292/3292/3292 3293/3293/3293
f 2574/2574/2574 2573/2573/2573 2699/2699/2699
f 2574/2574/2574 2699/2699/2699 2700/2700/2700
f 2700/2700/2700 2699/2699/2699 2825/2825/2825
f 2700/2700/2700 2825/2825/2825 2826/2826/2826
f 2572/2572/2572 2571/2571/2571 2697/2697/2697
f 2572/2572/2572 2697/2697/2697 2698/2698/2698
f 2698/2698/2698 2697/2697/2697 2823/2823/2823
f 2698/2698/2698 2823/2823/2823 2824/2824/2824
f 2573/2573/2573 2572/2572/2572 2698/2698/2698
f 2573/2573/2573 2698/2698/2698 2699/2699/2699
f 2699/2699/2699 2698/2698/2698 2824/2824/2824
f 2699/2699/2699 2824/2824/2824 2825/2825/2825
f 3053/3053/3053 3054/3054/3054 2950/2950/2950
f 3053/3053/3053 2950/2950/2950 2949/2949/2949
f 3054/3054/3054 3055/3055/3055 2951/2951/2951
f 3054/3054/3054 2951/2951/2951 2950/2950/2950
f 2949/2949/2949 2950/2950/2950 2824/2824/2824
f 2949/2949/2949 2824/2824/2824 2823/2823/2823
f 2950/2950/2950 2951/2951/2951 2825/2825/2825
f 2950/2950/2950 2825/2825/2825 2824/2824/2824
f 3055/3055/3055 3056/3056/3056 2952/2952/2952
f 3055/3055/3055 2952/2952/2952 2951/2951/2951
f 2951/2951/2951 2952/2952/2952 2826/2826/2826
f 2951/2951/2951 2826/2826/2826 2825/2825/2825
f 2587/2587/2587 2586/2586/2586 2712/2712/2712
f 2587/2587/2587 2712/2712/2712 2713/2713/2713
f 2713/2713/2713 2712/2712/2712 2838/2838/2838
f 2713/2713/2713 2838/2838/2838 2839/2839/2839
f 2585/2585/2585 2584/2584/2584 2710/2710/2710
f 2585/2585/2585 2710/2710/2710 2711/2711/2711
f 2711/2711/2711 2710/2710/2710 2836/2836/2836
f 2711/2711/2711 2836/2836/2836 2837/2837/2837
f 2586/2586/2586 2585/2585/2585 2711/2711/2711
f 2586/2586/2586 2711/2711/2711 2712/2712/2712
f 2712/2712/2712 2711/2711/2711 2837/2837/2837
f 2712/2712/2712 2837/2837/2837 2838/2838/2838
f 3066/3066/3066 3067/3067/3067 2963/2963/2963
f 3066/3066/3066 2963/2963/2963 2962/2962/2962
f 3067/3067/3067 3068/3068/3068 2964/2964/2964
f 3067/3067/3067 2964/2964/2964 2963/2963/2963
f 2962/2962/2962 2963/2963/2963 2837/2837/2837
f 2962/2962/2962 2837/2837/2837 2836/2836/2836
f 2963/2963/2963 2964/2964/2964 2838/2838/2838
f 2963/2963/2963 2838/2838/2838 2837/2837/2837
f 3068/3068/3068 3069/3069/3069 2965/2965/2965
f 3068/3068/3068 2965/2965/2965 2964/2964/2964
f 2964/2964/2964 2965/2965/2965 2839/2839/2839
f 2964/2964/2964 2839/2839/2839 2838/2838/2838
f 2080/2080/2080 2081/2081/2081 1955/1955/1955
f 2080/2080/2080 1955/1955/1955 1954/1954/1954
f 2081/2081/2081 2082/2082/2082 1956/1956/1956
f 2081/2081/2081 1956/1956/1956 1955/1955/1955
f 1954/1954/1954 1955/1955/1955 1829/1829/1829
f 1954/1954/1954 1829/1829/1829 1828/1828/1828
f 1955/1955/1955 1956/1956/1956 1830/1830/1830
f 1955/1955/1955 1830/1830/1830 1829/1829/1829
f 2082/2082/2082 2083/2083/2083 1957/1957/1957
f 2082/2082/2082 1957/1957/1957 1956/1956/1956
f 1956/1956/1956 1957/1957/1957 1831/1831/1831
f 1956/1956/1956 1831/1831/1831 1830/1830/1830
f 1485/1485/1485 1484/1484/1484 1704/1704/1704
f 1485/1485/1485 1704/1704/1704 1705/1705/1705
f 1484/1484/1484 1579/1579/1579 1704/1704/1704
f 1705/1705/1705 1704/1704/1704 1830/1830/1830
f 1705/1705/1705 1830/1830/1830 1831/1831/1831
f 1578/1578/1578 1577/1577/1577 1702/1702/1702
f 1578/1578/1578 1702/1702/1702 1703/1703/1703
f 1703/1703/1703 1702/1702/1702 1828/1828/1828
f 1703/1703/1703 1828/1828/1828 1829/1829/1829
f 1579/1579/1579 1578/1578/1578 1703/1703/1703
f 1579/1579/1579 1703/1703/1703 1704/1704/1704
f 1704/1704/1704 1703/1703/1703 1829/1829/1829
f 1704/1704/1704 1829/1829/1829 1830/1830/1830
f 2584/2584/2584 2583/2583/2583 2709/2709/2709
f 2584/2584/2584 2709/2709/2709 2710/2710/2710
f 2583/2583/2583 2582/2582/2582 2708/2708/2708
f 2583/2583/2583 2708/2708/2708 2709/2709/2709
f 2710/2710/2710 2709/2709/2709 2835/2835/2835
f 2710/2710/2710 2835/2835/2835 2836/2836/2836
f 2709/2709/2709 2708/2708/2708 2834/2834/2834
f 2709/2709/2709 2834/2834/2834 2835/2835/2835
f 2582/2582/2582 2581/2581/2581 2707/2707/2707
f 2582/2582/2582 2707/2707/2707 2708/2708/2708
f 2708/2708/2708 2707/2707/2707 2833/2833/2833
f 2708/2708/2708 2833/2833/2833 2834/2834/2834
f 3063/3063/3063 3064/3064/3064 2960/2960/2960
f 3063/3063/3063 2960/2960/2960 2959/2959/2959
f 2959/2959/2959 2960/2960/2960 2834/2834/2834
f 2959/2959/2959 2834/2834/2834 2833/2833/2833
f 3065/3065/3065 3066/3066/3066 2962/2962/2962
f 3065/3065/3065 2962/2962/2962 2961/2961/2961
f 2961/2961/2961 2962/2962/2962 2836/2836/2836
f 2961/2961/2961 2836/2836/2836 2835/2835/2835
f 3064/3064/3064 3065/3065/3065 2961/2961/2961
f 3064/3064/3064 2961/2961/2961 2960/2960/2960
f 2960/2960/2960 2961/2961/2961 2835/2835/2835
f 2960/2960/2960 2835/2835/2835 2834/2834/2834
f 2077/2077/2077 2078/2078/2078 1952/1952/1952
f 2077/2077/2077 1952/1952/1952 1951/1951/1951
f 1951/1951/1951 1952/1952/1952 1826/1826/1826
f 1951/1951/1951 1826/1826/1826 1825/1825/1825
f 2079/2079/2079 2080/2080/2080 1954/1954/1954
f 2079/2079/2079 1954/1954/1954 1953/1953/1953
f 1953/1953/1953 1954/1954/1954 1828/1828/1828
f 1953/1953/1953 1828/1828/1828 1827/1827/1827
f 2078/2078/2078 2079/2079/2079 1953/1953/1953
f 2078/2078/2078 1953/1953/1953 1952/1952/1952
f 1952/1952/1952 1953/1953/1953 1827/1827/1827
f 1952/1952/1952 1827/1827/1827 1826/1826/1826
f 1577/1577/1577 1576/1576/1576 1701/1701/1701
f 1577/1577/1577 1701/1701/1701 1702/1702/1702
f 1576/1576/1576 1575/1575/1575 1700/1700/1700
f 1576/1576/1576 1700/1700/1700 1701/1701/1701
f 1702/1702/1702 1701/1701/1701 1827/1827/1827
f 1702/1702/1702 1827/1827/1827 1828/1828/1828
f 1701/1701/1701 1700/1700/1700 1826/1826/1826
f 1701/1701/1701 1826/1826/1826 1827/1827/1827
f 1575/1575/1575 1574/1574/1574 1699/1699/1699
f 1575/1575/1575 1699/1699/1699 1700/1700/1700
f 1700/1700/1700 1699/1699/1699 1825/1825/1825
f 1700/1700/1700 1825/1825/1825 1826/1826/1826
f 2579/2579/2579 2578/2578/2578 2704/2704/2704
f 2579/2579/2579 2704/2704/2704 2705/2705/2705
f 2705/2705/2705 2704/2704/2704 2830/2830/2830
f 2705/2705/2705 2830/2830/2830 2831/2831/2831
f 3060/3060/3060 3061/3061/3061 2957/2957/2957
f 3060/3060/3060 2957/2957/2957 2956/2956/2956
f 2956/2956/2956 2957/2957/2957 2831/2831/2831
f 2956/2956/2956 2831/2831/2831 2830/2830/2830
f 2072/2072/2072 2073/2073/2073 1947/1947/1947
f 2072/2072/2072 1947/1947/1947 1946/1946/1946
f 1946/1946/1946 1947/1947/1947 1821/1821/1821
f 1946/1946/1946 1821/1821/1821 1820/1820/1820
f 2073/2073/2073 2074/2074/2074 1948/1948/1948
f 2073/2073/2073 1948/1948/1948 1947/1947/1947
f 1947/1947/1947 1948/1948/1948 1822/1822/1822
f 1947/1947/1947 1822/1822/1822 1821/1821/1821
f 1571/1571/1571 1570/1570/1570 1695/1695/1695
f 1571/1571/1571 1695/1695/1695 1696/1696/1696
f 1696/1696/1696 1695/1695/1695 1821/1821/1821
f 1696/1696/1696 1821/1821/1821 1822/1822/1822
f 1570/1570/1570 1569/1569/1569 1694/1694/1694
f 1570/1570/1570 1694/1694/1694 1695/1695/1695
f 1695/1695/1695 1694/1694/1694 1820/1820/1820
f 1695/1695/1695 1820/1820/1820 1821/1821/1821
f 2024/2024/2024 2027/2027/2027 2153/2153/2153
f 2024/2024/2024 2153/2153/2153 2150/2150/2150
f 2150/2150/2150 2153/2153/2153 2279/2279/2279
f 2150/2150/2150 2279/2279/2279 2276/2276/2276
f 2531/2531/2531 2528/2528/2528 2402/2402/2402
f 2531/2531/2531 2402/2402/2402 2405/2405/2405
f 2405/2405/2405 2402/2402/2402 2276/2276/2276
f 2405/2405/2405 2276/2276/2276 2279/2279/2279
f 2528/2528/2528 2529/2529/2529 2403/2403/2403
f 2528/2528/2528 2403/2403/2403 2402/2402/2402
f 2402/2402/2402 2403/2403/2403 2277/2277/2277
f 2402/2402/2402 2277/2277/2277 2276/2276/2276
f 2025/2025/2025 2024/2024/2024 2150/2150/2150
f 2025/2025/2025 2150/2150/2150 2151/2151/2151
f 2151/2151/2151 2150/2150/2150 2276/2276/2276
f 2151/2151/2151 2276/2276/2276 2277/2277/2277
f 4163/4163/4163 4200/4200/4200 4199/4199/4199
f 4163/4163/4163 4199/4199/4199 4162/4162/4162
f 4162/4162/4162 4199/4199/4199 4198/4198/4198
f 4162/4162/4162 4198/4198/4198 4161/4161/4161
f 4196/4196/4196 4159/4159/4159 4160/4160/4160
f 4196/4196/4196 4160/4160/4160 4197/4197/4197
f 4197/4197/4197 4160/4160/4160 4161/4161/4161
f 4197/4197/4197 4161/4161/4161 4198/4198/4198
f 570/570/570 541/541/541 540/540/540
f 570/570/570 540/540/540 569/569/569
f 4167/4167/4167 4129/4129/4129 4130/4130/4130
f 4167/4167/4167 4130/4130/4130 4168/4168/4168
f 4168/4168/4168 4130/4130/4130 4131/4131/4131
f 4168/4168/4168 4131/4131/4131 4169/4169/4169
f 3715/3715/3715 4170/4170/4170 4132/4132/4132
f 4132/4132/4132 4170/4170/4170 4169/4169/4169
f 4132/4132/4132 4169/4169/4169 4131/4131/4131
f 3715/3715/3715 3717/3717/3717 4207/4207/4207
f 3715/3715/3715 4207/4207/4207 4170/4170/4170
f 4170/4170/4170 4207/4207/4207 4206/4206/4206
f 4170/4170/4170 4206/4206/4206 4169/4169/4169
f 4204/4204/4204 4167/4167/4167 4168/4168/4168
f 4204/4204/4204 4168/4168/4168 4205/4205/4205
f 4205/4205/4205 4168/4168/4168 4169/4169/4169
f 4205/4205/4205 4169/4169/4169 4206/4206/4206
f 3130/3130/3130 3133/3133/3133 3249/3249/3249
f 3130/3130/3130 3249/3249/3249 3246/3246/3246
f 3246/3246/3246 3249/3249/3249 3380/3380/3380
f 3246/3246/3246 3380/3380/3380 3378/3378/3378
f 3133/3133/3133 3134/3134/3134 3250/3250/3250
f 3133/3133/3133 3250/3250/3250 3249/3249/3249
f 3249/3249/3249 3250/3250/3250 3380/3380/3380
f 3717/3717/3717 3715/3715/3715 3595/3595/3595
f 3717/3717/3717 3595/3595/3595 3597/3597/3597
f 3597/3597/3597 3595/3595/3595 3378/3378/3378
f 3597/3597/3597 3378/3378/3378 3380/3380/3380
f 3131/3131/3131 3130/3130/3130 3246/3246/3246
f 3131/3131/3131 3246/3246/3246 3247/3247/3247
f 3247/3247/3247 3246/3246/3246 3378/3378/3378
f 1428/1428/1428 1429/1429/1429 1332/1332/1332
f 1428/1428/1428 1332/1332/1332 1331/1331/1331
f 1331/1331/1331 1332/1332/1332 1144/1144/1144
f 806/806/806 808/808/808 926/926/926
f 806/806/806 926/926/926 924/924/924
f 924/924/924 926/926/926 1146/1146/1146
f 924/924/924 1146/1146/1146 1144/1144/1144
f 1431/1431/1431 1428/1428/1428 1331/1331/1331
f 1431/1431/1431 1331/1331/1331 1334/1334/1334
f 1334/1334/1334 1331/1331/1331 1144/1144/1144
f 1334/1334/1334 1144/1144/1144 1146/1146/1146
f 732/732/732 733/733/733 688/688/688
f 732/732/732 688/688/688 687/687/687
f 733/733/733 734/734/734 689/689/689
f 733/733/733 689/689/689 688/688/688
f 644/644/644 643/643/643 688/688/688
f 644/644/644 688/688/688 689/689/689
f 643/643/643 642/642/642 687/687/687
f 643/643/643 687/687/687 688/688/688
f 166/166/166 165/165/165 209/209/209
f 166/166/166 209/209/209 210/210/210
f 299/299/299 300/300/300 255/255/255
f 299/299/299 255/255/255 254/254/254
f 254/254/254 255/255/255 210/210/210
f 254/254/254 210/210/210 209/209/209
f 3807/3807/3807 3808/3808/3808 3850/3850/3850
f 3807/3807/3807 3850/3850/3850 3849/3849/3849
f 3892/3892/3892 3891/3891/3891 3849/3849/3849
f 3892/3892/3892 3849/3849/3849 3850/3850/3850
f 2528/2528/2528 2531/2531/2531 2657/2657/2657
f 2528/2528/2528 2657/2657/2657 2654/2654/2654
f 2654/2654/2654 2657/2657/2657 2783/2783/2783
f 2654/2654/2654 2783/2783/2783 2780/2780/2780
f 3134/3134/3134 3133/3133/3133 2906/2906/2906
f 3134/3134/3134 2906/2906/2906 2909/2909/2909
f 2909/2909/2909 2906/2906/2906 2780/2780/2780
f 2909/2909/2909 2780/2780/2780 2783/2783/2783
f 3133/3133/3133 3130/3130/3130 2906/2906/2906
f 3130/3130/3130 3131/3131/3131 2907/2907/2907
f 3130/3130/3130 2907/2907/2907 2906/2906/2906
f 2906/2906/2906 2907/2907/2907 2781/2781/2781
f 2906/2906/2906 2781/2781/2781 2780/2780/2780
f 2529/2529/2529 2528/2528/2528 2654/2654/2654
f 2529/2529/2529 2654/2654/2654 2655/2655/2655
f 2655/2655/2655 2654/2654/2654 2780/2780/2780
f 2655/2655/2655 2780/2780/2780 2781/2781/2781
f 2024/2024/2024 2025/2025/2025 1899/1899/1899
f 2024/2024/2024 1899/1899/1899 1898/1898/1898
f 1898/1898/1898 1899/1899/1899 1773/1773/1773
f 1898/1898/1898 1773/1773/1773 1772/1772/1772
f 1429/1429/1429 1428/1428/1428 1646/1646/1646
f 1429/1429/1429 1646/1646/1646 1647/1647/1647
f 1647/1647/1647 1646/1646/1646 1772/1772/1772
f 1647/1647/1647 1772/1772/1772 1773/1773/1773
f 1428/1428/1428 1431/1431/1431 1649/1649/1649
f 1428/1428/1428 1649/1649/1649 1646/1646/1646
f 1646/1646/1646 1649/1649/1649 1775/1775/1775
f 1646/1646/1646 1775/1775/1775 1772/1772/1772
f 2027/2027/2027 2024/2024/2024 1898/1898/1898
f 2027/2027/2027 1898/1898/1898 1901/1901/1901
f 1901/1901/1901 1898/1898/1898 1772/1772/1772
f 1901/1901/1901 1772/1772/1772 1775/1775/1775
f 2906/2906/2906 3130/3130/3130 3018/3018/3018
f 3130/3130/3130 3246/3246/3246 3018/3018/3018
f 3246/3246/3246 3130/3130/3130 3018/3018/3018
f 3130/3130/3130 2906/2906/2906 3018/3018/3018
f 149/149/149 150/150/150 765/765/765
f 149/149/149 765/765/765 764/764/764
f 1004/1004/1004 1003/1003/1003 883/883/883
f 1004/1004/1004 883/883/883 884/884/884
f 884/884/884 883/883/883 764/764/764
f 884/884/884 764/764/764 765/765/765
f 1003/1003/1003 1004/1004/1004 1102/1102/1102
f 1003/1003/1003 1102/1102/1102 1101/1101/1101
f 1101/1101/1101 1102/1102/1102 1224/1224/1224
f 1101/1101/1101 1224/1224/1224 1223/1223/1223
f 1509/1509/1509 1508/1508/1508 1386/1386/1386
f 1509/1509/1509 1386/1386/1386 1387/1387/1387
f 1387/1387/1387 1386/1386/1386 1223/1223/1223
f 1387/1387/1387 1223/1223/1223 1224/1224/1224
f 1508/1508/1508 1509/1509/1509 1604/1604/1604
f 1508/1508/1508 1604/1604/1604 1603/1603/1603
f 1603/1603/1603 1604/1604/1604 1730/1730/1730
f 1603/1603/1603 1730/1730/1730 1729/1729/1729
f 1982/1982/1982 1981/1981/1981 1855/1855/1855
f 1982/1982/1982 1855/1855/1855 1856/1856/1856
f 1856/1856/1856 1855/1855/1855 1729/1729/1729
f 1856/1856/1856 1729/1729/1729 1730/1730/1730
f 1052/1052/1052 1053/1053/1053 956/956/956
f 1052/1052/1052 956/956/956 955/955/955
f 955/955/955 956/956/956 838/838/838
f 955/955/955 838/838/838 837/837/837
f 719/719/719 718/718/718 837/837/837
f 719/719/719 837/837/837 838/838/838
f 1555/1555/1555 1556/1556/1556 1462/1462/1462
f 1555/1555/1555 1462/1462/1462 1461/1461/1461
f 1461/1461/1461 1462/1462/1462 1269/1269/1269
f 1461/1461/1461 1269/1269/1269 1268/1268/1268
f 1053/1053/1053 1052/1052/1052 1176/1176/1176
f 1053/1053/1053 1176/1176/1176 1177/1177/1177
f 1177/1177/1177 1176/1176/1176 1268/1268/1268
f 1177/1177/1177 1268/1268/1268 1269/1269/1269
f 2058/2058/2058 2059/2059/2059 1933/1933/1933
f 2058/2058/2058 1933/1933/1933 1932/1932/1932
f 1932/1932/1932 1933/1933/1933 1807/1807/1807
f 1932/1932/1932 1807/1807/1807 1806/1806/1806
f 1556/1556/1556 1555/1555/1555 1680/1680/1680
f 1556/1556/1556 1680/1680/1680 1681/1681/1681
f 1681/1681/1681 1680/1680/1680 1806/1806/1806
f 1681/1681/1681 1806/1806/1806 1807/1807/1807
f 718/718/718 719/719/719 674/674/674
f 718/718/718 674/674/674 673/673/673
f 629/629/629 628/628/628 673/673/673
f 629/629/629 673/673/673 674/674/674
f 3793/3793/3793 3794/3794/3794 3836/3836/3836
f 3793/3793/3793 3836/3836/3836 3835/3835/3835
f 3794/3794/3794 3795/3795/3795 3837/3837/3837
f 3794/3794/3794 3837/3837/3837 3836/3836/3836
f 3796/3796/3796 3797/3797/3797 3839/3839/3839
f 3796/3796/3796 3839/3839/3839 3838/3838/3838
f 3795/3795/3795 3796/3796/3796 3838/3838/3838
f 3795/3795/3795 3838/3838/3838 3837/3837/3837
f 3881/3881/3881 3880/3880/3880 3838/3838/3838
f 3881/3881/3881 3838/3838/3838 3839/3839/3839
f 3880/3880/3880 3879/3879/3879 3837/3837/3837
f 3880/3880/3880 3837/3837/3837 3838/3838/3838
f 3878/3878/3878 3877/3877/3877 3835/3835/3835
f 3878/3878/3878 3835/3835/3835 3836/3836/3836
f 3879/3879/3879 3878/3878/3878 3836/3836/3836
f 3879/3879/3879 3836/3836/3836 3837/3837/3837
f 2498/2498/2498 2497/2497/2497 2371/2371/2371
f 2498/2498/2498 2371/2371/2371 2372/2372/2372
f 2372/2372/2372 2371/2371/2371 2245/2245/2245
f 2372/2372/2372 2245/2245/2245 2246/2246/2246
f 1993/1993/1993 1994/1994/1994 2120/2120/2120
f 1993/1993/1993 2120/2120/2120 2119/2119/2119
f 2119/2119/2119 2120/2120/2120 2246/2246/2246
f 2119/2119/2119 2246/2246/2246 2245/2245/2245
f 1999/1999/1999 2000/2000/2000 2126/2126/2126
f 1999/1999/1999 2126/2126/2126 2125/2125/2125
f 2125/2125/2125 2126/2126/2126 2252/2252/2252
f 2125/2125/2125 2252/2252/2252 2251/2251/2251
f 2504/2504/2504 2503/2503/2503 2377/2377/2377
f 2504/2504/2504 2377/2377/2377 2378/2378/2378
f 2378/2378/2378 2377/2377/2377 2251/2251/2251
f 2378/2378/2378 2251/2251/2251 2252/2252/2252
f 3475/3475/3475 3476/3476/3476 3573/3573/3573
f 3475/3475/3475 3573/3573/3573 3572/3572/3572
f 3572/3572/3572 3573/3573/3573 3692/3692/3692
f 3572/3572/3572 3692/3692/3692 3691/3691/3691
f 3811/3811/3811 3810/3810/3810 3691/3691/3691
f 3811/3811/3811 3691/3691/3691 3692/3692/3692
f 3809/3809/3809 3690/3690/3690 3691/3691/3691
f 3810/3810/3810 3809/3809/3809 3691/3691/3691
f 3806/3806/3806 3805/3805/3805 3686/3686/3686
f 3806/3806/3806 3686/3686/3686 3687/3687/3687
f 3805/3805/3805 3685/3685/3685 3686/3686/3686
f 3469/3469/3469 3470/3470/3470 3567/3567/3567
f 3469/3469/3469 3567/3567/3567 3566/3566/3566
f 3566/3566/3566 3567/3567/3567 3686/3686/3686
f 3566/3566/3566 3686/3686/3686 3685/3685/3685
f 3567/3567/3567 3687/3687/3687 3686/3686/3686
f 3007/3007/3007 3008/3008/3008 3110/3110/3110
f 3007/3007/3007 3110/3110/3110 3109/3109/3109
f 3109/3109/3109 3110/3110/3110 3224/3224/3224
f 3109/3109/3109 3224/3224/3224 3223/3223/3223
f 3476/3476/3476 3475/3475/3475 3354/3354/3354
f 3476/3476/3476 3354/3354/3354 3355/3355/3355
f 3355/3355/3355 3354/3354/3354 3224/3224/3224
f 3354/3354/3354 3223/3223/3223 3224/3224/3224
f 3470/3470/3470 3469/3469/3469 3348/3348/3348
f 3470/3470/3470 3348/3348/3348 3349/3349/3349
f 3349/3349/3349 3348/3348/3348 3217/3217/3217
f 3349/3349/3349 3217/3217/3217 3218/3218/3218
f 3001/3001/3001 3002/3002/3002 3104/3104/3104
f 3001/3001/3001 3104/3104/3104 3103/3103/3103
f 3103/3103/3103 3104/3104/3104 3218/3218/3218
f 3103/3103/3103 3218/3218/3218 3217/3217/3217
f 3002/3002/3002 3001/3001/3001 2875/2875/2875
f 3002/3002/3002 2875/2875/2875 2876/2876/2876
f 2876/2876/2876 2875/2875/2875 2749/2749/2749
f 2876/2876/2876 2749/2749/2749 2750/2750/2750
f 2497/2497/2497 2498/2498/2498 2624/2624/2624
f 2497/2497/2497 2624/2624/2624 2623/2623/2623
f 2623/2623/2623 2624/2624/2624 2750/2750/2750
f 2623/2623/2623 2750/2750/2750 2749/2749/2749
f 2503/2503/2503 2504/2504/2504 2630/2630/2630
f 2503/2503/2503 2630/2630/2630 2629/2629/2629
f 2629/2629/2629 2630/2630/2630 2756/2756/2756
f 2629/2629/2629 2756/2756/2756 2755/2755/2755
f 3008/3008/3008 3007/3007/3007 2881/2881/2881
f 3008/3008/3008 2881/2881/2881 2882/2882/2882
f 2882/2882/2882 2881/2881/2881 2755/2755/2755
f 2882/2882/2882 2755/2755/2755 2756/2756/2756
f 1526/1526/1526 1527/1527/1527 1622/1622/1622
f 1526/1526/1526 1622/1622/1622 1621/1621/1621
f 1621/1621/1621 1622/1622/1622 1748/1748/1748
f 1621/1621/1621 1748/1748/1748 1747/1747/1747
f 2000/2000/2000 1999/1999/1999 1873/1873/1873
f 2000/2000/2000 1873/1873/1873 1874/1874/1874
f 1874/1874/1874 1873/1873/1873 1747/1747/1747
f 1874/1874/1874 1747/1747/1747 1748/1748/1748
f 1994/1994/1994 1993/1993/1993 1867/1867/1867
f 1994/1994/1994 1867/1867/1867 1868/1868/1868
f 1868/1868/1868 1867/1867/1867 1741/1741/1741
f 1868/1868/1868 1741/1741/1741 1742/1742/1742
f 1520/1520/1520 1521/1521/1521 1616/1616/1616
f 1520/1520/1520 1616/1616/1616 1615/1615/1615
f 1615/1615/1615 1616/1616/1616 1742/1742/1742
f 1615/1615/1615 1742/1742/1742 1741/1741/1741
f 2071/2071/2071 2070/2070/2070 2196/2196/2196
f 2071/2071/2071 2196/2196/2196 2197/2197/2197
f 2197/2197/2197 2196/2196/2196 2322/2322/2322
f 2197/2197/2197 2322/2322/2322 2323/2323/2323
f 2574/2574/2574 2575/2575/2575 2449/2449/2449
f 2574/2574/2574 2449/2449/2449 2448/2448/2448
f 2448/2448/2448 2449/2449/2449 2323/2323/2323
f 2448/2448/2448 2323/2323/2323 2322/2322/2322
f 2580/2580/2580 2581/2581/2581 2455/2455/2455
f 2580/2580/2580 2455/2455/2455 2454/2454/2454
f 2454/2454/2454 2455/2455/2455 2329/2329/2329
f 2454/2454/2454 2329/2329/2329 2328/2328/2328
f 2077/2077/2077 2076/2076/2076 2202/2202/2202
f 2077/2077/2077 2202/2202/2202 2203/2203/2203
f 2203/2203/2203 2202/2202/2202 2328/2328/2328
f 2203/2203/2203 2328/2328/2328 2329/2329/2329
f 4371/4371/4371 3765/3765/3765 3764/3764/3764
f 4371/4371/4371 4372/4372/4372 3765/3765/3765
f 4372/4372/4372 4373/4373/4373 3766/3766/3766
f 4372/4372/4372 3766/3766/3766 3765/3765/3765
f 3527/3527/3527 3526/3526/3526 3644/3644/3644
f 3527/3527/3527 3644/3644/3644 3645/3645/3645
f 3645/3645/3645 3644/3644/3644 3765/3765/3765
f 3645/3645/3645 3765/3765/3765 3766/3766/3766
f 3639/3639/3639 3760/3760/3760 3761/3761/3761
f 3521/3521/3521 3520/3520/3520 3638/3638/3638
f 3521/3521/3521 3638/3638/3638 3639/3639/3639
f 3639/3639/3639 3638/3638/3638 3759/3759/3759
f 3639/3639/3639 3759/3759/3759 3760/3760/3760
f 4367/4367/4367 3760/3760/3760 3759/3759/3759
f 4367/4367/4367 4368/4368/4368 3761/3761/3761
f 4367/4367/4367 3761/3761/3761 3760/3760/3760
f 1574/1574/1574 1480/1480/1480 1479/1479/1479
f 1479/1479/1479 1480/1480/1480 1360/1360/1360
f 1573/1573/1573 1574/1574/1574 1479/1479/1479
f 1359/1359/1359 1479/1479/1479 1360/1360/1360
f 3526/3526/3526 3527/3527/3527 3428/3428/3428
f 3526/3526/3526 3428/3428/3428 3427/3427/3427
f 3427/3427/3427 3428/3428/3428 3297/3297/3297
f 3427/3427/3427 3297/3297/3297 3296/3296/3296
f 3063/3063/3063 3062/3062/3062 3178/3178/3178
f 3063/3063/3063 3178/3178/3178 3179/3179/3179
f 3179/3179/3179 3178/3178/3178 3296/3296/3296
f 3179/3179/3179 3296/3296/3296 3297/3297/3297
f 3057/3057/3057 3056/3056/3056 3172/3172/3172
f 3057/3057/3057 3172/3172/3172 3173/3173/3173
f 3173/3173/3173 3172/3172/3172 3290/3290/3290
f 3173/3173/3173 3290/3290/3290 3291/3291/3291
f 3520/3520/3520 3521/3521/3521 3422/3422/3422
f 3520/3520/3520 3422/3422/3422 3421/3421/3421
f 3421/3421/3421 3422/3422/3422 3291/3291/3291
f 3421/3421/3421 3291/3291/3291 3290/3290/3290
f 2575/2575/2575 2574/2574/2574 2700/2700/2700
f 2575/2575/2575 2700/2700/2700 2701/2701/2701
f 2701/2701/2701 2700/2700/2700 2826/2826/2826
f 2701/2701/2701 2826/2826/2826 2827/2827/2827
f 3056/3056/3056 3057/3057/3057 2953/2953/2953
f 3056/3056/3056 2953/2953/2953 2952/2952/2952
f 2952/2952/2952 2953/2953/2953 2827/2827/2827
f 2952/2952/2952 2827/2827/2827 2826/2826/2826
f 3062/3062/3062 3063/3063/3063 2959/2959/2959
f 3062/3062/3062 2959/2959/2959 2958/2958/2958
f 2958/2958/2958 2959/2959/2959 2833/2833/2833
f 2958/2958/2958 2833/2833/2833 2832/2832/2832
f 2581/2581/2581 2580/2580/2580 2706/2706/2706
f 2581/2581/2581 2706/2706/2706 2707/2707/2707
f 2707/2707/2707 2706/2706/2706 2832/2832/2832
f 2707/2707/2707 2832/2832/2832 2833/2833/2833
f 2076/2076/2076 2077/2077/2077 1951/1951/1951
f 2076/2076/2076 1951/1951/1951 1950/1950/1950
f 1950/1950/1950 1951/1951/1951 1825/1825/1825
f 1950/1950/1950 1825/1825/1825 1824/1824/1824
f 1574/1574/1574 1573/1573/1573 1698/1698/1698
f 1574/1574/1574 1698/1698/1698 1699/1699/1699
f 1699/1699/1699 1698/1698/1698 1824/1824/1824
f 1699/1699/1699 1824/1824/1824 1825/1825/1825
f 1568/1568/1568 1567/1567/1567 1692/1692/1692
f 1568/1568/1568 1692/1692/1692 1693/1693/1693
f 1693/1693/1693 1692/1692/1692 1818/1818/1818
f 1693/1693/1693 1818/1818/1818 1819/1819/1819
f 2070/2070/2070 2071/2071/2071 1945/1945/1945
f 2070/2070/2070 1945/1945/1945 1944/1944/1944
f 1944/1944/1944 1945/1945/1945 1819/1819/1819
f 1944/1944/1944 1819/1819/1819 1818/1818/1818
f 3809/3809/3809 3810/3810/3810 3852/3852/3852
f 3809/3809/3809 3852/3852/3852 3851/3851/3851
f 3810/3810/3810 3811/3811/3811 3853/3853/3853
f 3810/3810/3810 3853/3853/3853 3852/3852/3852
f 3895/3895/3895 3894/3894/3894 3852/3852/3852
f 3895/3895/3895 3852/3852/3852 3853/3853/3853
f 3894/3894/3894 3893/3893/3893 3851/3851/3851
f 3894/3894/3894 3851/3851/3851 3852/3852/3852
f 4125/4125/4125 4126/4126/4126 4164/4164/4164
f 4125/4125/4125 4164/4164/4164 4163/4163/4163
f 4368/4368/4368 4367/4367/4367 4327/4327/4327
f 4367/4367/4367 4326/4326/4326 4327/4327/4327
f 4282/4282/4282 4283/4283/4283 4327/4327/4327
f 4282/4282/4282 4327/4327/4327 4326/4326/4326
f 4165/4165/4165 4166/4166/4166 4203/4203/4203
f 4165/4165/4165 4203/4203/4203 4202/4202/4202
f 4166/4166/4166 4167/4167/4167 4204/4204/4204
f 4166/4166/4166 4204/4204/4204 4203/4203/4203
f 2499/2499/2499 2498/2498/2498 2372/2372/2372
f 2499/2499/2499 2372/2372/2372 2373/2373/2373
f 2373/2373/2373 2372/2372/2372 2246/2246/2246
f 2373/2373/2373 2246/2246/2246 2247/2247/2247
f 1994/1994/1994 1995/1995/1995 2121/2121/2121
f 1994/1994/1994 2121/2121/2121 2120/2120/2120
f 2120/2120/2120 2121/2121/2121 2247/2247/2247
f 2120/2120/2120 2247/2247/2247 2246/2246/2246
f 1998/1998/1998 1999/1999/1999 2125/2125/2125
f 1998/1998/1998 2125/2125/2125 2124/2124/2124
f 2124/2124/2124 2125/2125/2125 2251/2251/2251
f 2124/2124/2124 2251/2251/2251 2250/2250/2250
f 2503/2503/2503 2502/2502/2502 2376/2376/2376
f 2503/2503/2503 2376/2376/2376 2377/2377/2377
f 2377/2377/2377 2376/2376/2376 2250/2250/2250
f 2377/2377/2377 2250/2250/2250 2251/2251/2251
f 3475/3475/3475 3572/3572/3572 3571/3571/3571
f 3571/3571/3571 3572/3572/3572 3691/3691/3691
f 3571/3571/3571 3691/3691/3691 3690/3690/3690
f 3474/3474/3474 3475/3475/3475 3571/3571/3571
f 3809/3809/3809 3808/3808/3808 3690/3690/3690
f 3807/3807/3807 3806/3806/3806 3687/3687/3687
f 3470/3470/3470 3471/3471/3471 3568/3568/3568
f 3470/3470/3470 3568/3568/3568 3567/3567/3567
f 3567/3567/3567 3568/3568/3568 3687/3687/3687
f 166/166/166 167/167/167 782/782/782
f 166/166/166 782/782/782 781/781/781
f 1021/1021/1021 1020/1020/1020 900/900/900
f 1021/1021/1021 900/900/900 901/901/901
f 901/901/901 900/900/900 781/781/781
f 901/901/901 781/781/781 782/782/782
f 1017/1017/1017 1016/1016/1016 896/896/896
f 1017/1017/1017 896/896/896 897/897/897
f 897/897/897 896/896/896 777/777/777
f 897/897/897 777/777/777 778/778/778
f 162/162/162 163/163/163 778/778/778
f 162/162/162 778/778/778 777/777/777
f 1020/1020/1020 1021/1021/1021 1119/1119/1119
f 1020/1020/1020 1119/1119/1119 1118/1118/1118
f 1241/1241/1241 1240/1240/1240 1118/1118/1118
f 1241/1241/1241 1118/1118/1118 1119/1119/1119
f 1522/1522/1522 1521/1521/1521 1399/1399/1399
f 1522/1522/1522 1399/1399/1399 1400/1400/1400
f 1236/1236/1236 1237/1237/1237 1305/1305/1305
f 1236/1236/1236 1305/1305/1305 1304/1304/1304
f 1304/1304/1304 1305/1305/1305 1400/1400/1400
f 1304/1304/1304 1400/1400/1400 1399/1399/1399
f 3006/3006/3006 3007/3007/3007 3109/3109/3109
f 3006/3006/3006 3109/3109/3109 3108/3108/3108
f 3108/3108/3108 3109/3109/3109 3223/3223/3223
f 3108/3108/3108 3223/3223/3223 3222/3222/3222
f 3475/3475/3475 3474/3474/3474 3353/3353/3353
f 3475/3475/3475 3353/3353/3353 3354/3354/3354
f 3354/3354/3354 3353/3353/3353 3222/3222/3222
f 3354/3354/3354 3222/3222/3222 3223/3223/3223
f 3471/3471/3471 3470/3470/3470 3349/3349/3349
f 3471/3471/3471 3349/3349/3349 3350/3350/3350
f 3350/3350/3350 3349/3349/3349 3218/3218/3218
f 3350/3350/3350 3218/3218/3218 3219/3219/3219
f 3002/3002/3002 3003/3003/3003 3105/3105/3105
f 3002/3002/3002 3105/3105/3105 3104/3104/3104
f 3104/3104/3104 3105/3105/3105 3219/3219/3219
f 3104/3104/3104 3219/3219/3219 3218/3218/3218
f 3003/3003/3003 3002/3002/3002 2876/2876/2876
f 3003/3003/3003 2876/2876/2876 2877/2877/2877
f 2877/2877/2877 2876/2876/2876 2750/2750/2750
f 2877/2877/2877 2750/2750/2750 2751/2751/2751
f 2498/2498/2498 2499/2499/2499 2625/2625/2625
f 2498/2498/2498 2625/2625/2625 2624/2624/2624
f 2624/2624/2624 2625/2625/2625 2751/2751/2751
f 2624/2624/2624 2751/2751/2751 2750/2750/2750
f 2502/2502/2502 2503/2503/2503 2629/2629/2629
f 2502/2502/2502 2629/2629/2629 2628/2628/2628
f 2628/2628/2628 2629/2629/2629 2755/2755/2755
f 2628/2628/2628 2755/2755/2755 2754/2754/2754
f 3007/3007/3007 3006/3006/3006 2880/2880/2880
f 3007/3007/3007 2880/2880/2880 2881/2881/2881
f 2881/2881/2881 2880/2880/2880 2754/2754/2754
f 2881/2881/2881 2754/2754/2754 2755/2755/2755
f 1525/1525/1525 1526/1526/1526 1621/1621/1621
f 1525/1525/1525 1621/1621/1621 1620/1620/1620
f 1620/1620/1620 1621/1621/1621 1747/1747/1747
f 1620/1620/1620 1747/1747/1747 1746/1746/1746
f 1999/1999/1999 1998/1998/1998 1872/1872/1872
f 1999/1999/1999 1872/1872/1872 1873/1873/1873
f 1873/1873/1873 1872/1872/1872 1746/1746/1746
f 1873/1873/1873 1746/1746/1746 1747/1747/1747
f 1995/1995/1995 1994/1994/1994 1868/1868/1868
f 1995/1995/1995 1868/1868/1868 1869/1869/1869
f 1869/1869/1869 1868/1868/1868 1742/1742/1742
f 1869/1869/1869 1742/1742/1742 1743/1743/1743
f 1521/1521/1521 1522/1522/1522 1617/1617/1617
f 1521/1521/1521 1617/1617/1617 1616/1616/1616
f 1616/1616/1616 1617/1617/1617 1743/1743/1743
f 1616/1616/1616 1743/1743/1743 1742/1742/1742
f 2072/2072/2072 2071/2071/2071 2197/2197/2197
f 2072/2072/2072 2197/2197/2197 2198/2198/2198
f 2198/2198/2198 2197/2197/2197 2323/2323/2323
f 2198/2198/2198 2323/2323/2323 2324/2324/2324
f 2575/2575/2575 2576/2576/2576 2450/2450/2450
f 2575/2575/2575 2450/2450/2450 2449/2449/2449
f 2449/2449/2449 2450/2450/2450 2324/2324/2324
f 2449/2449/2449 2324/2324/2324 2323/2323/2323
f 2579/2579/2579 2580/2580/2580 2454/2454/2454
f 2579/2579/2579 2454/2454/2454 2453/2453/2453
f 2453/2453/2453 2454/2454/2454 2328/2328/2328
f 2453/2453/2453 2328/2328/2328 2327/2327/2327
f 2076/2076/2076 2075/2075/2075 2201/2201/2201
f 2076/2076/2076 2201/2201/2201 2202/2202/2202
f 2202/2202/2202 2201/2201/2201 2327/2327/2327
f 2202/2202/2202 2327/2327/2327 2328/2328/2328
f 4370/4370/4370 4371/4371/4371 3764/3764/3764
f 3526/3526/3526 3643/3643/3643 3644/3644/3644
f 3526/3526/3526 3525/3525/3525 3643/3643/3643
f 3644/3644/3644 3643/3643/3643 3764/3764/3764
f 3644/3644/3644 3764/3764/3764 3765/3765/3765
f 3522/3522/3522 3521/3521/3521 3639/3639/3639
f 3522/3522/3522 3639/3639/3639 3640/3640/3640
f 3640/3640/3640 3639/3639/3639 3761/3761/3761
f 4368/4368/4368 4369/4369/4369 3761/3761/3761
f 1069/1069/1069 1070/1070/1070 973/973/973
f 1069/1069/1069 973/973/973 972/972/972
f 972/972/972 973/973/973 855/855/855
f 972/972/972 855/855/855 854/854/854
f 736/736/736 735/735/735 854/854/854
f 736/736/736 854/854/854 855/855/855
f 732/732/732 731/731/731 850/850/850
f 732/732/732 850/850/850 851/851/851
f 1065/1065/1065 1066/1066/1066 969/969/969
f 1065/1065/1065 969/969/969 968/968/968
f 968/968/968 969/969/969 851/851/851
f 968/968/968 851/851/851 850/850/850
f 1572/1572/1572 1573/1573/1573 1479/1479/1479
f 1572/1572/1572 1479/1479/1479 1478/1478/1478
f 1286/1286/1286 1285/1285/1285 1358/1358/1358
f 1286/1286/1286 1358/1358/1358 1359/1359/1359
f 1359/1359/1359 1358/1358/1358 1478/1478/1478
f 1359/1359/1359 1478/1478/1478 1479/1479/1479
f 1066/1066/1066 1065/1065/1065 1189/1189/1189
f 1066/1066/1066 1189/1189/1189 1190/1190/1190
f 1281/1281/1281 1282/1282/1282 1190/1190/1190
f 1281/1281/1281 1190/1190/1190 1189/1189/1189
f 3525/3525/3525 3526/3526/3526 3427/3427/3427
f 3525/3525/3525 3427/3427/3427 3426/3426/3426
f 3426/3426/3426 3427/3427/3427 3296/3296/3296
f 3426/3426/3426 3296/3296/3296 3295/3295/3295
f 3062/3062/3062 3061/3061/3061 3177/3177/3177
f 3062/3062/3062 3177/3177/3177 3178/3178/3178
f 3178/3178/3178 3177/3177/3177 3295/3295/3295
f 3178/3178/3178 3295/3295/3295 3296/3296/3296
f 3058/3058/3058 3057/3057/3057 3173/3173/3173
f 3058/3058/3058 3173/3173/3173 3174/3174/3174
f 3174/3174/3174 3173/3173/3173 3291/3291/3291
f 3174/3174/3174 3291/3291/3291 3292/3292/3292
f 3521/3521/3521 3522/3522/3522 3422/3422/3422
f 3522/3522/3522 3423/3423/3423 3422/3422/3422
f 3422/3422/3422 3423/3423/3423 3292/3292/3292
f 3422/3422/3422 3292/3292/3292 3291/3291/3291
f 2576/2576/2576 2575/2575/2575 2701/2701/2701
f 2576/2576/2576 2701/2701/2701 2702/2702/2702
f 2702/2702/2702 2701/2701/2701 2827/2827/2827
f 2702/2702/2702 2827/2827/2827 2828/2828/2828
f 3057/3057/3057 3058/3058/3058 2954/2954/2954
f 3057/3057/3057 2954/2954/2954 2953/2953/2953
f 2953/2953/2953 2954/2954/2954 2828/2828/2828
f 2953/2953/2953 2828/2828/2828 2827/2827/2827
f 3061/3061/3061 3062/3062/3062 2958/2958/2958
f 3061/3061/3061 2958/2958/2958 2957/2957/2957
f 2957/2957/2957 2958/2958/2958 2832/2832/2832
f 2957/2957/2957 2832/2832/2832 2831/2831/2831
f 2580/2580/2580 2579/2579/2579 2705/2705/2705
f 2580/2580/2580 2705/2705/2705 2706/2706/2706
f 2706/2706/2706 2705/2705/2705 2831/2831/2831
f 2706/2706/2706 2831/2831/2831 2832/2832/2832
f 2075/2075/2075 2076/2076/2076 1950/1950/1950
f 2075/2075/2075 1950/1950/1950 1949/1949/1949
f 1949/1949/1949 1950/1950/1950 1824/1824/1824
f 1949/1949/1949 1824/1824/1824 1823/1823/1823
f 1573/1573/1573 1572/1572/1572 1697/1697/1697
f 1573/1573/1573 1697/1697/1697 1698/1698/1698
f 1698/1698/1698 1697/1697/1697 1823/1823/1823
f 1698/1698/1698 1823/1823/1823 1824/1824/1824
f 1569/1569/1569 1568/1568/1568 1693/1693/1693
f 1569/1569/1569 1693/1693/1693 1694/1694/1694
f 1694/1694/1694 1693/1693/1693 1819/1819/1819
f 1694/1694/1694 1819/1819/1819 1820/1820/1820
f 2071/2071/2071 2072/2072/2072 1946/1946/1946
f 2071/2071/2071 1946/1946/1946 1945/1945/1945
f 1945/1945/1945 1946/1946/1946 1820/1820/1820
f 1945/1945/1945 1820/1820/1820 1819/1819/1819
f 735/735/735 736/736/736 691/691/691
f 735/735/735 691/691/691 690/690/690
f 646/646/646 645/645/645 690/690/690
f 646/646/646 690/690/690 691/691/691
f 163/163/163 162/162/162 206/206/206
f 163/163/163 206/206/206 207/207/207
f 296/296/296 297/297/297 252/252/252
f 296/296/296 252/252/252 251/251/251
f 251/251/251 252/252/252 207/207/207
f 251/251/251 207/207/207 206/206/206
f 3808/3808/3808 3809/3809/3809 3851/3851/3851
f 3808/3808/3808 3851/3851/3851 3850/3850/3850
f 3893/3893/3893 3892/3892/3892 3850/3850/3850
f 3893/3893/3893 3850/3850/3850 3851/3851/3851
f 4369/4369/4369 4368/4368/4368 4327/4327/4327
f 4369/4369/4369 4327/4327/4327 4328/4328/4328
f 4283/4283/4283 4284/4284/4284 4328/4328/4328
f 4283/4283/4283 4328/4328/4328 4327/4327/4327
f 2501/2501/2501 2500/2500/2500 2374/2374/2374
f 2501/2501/2501 2374/2374/2374 2375/2375/2375
f 2375/2375/2375 2374/2374/2374 2248/2248/2248
f 2375/2375/2375 2248/2248/2248 2249/2249/2249
f 2500/2500/2500 2499/2499/2499 2373/2373/2373
f 2500/2500/2500 2373/2373/2373 2374/2374/2374
f 2374/2374/2374 2373/2373/2373 2247/2247/2247
f 2374/2374/2374 2247/2247/2247 2248/2248/2248
f 1995/1995/1995 1996/1996/1996 2122/2122/2122
f 1995/1995/1995 2122/2122/2122 2121/2121/2121
f 2121/2121/2121 2122/2122/2122 2248/2248/2248
f 2121/2121/2121 2248/2248/2248 2247/2247/2247
f 1996/1996/1996 1997/1997/1997 2123/2123/2123
f 1996/1996/1996 2123/2123/2123 2122/2122/2122
f 2122/2122/2122 2123/2123/2123 2249/2249/2249
f 2122/2122/2122 2249/2249/2249 2248/2248/2248
f 3571/3571/3571 3690/3690/3690 3689/3689/3689
f 3473/3473/3473 3474/3474/3474 3571/3571/3571
f 3473/3473/3473 3571/3571/3571 3570/3570/3570
f 3570/3570/3570 3571/3571/3571 3689/3689/3689
f 3808/3808/3808 3689/3689/3689 3690/3690/3690
f 165/165/165 166/166/166 781/781/781
f 165/165/165 781/781/781 780/780/780
f 1020/1020/1020 1019/1019/1019 899/899/899
f 1020/1020/1020 899/899/899 900/900/900
f 900/900/900 899/899/899 780/780/780
f 900/900/900 780/780/780 781/781/781
f 1019/1019/1019 1020/1020/1020 1118/1118/1118
f 1019/1019/1019 1118/1118/1118 1117/1117/1117
f 1240/1240/1240 1239/1239/1239 1117/1117/1117
f 1240/1240/1240 1117/1117/1117 1118/1118/1118
f 3005/3005/3005 3006/3006/3006 3108/3108/3108
f 3005/3005/3005 3108/3108/3108 3107/3107/3107
f 3107/3107/3107 3108/3108/3108 3222/3222/3222
f 3107/3107/3107 3222/3222/3222 3221/3221/3221
f 3474/3474/3474 3473/3473/3473 3352/3352/3352
f 3474/3474/3474 3352/3352/3352 3353/3353/3353
f 3353/3353/3353 3352/3352/3352 3221/3221/3221
f 3353/3353/3353 3221/3221/3221 3222/3222/3222
f 3005/3005/3005 3004/3004/3004 2878/2878/2878
f 3005/3005/3005 2878/2878/2878 2879/2879/2879
f 2879/2879/2879 2878/2878/2878 2752/2752/2752
f 2879/2879/2879 2752/2752/2752 2753/2753/2753
f 3004/3004/3004 3003/3003/3003 2877/2877/2877
f 3004/3004/3004 2877/2877/2877 2878/2878/2878
f 2878/2878/2878 2877/2877/2877 2751/2751/2751
f 2878/2878/2878 2751/2751/2751 2752/2752/2752
f 2499/2499/2499 2500/2500/2500 2626/2626/2626
f 2499/2499/2499 2626/2626/2626 2625/2625/2625
f 2625/2625/2625 2626/2626/2626 2752/2752/2752
f 2625/2625/2625 2752/2752/2752 2751/2751/2751
f 2500/2500/2500 2501/2501/2501 2627/2627/2627
f 2500/2500/2500 2627/2627/2627 2626/2626/2626
f 2626/2626/2626 2627/2627/2627 2753/2753/2753
f 2626/2626/2626 2753/2753/2753 2752/2752/2752
f 1524/1524/1524 1525/1525/1525 1620/1620/1620
f 1524/1524/1524 1620/1620/1620 1619/1619/1619
f 1619/1619/1619 1620/1620/1620 1746/1746/1746
f 1619/1619/1619 1746/1746/1746 1745/1745/1745
f 1998/1998/1998 1997/1997/1997 1871/1871/1871
f 1998/1998/1998 1871/1871/1871 1872/1872/1872
f 1872/1872/1872 1871/1871/1871 1745/1745/1745
f 1872/1872/1872 1745/1745/1745 1746/1746/1746
f 2074/2074/2074 2073/2073/2073 2199/2199/2199
f 2074/2074/2074 2199/2199/2199 2200/2200/2200
f 2200/2200/2200 2199/2199/2199 2325/2325/2325
f 2200/2200/2200 2325/2325/2325 2326/2326/2326
f 2073/2073/2073 2072/2072/2072 2198/2198/2198
f 2073/2073/2073 2198/2198/2198 2199/2199/2199
f 2199/2199/2199 2198/2198/2198 2324/2324/2324
f 2199/2199/2199 2324/2324/2324 2325/2325/2325
f 2576/2576/2576 2577/2577/2577 2451/2451/2451
f 2576/2576/2576 2451/2451/2451 2450/2450/2450
f 2450/2450/2450 2451/2451/2451 2325/2325/2325
f 2450/2450/2450 2325/2325/2325 2324/2324/2324
f 2577/2577/2577 2578/2578/2578 2452/2452/2452
f 2577/2577/2577 2452/2452/2452 2451/2451/2451
f 2451/2451/2451 2452/2452/2452 2326/2326/2326
f 2451/2451/2451 2326/2326/2326 2325/2325/2325
f 4370/4370/4370 3764/3764/3764 3763/3763/3763
f 3525/3525/3525 3524/3524/3524 3642/3642/3642
f 3525/3525/3525 3642/3642/3642 3643/3643/3643
f 3643/3643/3643 3763/3763/3763 3764/3764/3764
f 3643/3643/3643 3642/3642/3642 3763/3763/3763
f 1068/1068/1068 1069/1069/1069 972/972/972
f 1068/1068/1068 972/972/972 971/971/971
f 971/971/971 972/972/972 854/854/854
f 971/971/971 854/854/854 853/853/853
f 735/735/735 734/734/734 853/853/853
f 735/735/735 853/853/853 854/854/854
f 1571/1571/1571 1572/1572/1572 1478/1478/1478
f 1571/1571/1571 1478/1478/1478 1477/1477/1477
f 1285/1285/1285 1284/1284/1284 1357/1357/1357
f 1285/1285/1285 1357/1357/1357 1358/1358/1358
f 1358/1358/1358 1357/1357/1357 1477/1477/1477
f 1358/1358/1358 1477/1477/1477 1478/1478/1478
f 3524/3524/3524 3525/3525/3525 3426/3426/3426
f 3524/3524/3524 3426/3426/3426 3425/3425/3425
f 3425/3425/3425 3426/3426/3426 3295/3295/3295
f 3425/3425/3425 3295/3295/3295 3294/3294/3294
f 3061/3061/3061 3060/3060/3060 3176/3176/3176
f 3061/3061/3061 3176/3176/3176 3177/3177/3177
f 3177/3177/3177 3176/3176/3176 3294/3294/3294
f 3177/3177/3177 3294/3294/3294 3295/3295/3295
f 2578/2578/2578 2577/2577/2577 2703/2703/2703
f 2578/2578/2578 2703/2703/2703 2704/2704/2704
f 2704/2704/2704 2703/2703/2703 2829/2829/2829
f 2704/2704/2704 2829/2829/2829 2830/2830/2830
f 2577/2577/2577 2576/2576/2576 2702/2702/2702
f 2577/2577/2577 2702/2702/2702 2703/2703/2703
f 2703/2703/2703 2702/2702/2702 2828/2828/2828
f 2703/2703/2703 2828/2828/2828 2829/2829/2829
f 3058/3058/3058 3059/3059/3059 2955/2955/2955
f 3058/3058/3058 2955/2955/2955 2954/2954/2954
f 2954/2954/2954 2955/2955/2955 2829/2829/2829
f 2954/2954/2954 2829/2829/2829 2828/2828/2828
f 3059/3059/3059 3060/3060/3060 2956/2956/2956
f 3059/3059/3059 2956/2956/2956 2955/2955/2955
f 2955/2955/2955 2956/2956/2956 2830/2830/2830
f 2955/2955/2955 2830/2830/2830 2829/2829/2829
f 2074/2074/2074 2075/2075/2075 1949/1949/1949
f 2074/2074/2074 1949/1949/1949 1948/1948/1948
f 1948/1948/1948 1949/1949/1949 1823/1823/1823
f 1948/1948/1948 1823/1823/1823 1822/1822/1822
f 1572/1572/1572 1571/1571/1571 1696/1696/1696
f 1572/1572/1572 1696/1696/1696 1697/1697/1697
f 1697/1697/1697 1696/1696/1696 1822/1822/1822
f 1697/1697/1697 1822/1822/1822 1823/1823/1823
f 734/734/734 735/735/735 690/690/690
f 734/734/734 690/690/690 689/689/689
f 645/645/645 644/644/644 689/689/689
f 645/645/645 689/689/689 690/690/690
f 165/165/165 164/164/164 208/208/208
f 165/165/165 208/208/208 209/209/209
f 164/164/164 163/163/163 207/207/207
f 164/164/164 207/207/207 208/208/208
f 297/297/297 298/298/298 253/253/253
f 297/297/297 253/253/253 252/252/252
f 252/252/252 253/253/253 208/208/208
f 252/252/252 208/208/208 207/207/207
f 298/298/298 299/299/299 254/254/254
f 298/298/298 254/254/254 253/253/253
f 253/253/253 254/254/254 209/209/209
f 253/253/253 209/209/209 208/208/208
f 4370/4370/4370 4369/4369/4369 4328/4328/4328
f 4370/4370/4370 4328/4328/4328 4329/4329/4329
f 4284/4284/4284 4285/4285/4285 4329/4329/4329
f 4284/4284/4284 4329/4329/4329 4328/4328/4328
f 476/476/476 431/431/431 430/430/430
f 476/476/476 430/430/430 475/475/475
f 2524/2524/2524 2522/2522/2522 2396/2396/2396
f 2524/2524/2524 2396/2396/2396 2398/2398/2398
f 2398/2398/2398 2396/2396/2396 2270/2270/2270
f 2398/2398/2398 2270/2270/2270 2272/2272/2272
f 2018/2018/2018 2020/2020/2020 2146/2146/2146
f 2018/2018/2018 2146/2146/2146 2144/2144/2144
f 2144/2144/2144 2146/2146/2146 2272/2272/2272
f 2144/2144/2144 2272/2272/2272 2270/2270/2270
f 802/802/802 800/800/800 441/441/441
f 802/802/802 441/441/441 486/486/486
f 486/486/486 441/441/441 440/440/440
f 486/486/486 440/440/440 485/485/485
f 438/438/438 483/483/483 484/484/484
f 438/438/438 484/484/484 439/439/439
f 439/439/439 484/484/484 485/485/485
f 439/439/439 485/485/485 440/440/440
f 3587/3587/3587 3370/3370/3370 3372/3372/3372
f 3240/3240/3240 3372/3372/3372 3370/3370/3370
f 1424/1424/1424 1422/1422/1422 1325/1325/1325
f 1424/1424/1424 1325/1325/1325 1327/1327/1327
f 1327/1327/1327 1325/1325/1325 1138/1138/1138
f 1327/1327/1327 1138/1138/1138 1140/1140/1140
f 800/800/800 802/802/802 920/920/920
f 800/800/800 920/920/920 918/918/918
f 918/918/918 920/920/920 1140/1140/1140
f 918/918/918 1140/1140/1140 1138/1138/1138
f 3124/3124/3124 2900/2900/2900 2902/2902/2902
f 2902/2902/2902 2900/2900/2900 2776/2776/2776
f 2900/2900/2900 2774/2774/2774 2776/2776/2776
f 2522/2522/2522 2524/2524/2524 2650/2650/2650
f 2522/2522/2522 2650/2650/2650 2648/2648/2648
f 2648/2648/2648 2650/2650/2650 2776/2776/2776
f 2648/2648/2648 2776/2776/2776 2774/2774/2774
f 2020/2020/2020 2018/2018/2018 1892/1892/1892
f 2020/2020/2020 1892/1892/1892 1894/1894/1894
f 1894/1894/1894 1892/1892/1892 1766/1766/1766
f 1894/1894/1894 1766/1766/1766 1768/1768/1768
f 1422/1422/1422 1424/1424/1424 1642/1642/1642
f 1422/1422/1422 1642/1642/1642 1640/1640/1640
f 1640/1640/1640 1642/1642/1642 1768/1768/1768
f 1640/1640/1640 1768/1768/1768 1766/1766/1766
f 4014/4014/4014 4049/4049/4049 4013/4013/4013
f 4015/4015/4015 4051/4051/4051 4050/4050/4050
f 4015/4015/4015 4050/4050/4050 4014/4014/4014
f 4014/4014/4014 4050/4050/4050 4049/4049/4049
f 4047/4047/4047 4011/4011/4011 4012/4012/4012
f 4047/4047/4047 4012/4012/4012 4048/4048/4048
f 4048/4048/4048 4012/4012/4012 4013/4013/4013
f 4048/4048/4048 4013/4013/4013 4049/4049/4049
f 4021/4021/4021 4055/4055/4055 4054/4054/4054
f 4021/4021/4021 4054/4054/4054 4020/4020/4020
f 4053/4053/4053 4019/4019/4019 4020/4020/4020
f 4053/4053/4053 4020/4020/4020 4054/4054/4054
f 481/481/481 436/436/436 435/435/435
f 481/481/481 435/435/435 480/480/480
f 2029/2029/2029 2031/2031/2031 2157/2157/2157
f 2029/2029/2029 2157/2157/2157 2155/2155/2155
f 2155/2155/2155 2157/2157/2157 2283/2283/2283
f 2155/2155/2155 2283/2283/2283 2281/2281/2281
f 2535/2535/2535 2533/2533/2533 2407/2407/2407
f 2535/2535/2535 2407/2407/2407 2409/2409/2409
f 2409/2409/2409 2407/2407/2407 2281/2281/2281
f 2409/2409/2409 2281/2281/2281 2283/2283/2283
f 4240/4240/4240 4282/4282/4282 4281/4281/4281
f 4240/4240/4240 4281/4281/4281 4239/4239/4239
f 4239/4239/4239 4281/4281/4281 4280/4280/4280
f 4239/4239/4239 4280/4280/4280 4238/4238/4238
f 4278/4278/4278 4236/4236/4236 4237/4237/4237
f 4278/4278/4278 4237/4237/4237 4279/4279/4279
f 4279/4279/4279 4237/4237/4237 4238/4238/4238
f 4279/4279/4279 4238/4238/4238 4280/4280/4280
f 648/648/648 603/603/603 602/602/602
f 648/648/648 602/602/602 647/647/647
f 3719/3719/3719 3721/3721/3721 4291/4291/4291
f 3719/3719/3719 4291/4291/4291 4249/4249/4249
f 4249/4249/4249 4291/4291/4291 4290/4290/4290
f 4249/4249/4249 4290/4290/4290 4248/4248/4248
f 4288/4288/4288 4246/4246/4246 4247/4247/4247
f 4288/4288/4288 4247/4247/4247 4289/4289/4289
f 4289/4289/4289 4247/4247/4247 4248/4248/4248
f 4289/4289/4289 4248/4248/4248 4290/4290/4290
f 3136/3136/3136 3138/3138/3138 3254/3254/3254
f 3136/3136/3136 3254/3254/3254 3252/3252/3252
f 3252/3252/3252 3254/3254/3254 3382/3382/3382
f 3254/3254/3254 3384/3384/3384 3382/3382/3382
f 3721/3721/3721 3719/3719/3719 3599/3599/3599
f 3721/3721/3721 3599/3599/3599 3601/3601/3601
f 3601/3601/3601 3599/3599/3599 3384/3384/3384
f 3599/3599/3599 3382/3382/3382 3384/3384/3384
f 810/810/810 812/812/812 930/930/930
f 810/810/810 930/930/930 928/928/928
f 928/928/928 930/930/930 1150/1150/1150
f 928/928/928 1150/1150/1150 1148/1148/1148
f 1435/1435/1435 1433/1433/1433 1336/1336/1336
f 1435/1435/1435 1336/1336/1336 1338/1338/1338
f 1338/1338/1338 1336/1336/1336 1148/1148/1148
f 1338/1338/1338 1148/1148/1148 1150/1150/1150
f 2533/2533/2533 2535/2535/2535 2661/2661/2661
f 2533/2533/2533 2661/2661/2661 2659/2659/2659
f 2659/2659/2659 2661/2661/2661 2787/2787/2787
f 2659/2659/2659 2787/2787/2787 2785/2785/2785
f 3136/3136/3136 2911/2911/2911 2913/2913/2913
f 2913/2913/2913 2911/2911/2911 2785/2785/2785
f 2913/2913/2913 2785/2785/2785 2787/2787/2787
f 3138/3138/3138 3136/3136/3136 2913/2913/2913
f 1433/1433/1433 1435/1435/1435 1653/1653/1653
f 1433/1433/1433 1653/1653/1653 1651/1651/1651
f 1651/1651/1651 1653/1653/1653 1779/1779/1779
f 1651/1651/1651 1779/1779/1779 1777/1777/1777
f 2031/2031/2031 2029/2029/2029 1903/1903/1903
f 2031/2031/2031 1903/1903/1903 1905/1905/1905
f 1905/1905/1905 1903/1903/1903 1777/1777/1777
f 1905/1905/1905 1777/1777/1777 1779/1779/1779
f 4246/4246/4246 4288/4288/4288 4287/4287/4287
f 4246/4246/4246 4287/4287/4287 4245/4245/4245
f 4286/4286/4286 4244/4244/4244 4245/4245/4245
f 4286/4286/4286 4245/4245/4245 4287/4287/4287
f 4285/4285/4285 4243/4243/4243 4244/4244/4244
f 4285/4285/4285 4244/4244/4244 4286/4286/4286
f 65/65/65 66/66/66 44/44/44
f 65/65/65 44/44/44 43/43/43
f 44/44/44 22/22/22 21/21/21
f 44/44/44 21/21/21 43/43/43
f 64/64/64 65/65/65 43/43/43
f 64/64/64 43/43/43 42/42/42
f 43/43/43 21/21/21 20/20/20
f 43/43/43 20/20/20 42/42/42
f 87/87/87 65/65/65 64/64/64
f 87/87/87 64/64/64 86/86/86
f 128/128/128 109/109/109 108/108/108
f 128/128/128 108/108/108 127/127/127
f 88/88/88 66/66/66 65/65/65
f 88/88/88 65/65/65 87/87/87
f 109/109/109 110/110/110 88/88/88
f 109/109/109 88/88/88 87/87/87
f 87/87/87 108/108/108 109/109/109
f 86/86/86 108/108/108 87/87/87
f 64/64/64 42/42/42 41/41/41
f 64/64/64 41/41/41 63/63/63
f 37/37/37 59/59/59 60/60/60
f 37/37/37 60/60/60 38/38/38
f 16/16/16 15/15/15 37/37/37
f 16/16/16 37/37/37 38/38/38
f 38/38/38 60/60/60 61/61/61
f 38/38/38 61/61/61 39/39/39
f 17/17/17 39/39/39 40/40/40
f 17/17/17 40/40/40 18/18/18
f 41/41/41 19/19/19 18/18/18
f 41/41/41 18/18/18 40/40/40
f 17/17/17 16/16/16 39/39/39
f 38/38/38 39/39/39 16/16/16
f 82/82/82 83/83/83 61/61/61
f 82/82/82 61/61/61 60/60/60
f 123/123/123 124/124/124 105/105/105
f 123/123/123 105/105/105 104/104/104
f 60/60/60 59/59/59 81/81/81
f 60/60/60 81/81/81 82/82/82
f 81/81/81 103/103/103 104/104/104
f 81/81/81 104/104/104 82/82/82
f 83/83/83 84/84/84 62/62/62
f 83/83/83 62/62/62 61/61/61
f 84/84/84 85/85/85 63/63/63
f 84/84/84 63/63/63 62/62/62
f 124/124/124 125/125/125 106/106/106
f 124/124/124 106/106/106 105/105/105
f 125/125/125 126/126/126 107/107/107
f 125/125/125 107/107/107 106/106/106
f 105/105/105 106/106/106 84/84/84
f 105/105/105 84/84/84 83/83/83
f 106/106/106 107/107/107 85/85/85
f 106/106/106 85/85/85 84/84/84
f 105/105/105 83/83/83 82/82/82
f 104/104/104 105/105/105 82/82/82
f 20/20/20 19/19/19 41/41/41
f 20/20/20 41/41/41 42/42/42
f 85/85/85 86/86/86 64/64/64
f 85/85/85 64/64/64 63/63/63
f 126/126/126 127/127/127 108/108/108
f 126/126/126 108/108/108 107/107/107
f 107/107/107 108/108/108 86/86/86
f 107/107/107 86/86/86 85/85/85
f 4055/4055/4055 4021/4021/4021 4022/4022/4022
f 4055/4055/4055 4022/4022/4022 4056/4056/4056
f 4056/4056/4056 4022/4022/4022 4057/4057/4057
f 4022/4022/4022 4023/4023/4023 4057/4057/4057
f 3707/3707/3707 3709/3709/3709 4024/4024/4024
f 3709/3709/3709 4058/4058/4058 4024/4024/4024
f 4024/4024/4024 4058/4058/4058 4057/4057/4057
f 4024/4024/4024 4057/4057/4057 4023/4023/4023
f 3589/3589/3589 3372/3372/3372 3374/3374/3374
f 3707/3707/3707 3587/3587/3587 3589/3589/3589
f 3589/3589/3589 3587/3587/3587 3372/3372/3372
f 3709/3709/3709 3707/3707/3707 3589/3589/3589
f 3124/3124/3124 3126/3126/3126 3240/3240/3240
f 3242/3242/3242 3374/3374/3374 3372/3372/3372
f 3126/3126/3126 3242/3242/3242 3240/3240/3240
f 3240/3240/3240 3242/3242/3242 3372/3372/3372
f 3126/3126/3126 3124/3124/3124 2902/2902/2902
f 4051/4051/4051 4016/4016/4016 4052/4052/4052
f 4051/4051/4051 4015/4015/4015 4016/4016/4016
f 4051/4051/4051 4087/4087/4087 4050/4050/4050
f 4050/4050/4050 4087/4087/4087 4086/4086/4086
f 4050/4050/4050 4086/4086/4086 4049/4049/4049
f 4051/4051/4051 4088/4088/4088 4087/4087/4087
f 4084/4084/4084 4047/4047/4047 4048/4048/4048
f 4084/4084/4084 4048/4048/4048 4085/4085/4085
f 4085/4085/4085 4048/4048/4048 4049/4049/4049
f 4085/4085/4085 4049/4049/4049 4086/4086/4086
f 4055/4055/4055 4092/4092/4092 4091/4091/4091
f 4055/4055/4055 4091/4091/4091 4054/4054/4054
f 4090/4090/4090 4053/4053/4053 4054/4054/4054
f 4090/4090/4090 4054/4054/4054 4091/4091/4091
f 2526/2526/2526 2524/2524/2524 2398/2398/2398
f 2526/2526/2526 2398/2398/2398 2400/2400/2400
f 2400/2400/2400 2398/2398/2398 2272/2272/2272
f 2400/2400/2400 2272/2272/2272 2274/2274/2274
f 2020/2020/2020 2022/2022/2022 2148/2148/2148
f 2020/2020/2020 2148/2148/2148 2146/2146/2146
f 2146/2146/2146 2148/2148/2148 2274/2274/2274
f 2146/2146/2146 2274/2274/2274 2272/2272/2272
f 804/804/804 802/802/802 486/486/486
f 804/804/804 486/486/486 515/515/515
f 515/515/515 486/486/486 485/485/485
f 515/515/515 485/485/485 514/514/514
f 483/483/483 512/512/512 513/513/513
f 483/483/483 513/513/513 484/484/484
f 484/484/484 513/513/513 514/514/514
f 484/484/484 514/514/514 485/485/485
f 4092/4092/4092 4055/4055/4055 4056/4056/4056
f 4092/4092/4092 4056/4056/4056 4093/4093/4093
f 4093/4093/4093 4056/4056/4056 4057/4057/4057
f 4093/4093/4093 4057/4057/4057 4094/4094/4094
f 3709/3709/3709 3711/3711/3711 4058/4058/4058
f 3711/3711/3711 4095/4095/4095 4058/4058/4058
f 4058/4058/4058 4095/4095/4095 4094/4094/4094
f 4058/4058/4058 4094/4094/4094 4057/4057/4057
f 3709/3709/3709 3589/3589/3589 3591/3591/3591
f 3591/3591/3591 3589/3589/3589 3374/3374/3374
f 3711/3711/3711 3709/3709/3709 3591/3591/3591
f 3128/3128/3128 3244/3244/3244 3242/3242/3242
f 3242/3242/3242 3244/3244/3244 3374/3374/3374
f 3126/3126/3126 3128/3128/3128 3242/3242/3242
f 1426/1426/1426 1424/1424/1424 1327/1327/1327
f 1426/1426/1426 1327/1327/1327 1329/1329/1329
f 1329/1329/1329 1327/1327/1327 1140/1140/1140
f 1329/1329/1329 1140/1140/1140 1142/1142/1142
f 802/802/802 804/804/804 922/922/922
f 802/802/802 922/922/922 920/920/920
f 920/920/920 922/922/922 1142/1142/1142
f 920/920/920 1142/1142/1142 1140/1140/1140
f 3128/3128/3128 3126/3126/3126 2904/2904/2904
f 2902/2902/2902 2776/2776/2776 2778/2778/2778
f 3126/3126/3126 2902/2902/2902 2904/2904/2904
f 2904/2904/2904 2902/2902/2902 2778/2778/2778
f 2524/2524/2524 2526/2526/2526 2652/2652/2652
f 2524/2524/2524 2652/2652/2652 2650/2650/2650
f 2650/2650/2650 2652/2652/2652 2778/2778/2778
f 2650/2650/2650 2778/2778/2778 2776/2776/2776
f 2022/2022/2022 2020/2020/2020 1894/1894/1894
f 2022/2022/2022 1894/1894/1894 1896/1896/1896
f 1896/1896/1896 1894/1894/1894 1768/1768/1768
f 1896/1896/1896 1768/1768/1768 1770/1770/1770
f 1424/1424/1424 1426/1426/1426 1644/1644/1644
f 1424/1424/1424 1644/1644/1644 1642/1642/1642
f 1642/1642/1642 1644/1644/1644 1770/1770/1770
f 1642/1642/1642 1770/1770/1770 1768/1768/1768
f 4088/4088/4088 4051/4051/4051 4052/4052/4052
f 4088/4088/4088 4052/4052/4052 4089/4089/4089
f 4088/4088/4088 4125/4125/4125 4087/4087/4087
f 4125/4125/4125 4124/4124/4124 4087/4087/4087
f 4087/4087/4087 4124/4124/4124 4123/4123/4123
f 4087/4087/4087 4123/4123/4123 4086/4086/4086
f 4121/4121/4121 4084/4084/4084 4122/4122/4122
f 4084/4084/4084 4085/4085/4085 4122/4122/4122
f 4122/4122/4122 4085/4085/4085 4086/4086/4086
f 4122/4122/4122 4086/4086/4086 4123/4123/4123
f 4092/4092/4092 4129/4129/4129 4128/4128/4128
f 4092/4092/4092 4128/4128/4128 4091/4091/4091
f 4127/4127/4127 4090/4090/4090 4091/4091/4091
f 4127/4127/4127 4091/4091/4091 4128/4128/4128
f 2027/2027/2027 2029/2029/2029 2155/2155/2155
f 2027/2027/2027 2155/2155/2155 2153/2153/2153
f 2153/2153/2153 2155/2155/2155 2281/2281/2281
f 2153/2153/2153 2281/2281/2281 2279/2279/2279
f 2533/2533/2533 2531/2531/2531 2405/2405/2405
f 2533/2533/2533 2405/2405/2405 2407/2407/2407
f 2407/2407/2407 2405/2405/2405 2279/2279/2279
f 2407/2407/2407 2279/2279/2279 2281/2281/2281
f 603/603/603 570/570/570 569/569/569
f 603/603/603 569/569/569 602/602/602
f 3134/3134/3134 3252/3252/3252 3250/3250/3250
f 3134/3134/3134 3136/3136/3136 3252/3252/3252
f 3250/3250/3250 3252/3252/3252 3382/3382/3382
f 3250/3250/3250 3382/3382/3382 3380/3380/3380
f 3599/3599/3599 3380/3380/3380 3382/3382/3382
f 808/808/808 810/810/810 928/928/928
f 808/808/808 928/928/928 926/926/926
f 926/926/926 928/928/928 1148/1148/1148
f 926/926/926 1148/1148/1148 1146/1146/1146
f 1433/1433/1433 1431/1431/1431 1334/1334/1334
f 1433/1433/1433 1334/1334/1334 1336/1336/1336
f 1336/1336/1336 1334/1334/1334 1146/1146/1146
f 1336/1336/1336 1146/1146/1146 1148/1148/1148
f 2531/2531/2531 2533/2533/2533 2659/2659/2659
f 2531/2531/2531 2659/2659/2659 2657/2657/2657
f 2657/2657/2657 2659/2659/2659 2785/2785/2785
f 2657/2657/2657 2785/2785/2785 2783/2783/2783
f 2911/2911/2911 2783/2783/2783 2785/2785/2785
f 3136/3136/3136 3134/3134/3134 2909/2909/2909
f 3136/3136/3136 2909/2909/2909 2911/2911/2911
f 2911/2911/2911 2909/2909/2909 2783/2783/2783
f 1431/1431/1431 1433/1433/1433 1651/1651/1651
f 1431/1431/1431 1651/1651/1651 1649/1649/1649
f 1649/1649/1649 1651/1651/1651 1777/1777/1777
f 1649/1649/1649 1777/1777/1777 1775/1775/1775
f 2029/2029/2029 2027/2027/2027 1901/1901/1901
f 2029/2029/2029 1901/1901/1901 1903/1903/1903
f 1903/1903/1903 1901/1901/1901 1775/1775/1775
f 1903/1903/1903 1775/1775/1775 1777/1777/1777
f 4240/4240/4240 4200/4200/4200 4201/4201/4201
f 4240/4240/4240 4201/4201/4201 4241/4241/4241
f 646/646/646 602/602/602 601/601/601
f 109/109/109 128/128/128 646/646/646
f 109/109/109 646/646/646 601/601/601
f 110/110/110 109/109/109 601/601/601
f 110/110/110 601/601/601 602/602/602
f 88/88/88 110/110/110 602/602/602
f 88/88/88 602/602/602 569/569/569
f 22/22/22 44/44/44 511/511/511
f 22/22/22 511/511/511 482/482/482
f 21/21/21 22/22/22 482/482/482
f 21/21/21 482/482/482 481/481/481
f 20/20/20 21/21/21 481/481/481
f 20/20/20 481/481/481 480/480/480
f 19/19/19 20/20/20 480/480/480
f 19/19/19 480/480/480 479/479/479
f 17/17/17 18/18/18 478/478/478
f 17/17/17 478/478/478 477/477/477
f 18/18/18 19/19/19 479/479/479
f 18/18/18 479/479/479 478/478/478
f 16/16/16 17/17/17 477/477/477
f 16/16/16 477/477/477 476/476/476
f 15/15/15 16/16/16 476/476/476
f 15/15/15 476/476/476 475/475/475
f 37/37/37 15/15/15 475/475/475
f 37/37/37 475/475/475 510/510/510
f 81/81/81 59/59/59 539/539/539
f 81/81/81 539/539/539 568/568/568
f 103/103/103 81/81/81 568/568/568
f 103/103/103 568/568/568 599/599/599
f 104/104/104 103/103/103 599/599/599
f 104/104/104 599/599/599 600/600/600
f 123/123/123 104/104/104 600/600/600
f 123/123/123 600/600/600 641/641/641
f 124/124/124 123/123/123 641/641/641
f 124/124/124 641/641/641 642/642/642
f 126/126/126 125/125/125 643/643/643
f 126/126/126 643/643/643 644/644/644
f 125/125/125 124/124/124 642/642/642
f 125/125/125 642/642/642 643/643/643
f 127/127/127 126/126/126 644/644/644
f 127/127/127 644/644/644 645/645/645
f 128/128/128 127/127/127 645/645/645
f 128/128/128 645/645/645 646/646/646
f 169/169/169 170/170/170 785/785/785
f 169/169/169 785/785/785 784/784/784
f 170/170/170 171/171/171 786/786/786
f 170/170/170 786/786/786 785/785/785
f 787/787/787 788/788/788 906/906/906
f 787/787/787 906/906/906 905/905/905
f 171/171/171 787/787/787 786/786/786
f 786/786/786 787/787/787 905/905/905
f 786/786/786 905/905/905 785/785/785
f 1025/1025/1025 1024/1024/1024 905/905/905
f 1024/1024/1024 904/904/904 905/905/905
f 1025/1025/1025 905/905/905 906/906/906
f 905/905/905 904/904/904 785/785/785
f 1023/1023/1023 1022/1022/1022 902/902/902
f 1023/1023/1023 902/902/902 903/903/903
f 903/903/903 902/902/902 784/784/784
f 1024/1024/1024 1023/1023/1023 903/903/903
f 1024/1024/1024 903/903/903 904/904/904
f 904/904/904 903/903/903 784/784/784
f 904/904/904 784/784/784 785/785/785
f 1022/1022/1022 1023/1023/1023 1121/1121/1121
f 1022/1022/1022 1121/1121/1121 1120/1120/1120
f 1023/1023/1023 1024/1024/1024 1121/1121/1121
f 1120/1120/1120 1121/1121/1121 1243/1243/1243
f 1120/1120/1120 1243/1243/1243 1242/1242/1242
f 1024/1024/1024 1025/1025/1025 1123/1123/1123
f 1024/1024/1024 1123/1123/1123 1122/1122/1122
f 1122/1122/1122 1123/1123/1123 1245/1245/1245
f 1122/1122/1122 1245/1245/1245 1244/1244/1244
f 1024/1024/1024 1122/1122/1122 1121/1121/1121
f 1121/1121/1121 1122/1122/1122 1244/1244/1244
f 1121/1121/1121 1244/1244/1244 1243/1243/1243
f 1530/1530/1530 1529/1529/1529 1407/1407/1407
f 1530/1530/1530 1407/1407/1407 1408/1408/1408
f 1529/1529/1529 1528/1528/1528 1406/1406/1406
f 1529/1529/1529 1406/1406/1406 1407/1407/1407
f 1408/1408/1408 1407/1407/1407 1244/1244/1244
f 1408/1408/1408 1244/1244/1244 1245/1245/1245
f 1407/1407/1407 1406/1406/1406 1243/1243/1243
f 1407/1407/1407 1243/1243/1243 1244/1244/1244
f 1528/1528/1528 1527/1527/1527 1310/1310/1310
f 1528/1528/1528 1310/1310/1310 1406/1406/1406
f 1406/1406/1406 1310/1310/1310 1242/1242/1242
f 1406/1406/1406 1242/1242/1242 1243/1243/1243
f 1071/1071/1071 1072/1072/1072 975/975/975
f 1071/1071/1071 975/975/975 974/974/974
f 1072/1072/1072 1073/1073/1073 976/976/976
f 1072/1072/1072 976/976/976 975/975/975
f 974/974/974 975/975/975 857/857/857
f 975/975/975 976/976/976 858/858/858
f 975/975/975 858/858/858 857/857/857
f 1073/1073/1073 1074/1074/1074 977/977/977
f 977/977/977 1074/1074/1074 978/978/978
f 1073/1073/1073 977/977/977 976/976/976
f 976/976/976 977/977/977 858/858/858
f 861/861/861 860/860/860 978/978/978
f 860/860/860 740/740/740 859/859/859
f 978/978/978 860/860/860 977/977/977
f 860/860/860 859/859/859 858/858/858
f 860/860/860 858/858/858 977/977/977
f 739/739/739 738/738/738 857/857/857
f 739/739/739 857/857/857 858/858/858
f 740/740/740 739/739/739 858/858/858
f 740/740/740 858/858/858 859/859/859
f 859/859/859 858/858/858 857/857/857
f 859/859/859 857/857/857 858/858/858
f 1574/1574/1574 1575/1575/1575 1481/1481/1481
f 1574/1574/1574 1481/1481/1481 1360/1360/1360
f 1360/1360/1360 1481/1481/1481 1288/1288/1288
f 1360/1360/1360 1288/1288/1288 1287/1287/1287
f 1576/1576/1576 1577/1577/1577 1483/1483/1483
f 1576/1576/1576 1483/1483/1483 1482/1482/1482
f 1482/1482/1482 1483/1483/1483 1290/1290/1290
f 1482/1482/1482 1290/1290/1290 1289/1289/1289
f 1575/1575/1575 1576/1576/1576 1482/1482/1482
f 1575/1575/1575 1482/1482/1482 1481/1481/1481
f 1481/1481/1481 1482/1482/1482 1289/1289/1289
f 1481/1481/1481 1289/1289/1289 1288/1288/1288
f 1074/1074/1074 1073/1073/1073 1197/1197/1197
f 1074/1074/1074 1197/1197/1197 1198/1198/1198
f 1073/1073/1073 1196/1196/1196 1197/1197/1197
f 1198/1198/1198 1197/1197/1197 1289/1289/1289
f 1198/1198/1198 1289/1289/1289 1290/1290/1290
f 1197/1197/1197 1196/1196/1196 1288/1288/1288
f 1197/1197/1197 1288/1288/1288 1289/1289/1289
f 1072/1072/1072 1071/1071/1071 1195/1195/1195
f 1072/1072/1072 1195/1195/1195 1196/1196/1196
f 1196/1196/1196 1195/1195/1195 1287/1287/1287
f 1196/1196/1196 1287/1287/1287 1288/1288/1288
f 1073/1073/1073 1072/1072/1072 1196/1196/1196
f 169/169/169 168/168/168 212/212/212
f 169/169/169 212/212/212 213/213/213
f 168/168/168 167/167/167 211/211/211
f 168/168/168 211/211/211 212/212/212
f 301/301/301 302/302/302 257/257/257
f 301/301/301 257/257/257 256/256/256
f 256/256/256 257/257/257 212/212/212
f 256/256/256 212/212/212 211/211/211
f 302/302/302 303/303/303 258/258/258
f 302/302/302 258/258/258 257/257/257
f 257/257/257 258/258/258 213/213/213
f 257/257/257 213/213/213 212/212/212
f 738/738/738 739/739/739 694/694/694
f 738/738/738 694/694/694 693/693/693
f 739/739/739 740/740/740 695/695/695
f 739/739/739 695/695/695 694/694/694
f 860/860/860 861/861/861 741/741/741
f 741/741/741 861/861/861 814/814/814
f 741/741/741 814/814/814 696/696/696
f 740/740/740 860/860/860 741/741/741
f 740/740/740 741/741/741 696/696/696
f 740/740/740 696/696/696 695/695/695
f 812/812/812 651/651/651 696/696/696
f 812/812/812 696/696/696 814/814/814
f 651/651/651 650/650/650 695/695/695
f 651/651/651 695/695/695 696/696/696
f 649/649/649 648/648/648 693/693/693
f 649/649/649 693/693/693 694/694/694
f 650/650/650 649/649/649 694/694/694
f 650/650/650 694/694/694 695/695/695
f 483/483/483 482/482/482 511/511/511
f 483/483/483 511/511/511 512/512/512
f 603/603/603 604/604/604 571/571/571
f 603/603/603 571/571/571 570/570/570
f 604/604/604 605/605/605 572/572/572
f 604/604/604 572/572/572 571/571/571
f 606/606/606 810/810/810 808/808/808
f 606/606/606 808/808/808 573/573/573
f 605/605/605 606/606/606 573/573/573
f 605/605/605 573/573/573 572/572/572
f 161/161/161 162/162/162 777/777/777
f 161/161/161 777/777/777 776/776/776
f 1016/1016/1016 1015/1015/1015 895/895/895
f 1016/1016/1016 895/895/895 896/896/896
f 896/896/896 895/895/895 776/776/776
f 896/896/896 776/776/776 777/777/777
f 1015/1015/1015 1016/1016/1016 1114/1114/1114
f 1015/1015/1015 1114/1114/1114 1113/1113/1113
f 1304/1304/1304 1303/1303/1303 1236/1236/1236
f 1236/1236/1236 1113/1113/1113 1114/1114/1114
f 1236/1236/1236 1303/1303/1303 1235/1235/1235
f 1236/1236/1236 1235/1235/1235 1113/1113/1113
f 1398/1398/1398 1520/1520/1520 1303/1303/1303
f 1304/1304/1304 1398/1398/1398 1303/1303/1303
f 1064/1064/1064 1065/1065/1065 968/968/968
f 1064/1064/1064 968/968/968 967/967/967
f 967/967/967 968/968/968 850/850/850
f 967/967/967 850/850/850 849/849/849
f 731/731/731 730/730/730 849/849/849
f 731/731/731 849/849/849 850/850/850
f 1567/1567/1567 1473/1473/1473 1353/1353/1353
f 1473/1473/1473 1354/1354/1354 1353/1353/1353
f 1281/1281/1281 1189/1189/1189 1188/1188/1188
f 1354/1354/1354 1281/1281/1281 1353/1353/1353
f 1353/1353/1353 1281/1281/1281 1188/1188/1188
f 1353/1353/1353 1188/1188/1188 1280/1280/1280
f 1065/1065/1065 1064/1064/1064 1188/1188/1188
f 1065/1065/1065 1188/1188/1188 1189/1189/1189
f 730/730/730 731/731/731 686/686/686
f 730/730/730 686/686/686 685/685/685
f 641/641/641 640/640/640 685/685/685
f 641/641/641 685/685/685 686/686/686
f 161/161/161 160/160/160 204/204/204
f 161/161/161 204/204/204 205/205/205
f 159/159/159 158/158/158 202/202/202
f 159/159/159 202/202/202 203/203/203
f 160/160/160 159/159/159 203/203/203
f 160/160/160 203/203/203 204/204/204
f 292/292/292 293/293/293 248/248/248
f 292/292/292 248/248/248 247/247/247
f 293/293/293 294/294/294 249/249/249
f 293/293/293 249/249/249 248/248/248
f 247/247/247 248/248/248 203/203/203
f 247/247/247 203/203/203 202/202/202
f 248/248/248 249/249/249 204/204/204
f 248/248/248 204/204/204 203/203/203
f 294/294/294 295/295/295 250/250/250
f 294/294/294 250/250/250 249/249/249
f 249/249/249 250/250/250 205/205/205
f 249/249/249 205/205/205 204/204/204
f 596/596/596 597/597/597 566/566/566
f 596/596/596 566/566/566 565/565/565
f 597/597/597 598/598/598 567/567/567
f 597/597/597 567/567/567 566/566/566
f 598/598/598 599/599/599 568/568/568
f 598/598/598 568/568/568 567/567/567
f 475/475/475 474/474/474 509/509/509
f 475/475/475 509/509/509 510/510/510
f 473/473/473 472/472/472 507/507/507
f 473/473/473 507/507/507 508/508/508
f 474/474/474 473/473/473 508/508/508
f 474/474/474 508/508/508 509/509/509
f 565/565/565 566/566/566 537/537/537
f 565/565/565 537/537/537 536/536/536
f 566/566/566 567/567/567 538/538/538
f 566/566/566 538/538/538 537/537/537
f 567/567/567 568/568/568 539/539/539
f 567/567/567 539/539/539 538/538/538
f 480/480/480 435/435/435 434/434/434
f 480/480/480 434/434/434 479/479/479
f 431/431/431 476/476/476 477/477/477
f 431/431/431 477/477/477 432/432/432
f 432/432/432 477/477/477 478/478/478
f 432/432/432 478/478/478 433/433/433
f 479/479/479 434/434/434 433/433/433
f 479/479/479 433/433/433 478/478/478
f 4021/4021/4021 3979/3979/3979 3980/3980/3980
f 4021/4021/4021 3980/3980/3980 4022/4022/4022
f 4022/4022/4022 3980/3980/3980 4023/4023/4023
f 3980/3980/3980 3981/3981/3981 4023/4023/4023
f 3705/3705/3705 3707/3707/3707 3982/3982/3982
f 3707/3707/3707 4024/4024/4024 3982/3982/3982
f 3982/3982/3982 4024/4024/4024 3981/3981/3981
f 4024/4024/4024 4023/4023/4023 3981/3981/3981
f 3707/3707/3707 3705/3705/3705 3587/3587/3587
f 3122/3122/3122 3124/3124/3124 3238/3238/3238
f 3124/3124/3124 3240/3240/3240 3238/3238/3238
f 3238/3238/3238 3240/3240/3240 3370/3370/3370
f 3124/3124/3124 3122/3122/3122 2900/2900/2900
f 4015/4015/4015 3974/3974/3974 4016/4016/4016
f 4015/4015/4015 3973/3973/3973 3974/3974/3974
f 3975/3975/3975 4017/4017/4017 4016/4016/4016
f 3975/3975/3975 4016/4016/4016 3974/3974/3974
f 436/436/436 481/481/481 482/482/482
f 436/436/436 482/482/482 437/437/437
f 483/483/483 438/438/438 437/437/437
f 483/483/483 437/437/437 482/482/482
f 418/418/418 463/463/463 464/464/464
f 418/418/418 464/464/464 419/419/419
f 640/640/640 599/599/599 598/598/598
f 640/640/640 598/598/598 639/639/639
f 596/596/596 637/637/637 638/638/638
f 596/596/596 638/638/638 597/597/597
f 597/597/597 638/638/638 639/639/639
f 597/597/597 639/639/639 598/598/598
f 647/647/647 602/602/602 646/646/646
f 4282/4282/4282 4240/4240/4240 4241/4241/4241
f 4282/4282/4282 4241/4241/4241 4283/4283/4283
f 4242/4242/4242 4284/4284/4284 4283/4283/4283
f 4242/4242/4242 4283/4283/4283 4241/4241/4241
f 4243/4243/4243 4285/4285/4285 4284/4284/4284
f 4243/4243/4243 4284/4284/4284 4242/4242/4242
f 2031/2031/2031 2034/2034/2034 2160/2160/2160
f 2031/2031/2031 2160/2160/2160 2157/2157/2157
f 2034/2034/2034 2033/2033/2033 2159/2159/2159
f 2034/2034/2034 2159/2159/2159 2160/2160/2160
f 2157/2157/2157 2160/2160/2160 2286/2286/2286
f 2157/2157/2157 2286/2286/2286 2283/2283/2283
f 2160/2160/2160 2159/2159/2159 2285/2285/2285
f 2160/2160/2160 2285/2285/2285 2286/2286/2286
f 2033/2033/2033 2083/2083/2083 2209/2209/2209
f 2033/2033/2033 2209/2209/2209 2159/2159/2159
f 2159/2159/2159 2209/2209/2209 2335/2335/2335
f 2159/2159/2159 2335/2335/2335 2285/2285/2285
f 2587/2587/2587 2537/2537/2537 2411/2411/2411
f 2587/2587/2587 2411/2411/2411 2461/2461/2461
f 2461/2461/2461 2411/2411/2411 2285/2285/2285
f 2461/2461/2461 2285/2285/2285 2335/2335/2335
f 2538/2538/2538 2535/2535/2535 2409/2409/2409
f 2538/2538/2538 2409/2409/2409 2412/2412/2412
f 2412/2412/2412 2409/2409/2409 2283/2283/2283
f 2412/2412/2412 2283/2283/2283 2286/2286/2286
f 2537/2537/2537 2538/2538/2538 2412/2412/2412
f 2537/2537/2537 2412/2412/2412 2411/2411/2411
f 2411/2411/2411 2412/2412/2412 2286/2286/2286
f 2411/2411/2411 2286/2286/2286 2285/2285/2285
f 646/646/646 691/691/691 692/692/692
f 646/646/646 692/692/692 647/647/647
f 691/691/691 736/736/736 737/737/737
f 691/691/691 737/737/737 692/692/692
f 738/738/738 693/693/693 692/692/692
f 738/738/738 692/692/692 737/737/737
f 693/693/693 648/648/648 647/647/647
f 693/693/693 647/647/647 692/692/692
f 3138/3138/3138 3020/3020/3020 3256/3256/3256
f 3138/3138/3138 3256/3256/3256 3254/3254/3254
f 3254/3254/3254 3256/3256/3256 3386/3386/3386
f 3254/3254/3254 3386/3386/3386 3384/3384/3384
f 3069/3069/3069 3301/3301/3301 3256/3256/3256
f 3256/3256/3256 3301/3301/3301 3433/3433/3433
f 3256/3256/3256 3433/3433/3433 3386/3386/3386
f 3020/3020/3020 3069/3069/3069 3256/3256/3256
f 3771/3771/3771 3723/3723/3723 3485/3485/3485
f 3771/3771/3771 3485/3485/3485 3531/3531/3531
f 3723/3723/3723 3603/3603/3603 3485/3485/3485
f 3531/3531/3531 3485/3485/3485 3386/3386/3386
f 3531/3531/3531 3386/3386/3386 3433/3433/3433
f 3485/3485/3485 3603/3603/3603 3386/3386/3386
f 3723/3723/3723 3721/3721/3721 3601/3601/3601
f 3723/3723/3723 3601/3601/3601 3603/3603/3603
f 3603/3603/3603 3601/3601/3601 3384/3384/3384
f 3603/3603/3603 3384/3384/3384 3386/3386/3386
f 812/812/812 814/814/814 932/932/932
f 812/812/812 932/932/932 930/930/930
f 930/930/930 932/932/932 1152/1152/1152
f 930/930/930 1152/1152/1152 1150/1150/1150
f 861/861/861 1077/1077/1077 979/979/979
f 979/979/979 1077/1077/1077 1201/1201/1201
f 814/814/814 861/861/861 979/979/979
f 814/814/814 979/979/979 932/932/932
f 932/932/932 979/979/979 1201/1201/1201
f 932/932/932 1201/1201/1201 1152/1152/1152
f 1485/1485/1485 1437/1437/1437 1340/1340/1340
f 1485/1485/1485 1340/1340/1340 1363/1363/1363
f 1363/1363/1363 1340/1340/1340 1152/1152/1152
f 1363/1363/1363 1152/1152/1152 1201/1201/1201
f 1438/1438/1438 1435/1435/1435 1338/1338/1338
f 1438/1438/1438 1338/1338/1338 1341/1341/1341
f 1341/1341/1341 1338/1338/1338 1150/1150/1150
f 1341/1341/1341 1150/1150/1150 1152/1152/1152
f 1437/1437/1437 1438/1438/1438 1341/1341/1341
f 1437/1437/1437 1341/1341/1341 1340/1340/1340
f 1340/1340/1340 1341/1341/1341 1152/1152/1152
f 2535/2535/2535 2538/2538/2538 2664/2664/2664
f 2535/2535/2535 2664/2664/2664 2661/2661/2661
f 2538/2538/2538 2537/2537/2537 2663/2663/2663
f 2538/2538/2538 2663/2663/2663 2664/2664/2664
f 2661/2661/2661 2664/2664/2664 2790/2790/2790
f 2661/2661/2661 2790/2790/2790 2787/2787/2787
f 2664/2664/2664 2663/2663/2663 2789/2789/2789
f 2664/2664/2664 2789/2789/2789 2790/2790/2790
f 2537/2537/2537 2587/2587/2587 2713/2713/2713
f 2537/2537/2537 2713/2713/2713 2663/2663/2663
f 2663/2663/2663 2713/2713/2713 2839/2839/2839
f 2663/2663/2663 2839/2839/2839 2789/2789/2789
f 3069/3069/3069 3020/3020/3020 2915/2915/2915
f 3069/3069/3069 2915/2915/2915 2965/2965/2965
f 2965/2965/2965 2915/2915/2915 2789/2789/2789
f 2965/2965/2965 2789/2789/2789 2839/2839/2839
f 3138/3138/3138 2913/2913/2913 2916/2916/2916
f 2916/2916/2916 2913/2913/2913 2787/2787/2787
f 2916/2916/2916 2787/2787/2787 2790/2790/2790
f 3020/3020/3020 3138/3138/3138 2916/2916/2916
f 3020/3020/3020 2916/2916/2916 2915/2915/2915
f 2915/2915/2915 2916/2916/2916 2790/2790/2790
f 2915/2915/2915 2790/2790/2790 2789/2789/2789
f 1435/1435/1435 1438/1438/1438 1656/1656/1656
f 1435/1435/1435 1656/1656/1656 1653/1653/1653
f 1438/1438/1438 1437/1437/1437 1655/1655/1655
f 1438/1438/1438 1655/1655/1655 1656/1656/1656
f 1653/1653/1653 1656/1656/1656 1782/1782/1782
f 1653/1653/1653 1782/1782/1782 1779/1779/1779
f 1656/1656/1656 1655/1655/1655 1781/1781/1781
f 1656/1656/1656 1781/1781/1781 1782/1782/1782
f 1437/1437/1437 1485/1485/1485 1705/1705/1705
f 1437/1437/1437 1705/1705/1705 1655/1655/1655
f 1655/1655/1655 1705/1705/1705 1831/1831/1831
f 1655/1655/1655 1831/1831/1831 1781/1781/1781
f 2083/2083/2083 2033/2033/2033 1907/1907/1907
f 2083/2083/2083 1907/1907/1907 1957/1957/1957
f 1957/1957/1957 1907/1907/1907 1781/1781/1781
f 1957/1957/1957 1781/1781/1781 1831/1831/1831
f 2034/2034/2034 2031/2031/2031 1905/1905/1905
f 2034/2034/2034 1905/1905/1905 1908/1908/1908
f 1908/1908/1908 1905/1905/1905 1779/1779/1779
f 1908/1908/1908 1779/1779/1779 1782/1782/1782
f 2033/2033/2033 2034/2034/2034 1908/1908/1908
f 2033/2033/2033 1908/1908/1908 1907/1907/1907
f 1907/1907/1907 1908/1908/1908 1782/1782/1782
f 1907/1907/1907 1782/1782/1782 1781/1781/1781
f 4288/4288/4288 4332/4332/4332 4331/4331/4331
f 4288/4288/4288 4331/4331/4331 4287/4287/4287
f 4332/4332/4332 4373/4373/4373 4372/4372/4372
f 4332/4332/4332 4372/4372/4372 4331/4331/4331
f 4371/4371/4371 4330/4330/4330 4331/4331/4331
f 4371/4371/4371 4331/4331/4331 4372/4372/4372
f 4330/4330/4330 4286/4286/4286 4287/4287/4287
f 4330/4330/4330 4287/4287/4287 4331/4331/4331
f 641/641/641 686/686/686 687/687/687
f 641/641/641 687/687/687 642/642/642
f 686/686/686 731/731/731 732/732/732
f 686/686/686 732/732/732 687/687/687
f 4370/4370/4370 4329/4329/4329 4330/4330/4330
f 4370/4370/4370 4330/4330/4330 4371/4371/4371
f 4329/4329/4329 4285/4285/4285 4286/4286/4286
f 4329/4329/4329 4286/4286/4286 4330/4330/4330
f 812/812/812 810/810/810 606/606/606
f 812/812/812 606/606/606 651/651/651
f 651/651/651 606/606/606 605/605/605
f 651/651/651 605/605/605 650/650/650
f 603/603/603 648/648/648 649/649/649
f 603/603/603 649/649/649 604/604/604
f 604/604/604 649/649/649 650/650/650
f 604/604/604 650/650/650 605/605/605
f 641/641/641 600/600/600 599/599/599
f 641/641/641 599/599/599 640/640/640
f 4270/4270/4270 4228/4228/4228 4229/4229/4229
f 4270/4270/4270 4229/4229/4229 4271/4271/4271
f 4271/4271/4271 4229/4229/4229 4230/4230/4230
f 4271/4271/4271 4230/4230/4230 4272/4272/4272
f 4232/4232/4232 4274/4274/4274 4273/4273/4273
f 4232/4232/4232 4273/4273/4273 4231/4231/4231
f 4231/4231/4231 4273/4273/4273 4272/4272/4272
f 4231/4231/4231 4272/4272/4272 4230/4230/4230
f 4431/4431/4431 4430/4430/4430 4411/4411/4411
f 4431/4431/4431 4411/4411/4411 4412/4412/4412
f 4411/4411/4411 4430/4430/4430 4505/4505/4505
f 4411/4411/4411 4505/4505/4505 4489/4489/4489
f 4395/4395/4395 4412/4412/4412 4411/4411/4411
f 4395/4395/4395 4411/4411/4411 4394/4394/4394
f 4438/4438/4438 4430/4430/4430 4431/4431/4431
f 4438/4438/4438 4431/4431/4431 4439/4439/4439
f 4430/4430/4430 4438/4438/4438 4510/4510/4510
f 4430/4430/4430 4510/4510/4510 4505/4505/4505
f 4428/4428/4428 4409/4409/4409 4410/4410/4410
f 4428/4428/4428 4410/4410/4410 4429/4429/4429
f 4463/4463/4463 4524/4524/4524 4525/4525/4525
f 4504/4504/4504 4429/4429/4429 4410/4410/4410
f 4504/4504/4504 4410/4410/4410 4488/4488/4488
f 4524/4524/4524 4463/4463/4463 4462/4462/4462
f 4411/4411/4411 4489/4489/4489 4488/4488/4488
f 4411/4411/4411 4488/4488/4488 4410/4410/4410
f 4393/4393/4393 4409/4409/4409 4392/4392/4392
f 4393/4393/4393 4394/4394/4394 4411/4411/4411
f 4393/4393/4393 4411/4411/4411 4410/4410/4410
f 4393/4393/4393 4410/4410/4410 4409/4409/4409
f 4437/4437/4437 4436/4436/4436 4428/4428/4428
f 4437/4437/4437 4428/4428/4428 4429/4429/4429
f 4509/4509/4509 4437/4437/4437 4429/4429/4429
f 4509/4509/4509 4429/4429/4429 4504/4504/4504
f 4510/4510/4510 4515/4515/4515 4514/4514/4514
f 4510/4510/4510 4514/4514/4514 4509/4509/4509
f 4463/4463/4463 4454/4454/4454 4455/4455/4455
f 4463/4463/4463 4455/4455/4455 4464/4464/4464
f 4454/4454/4454 4446/4446/4446 4447/4447/4447
f 4454/4454/4454 4447/4447/4447 4455/4455/4455
f 4446/4446/4446 4454/4454/4454 4520/4520/4520
f 4446/4446/4446 4520/4520/4520 4515/4515/4515
f 4454/4454/4454 4463/4463/4463 4525/4525/4525
f 4454/4454/4454 4525/4525/4525 4520/4520/4520
f 4461/4461/4461 4452/4452/4452 4453/4453/4453
f 4461/4461/4461 4453/4453/4453 4462/4462/4462
f 4452/4452/4452 4444/4444/4444 4445/4445/4445
f 4452/4452/4452 4445/4445/4445 4453/4453/4453
f 4515/4515/4515 4520/4520/4520 4519/4519/4519
f 4515/4515/4515 4519/4519/4519 4514/4514/4514
f 4520/4520/4520 4525/4525/4525 4524/4524/4524
f 4520/4520/4520 4524/4524/4524 4519/4519/4519
f 4462/4462/4462 4453/4453/4453 4519/4519/4519
f 4462/4462/4462 4519/4519/4519 4524/4524/4524
f 4453/4453/4453 4445/4445/4445 4514/4514/4514
f 4453/4453/4453 4514/4514/4514 4519/4519/4519
f 4394/4394/4394 4018/4018/4018 4019/4019/4019
f 4394/4394/4394 4019/4019/4019 4395/4395/4395
f 4053/4053/4053 4412/4412/4412 4395/4395/4395
f 4053/4053/4053 4395/4395/4395 4019/4019/4019
f 4090/4090/4090 4431/4431/4431 4412/4412/4412
f 4090/4090/4090 4412/4412/4412 4053/4053/4053
f 4439/4439/4439 4127/4127/4127 4165/4165/4165
f 4439/4439/4439 4165/4165/4165 4447/4447/4447
f 4244/4244/4244 4464/4464/4464 4455/4455/4455
f 4244/4244/4244 4455/4455/4455 4202/4202/4202
f 4464/4464/4464 4244/4244/4244 4243/4243/4243
f 4464/4464/4464 4243/4243/4243 4463/4463/4463
f 4241/4241/4241 4461/4461/4461 4462/4462/4462
f 4241/4241/4241 4462/4462/4462 4242/4242/4242
f 4463/4463/4463 4243/4243/4243 4242/4242/4242
f 4463/4463/4463 4242/4242/4242 4462/4462/4462
f 4164/4164/4164 4444/4444/4444 4452/4452/4452
f 4164/4164/4164 4452/4452/4452 4201/4201/4201
f 4089/4089/4089 4428/4428/4428 4436/4436/4436
f 4089/4089/4089 4436/4436/4436 4126/4126/4126
f 4428/4428/4428 4089/4089/4089 4052/4052/4052
f 4428/4428/4428 4052/4052/4052 4409/4409/4409
f 4409/4409/4409 4052/4052/4052 4016/4016/4016
f 4409/4409/4409 4016/4016/4016 4392/4392/4392
f 4017/4017/4017 4393/4393/4393 4392/4392/4392
f 4017/4017/4017 4392/4392/4392 4016/4016/4016
f 4018/4018/4018 4394/4394/4394 4393/4393/4393
f 4018/4018/4018 4393/4393/4393 4017/4017/4017
f 152/152/152 153/153/153 768/768/768
f 152/152/152 768/768/768 767/767/767
f 153/153/153 154/154/154 769/769/769
f 153/153/153 769/769/769 768/768/768
f 1008/1008/1008 1007/1007/1007 887/887/887
f 1008/1008/1008 887/887/887 888/888/888
f 888/888/888 887/887/887 768/768/768
f 888/888/888 768/768/768 769/769/769
f 1007/1007/1007 1006/1006/1006 886/886/886
f 1007/1007/1007 886/886/886 887/887/887
f 887/887/887 886/886/886 767/767/767
f 887/887/887 767/767/767 768/768/768
f 1006/1006/1006 1007/1007/1007 1105/1105/1105
f 1006/1006/1006 1105/1105/1105 1104/1104/1104
f 1104/1104/1104 1105/1105/1105 1227/1227/1227
f 1104/1104/1104 1227/1227/1227 1226/1226/1226
f 1007/1007/1007 1008/1008/1008 1106/1106/1106
f 1007/1007/1007 1106/1106/1106 1105/1105/1105
f 1105/1105/1105 1106/1106/1106 1228/1228/1228
f 1105/1105/1105 1228/1228/1228 1227/1227/1227
f 1513/1513/1513 1512/1512/1512 1390/1390/1390
f 1513/1513/1513 1390/1390/1390 1391/1391/1391
f 1391/1391/1391 1390/1390/1390 1227/1227/1227
f 1391/1391/1391 1227/1227/1227 1228/1228/1228
f 1512/1512/1512 1511/1511/1511 1389/1389/1389
f 1512/1512/1512 1389/1389/1389 1390/1390/1390
f 1390/1390/1390 1389/1389/1389 1226/1226/1226
f 1390/1390/1390 1226/1226/1226 1227/1227/1227
f 1511/1511/1511 1512/1512/1512 1607/1607/1607
f 1511/1511/1511 1607/1607/1607 1606/1606/1606
f 1606/1606/1606 1607/1607/1607 1733/1733/1733
f 1606/1606/1606 1733/1733/1733 1732/1732/1732
f 1512/1512/1512 1513/1513/1513 1608/1608/1608
f 1512/1512/1512 1608/1608/1608 1607/1607/1607
f 1607/1607/1607 1608/1608/1608 1734/1734/1734
f 1607/1607/1607 1734/1734/1734 1733/1733/1733
f 1986/1986/1986 1985/1985/1985 1859/1859/1859
f 1986/1986/1986 1859/1859/1859 1860/1860/1860
f 1860/1860/1860 1859/1859/1859 1733/1733/1733
f 1860/1860/1860 1733/1733/1733 1734/1734/1734
f 1985/1985/1985 1984/1984/1984 1858/1858/1858
f 1985/1985/1985 1858/1858/1858 1859/1859/1859
f 1859/1859/1859 1858/1858/1858 1732/1732/1732
f 1859/1859/1859 1732/1732/1732 1733/1733/1733
f 1055/1055/1055 1056/1056/1056 959/959/959
f 1055/1055/1055 959/959/959 958/958/958
f 958/958/958 959/959/959 841/841/841
f 958/958/958 841/841/841 840/840/840
f 1056/1056/1056 1057/1057/1057 960/960/960
f 1056/1056/1056 960/960/960 959/959/959
f 959/959/959 960/960/960 842/842/842
f 959/959/959 842/842/842 841/841/841
f 723/723/723 722/722/722 841/841/841
f 723/723/723 841/841/841 842/842/842
f 722/722/722 721/721/721 840/840/840
f 722/722/722 840/840/840 841/841/841
f 1558/1558/1558 1559/1559/1559 1465/1465/1465
f 1558/1558/1558 1465/1465/1465 1464/1464/1464
f 1464/1464/1464 1465/1465/1465 1272/1272/1272
f 1464/1464/1464 1272/1272/1272 1271/1271/1271
f 1559/1559/1559 1560/1560/1560 1466/1466/1466
f 1559/1559/1559 1466/1466/1466 1465/1465/1465
f 1465/1465/1465 1466/1466/1466 1273/1273/1273
f 1465/1465/1465 1273/1273/1273 1272/1272/1272
f 1057/1057/1057 1056/1056/1056 1180/1180/1180
f 1057/1057/1057 1180/1180/1180 1181/1181/1181
f 1181/1181/1181 1180/1180/1180 1272/1272/1272
f 1181/1181/1181 1272/1272/1272 1273/1273/1273
f 1056/1056/1056 1055/1055/1055 1179/1179/1179
f 1056/1056/1056 1179/1179/1179 1180/1180/1180
f 1180/1180/1180 1179/1179/1179 1271/1271/1271
f 1180/1180/1180 1271/1271/1271 1272/1272/1272
f 2061/2061/2061 2062/2062/2062 1936/1936/1936
f 2061/2061/2061 1936/1936/1936 1935/1935/1935
f 1935/1935/1935 1936/1936/1936 1810/1810/1810
f 1935/1935/1935 1810/1810/1810 1809/1809/1809
f 2062/2062/2062 2063/2063/2063 1937/1937/1937
f 2062/2062/2062 1937/1937/1937 1936/1936/1936
f 1936/1936/1936 1937/1937/1937 1811/1811/1811
f 1936/1936/1936 1811/1811/1811 1810/1810/1810
f 1560/1560/1560 1559/1559/1559 1684/1684/1684
f 1560/1560/1560 1684/1684/1684 1685/1685/1685
f 1685/1685/1685 1684/1684/1684 1810/1810/1810
f 1685/1685/1685 1810/1810/1810 1811/1811/1811
f 1559/1559/1559 1558/1558/1558 1683/1683/1683
f 1559/1559/1559 1683/1683/1683 1684/1684/1684
f 1684/1684/1684 1683/1683/1683 1809/1809/1809
f 1684/1684/1684 1809/1809/1809 1810/1810/1810
f 721/721/721 722/722/722 677/677/677
f 721/721/721 677/677/677 676/676/676
f 722/722/722 723/723/723 678/678/678
f 722/722/722 678/678/678 677/677/677
f 633/633/633 632/632/632 677/677/677
f 633/633/633 677/677/677 678/678/678
f 632/632/632 631/631/631 676/676/676
f 632/632/632 676/676/676 677/677/677
f 3799/3799/3799 3842/3842/3842 3841/3841/3841
f 3799/3799/3799 3800/3800/3800 3842/3842/3842
f 3884/3884/3884 3883/3883/3883 3841/3841/3841
f 3884/3884/3884 3841/3841/3841 3842/3842/3842
f 3799/3799/3799 3798/3798/3798 3678/3678/3678
f 3798/3798/3798 3797/3797/3797 3677/3677/3677
f 3798/3798/3798 3677/3677/3677 3678/3678/3678
f 3460/3460/3460 3558/3558/3558 3557/3557/3557
f 3557/3557/3557 3558/3558/3558 3677/3677/3677
f 3460/3460/3460 3461/3461/3461 3558/3558/3558
f 3558/3558/3558 3678/3678/3678 3677/3677/3677
f 3461/3461/3461 3339/3339/3339 3340/3340/3340
f 3461/3461/3461 3460/3460/3460 3339/3339/3339
f 3340/3340/3340 3339/3339/3339 3208/3208/3208
f 3512/3512/3512 3511/3511/3511 3630/3630/3630
f 3630/3630/3630 3751/3751/3751 3752/3752/3752
f 3511/3511/3511 3629/3629/3629 3630/3630/3630
f 3630/3630/3630 3629/3629/3629 3751/3751/3751
f 4359/4359/4359 4360/4360/4360 3751/3751/3751
f 4360/4360/4360 3752/3752/3752 3751/3751/3751
f 4360/4360/4360 4361/4361/4361 3752/3752/3752
f 3512/3512/3512 3413/3413/3413 3412/3412/3412
f 3412/3412/3412 3413/3413/3413 3281/3281/3281
f 3511/3511/3511 3512/3512/3512 3412/3412/3412
f 4234/4234/4234 4233/4233/4233 4193/4193/4193
f 4234/4234/4234 4193/4193/4193 4194/4194/4194
f 4361/4361/4361 4360/4360/4360 4318/4318/4318
f 4361/4361/4361 4318/4318/4318 4319/4319/4319
f 4360/4360/4360 4359/4359/4359 4318/4318/4318
f 4275/4275/4275 4276/4276/4276 4319/4319/4319
f 4275/4275/4275 4319/4319/4319 4318/4318/4318
f 4157/4157/4157 4156/4156/4156 4118/4118/4118
f 4157/4157/4157 4118/4118/4118 4119/4119/4119
f 423/423/423 422/422/422 467/467/467
f 423/423/423 467/467/467 468/468/468
f 422/422/422 421/421/421 466/466/466
f 422/422/422 466/466/466 467/467/467
f 3798/3798/3798 3841/3841/3841 3840/3840/3840
f 3798/3798/3798 3799/3799/3799 3841/3841/3841
f 3883/3883/3883 3882/3882/3882 3840/3840/3840
f 3883/3883/3883 3840/3840/3840 3841/3841/3841
f 2488/2488/2488 2487/2487/2487 2361/2361/2361
f 2488/2488/2488 2361/2361/2361 2362/2362/2362
f 2362/2362/2362 2361/2361/2361 2235/2235/2235
f 2362/2362/2362 2235/2235/2235 2236/2236/2236
f 1983/1983/1983 1984/1984/1984 2110/2110/2110
f 1983/1983/1983 2110/2110/2110 2109/2109/2109
f 2109/2109/2109 2110/2110/2110 2236/2236/2236
f 2109/2109/2109 2236/2236/2236 2235/2235/2235
f 3459/3459/3459 3460/3460/3460 3557/3557/3557
f 3557/3557/3557 3677/3677/3677 3676/3676/3676
f 3460/3460/3460 3338/3338/3338 3339/3339/3339
f 3339/3339/3339 3338/3338/3338 3207/3207/3207
f 3339/3339/3339 3207/3207/3207 3208/3208/3208
f 3460/3460/3460 3459/3459/3459 3338/3338/3338
f 2991/2991/2991 2992/2992/2992 3094/3094/3094
f 2991/2991/2991 3094/3094/3094 3093/3093/3093
f 3093/3093/3093 3094/3094/3094 3208/3208/3208
f 3093/3093/3093 3208/3208/3208 3207/3207/3207
f 2992/2992/2992 2991/2991/2991 2865/2865/2865
f 2992/2992/2992 2865/2865/2865 2866/2866/2866
f 2866/2866/2866 2865/2865/2865 2739/2739/2739
f 2866/2866/2866 2739/2739/2739 2740/2740/2740
f 2487/2487/2487 2488/2488/2488 2614/2614/2614
f 2487/2487/2487 2614/2614/2614 2613/2613/2613
f 2613/2613/2613 2614/2614/2614 2740/2740/2740
f 2613/2613/2613 2740/2740/2740 2739/2739/2739
f 2061/2061/2061 2060/2060/2060 2186/2186/2186
f 2061/2061/2061 2186/2186/2186 2187/2187/2187
f 2187/2187/2187 2186/2186/2186 2312/2312/2312
f 2187/2187/2187 2312/2312/2312 2313/2313/2313
f 2564/2564/2564 2565/2565/2565 2439/2439/2439
f 2564/2564/2564 2439/2439/2439 2438/2438/2438
f 2438/2438/2438 2439/2439/2439 2313/2313/2313
f 2438/2438/2438 2313/2313/2313 2312/2312/2312
f 3629/3629/3629 3750/3750/3750 3751/3751/3751
f 3511/3511/3511 3510/3510/3510 3629/3629/3629
f 3047/3047/3047 3046/3046/3046 3162/3162/3162
f 3047/3047/3047 3162/3162/3162 3163/3163/3163
f 3163/3163/3163 3162/3162/3162 3280/3280/3280
f 3163/3163/3163 3280/3280/3280 3281/3281/3281
f 3510/3510/3510 3511/3511/3511 3411/3411/3411
f 3511/3511/3511 3412/3412/3412 3411/3411/3411
f 3411/3411/3411 3412/3412/3412 3281/3281/3281
f 3411/3411/3411 3281/3281/3281 3280/3280/3280
f 2565/2565/2565 2564/2564/2564 2690/2690/2690
f 2565/2565/2565 2690/2690/2690 2691/2691/2691
f 2691/2691/2691 2690/2690/2690 2816/2816/2816
f 2691/2691/2691 2816/2816/2816 2817/2817/2817
f 3046/3046/3046 3047/3047/3047 2943/2943/2943
f 3046/3046/3046 2943/2943/2943 2942/2942/2942
f 2942/2942/2942 2943/2943/2943 2817/2817/2817
f 2942/2942/2942 2817/2817/2817 2816/2816/2816
f 4233/4233/4233 4232/4232/4232 4192/4192/4192
f 4233/4233/4233 4192/4192/4192 4193/4193/4193
f 152/152/152 151/151/151 195/195/195
f 152/152/152 195/195/195 196/196/196
f 285/285/285 286/286/286 241/241/241
f 285/285/285 241/241/241 240/240/240
f 240/240/240 241/241/241 196/196/196
f 240/240/240 196/196/196 195/195/195
f 4359/4359/4359 4317/4317/4317 4318/4318/4318
f 4274/4274/4274 4275/4275/4275 4318/4318/4318
f 4274/4274/4274 4318/4318/4318 4317/4317/4317
f 4156/4156/4156 4155/4155/4155 4117/4117/4117
f 4156/4156/4156 4117/4117/4117 4118/4118/4118
f 151/151/151 152/152/152 767/767/767
f 151/151/151 767/767/767 766/766/766
f 1006/1006/1006 1005/1005/1005 885/885/885
f 1006/1006/1006 885/885/885 886/886/886
f 886/886/886 885/885/885 766/766/766
f 886/886/886 766/766/766 767/767/767
f 1005/1005/1005 1006/1006/1006 1104/1104/1104
f 1005/1005/1005 1104/1104/1104 1103/1103/1103
f 1103/1103/1103 1104/1104/1104 1226/1226/1226
f 1103/1103/1103 1226/1226/1226 1225/1225/1225
f 1511/1511/1511 1510/1510/1510 1388/1388/1388
f 1511/1511/1511 1388/1388/1388 1389/1389/1389
f 1389/1389/1389 1388/1388/1388 1225/1225/1225
f 1389/1389/1389 1225/1225/1225 1226/1226/1226
f 1510/1510/1510 1511/1511/1511 1606/1606/1606
f 1510/1510/1510 1606/1606/1606 1605/1605/1605
f 1605/1605/1605 1606/1606/1606 1732/1732/1732
f 1605/1605/1605 1732/1732/1732 1731/1731/1731
f 1984/1984/1984 1983/1983/1983 1857/1857/1857
f 1984/1984/1984 1857/1857/1857 1858/1858/1858
f 1858/1858/1858 1857/1857/1857 1731/1731/1731
f 1858/1858/1858 1731/1731/1731 1732/1732/1732
f 1054/1054/1054 1055/1055/1055 958/958/958
f 1054/1054/1054 958/958/958 957/957/957
f 957/957/957 958/958/958 840/840/840
f 957/957/957 840/840/840 839/839/839
f 721/721/721 720/720/720 839/839/839
f 721/721/721 839/839/839 840/840/840
f 1557/1557/1557 1558/1558/1558 1464/1464/1464
f 1557/1557/1557 1464/1464/1464 1463/1463/1463
f 1463/1463/1463 1464/1464/1464 1271/1271/1271
f 1463/1463/1463 1271/1271/1271 1270/1270/1270
f 1055/1055/1055 1054/1054/1054 1178/1178/1178
f 1055/1055/1055 1178/1178/1178 1179/1179/1179
f 1179/1179/1179 1178/1178/1178 1270/1270/1270
f 1179/1179/1179 1270/1270/1270 1271/1271/1271
f 2060/2060/2060 2061/2061/2061 1935/1935/1935
f 2060/2060/2060 1935/1935/1935 1934/1934/1934
f 1934/1934/1934 1935/1935/1935 1809/1809/1809
f 1934/1934/1934 1809/1809/1809 1808/1808/1808
f 1558/1558/1558 1557/1557/1557 1682/1682/1682
f 1558/1558/1558 1682/1682/1682 1683/1683/1683
f 1683/1683/1683 1682/1682/1682 1808/1808/1808
f 1683/1683/1683 1808/1808/1808 1809/1809/1809
f 720/720/720 721/721/721 676/676/676
f 720/720/720 676/676/676 675/675/675
f 631/631/631 630/630/630 675/675/675
f 631/631/631 675/675/675 676/676/676
f 3797/3797/3797 3798/3798/3798 3840/3840/3840
f 3797/3797/3797 3840/3840/3840 3839/3839/3839
f 3882/3882/3882 3881/3881/3881 3839/3839/3839
f 3882/3882/3882 3839/3839/3839 3840/3840/3840
f 421/421/421 420/420/420 465/465/465
f 421/421/421 465/465/465 466/466/466
f 2487/2487/2487 2486/2486/2486 2360/2360/2360
f 2487/2487/2487 2360/2360/2360 2361/2361/2361
f 2361/2361/2361 2360/2360/2360 2234/2234/2234
f 2361/2361/2361 2234/2234/2234 2235/2235/2235
f 1982/1982/1982 1983/1983/1983 2109/2109/2109
f 1982/1982/1982 2109/2109/2109 2108/2108/2108
f 2108/2108/2108 2109/2109/2109 2235/2235/2235
f 2108/2108/2108 2235/2235/2235 2234/2234/2234
f 3797/3797/3797 3676/3676/3676 3677/3677/3677
f 3797/3797/3797 3796/3796/3796 3676/3676/3676
f 3556/3556/3556 3676/3676/3676 3675/3675/3675
f 3459/3459/3459 3557/3557/3557 3556/3556/3556
f 3556/3556/3556 3557/3557/3557 3676/3676/3676
f 3459/3459/3459 3337/3337/3337 3338/3338/3338
f 3338/3338/3338 3337/3337/3337 3206/3206/3206
f 3338/3338/3338 3206/3206/3206 3207/3207/3207
f 2990/2990/2990 2991/2991/2991 3093/3093/3093
f 2990/2990/2990 3093/3093/3093 3092/3092/3092
f 3092/3092/3092 3207/3207/3207 3206/3206/3206
f 3092/3092/3092 3093/3093/3093 3207/3207/3207
f 2991/2991/2991 2990/2990/2990 2864/2864/2864
f 2991/2991/2991 2864/2864/2864 2865/2865/2865
f 2865/2865/2865 2864/2864/2864 2738/2738/2738
f 2865/2865/2865 2738/2738/2738 2739/2739/2739
f 2486/2486/2486 2487/2487/2487 2613/2613/2613
f 2486/2486/2486 2613/2613/2613 2612/2612/2612
f 2612/2612/2612 2613/2613/2613 2739/2739/2739
f 2612/2612/2612 2739/2739/2739 2738/2738/2738
f 2060/2060/2060 2059/2059/2059 2185/2185/2185
f 2060/2060/2060 2185/2185/2185 2186/2186/2186
f 2186/2186/2186 2185/2185/2185 2311/2311/2311
f 2186/2186/2186 2311/2311/2311 2312/2312/2312
f 2563/2563/2563 2564/2564/2564 2438/2438/2438
f 2563/2563/2563 2438/2438/2438 2437/2437/2437
f 2437/2437/2437 2438/2438/2438 2312/2312/2312
f 2437/2437/2437 2312/2312/2312 2311/2311/2311
f 3510/3510/3510 3628/3628/3628 3629/3629/3629
f 3629/3629/3629 3628/3628/3628 3750/3750/3750
f 3628/3628/3628 3749/3749/3749 3750/3750/3750
f 4358/4358/4358 4359/4359/4359 3750/3750/3750
f 4359/4359/4359 3751/3751/3751 3750/3750/3750
f 3161/3161/3161 3279/3279/3279 3280/3280/3280
f 3046/3046/3046 3045/3045/3045 3161/3161/3161
f 3046/3046/3046 3161/3161/3161 3162/3162/3162
f 3162/3162/3162 3161/3161/3161 3280/3280/3280
f 3510/3510/3510 3411/3411/3411 3410/3410/3410
f 3410/3410/3410 3411/3411/3411 3280/3280/3280
f 3410/3410/3410 3280/3280/3280 3279/3279/3279
f 2564/2564/2564 2563/2563/2563 2689/2689/2689
f 2564/2564/2564 2689/2689/2689 2690/2690/2690
f 2690/2690/2690 2689/2689/2689 2815/2815/2815
f 2690/2690/2690 2815/2815/2815 2816/2816/2816
f 3045/3045/3045 3046/3046/3046 2942/2942/2942
f 3045/3045/3045 2942/2942/2942 2941/2941/2941
f 2941/2941/2941 2942/2942/2942 2816/2816/2816
f 2941/2941/2941 2816/2816/2816 2815/2815/2815
f 151/151/151 150/150/150 194/194/194
f 151/151/151 194/194/194 195/195/195
f 284/284/284 285/285/285 240/240/240
f 284/284/284 240/240/240 239/239/239
f 239/239/239 240/240/240 195/195/195
f 239/239/239 195/195/195 194/194/194
f 4359/4359/4359 4358/4358/4358 4317/4317/4317
f 57/57/57 58/58/58 36/36/36
f 57/57/57 36/36/36 35/35/35
f 14/14/14 13/13/13 36/36/36
f 36/36/36 13/13/13 35/35/35
f 80/80/80 58/58/58 57/57/57
f 80/80/80 57/57/57 79/79/79
f 122/122/122 102/102/102 101/101/101
f 122/122/122 101/101/101 121/121/121
f 101/101/101 102/102/102 80/80/80
f 79/79/79 101/101/101 80/80/80
f 34/34/34 56/56/56 57/57/57
f 34/34/34 57/57/57 35/35/35
f 12/12/12 11/11/11 33/33/33
f 12/12/12 33/33/33 34/34/34
f 77/77/77 78/78/78 56/56/56
f 77/77/77 56/56/56 55/55/55
f 119/119/119 120/120/120 100/100/100
f 119/119/119 100/100/100 99/99/99
f 99/99/99 100/100/100 78/78/78
f 99/99/99 78/78/78 77/77/77
f 11/11/11 12/12/12 464/464/464
f 11/11/11 464/464/464 463/463/463
f 121/121/121 120/120/120 629/629/629
f 121/121/121 629/629/629 630/630/630
f 13/13/13 14/14/14 466/466/466
f 13/13/13 466/466/466 465/465/465
f 14/14/14 36/36/36 501/501/501
f 14/14/14 501/501/501 466/466/466
f 80/80/80 102/102/102 590/590/590
f 80/80/80 590/590/590 559/559/559
f 102/102/102 122/122/122 631/631/631
f 102/102/102 631/631/631 590/590/590
f 122/122/122 121/121/121 630/630/630
f 122/122/122 630/630/630 631/631/631
f 58/58/58 80/80/80 559/559/559
f 58/58/58 559/559/559 530/530/530
f 2490/2490/2490 2489/2489/2489 2363/2363/2363
f 2490/2490/2490 2363/2363/2363 2364/2364/2364
f 2364/2364/2364 2363/2363/2363 2237/2237/2237
f 2364/2364/2364 2237/2237/2237 2238/2238/2238
f 2489/2489/2489 2488/2488/2488 2362/2362/2362
f 2489/2489/2489 2362/2362/2362 2363/2363/2363
f 2363/2363/2363 2362/2362/2362 2236/2236/2236
f 2363/2363/2363 2236/2236/2236 2237/2237/2237
f 1984/1984/1984 1985/1985/1985 2111/2111/2111
f 1984/1984/1984 2111/2111/2111 2110/2110/2110
f 2110/2110/2110 2111/2111/2111 2237/2237/2237
f 2110/2110/2110 2237/2237/2237 2236/2236/2236
f 1985/1985/1985 1986/1986/1986 2112/2112/2112
f 1985/1985/1985 2112/2112/2112 2111/2111/2111
f 2111/2111/2111 2112/2112/2112 2238/2238/2238
f 2111/2111/2111 2238/2238/2238 2237/2237/2237
f 3799/3799/3799 3678/3678/3678 3679/3679/3679
f 3461/3461/3461 3559/3559/3559 3558/3558/3558
f 3558/3558/3558 3559/3559/3559 3678/3678/3678
f 3461/3461/3461 3462/3462/3462 3559/3559/3559
f 3559/3559/3559 3679/3679/3679 3678/3678/3678
f 3462/3462/3462 3461/3461/3461 3340/3340/3340
f 3462/3462/3462 3340/3340/3340 3341/3341/3341
f 3341/3341/3341 3340/3340/3340 3209/3209/3209
f 3341/3341/3341 3209/3209/3209 3210/3210/3210
f 3340/3340/3340 3208/3208/3208 3209/3209/3209
f 2992/2992/2992 2993/2993/2993 3095/3095/3095
f 2992/2992/2992 3095/3095/3095 3094/3094/3094
f 3094/3094/3094 3209/3209/3209 3208/3208/3208
f 3094/3094/3094 3095/3095/3095 3209/3209/3209
f 2993/2993/2993 2994/2994/2994 3096/3096/3096
f 2993/2993/2993 3096/3096/3096 3095/3095/3095
f 3095/3095/3095 3096/3096/3096 3210/3210/3210
f 3095/3095/3095 3210/3210/3210 3209/3209/3209
f 2994/2994/2994 2993/2993/2993 2867/2867/2867
f 2994/2994/2994 2867/2867/2867 2868/2868/2868
f 2868/2868/2868 2867/2867/2867 2741/2741/2741
f 2868/2868/2868 2741/2741/2741 2742/2742/2742
f 2993/2993/2993 2992/2992/2992 2866/2866/2866
f 2993/2993/2993 2866/2866/2866 2867/2867/2867
f 2867/2867/2867 2866/2866/2866 2740/2740/2740
f 2867/2867/2867 2740/2740/2740 2741/2741/2741
f 2488/2488/2488 2489/2489/2489 2615/2615/2615
f 2488/2488/2488 2615/2615/2615 2614/2614/2614
f 2614/2614/2614 2615/2615/2615 2741/2741/2741
f 2614/2614/2614 2741/2741/2741 2740/2740/2740
f 2489/2489/2489 2490/2490/2490 2616/2616/2616
f 2489/2489/2489 2616/2616/2616 2615/2615/2615
f 2615/2615/2615 2616/2616/2616 2742/2742/2742
f 2615/2615/2615 2742/2742/2742 2741/2741/2741
f 2063/2063/2063 2062/2062/2062 2188/2188/2188
f 2063/2063/2063 2188/2188/2188 2189/2189/2189
f 2189/2189/2189 2188/2188/2188 2314/2314/2314
f 2189/2189/2189 2314/2314/2314 2315/2315/2315
f 2062/2062/2062 2061/2061/2061 2187/2187/2187
f 2062/2062/2062 2187/2187/2187 2188/2188/2188
f 2188/2188/2188 2187/2187/2187 2313/2313/2313
f 2188/2188/2188 2313/2313/2313 2314/2314/2314
f 2565/2565/2565 2566/2566/2566 2440/2440/2440
f 2565/2565/2565 2440/2440/2440 2439/2439/2439
f 2439/2439/2439 2440/2440/2440 2314/2314/2314
f 2439/2439/2439 2314/2314/2314 2313/2313/2313
f 2566/2566/2566 2567/2567/2567 2441/2441/2441
f 2566/2566/2566 2441/2441/2441 2440/2440/2440
f 2440/2440/2440 2441/2441/2441 2315/2315/2315
f 2440/2440/2440 2315/2315/2315 2314/2314/2314
f 3513/3513/3513 3512/3512/3512 3631/3631/3631
f 3631/3631/3631 3752/3752/3752 3753/3753/3753
f 3512/3512/3512 3630/3630/3630 3631/3631/3631
f 3631/3631/3631 3630/3630/3630 3752/3752/3752
f 4361/4361/4361 3753/3753/3753 3752/3752/3752
f 3049/3049/3049 3048/3048/3048 3164/3164/3164
f 3049/3049/3049 3164/3164/3164 3165/3165/3165
f 3165/3165/3165 3164/3164/3164 3282/3282/3282
f 3165/3165/3165 3282/3282/3282 3283/3283/3283
f 3163/3163/3163 3281/3281/3281 3282/3282/3282
f 3048/3048/3048 3047/3047/3047 3163/3163/3163
f 3048/3048/3048 3163/3163/3163 3164/3164/3164
f 3164/3164/3164 3163/3163/3163 3282/3282/3282
f 3413/3413/3413 3282/3282/3282 3281/3281/3281
f 3512/3512/3512 3513/3513/3513 3414/3414/3414
f 3512/3512/3512 3414/3414/3414 3413/3413/3413
f 3413/3413/3413 3414/3414/3414 3283/3283/3283
f 3413/3413/3413 3283/3283/3283 3282/3282/3282
f 2567/2567/2567 2566/2566/2566 2692/2692/2692
f 2567/2567/2567 2692/2692/2692 2693/2693/2693
f 2693/2693/2693 2692/2692/2692 2818/2818/2818
f 2693/2693/2693 2818/2818/2818 2819/2819/2819
f 2566/2566/2566 2565/2565/2565 2691/2691/2691
f 2566/2566/2566 2691/2691/2691 2692/2692/2692
f 2692/2692/2692 2691/2691/2691 2817/2817/2817
f 2692/2692/2692 2817/2817/2817 2818/2818/2818
f 3047/3047/3047 3048/3048/3048 2944/2944/2944
f 3047/3047/3047 2944/2944/2944 2943/2943/2943
f 2943/2943/2943 2944/2944/2944 2818/2818/2818
f 2943/2943/2943 2818/2818/2818 2817/2817/2817
f 3048/3048/3048 3049/3049/3049 2945/2945/2945
f 3048/3048/3048 2945/2945/2945 2944/2944/2944
f 2944/2944/2944 2945/2945/2945 2819/2819/2819
f 2944/2944/2944 2819/2819/2819 2818/2818/2818
f 4235/4235/4235 4234/4234/4234 4194/4194/4194
f 4235/4235/4235 4194/4194/4194 4195/4195/4195
f 154/154/154 153/153/153 197/197/197
f 154/154/154 197/197/197 198/198/198
f 153/153/153 152/152/152 196/196/196
f 153/153/153 196/196/196 197/197/197
f 286/286/286 287/287/287 242/242/242
f 286/286/286 242/242/242 241/241/241
f 241/241/241 242/242/242 197/197/197
f 241/241/241 197/197/197 196/196/196
f 287/287/287 288/288/288 243/243/243
f 287/287/287 243/243/243 242/242/242
f 242/242/242 243/243/243 198/198/198
f 242/242/242 198/198/198 197/197/197
f 4361/4361/4361 4319/4319/4319 4320/4320/4320
f 4276/4276/4276 4277/4277/4277 4320/4320/4320
f 4276/4276/4276 4320/4320/4320 4319/4319/4319
f 4158/4158/4158 4157/4157/4157 4119/4119/4119
f 4158/4158/4158 4119/4119/4119 4120/4120/4120
f 590/590/590 591/591/591 560/560/560
f 590/590/590 560/560/560 559/559/559
f 591/591/591 592/592/592 561/561/561
f 591/591/591 561/561/561 560/560/560
f 468/468/468 467/467/467 502/502/502
f 468/468/468 502/502/502 503/503/503
f 467/467/467 466/466/466 501/501/501
f 467/467/467 501/501/501 502/502/502
f 559/559/559 560/560/560 531/531/531
f 559/559/559 531/531/531 530/530/530
f 560/560/560 561/561/561 532/532/532
f 560/560/560 532/532/532 531/531/531
f 592/592/592 591/591/591 632/632/632
f 592/592/592 632/632/632 633/633/633
f 591/591/591 590/590/590 631/631/631
f 591/591/591 631/631/631 632/632/632
f 154/154/154 155/155/155 770/770/770
f 154/154/154 770/770/770 769/769/769
f 155/155/155 156/156/156 771/771/771
f 155/155/155 771/771/771 770/770/770
f 157/157/157 158/158/158 773/773/773
f 157/157/157 773/773/773 772/772/772
f 156/156/156 157/157/157 772/772/772
f 156/156/156 772/772/772 771/771/771
f 1012/1012/1012 1011/1011/1011 891/891/891
f 1012/1012/1012 891/891/891 892/892/892
f 1011/1011/1011 1010/1010/1010 890/890/890
f 1011/1011/1011 890/890/890 891/891/891
f 892/892/892 891/891/891 772/772/772
f 892/892/892 772/772/772 773/773/773
f 891/891/891 890/890/890 771/771/771
f 891/891/891 771/771/771 772/772/772
f 1009/1009/1009 1008/1008/1008 888/888/888
f 1009/1009/1009 888/888/888 889/889/889
f 889/889/889 888/888/888 769/769/769
f 889/889/889 769/769/769 770/770/770
f 1010/1010/1010 1009/1009/1009 889/889/889
f 1010/1010/1010 889/889/889 890/890/890
f 890/890/890 889/889/889 770/770/770
f 890/890/890 770/770/770 771/771/771
f 1008/1008/1008 1009/1009/1009 1107/1107/1107
f 1008/1008/1008 1107/1107/1107 1106/1106/1106
f 1009/1009/1009 1010/1010/1010 1108/1108/1108
f 1009/1009/1009 1108/1108/1108 1107/1107/1107
f 1106/1106/1106 1107/1107/1107 1229/1229/1229
f 1106/1106/1106 1229/1229/1229 1228/1228/1228
f 1107/1107/1107 1108/1108/1108 1230/1230/1230
f 1107/1107/1107 1230/1230/1230 1229/1229/1229
f 1011/1011/1011 1012/1012/1012 1110/1110/1110
f 1011/1011/1011 1110/1110/1110 1109/1109/1109
f 1109/1109/1109 1110/1110/1110 1232/1232/1232
f 1109/1109/1109 1232/1232/1232 1231/1231/1231
f 1010/1010/1010 1011/1011/1011 1109/1109/1109
f 1010/1010/1010 1109/1109/1109 1108/1108/1108
f 1108/1108/1108 1109/1109/1109 1231/1231/1231
f 1108/1108/1108 1231/1231/1231 1230/1230/1230
f 1517/1517/1517 1516/1516/1516 1394/1394/1394
f 1517/1517/1517 1394/1394/1394 1395/1395/1395
f 1516/1516/1516 1515/1515/1515 1393/1393/1393
f 1516/1516/1516 1393/1393/1393 1394/1394/1394
f 1395/1395/1395 1394/1394/1394 1231/1231/1231
f 1395/1395/1395 1231/1231/1231 1232/1232/1232
f 1394/1394/1394 1393/1393/1393 1230/1230/1230
f 1394/1394/1394 1230/1230/1230 1231/1231/1231
f 1514/1514/1514 1513/1513/1513 1391/1391/1391
f 1514/1514/1514 1391/1391/1391 1392/1392/1392
f 1392/1392/1392 1391/1391/1391 1228/1228/1228
f 1392/1392/1392 1228/1228/1228 1229/1229/1229
f 1515/1515/1515 1514/1514/1514 1392/1392/1392
f 1515/1515/1515 1392/1392/1392 1393/1393/1393
f 1393/1393/1393 1392/1392/1392 1229/1229/1229
f 1393/1393/1393 1229/1229/1229 1230/1230/1230
f 1513/1513/1513 1514/1514/1514 1609/1609/1609
f 1513/1513/1513 1609/1609/1609 1608/1608/1608
f 1514/1514/1514 1515/1515/1515 1610/1610/1610
f 1514/1514/1514 1610/1610/1610 1609/1609/1609
f 1608/1608/1608 1609/1609/1609 1735/1735/1735
f 1608/1608/1608 1735/1735/1735 1734/1734/1734
f 1609/1609/1609 1610/1610/1610 1736/1736/1736
f 1609/1609/1609 1736/1736/1736 1735/1735/1735
f 1516/1516/1516 1517/1517/1517 1612/1612/1612
f 1516/1516/1516 1612/1612/1612 1611/1611/1611
f 1611/1611/1611 1612/1612/1612 1738/1738/1738
f 1611/1611/1611 1738/1738/1738 1737/1737/1737
f 1515/1515/1515 1516/1516/1516 1611/1611/1611
f 1515/1515/1515 1611/1611/1611 1610/1610/1610
f 1610/1610/1610 1611/1611/1611 1737/1737/1737
f 1610/1610/1610 1737/1737/1737 1736/1736/1736
f 1990/1990/1990 1989/1989/1989 1863/1863/1863
f 1990/1990/1990 1863/1863/1863 1864/1864/1864
f 1989/1989/1989 1988/1988/1988 1862/1862/1862
f 1989/1989/1989 1862/1862/1862 1863/1863/1863
f 1864/1864/1864 1863/1863/1863 1737/1737/1737
f 1864/1864/1864 1737/1737/1737 1738/1738/1738
f 1863/1863/1863 1862/1862/1862 1736/1736/1736
f 1863/1863/1863 1736/1736/1736 1737/1737/1737
f 1987/1987/1987 1986/1986/1986 1860/1860/1860
f 1987/1987/1987 1860/1860/1860 1861/1861/1861
f 1861/1861/1861 1860/1860/1860 1734/1734/1734
f 1861/1861/1861 1734/1734/1734 1735/1735/1735
f 1988/1988/1988 1987/1987/1987 1861/1861/1861
f 1988/1988/1988 1861/1861/1861 1862/1862/1862
f 1862/1862/1862 1861/1861/1861 1735/1735/1735
f 1862/1862/1862 1735/1735/1735 1736/1736/1736
f 1057/1057/1057 1058/1058/1058 961/961/961
f 1057/1057/1057 961/961/961 960/960/960
f 1058/1058/1058 1059/1059/1059 962/962/962
f 1058/1058/1058 962/962/962 961/961/961
f 960/960/960 961/961/961 843/843/843
f 960/960/960 843/843/843 842/842/842
f 961/961/961 962/962/962 844/844/844
f 961/961/961 844/844/844 843/843/843
f 1060/1060/1060 1061/1061/1061 964/964/964
f 1060/1060/1060 964/964/964 963/963/963
f 963/963/963 964/964/964 846/846/846
f 963/963/963 846/846/846 845/845/845
f 1059/1059/1059 1060/1060/1060 963/963/963
f 1059/1059/1059 963/963/963 962/962/962
f 962/962/962 963/963/963 845/845/845
f 962/962/962 845/845/845 844/844/844
f 727/727/727 726/726/726 845/845/845
f 727/727/727 845/845/845 846/846/846
f 726/726/726 725/725/725 844/844/844
f 726/726/726 844/844/844 845/845/845
f 724/724/724 723/723/723 842/842/842
f 724/724/724 842/842/842 843/843/843
f 725/725/725 724/724/724 843/843/843
f 725/725/725 843/843/843 844/844/844
f 1560/1560/1560 1561/1561/1561 1467/1467/1467
f 1560/1560/1560 1467/1467/1467 1466/1466/1466
f 1561/1561/1561 1562/1562/1562 1468/1468/1468
f 1561/1561/1561 1468/1468/1468 1467/1467/1467
f 1466/1466/1466 1467/1467/1467 1274/1274/1274
f 1466/1466/1466 1274/1274/1274 1273/1273/1273
f 1467/1467/1467 1468/1468/1468 1275/1275/1275
f 1467/1467/1467 1275/1275/1275 1274/1274/1274
f 1563/1563/1563 1564/1564/1564 1470/1470/1470
f 1563/1563/1563 1470/1470/1470 1469/1469/1469
f 1469/1469/1469 1470/1470/1470 1277/1277/1277
f 1469/1469/1469 1277/1277/1277 1276/1276/1276
f 1562/1562/1562 1563/1563/1563 1469/1469/1469
f 1562/1562/1562 1469/1469/1469 1468/1468/1468
f 1468/1468/1468 1469/1469/1469 1276/1276/1276
f 1468/1468/1468 1276/1276/1276 1275/1275/1275
f 1061/1061/1061 1060/1060/1060 1184/1184/1184
f 1061/1061/1061 1184/1184/1184 1185/1185/1185
f 1060/1060/1060 1059/1059/1059 1183/1183/1183
f 1060/1060/1060 1183/1183/1183 1184/1184/1184
f 1185/1185/1185 1184/1184/1184 1276/1276/1276
f 1185/1185/1185 1276/1276/1276 1277/1277/1277
f 1184/1184/1184 1183/1183/1183 1275/1275/1275
f 1184/1184/1184 1275/1275/1275 1276/1276/1276
f 1058/1058/1058 1057/1057/1057 1181/1181/1181
f 1058/1058/1058 1181/1181/1181 1182/1182/1182
f 1182/1182/1182 1181/1181/1181 1273/1273/1273
f 1182/1182/1182 1273/1273/1273 1274/1274/1274
f 1059/1059/1059 1058/1058/1058 1182/1182/1182
f 1059/1059/1059 1182/1182/1182 1183/1183/1183
f 1183/1183/1183 1182/1182/1182 1274/1274/1274
f 1183/1183/1183 1274/1274/1274 1275/1275/1275
f 2063/2063/2063 2064/2064/2064 1938/1938/1938
f 2063/2063/2063 1938/1938/1938 1937/1937/1937
f 2064/2064/2064 2065/2065/2065 1939/1939/1939
f 2064/2064/2064 1939/1939/1939 1938/1938/1938
f 1937/1937/1937 1938/1938/1938 1812/1812/1812
f 1937/1937/1937 1812/1812/1812 1811/1811/1811
f 1938/1938/1938 1939/1939/1939 1813/1813/1813
f 1938/1938/1938 1813/1813/1813 1812/1812/1812
f 2066/2066/2066 2067/2067/2067 1941/1941/1941
f 2066/2066/2066 1941/1941/1941 1940/1940/1940
f 1940/1940/1940 1941/1941/1941 1815/1815/1815
f 1940/1940/1940 1815/1815/1815 1814/1814/1814
f 2065/2065/2065 2066/2066/2066 1940/1940/1940
f 2065/2065/2065 1940/1940/1940 1939/1939/1939
f 1939/1939/1939 1940/1940/1940 1814/1814/1814
f 1939/1939/1939 1814/1814/1814 1813/1813/1813
f 1564/1564/1564 1563/1563/1563 1688/1688/1688
f 1564/1564/1564 1688/1688/1688 1689/1689/1689
f 1563/1563/1563 1562/1562/1562 1687/1687/1687
f 1563/1563/1563 1687/1687/1687 1688/1688/1688
f 1689/1689/1689 1688/1688/1688 1814/1814/1814
f 1689/1689/1689 1814/1814/1814 1815/1815/1815
f 1688/1688/1688 1687/1687/1687 1813/1813/1813
f 1688/1688/1688 1813/1813/1813 1814/1814/1814
f 1561/1561/1561 1560/1560/1560 1685/1685/1685
f 1561/1561/1561 1685/1685/1685 1686/1686/1686
f 1686/1686/1686 1685/1685/1685 1811/1811/1811
f 1686/1686/1686 1811/1811/1811 1812/1812/1812
f 1562/1562/1562 1561/1561/1561 1686/1686/1686
f 1562/1562/1562 1686/1686/1686 1687/1687/1687
f 1687/1687/1687 1686/1686/1686 1812/1812/1812
f 1687/1687/1687 1812/1812/1812 1813/1813/1813
f 723/723/723 724/724/724 679/679/679
f 723/723/723 679/679/679 678/678/678
f 724/724/724 725/725/725 680/680/680
f 724/724/724 680/680/680 679/679/679
f 726/726/726 727/727/727 682/682/682
f 726/726/726 682/682/682 681/681/681
f 725/725/725 726/726/726 681/681/681
f 725/725/725 681/681/681 680/680/680
f 637/637/637 636/636/636 681/681/681
f 637/637/637 681/681/681 682/682/682
f 636/636/636 635/635/635 680/680/680
f 636/636/636 680/680/680 681/681/681
f 634/634/634 633/633/633 678/678/678
f 634/634/634 678/678/678 679/679/679
f 635/635/635 634/634/634 679/679/679
f 635/635/635 679/679/679 680/680/680
f 3800/3800/3800 3801/3801/3801 3843/3843/3843
f 3800/3800/3800 3843/3843/3843 3842/3842/3842
f 3885/3885/3885 3884/3884/3884 3842/3842/3842
f 3885/3885/3885 3842/3842/3842 3843/3843/3843
f 427/427/427 426/426/426 471/471/471
f 427/427/427 471/471/471 472/472/472
f 426/426/426 425/425/425 470/470/470
f 426/426/426 470/470/470 471/471/471
f 424/424/424 423/423/423 468/468/468
f 424/424/424 468/468/468 469/469/469
f 425/425/425 424/424/424 469/469/469
f 425/425/425 469/469/469 470/470/470
f 4278/4278/4278 4277/4277/4277 4235/4235/4235
f 4278/4278/4278 4235/4235/4235 4236/4236/4236
f 4200/4200/4200 4240/4240/4240 4239/4239/4239
f 4200/4200/4200 4239/4239/4239 4199/4199/4199
f 4199/4199/4199 4239/4239/4239 4238/4238/4238
f 4199/4199/4199 4238/4238/4238 4198/4198/4198
f 4236/4236/4236 4196/4196/4196 4197/4197/4197
f 4236/4236/4236 4197/4197/4197 4237/4237/4237
f 4237/4237/4237 4197/4197/4197 4198/4198/4198
f 4237/4237/4237 4198/4198/4198 4238/4238/4238
f 3717/3717/3717 3719/3719/3719 4249/4249/4249
f 3717/3717/3717 4249/4249/4249 4207/4207/4207
f 4207/4207/4207 4249/4249/4249 4248/4248/4248
f 4207/4207/4207 4248/4248/4248 4206/4206/4206
f 4246/4246/4246 4204/4204/4204 4205/4205/4205
f 4246/4246/4246 4205/4205/4205 4247/4247/4247
f 4247/4247/4247 4205/4205/4205 4206/4206/4206
f 4247/4247/4247 4206/4206/4206 4248/4248/4248
f 3719/3719/3719 3597/3597/3597 3599/3599/3599
f 3719/3719/3719 3717/3717/3717 3597/3597/3597
f 3599/3599/3599 3597/3597/3597 3380/3380/3380
f 4204/4204/4204 4246/4246/4246 4245/4245/4245
f 4204/4204/4204 4245/4245/4245 4203/4203/4203
f 4244/4244/4244 4202/4202/4202 4203/4203/4203
f 4244/4244/4244 4203/4203/4203 4245/4245/4245
f 4200/4200/4200 4163/4163/4163 4164/4164/4164
f 4200/4200/4200 4164/4164/4164 4201/4201/4201
f 66/66/66 88/88/88 569/569/569
f 66/66/66 569/569/569 540/540/540
f 808/808/808 806/806/806 544/544/544
f 808/808/808 544/544/544 573/573/573
f 573/573/573 544/544/544 543/543/543
f 573/573/573 543/543/543 572/572/572
f 541/541/541 570/570/570 571/571/571
f 541/541/541 571/571/571 542/542/542
f 542/542/542 571/571/571 572/572/572
f 542/542/542 572/572/572 543/543/543
f 4159/4159/4159 4196/4196/4196 4195/4195/4195
f 4159/4159/4159 4195/4195/4195 4158/4158/4158
f 4165/4165/4165 4202/4202/4202 4455/4455/4455
f 4165/4165/4165 4455/4455/4455 4447/4447/4447
f 4241/4241/4241 4201/4201/4201 4452/4452/4452
f 4241/4241/4241 4452/4452/4452 4461/4461/4461
f 4193/4193/4193 4156/4156/4156 4157/4157/4157
f 4193/4193/4193 4157/4157/4157 4194/4194/4194
f 4156/4156/4156 4193/4193/4193 4192/4192/4192
f 4156/4156/4156 4192/4192/4192 4155/4155/4155
f 4188/4188/4188 4151/4151/4151 4152/4152/4152
f 4188/4188/4188 4152/4152/4152 4189/4189/4189
f 4189/4189/4189 4152/4152/4152 4153/4153/4153
f 4189/4189/4189 4153/4153/4153 4190/4190/4190
f 4155/4155/4155 4192/4192/4192 4191/4191/4191
f 4155/4155/4155 4191/4191/4191 4154/4154/4154
f 4154/4154/4154 4191/4191/4191 4190/4190/4190
f 4154/4154/4154 4190/4190/4190 4153/4153/4153
f 4194/4194/4194 4157/4157/4157 4158/4158/4158
f 4194/4194/4194 4158/4158/4158 4195/4195/4195
f 4367/4367/4367 4366/4366/4366 4325/4325/4325
f 4367/4367/4367 4325/4325/4325 4326/4326/4326
f 4366/4366/4366 4365/4365/4365 4323/4323/4323
f 4366/4366/4366 4323/4323/4323 4325/4325/4325
f 4326/4326/4326 4325/4325/4325 4324/4324/4324
f 4325/4325/4325 4323/4323/4323 4324/4324/4324
f 4364/4364/4364 4363/4363/4363 4321/4321/4321
f 4364/4364/4364 4321/4321/4321 4322/4322/4322
f 4365/4365/4365 4364/4364/4364 4322/4322/4322
f 4365/4365/4365 4322/4322/4322 4323/4323/4323
f 4278/4278/4278 4279/4279/4279 4322/4322/4322
f 4278/4278/4278 4322/4322/4322 4321/4321/4321
f 4279/4279/4279 4280/4280/4280 4323/4323/4323
f 4279/4279/4279 4323/4323/4323 4322/4322/4322
f 4281/4281/4281 4282/4282/4282 4326/4326/4326
f 4281/4281/4281 4326/4326/4326 4324/4324/4324
f 4280/4280/4280 4281/4281/4281 4324/4324/4324
f 4280/4280/4280 4324/4324/4324 4323/4323/4323
f 3771/3771/3771 3770/3770/3770 4335/4335/4335
f 3771/3771/3771 4335/4335/4335 3723/3723/3723
f 3770/3770/3770 4375/4375/4375 4334/4334/4334
f 3770/3770/3770 4334/4334/4334 4335/4335/4335
f 4374/4374/4374 4373/4373/4373 4332/4332/4332
f 4374/4374/4374 4332/4332/4332 4333/4333/4333
f 4375/4375/4375 4374/4374/4374 4333/4333/4333
f 4375/4375/4375 4333/4333/4333 4334/4334/4334
f 4288/4288/4288 4289/4289/4289 4333/4333/4333
f 4288/4288/4288 4333/4333/4333 4332/4332/4332
f 4289/4289/4289 4290/4290/4290 4334/4334/4334
f 4289/4289/4289 4334/4334/4334 4333/4333/4333
f 4291/4291/4291 3721/3721/3721 3723/3723/3723
f 4291/4291/4291 3723/3723/3723 4335/4335/4335
f 4290/4290/4290 4291/4291/4291 4335/4335/4335
f 4290/4290/4290 4335/4335/4335 4334/4334/4334
f 150/150/150 151/151/151 766/766/766
f 150/150/150 766/766/766 765/765/765
f 1005/1005/1005 1004/1004/1004 884/884/884
f 1005/1005/1005 884/884/884 885/885/885
f 885/885/885 884/884/884 765/765/765
f 885/885/885 765/765/765 766/766/766
f 1004/1004/1004 1005/1005/1005 1103/1103/1103
f 1004/1004/1004 1103/1103/1103 1102/1102/1102
f 1102/1102/1102 1103/1103/1103 1225/1225/1225
f 1102/1102/1102 1225/1225/1225 1224/1224/1224
f 1510/1510/1510 1509/1509/1509 1387/1387/1387
f 1510/1510/1510 1387/1387/1387 1388/1388/1388
f 1388/1388/1388 1387/1387/1387 1224/1224/1224
f 1388/1388/1388 1224/1224/1224 1225/1225/1225
f 1509/1509/1509 1510/1510/1510 1605/1605/1605
f 1509/1509/1509 1605/1605/1605 1604/1604/1604
f 1604/1604/1604 1605/1605/1605 1731/1731/1731
f 1604/1604/1604 1731/1731/1731 1730/1730/1730
f 1983/1983/1983 1982/1982/1982 1856/1856/1856
f 1983/1983/1983 1856/1856/1856 1857/1857/1857
f 1857/1857/1857 1856/1856/1856 1730/1730/1730
f 1857/1857/1857 1730/1730/1730 1731/1731/1731
f 1053/1053/1053 1054/1054/1054 957/957/957
f 1053/1053/1053 957/957/957 956/956/956
f 956/956/956 957/957/957 839/839/839
f 956/956/956 839/839/839 838/838/838
f 720/720/720 719/719/719 838/838/838
f 720/720/720 838/838/838 839/839/839
f 1556/1556/1556 1557/1557/1557 1463/1463/1463
f 1556/1556/1556 1463/1463/1463 1462/1462/1462
f 1462/1462/1462 1463/1463/1463 1270/1270/1270
f 1462/1462/1462 1270/1270/1270 1269/1269/1269
f 1054/1054/1054 1053/1053/1053 1177/1177/1177
f 1054/1054/1054 1177/1177/1177 1178/1178/1178
f 1178/1178/1178 1177/1177/1177 1269/1269/1269
f 1178/1178/1178 1269/1269/1269 1270/1270/1270
f 2059/2059/2059 2060/2060/2060 1934/1934/1934
f 2059/2059/2059 1934/1934/1934 1933/1933/1933
f 1933/1933/1933 1934/1934/1934 1808/1808/1808
f 1933/1933/1933 1808/1808/1808 1807/1807/1807
f 1557/1557/1557 1556/1556/1556 1681/1681/1681
f 1557/1557/1557 1681/1681/1681 1682/1682/1682
f 1682/1682/1682 1681/1681/1681 1807/1807/1807
f 1682/1682/1682 1807/1807/1807 1808/1808/1808
f 719/719/719 720/720/720 675/675/675
f 719/719/719 675/675/675 674/674/674
f 630/630/630 629/629/629 674/674/674
f 630/630/630 674/674/674 675/675/675
f 420/420/420 419/419/419 464/464/464
f 420/420/420 464/464/464 465/465/465
f 2486/2486/2486 2485/2485/2485 2359/2359/2359
f 2486/2486/2486 2359/2359/2359 2360/2360/2360
f 2360/2360/2360 2359/2359/2359 2233/2233/2233
f 2360/2360/2360 2233/2233/2233 2234/2234/2234
f 1981/1981/1981 1982/1982/1982 2108/2108/2108
f 1981/1981/1981 2108/2108/2108 2107/2107/2107
f 2107/2107/2107 2108/2108/2108 2234/2234/2234
f 2107/2107/2107 2234/2234/2234 2233/2233/2233
f 3796/3796/3796 3675/3675/3675 3676/3676/3676
f 3796/3796/3796 3795/3795/3795 3675/3675/3675
f 3794/3794/3794 3793/3793/3793 3673/3673/3673
f 3794/3794/3794 3673/3673/3673 3674/3674/3674
f 3795/3795/3795 3794/3794/3794 3674/3674/3674
f 3795/3795/3795 3674/3674/3674 3675/3675/3675
f 3457/3457/3457 3458/3458/3458 3555/3555/3555
f 3457/3457/3457 3555/3555/3555 3554/3554/3554
f 3554/3554/3554 3555/3555/3555 3674/3674/3674
f 3554/3554/3554 3674/3674/3674 3673/3673/3673
f 3555/3555/3555 3675/3675/3675 3674/3674/3674
f 3458/3458/3458 3459/3459/3459 3556/3556/3556
f 3458/3458/3458 3556/3556/3556 3555/3555/3555
f 3555/3555/3555 3556/3556/3556 3675/3675/3675
f 3459/3459/3459 3458/3458/3458 3337/3337/3337
f 3458/3458/3458 3457/3457/3457 3336/3336/3336
f 3458/3458/3458 3336/3336/3336 3337/3337/3337
f 3337/3337/3337 3336/3336/3336 3205/3205/3205
f 3337/3337/3337 3205/3205/3205 3206/3206/3206
f 2989/2989/2989 2990/2990/2990 3092/3092/3092
f 2989/2989/2989 3092/3092/3092 3091/3091/3091
f 3091/3091/3091 3092/3092/3092 3206/3206/3206
f 3091/3091/3091 3206/3206/3206 3205/3205/3205
f 2990/2990/2990 2989/2989/2989 2863/2863/2863
f 2990/2990/2990 2863/2863/2863 2864/2864/2864
f 2864/2864/2864 2863/2863/2863 2737/2737/2737
f 2864/2864/2864 2737/2737/2737 2738/2738/2738
f 2485/2485/2485 2486/2486/2486 2612/2612/2612
f 2485/2485/2485 2612/2612/2612 2611/2611/2611
f 2611/2611/2611 2612/2612/2612 2738/2738/2738
f 2611/2611/2611 2738/2738/2738 2737/2737/2737
f 2059/2059/2059 2058/2058/2058 2184/2184/2184
f 2059/2059/2059 2184/2184/2184 2185/2185/2185
f 2185/2185/2185 2184/2184/2184 2310/2310/2310
f 2185/2185/2185 2310/2310/2310 2311/2311/2311
f 2562/2562/2562 2563/2563/2563 2437/2437/2437
f 2562/2562/2562 2437/2437/2437 2436/2436/2436
f 2436/2436/2436 2437/2437/2437 2311/2311/2311
f 2436/2436/2436 2311/2311/2311 2310/2310/2310
f 3510/3510/3510 3509/3509/3509 3628/3628/3628
f 3509/3509/3509 3627/3627/3627 3628/3628/3628
f 3628/3628/3628 3627/3627/3627 3749/3749/3749
f 3509/3509/3509 3508/3508/3508 3626/3626/3626
f 3509/3509/3509 3626/3626/3626 3627/3627/3627
f 3627/3627/3627 3626/3626/3626 3747/3747/3747
f 3627/3627/3627 3747/3747/3747 3748/3748/3748
f 3627/3627/3627 3748/3748/3748 3749/3749/3749
f 4355/4355/4355 4356/4356/4356 3748/3748/3748
f 4355/4355/4355 3748/3748/3748 3747/3747/3747
f 4356/4356/4356 4357/4357/4357 3749/3749/3749
f 4356/4356/4356 3749/3749/3749 3748/3748/3748
f 4358/4358/4358 3750/3750/3750 3749/3749/3749
f 4357/4357/4357 4358/4358/4358 3749/3749/3749
f 3045/3045/3045 3044/3044/3044 3160/3160/3160
f 3045/3045/3045 3160/3160/3160 3161/3161/3161
f 3161/3161/3161 3160/3160/3160 3278/3278/3278
f 3161/3161/3161 3278/3278/3278 3279/3279/3279
f 3508/3508/3508 3509/3509/3509 3410/3410/3410
f 3508/3508/3508 3410/3410/3410 3409/3409/3409
f 3409/3409/3409 3410/3410/3410 3279/3279/3279
f 3409/3409/3409 3279/3279/3279 3278/3278/3278
f 3509/3509/3509 3510/3510/3510 3410/3410/3410
f 2563/2563/2563 2562/2562/2562 2688/2688/2688
f 2563/2563/2563 2688/2688/2688 2689/2689/2689
f 2689/2689/2689 2688/2688/2688 2814/2814/2814
f 2689/2689/2689 2814/2814/2814 2815/2815/2815
f 3044/3044/3044 3045/3045/3045 2941/2941/2941
f 3044/3044/3044 2941/2941/2941 2940/2940/2940
f 2940/2940/2940 2941/2941/2941 2815/2815/2815
f 2940/2940/2940 2815/2815/2815 2814/2814/2814
f 4232/4232/4232 4231/4231/4231 4191/4191/4191
f 4232/4232/4232 4191/4191/4191 4192/4192/4192
f 4231/4231/4231 4230/4230/4230 4190/4190/4190
f 4231/4231/4231 4190/4190/4190 4191/4191/4191
f 4229/4229/4229 4228/4228/4228 4188/4188/4188
f 4229/4229/4229 4188/4188/4188 4189/4189/4189
f 4230/4230/4230 4229/4229/4229 4189/4189/4189
f 4230/4230/4230 4189/4189/4189 4190/4190/4190
f 150/150/150 149/149/149 193/193/193
f 150/150/150 193/193/193 194/194/194
f 283/283/283 284/284/284 239/239/239
f 283/283/283 239/239/239 238/238/238
f 238/238/238 239/239/239 194/194/194
f 238/238/238 194/194/194 193/193/193
f 4003/4003/4003 4004/4004/4004 4042/4042/4042
f 4003/4003/4003 4042/4042/4042 4041/4041/4041
f 4004/4004/4004 4005/4005/4005 4043/4043/4043
f 4004/4004/4004 4043/4043/4043 4042/4042/4042
f 4006/4006/4006 4007/4007/4007 4045/4045/4045
f 4006/4006/4006 4045/4045/4045 4044/4044/4044
f 4005/4005/4005 4006/4006/4006 4044/4044/4044
f 4005/4005/4005 4044/4044/4044 4043/4043/4043
f 4358/4358/4358 4316/4316/4316 4317/4317/4317
f 4358/4358/4358 4357/4357/4357 4315/4315/4315
f 4358/4358/4358 4315/4315/4315 4316/4316/4316
f 4356/4356/4356 4355/4355/4355 4313/4313/4313
f 4356/4356/4356 4313/4313/4313 4314/4314/4314
f 4357/4357/4357 4356/4356/4356 4314/4314/4314
f 4357/4357/4357 4314/4314/4314 4315/4315/4315
f 4270/4270/4270 4271/4271/4271 4314/4314/4314
f 4270/4270/4270 4314/4314/4314 4313/4313/4313
f 4271/4271/4271 4272/4272/4272 4315/4315/4315
f 4271/4271/4271 4315/4315/4315 4314/4314/4314
f 4273/4273/4273 4274/4274/4274 4317/4317/4317
f 4273/4273/4273 4317/4317/4317 4316/4316/4316
f 4272/4272/4272 4273/4273/4273 4316/4316/4316
f 4272/4272/4272 4316/4316/4316 4315/4315/4315
f 4041/4041/4041 4042/4042/4042 4077/4077/4077
f 4041/4041/4041 4077/4077/4077 4076/4076/4076
f 4042/4042/4042 4043/4043/4043 4078/4078/4078
f 4042/4042/4042 4078/4078/4078 4077/4077/4077
f 4044/4044/4044 4045/4045/4045 4080/4080/4080
f 4044/4044/4044 4080/4080/4080 4079/4079/4079
f 4043/4043/4043 4044/4044/4044 4079/4079/4079
f 4043/4043/4043 4079/4079/4079 4078/4078/4078
f 4155/4155/4155 4154/4154/4154 4116/4116/4116
f 4155/4155/4155 4116/4116/4116 4117/4117/4117
f 4154/4154/4154 4153/4153/4153 4115/4115/4115
f 4154/4154/4154 4115/4115/4115 4116/4116/4116
f 4152/4152/4152 4151/4151/4151 4113/4113/4113
f 4152/4152/4152 4113/4113/4113 4114/4114/4114
f 4153/4153/4153 4152/4152/4152 4114/4114/4114
f 4153/4153/4153 4114/4114/4114 4115/4115/4115
f 13/13/13 12/12/12 34/34/34
f 13/13/13 34/34/34 35/35/35
f 78/78/78 79/79/79 57/57/57
f 78/78/78 57/57/57 56/56/56
f 120/120/120 121/121/121 101/101/101
f 120/120/120 101/101/101 100/100/100
f 100/100/100 101/101/101 79/79/79
f 100/100/100 79/79/79 78/78/78
f 12/12/12 13/13/13 465/465/465
f 12/12/12 465/465/465 464/464/464
f 120/120/120 119/119/119 628/628/628
f 120/120/120 628/628/628 629/629/629
f 2494/2494/2494 2493/2493/2493 2367/2367/2367
f 2494/2494/2494 2367/2367/2367 2368/2368/2368
f 2493/2493/2493 2492/2492/2492 2366/2366/2366
f 2493/2493/2493 2366/2366/2366 2367/2367/2367
f 2368/2368/2368 2367/2367/2367 2241/2241/2241
f 2368/2368/2368 2241/2241/2241 2242/2242/2242
f 2367/2367/2367 2366/2366/2366 2240/2240/2240
f 2367/2367/2367 2240/2240/2240 2241/2241/2241
f 2491/2491/2491 2490/2490/2490 2364/2364/2364
f 2491/2491/2491 2364/2364/2364 2365/2365/2365
f 2365/2365/2365 2364/2364/2364 2238/2238/2238
f 2365/2365/2365 2238/2238/2238 2239/2239/2239
f 2492/2492/2492 2491/2491/2491 2365/2365/2365
f 2492/2492/2492 2365/2365/2365 2366/2366/2366
f 2366/2366/2366 2365/2365/2365 2239/2239/2239
f 2366/2366/2366 2239/2239/2239 2240/2240/2240
f 1986/1986/1986 1987/1987/1987 2113/2113/2113
f 1986/1986/1986 2113/2113/2113 2112/2112/2112
f 1987/1987/1987 1988/1988/1988 2114/2114/2114
f 1987/1987/1987 2114/2114/2114 2113/2113/2113
f 2112/2112/2112 2113/2113/2113 2239/2239/2239
f 2112/2112/2112 2239/2239/2239 2238/2238/2238
f 2113/2113/2113 2114/2114/2114 2240/2240/2240
f 2113/2113/2113 2240/2240/2240 2239/2239/2239
f 1989/1989/1989 1990/1990/1990 2116/2116/2116
f 1989/1989/1989 2116/2116/2116 2115/2115/2115
f 2115/2115/2115 2116/2116/2116 2242/2242/2242
f 2115/2115/2115 2242/2242/2242 2241/2241/2241
f 1988/1988/1988 1989/1989/1989 2115/2115/2115
f 1988/1988/1988 2115/2115/2115 2114/2114/2114
f 2114/2114/2114 2115/2115/2115 2241/2241/2241
f 2114/2114/2114 2241/2241/2241 2240/2240/2240
f 3801/3801/3801 3800/3800/3800 3681/3681/3681
f 3800/3800/3800 3680/3680/3680 3681/3681/3681
f 3800/3800/3800 3799/3799/3799 3679/3679/3679
f 3800/3800/3800 3679/3679/3679 3680/3680/3680
f 3462/3462/3462 3463/3463/3463 3560/3560/3560
f 3462/3462/3462 3560/3560/3560 3559/3559/3559
f 3463/3463/3463 3464/3464/3464 3561/3561/3561
f 3463/3463/3463 3561/3561/3561 3560/3560/3560
f 3559/3559/3559 3560/3560/3560 3679/3679/3679
f 3560/3560/3560 3561/3561/3561 3680/3680/3680
f 3560/3560/3560 3680/3680/3680 3679/3679/3679
f 3465/3465/3465 3466/3466/3466 3563/3563/3563
f 3465/3465/3465 3563/3563/3563 3562/3562/3562
f 3562/3562/3562 3563/3563/3563 3682/3682/3682
f 3562/3562/3562 3682/3682/3682 3681/3681/3681
f 3464/3464/3464 3465/3465/3465 3562/3562/3562
f 3464/3464/3464 3562/3562/3562 3561/3561/3561
f 3561/3561/3561 3562/3562/3562 3681/3681/3681
f 3561/3561/3561 3681/3681/3681 3680/3680/3680
f 3466/3466/3466 3465/3465/3465 3344/3344/3344
f 3466/3466/3466 3344/3344/3344 3345/3345/3345
f 3465/3465/3465 3464/3464/3464 3343/3343/3343
f 3465/3465/3465 3343/3343/3343 3344/3344/3344
f 3345/3345/3345 3344/3344/3344 3213/3213/3213
f 3345/3345/3345 3213/3213/3213 3214/3214/3214
f 3344/3344/3344 3343/3343/3343 3212/3212/3212
f 3344/3344/3344 3212/3212/3212 3213/3213/3213
f 3463/3463/3463 3462/3462/3462 3341/3341/3341
f 3463/3463/3463 3341/3341/3341 3342/3342/3342
f 3342/3342/3342 3341/3341/3341 3210/3210/3210
f 3342/3342/3342 3210/3210/3210 3211/3211/3211
f 3464/3464/3464 3463/3463/3463 3342/3342/3342
f 3464/3464/3464 3342/3342/3342 3343/3343/3343
f 3343/3343/3343 3342/3342/3342 3211/3211/3211
f 3343/3343/3343 3211/3211/3211 3212/3212/3212
f 2994/2994/2994 2995/2995/2995 3097/3097/3097
f 2994/2994/2994 3097/3097/3097 3096/3096/3096
f 2995/2995/2995 2996/2996/2996 3098/3098/3098
f 2995/2995/2995 3098/3098/3098 3097/3097/3097
f 3096/3096/3096 3097/3097/3097 3211/3211/3211
f 3096/3096/3096 3211/3211/3211 3210/3210/3210
f 3097/3097/3097 3098/3098/3098 3212/3212/3212
f 3097/3097/3097 3212/3212/3212 3211/3211/3211
f 2997/2997/2997 2998/2998/2998 3100/3100/3100
f 2997/2997/2997 3100/3100/3100 3099/3099/3099
f 3099/3099/3099 3100/3100/3100 3214/3214/3214
f 3099/3099/3099 3214/3214/3214 3213/3213/3213
f 2996/2996/2996 2997/2997/2997 3099/3099/3099
f 2996/2996/2996 3099/3099/3099 3098/3098/3098
f 3098/3098/3098 3099/3099/3099 3213/3213/3213
f 3098/3098/3098 3213/3213/3213 3212/3212/3212
f 2998/2998/2998 2997/2997/2997 2871/2871/2871
f 2998/2998/2998 2871/2871/2871 2872/2872/2872
f 2997/2997/2997 2996/2996/2996 2870/2870/2870
f 2997/2997/2997 2870/2870/2870 2871/2871/2871
f 2872/2872/2872 2871/2871/2871 2745/2745/2745
f 2872/2872/2872 2745/2745/2745 2746/2746/2746
f 2871/2871/2871 2870/2870/2870 2744/2744/2744
f 2871/2871/2871 2744/2744/2744 2745/2745/2745
f 2995/2995/2995 2994/2994/2994 2868/2868/2868
f 2995/2995/2995 2868/2868/2868 2869/2869/2869
f 2869/2869/2869 2868/2868/2868 2742/2742/2742
f 2869/2869/2869 2742/2742/2742 2743/2743/2743
f 2996/2996/2996 2995/2995/2995 2869/2869/2869
f 2996/2996/2996 2869/2869/2869 2870/2870/2870
f 2870/2870/2870 2869/2869/2869 2743/2743/2743
f 2870/2870/2870 2743/2743/2743 2744/2744/2744
f 2490/2490/2490 2491/2491/2491 2617/2617/2617
f 2490/2490/2490 2617/2617/2617 2616/2616/2616
f 2491/2491/2491 2492/2492/2492 2618/2618/2618
f 2491/2491/2491 2618/2618/2618 2617/2617/2617
f 2616/2616/2616 2617/2617/2617 2743/2743/2743
f 2616/2616/2616 2743/2743/2743 2742/2742/2742
f 2617/2617/2617 2618/2618/2618 2744/2744/2744
f 2617/2617/2617 2744/2744/2744 2743/2743/2743
f 2493/2493/2493 2494/2494/2494 2620/2620/2620
f 2493/2493/2493 2620/2620/2620 2619/2619/2619
f 2619/2619/2619 2620/2620/2620 2746/2746/2746
f 2619/2619/2619 2746/2746/2746 2745/2745/2745
f 2492/2492/2492 2493/2493/2493 2619/2619/2619
f 2492/2492/2492 2619/2619/2619 2618/2618/2618
f 2618/2618/2618 2619/2619/2619 2745/2745/2745
f 2618/2618/2618 2745/2745/2745 2744/2744/2744
f 2067/2067/2067 2066/2066/2066 2192/2192/2192
f 2067/2067/2067 2192/2192/2192 2193/2193/2193
f 2066/2066/2066 2065/2065/2065 2191/2191/2191
f 2066/2066/2066 2191/2191/2191 2192/2192/2192
f 2193/2193/2193 2192/2192/2192 2318/2318/2318
f 2193/2193/2193 2318/2318/2318 2319/2319/2319
f 2192/2192/2192 2191/2191/2191 2317/2317/2317
f 2192/2192/2192 2317/2317/2317 2318/2318/2318
f 2064/2064/2064 2063/2063/2063 2189/2189/2189
f 2064/2064/2064 2189/2189/2189 2190/2190/2190
f 2190/2190/2190 2189/2189/2189 2315/2315/2315
f 2190/2190/2190 2315/2315/2315 2316/2316/2316
f 2065/2065/2065 2064/2064/2064 2190/2190/2190
f 2065/2065/2065 2190/2190/2190 2191/2191/2191
f 2191/2191/2191 2190/2190/2190 2316/2316/2316
f 2191/2191/2191 2316/2316/2316 2317/2317/2317
f 2567/2567/2567 2568/2568/2568 2442/2442/2442
f 2567/2567/2567 2442/2442/2442 2441/2441/2441
f 2568/2568/2568 2569/2569/2569 2443/2443/2443
f 2568/2568/2568 2443/2443/2443 2442/2442/2442
f 2441/2441/2441 2442/2442/2442 2316/2316/2316
f 2441/2441/2441 2316/2316/2316 2315/2315/2315
f 2442/2442/2442 2443/2443/2443 2317/2317/2317
f 2442/2442/2442 2317/2317/2317 2316/2316/2316
f 2570/2570/2570 2571/2571/2571 2445/2445/2445
f 2570/2570/2570 2445/2445/2445 2444/2444/2444
f 2444/2444/2444 2445/2445/2445 2319/2319/2319
f 2444/2444/2444 2319/2319/2319 2318/2318/2318
f 2569/2569/2569 2570/2570/2570 2444/2444/2444
f 2569/2569/2569 2444/2444/2444 2443/2443/2443
f 2443/2443/2443 2444/2444/2444 2318/2318/2318
f 2443/2443/2443 2318/2318/2318 2317/2317/2317
f 3517/3517/3517 3516/3516/3516 3634/3634/3634
f 3517/3517/3517 3634/3634/3634 3635/3635/3635
f 3516/3516/3516 3515/3515/3515 3633/3633/3633
f 3516/3516/3516 3633/3633/3633 3634/3634/3634
f 3635/3635/3635 3634/3634/3634 3755/3755/3755
f 3635/3635/3635 3755/3755/3755 3756/3756/3756
f 3634/3634/3634 3633/3633/3633 3754/3754/3754
f 3634/3634/3634 3754/3754/3754 3755/3755/3755
f 3514/3514/3514 3513/3513/3513 3631/3631/3631
f 3514/3514/3514 3631/3631/3631 3632/3632/3632
f 3632/3632/3632 3631/3631/3631 3753/3753/3753
f 3515/3515/3515 3514/3514/3514 3632/3632/3632
f 3515/3515/3515 3632/3632/3632 3633/3633/3633
f 3633/3633/3633 3632/3632/3632 3753/3753/3753
f 3633/3633/3633 3753/3753/3753 3754/3754/3754
f 4361/4361/4361 4362/4362/4362 3753/3753/3753
f 4362/4362/4362 3754/3754/3754 3753/3753/3753
f 4362/4362/4362 4363/4363/4363 3755/3755/3755
f 4362/4362/4362 3755/3755/3755 3754/3754/3754
f 3053/3053/3053 3052/3052/3052 3168/3168/3168
f 3053/3053/3053 3168/3168/3168 3169/3169/3169
f 3052/3052/3052 3051/3051/3051 3167/3167/3167
f 3052/3052/3052 3167/3167/3167 3168/3168/3168
f 3169/3169/3169 3168/3168/3168 3286/3286/3286
f 3169/3169/3169 3286/3286/3286 3287/3287/3287
f 3168/3168/3168 3167/3167/3167 3285/3285/3285
f 3168/3168/3168 3285/3285/3285 3286/3286/3286
f 3050/3050/3050 3049/3049/3049 3165/3165/3165
f 3050/3050/3050 3165/3165/3165 3166/3166/3166
f 3166/3166/3166 3165/3165/3165 3283/3283/3283
f 3166/3166/3166 3283/3283/3283 3284/3284/3284
f 3051/3051/3051 3050/3050/3050 3166/3166/3166
f 3051/3051/3051 3166/3166/3166 3167/3167/3167
f 3167/3167/3167 3166/3166/3166 3284/3284/3284
f 3167/3167/3167 3284/3284/3284 3285/3285/3285
f 3513/3513/3513 3514/3514/3514 3415/3415/3415
f 3513/3513/3513 3415/3415/3415 3414/3414/3414
f 3514/3514/3514 3515/3515/3515 3416/3416/3416
f 3514/3514/3514 3416/3416/3416 3415/3415/3415
f 3414/3414/3414 3415/3415/3415 3284/3284/3284
f 3414/3414/3414 3284/3284/3284 3283/3283/3283
f 3415/3415/3415 3416/3416/3416 3285/3285/3285
f 3415/3415/3415 3285/3285/3285 3284/3284/3284
f 3516/3516/3516 3517/3517/3517 3418/3418/3418
f 3516/3516/3516 3418/3418/3418 3417/3417/3417
f 3417/3417/3417 3418/3418/3418 3287/3287/3287
f 3417/3417/3417 3287/3287/3287 3286/3286/3286
f 3515/3515/3515 3516/3516/3516 3417/3417/3417
f 3515/3515/3515 3417/3417/3417 3416/3416/3416
f 3416/3416/3416 3417/3417/3417 3286/3286/3286
f 3416/3416/3416 3286/3286/3286 3285/3285/3285
f 2571/2571/2571 2570/2570/2570 2696/2696/2696
f 2571/2571/2571 2696/2696/2696 2697/2697/2697
f 2570/2570/2570 2569/2569/2569 2695/2695/2695
f 2570/2570/2570 2695/2695/2695 2696/2696/2696
f 2697/2697/2697 2696/2696/2696 2822/2822/2822
f 2697/2697/2697 2822/2822/2822 2823/2823/2823
f 2696/2696/2696 2695/2695/2695 2821/2821/2821
f 2696/2696/2696 2821/2821/2821 2822/2822/2822
f 2568/2568/2568 2567/2567/2567 2693/2693/2693
f 2568/2568/2568 2693/2693/2693 2694/2694/2694
f 2694/2694/2694 2693/2693/2693 2819/2819/2819
f 2694/2694/2694 2819/2819/2819 2820/2820/2820
f 2569/2569/2569 2568/2568/2568 2694/2694/2694
f 2569/2569/2569 2694/2694/2694 2695/2695/2695
f 2695/2695/2695 2694/2694/2694 2820/2820/2820
f 2695/2695/2695 2820/2820/2820 2821/2821/2821
f 3049/3049/3049 3050/3050/3050 2946/2946/2946
f 3049/3049/3049 2946/2946/2946 2945/2945/2945
f 3050/3050/3050 3051/3051/3051 2947/2947/2947
f 3050/3050/3050 2947/2947/2947 2946/2946/2946
f 2945/2945/2945 2946/2946/2946 2820/2820/2820
f 2945/2945/2945 2820/2820/2820 2819/2819/2819
f 2946/2946/2946 2947/2947/2947 2821/2821/2821
f 2946/2946/2946 2821/2821/2821 2820/2820/2820
f 3052/3052/3052 3053/3053/3053 2949/2949/2949
f 3052/3052/3052 2949/2949/2949 2948/2948/2948
f 2948/2948/2948 2949/2949/2949 2823/2823/2823
f 2948/2948/2948 2823/2823/2823 2822/2822/2822
f 3051/3051/3051 3052/3052/3052 2948/2948/2948
f 3051/3051/3051 2948/2948/2948 2947/2947/2947
f 2947/2947/2947 2948/2948/2948 2822/2822/2822
f 2947/2947/2947 2822/2822/2822 2821/2821/2821
f 4236/4236/4236 4235/4235/4235 4195/4195/4195
f 4236/4236/4236 4195/4195/4195 4196/4196/4196
f 158/158/158 157/157/157 201/201/201
f 158/158/158 201/201/201 202/202/202
f 157/157/157 156/156/156 200/200/200
f 157/157/157 200/200/200 201/201/201
f 155/155/155 154/154/154 198/198/198
f 155/155/155 198/198/198 199/199/199
f 156/156/156 155/155/155 199/199/199
f 156/156/156 199/199/199 200/200/200
f 288/288/288 289/289/289 244/244/244
f 288/288/288 244/244/244 243/243/243
f 289/289/289 290/290/290 245/245/245
f 289/289/289 245/245/245 244/244/244
f 243/243/243 244/244/244 199/199/199
f 243/243/243 199/199/199 198/198/198
f 244/244/244 245/245/245 200/200/200
f 244/244/244 200/200/200 199/199/199
f 291/291/291 292/292/292 247/247/247
f 291/291/291 247/247/247 246/246/246
f 246/246/246 247/247/247 202/202/202
f 246/246/246 202/202/202 201/201/201
f 290/290/290 291/291/291 246/246/246
f 290/290/290 246/246/246 245/245/245
f 245/245/245 246/246/246 201/201/201
f 245/245/245 201/201/201 200/200/200
f 4010/4010/4010 4011/4011/4011 4046/4046/4046
f 4046/4046/4046 4011/4011/4011 4047/4047/4047
f 4363/4363/4363 4362/4362/4362 4320/4320/4320
f 4363/4363/4363 4320/4320/4320 4321/4321/4321
f 4362/4362/4362 4361/4361/4361 4320/4320/4320
f 4277/4277/4277 4278/4278/4278 4321/4321/4321
f 4277/4277/4277 4321/4321/4321 4320/4320/4320
f 4046/4046/4046 4047/4047/4047 4083/4083/4083
f 4083/4083/4083 4047/4047/4047 4084/4084/4084
f 4159/4159/4159 4158/4158/4158 4120/4120/4120
f 4159/4159/4159 4120/4120/4120 4121/4121/4121
f 592/592/592 593/593/593 562/562/562
f 592/592/592 562/562/562 561/561/561
f 593/593/593 594/594/594 563/563/563
f 593/593/593 563/563/563 562/562/562
f 595/595/595 596/596/596 565/565/565
f 595/595/595 565/565/565 564/564/564
f 594/594/594 595/595/595 564/564/564
f 594/594/594 564/564/564 563/563/563
f 472/472/472 471/471/471 506/506/506
f 472/472/472 506/506/506 507/507/507
f 471/471/471 470/470/470 505/505/505
f 471/471/471 505/505/505 506/506/506
f 469/469/469 468/468/468 503/503/503
f 469/469/469 503/503/503 504/504/504
f 470/470/470 469/469/469 504/504/504
f 470/470/470 504/504/504 505/505/505
f 561/561/561 562/562/562 533/533/533
f 561/561/561 533/533/533 532/532/532
f 562/562/562 563/563/563 534/534/534
f 562/562/562 534/534/534 533/533/533
f 564/564/564 565/565/565 536/536/536
f 564/564/564 536/536/536 535/535/535
f 563/563/563 564/564/564 535/535/535
f 563/563/563 535/535/535 534/534/534
f 596/596/596 595/595/595 636/636/636
f 596/596/596 636/636/636 637/637/637
f 595/595/595 594/594/594 635/635/635
f 595/595/595 635/635/635 636/636/636
f 593/593/593 592/592/592 633/633/633
f 593/593/593 633/633/633 634/634/634
f 594/594/594 593/593/593 634/634/634
f 594/594/594 634/634/634 635/635/635
f 158/158/158 159/159/159 774/774/774
f 158/158/158 774/774/774 773/773/773
f 159/159/159 160/160/160 775/775/775
f 159/159/159 775/775/775 774/774/774
f 160/160/160 161/161/161 776/776/776
f 160/160/160 776/776/776 775/775/775
f 1015/1015/1015 1014/1014/1014 894/894/894
f 1015/1015/1015 894/894/894 895/895/895
f 895/895/895 894/894/894 775/775/775
f 895/895/895 775/775/775 776/776/776
f 1013/1013/1013 1012/1012/1012 892/892/892
f 1013/1013/1013 892/892/892 893/893/893
f 893/893/893 892/892/892 773/773/773
f 893/893/893 773/773/773 774/774/774
f 1014/1014/1014 1013/1013/1013 893/893/893
f 1014/1014/1014 893/893/893 894/894/894
f 894/894/894 893/893/893 774/774/774
f 894/894/894 774/774/774 775/775/775
f 1012/1012/1012 1013/1013/1013 1111/1111/1111
f 1012/1012/1012 1111/1111/1111 1110/1110/1110
f 1013/1013/1013 1014/1014/1014 1112/1112/1112
f 1013/1013/1013 1112/1112/1112 1111/1111/1111
f 1110/1110/1110 1111/1111/1111 1233/1233/1233
f 1110/1110/1110 1233/1233/1233 1232/1232/1232
f 1111/1111/1111 1112/1112/1112 1234/1234/1234
f 1111/1111/1111 1234/1234/1234 1233/1233/1233
f 1014/1014/1014 1015/1015/1015 1113/1113/1113
f 1014/1014/1014 1113/1113/1113 1112/1112/1112
f 1112/1112/1112 1113/1113/1113 1235/1235/1235
f 1112/1112/1112 1235/1235/1235 1234/1234/1234
f 1520/1520/1520 1398/1398/1398 1303/1303/1303
f 1520/1520/1520 1519/1519/1519 1397/1397/1397
f 1520/1520/1520 1397/1397/1397 1398/1398/1398
f 1303/1303/1303 1398/1398/1398 1235/1235/1235
f 1398/1398/1398 1397/1397/1397 1234/1234/1234
f 1398/1398/1398 1234/1234/1234 1235/1235/1235
f 1518/1518/1518 1517/1517/1517 1395/1395/1395
f 1518/1518/1518 1395/1395/1395 1396/1396/1396
f 1396/1396/1396 1395/1395/1395 1232/1232/1232
f 1396/1396/1396 1232/1232/1232 1233/1233/1233
f 1519/1519/1519 1518/1518/1518 1396/1396/1396
f 1519/1519/1519 1396/1396/1396 1397/1397/1397
f 1397/1397/1397 1396/1396/1396 1233/1233/1233
f 1397/1397/1397 1233/1233/1233 1234/1234/1234
f 1517/1517/1517 1518/1518/1518 1613/1613/1613
f 1517/1517/1517 1613/1613/1613 1612/1612/1612
f 1518/1518/1518 1519/1519/1519 1614/1614/1614
f 1518/1518/1518 1614/1614/1614 1613/1613/1613
f 1612/1612/1612 1613/1613/1613 1739/1739/1739
f 1612/1612/1612 1739/1739/1739 1738/1738/1738
f 1613/1613/1613 1614/1614/1614 1740/1740/1740
f 1613/1613/1613 1740/1740/1740 1739/1739/1739
f 1519/1519/1519 1520/1520/1520 1615/1615/1615
f 1519/1519/1519 1615/1615/1615 1614/1614/1614
f 1614/1614/1614 1615/1615/1615 1741/1741/1741
f 1614/1614/1614 1741/1741/1741 1740/1740/1740
f 1993/1993/1993 1992/1992/1992 1866/1866/1866
f 1993/1993/1993 1866/1866/1866 1867/1867/1867
f 1867/1867/1867 1866/1866/1866 1740/1740/1740
f 1867/1867/1867 1740/1740/1740 1741/1741/1741
f 1991/1991/1991 1990/1990/1990 1864/1864/1864
f 1991/1991/1991 1864/1864/1864 1865/1865/1865
f 1865/1865/1865 1864/1864/1864 1738/1738/1738
f 1865/1865/1865 1738/1738/1738 1739/1739/1739
f 1992/1992/1992 1991/1991/1991 1865/1865/1865
f 1992/1992/1992 1865/1865/1865 1866/1866/1866
f 1866/1866/1866 1865/1865/1865 1739/1739/1739
f 1866/1866/1866 1739/1739/1739 1740/1740/1740
f 1061/1061/1061 1062/1062/1062 965/965/965
f 1061/1061/1061 965/965/965 964/964/964
f 1062/1062/1062 1063/1063/1063 966/966/966
f 1062/1062/1062 966/966/966 965/965/965
f 964/964/964 965/965/965 847/847/847
f 964/964/964 847/847/847 846/846/846
f 965/965/965 966/966/966 848/848/848
f 965/965/965 848/848/848 847/847/847
f 1063/1063/1063 1064/1064/1064 967/967/967
f 1063/1063/1063 967/967/967 966/966/966
f 966/966/966 967/967/967 849/849/849
f 966/966/966 849/849/849 848/848/848
f 730/730/730 729/729/729 848/848/848
f 730/730/730 848/848/848 849/849/849
f 728/728/728 727/727/727 846/846/846
f 728/728/728 846/846/846 847/847/847
f 729/729/729 728/728/728 847/847/847
f 729/729/729 847/847/847 848/848/848
f 1564/1564/1564 1565/1565/1565 1471/1471/1471
f 1564/1564/1564 1471/1471/1471 1470/1470/1470
f 1565/1565/1565 1566/1566/1566 1472/1472/1472
f 1565/1565/1565 1472/1472/1472 1471/1471/1471
f 1470/1470/1470 1471/1471/1471 1278/1278/1278
f 1470/1470/1470 1278/1278/1278 1277/1277/1277
f 1471/1471/1471 1472/1472/1472 1279/1279/1279
f 1471/1471/1471 1279/1279/1279 1278/1278/1278
f 1567/1567/1567 1353/1353/1353 1473/1473/1473
f 1473/1473/1473 1353/1353/1353 1280/1280/1280
f 1566/1566/1566 1567/1567/1567 1473/1473/1473
f 1566/1566/1566 1473/1473/1473 1472/1472/1472
f 1472/1472/1472 1473/1473/1473 1280/1280/1280
f 1472/1472/1472 1280/1280/1280 1279/1279/1279
f 1064/1064/1064 1063/1063/1063 1187/1187/1187
f 1064/1064/1064 1187/1187/1187 1188/1188/1188
f 1188/1188/1188 1187/1187/1187 1279/1279/1279
f 1188/1188/1188 1279/1279/1279 1280/1280/1280
f 1062/1062/1062 1061/1061/1061 1185/1185/1185
f 1062/1062/1062 1185/1185/1185 1186/1186/1186
f 1186/1186/1186 1185/1185/1185 1277/1277/1277
f 1186/1186/1186 1277/1277/1277 1278/1278/1278
f 1063/1063/1063 1062/1062/1062 1186/1186/1186
f 1063/1063/1063 1186/1186/1186 1187/1187/1187
f 1187/1187/1187 1186/1186/1186 1278/1278/1278
f 1187/1187/1187 1278/1278/1278 1279/1279/1279
f 2067/2067/2067 2068/2068/2068 1942/1942/1942
f 2067/2067/2067 1942/1942/1942 1941/1941/1941
f 2068/2068/2068 2069/2069/2069 1943/1943/1943
f 2068/2068/2068 1943/1943/1943 1942/1942/1942
f 1941/1941/1941 1942/1942/1942 1816/1816/1816
f 1941/1941/1941 1816/1816/1816 1815/1815/1815
f 1942/1942/1942 1943/1943/1943 1817/1817/1817
f 1942/1942/1942 1817/1817/1817 1816/1816/1816
f 2069/2069/2069 2070/2070/2070 1944/1944/1944
f 2069/2069/2069 1944/1944/1944 1943/1943/1943
f 1943/1943/1943 1944/1944/1944 1818/1818/1818
f 1943/1943/1943 1818/1818/1818 1817/1817/1817
f 1567/1567/1567 1566/1566/1566 1691/1691/1691
f 1567/1567/1567 1691/1691/1691 1692/1692/1692
f 1692/1692/1692 1691/1691/1691 1817/1817/1817
f 1692/1692/1692 1817/1817/1817 1818/1818/1818
f 1565/1565/1565 1564/1564/1564 1689/1689/1689
f 1565/1565/1565 1689/1689/1689 1690/1690/1690
f 1690/1690/1690 1689/1689/1689 1815/1815/1815
f 1690/1690/1690 1815/1815/1815 1816/1816/1816
f 1566/1566/1566 1565/1565/1565 1690/1690/1690
f 1566/1566/1566 1690/1690/1690 1691/1691/1691
f 1691/1691/1691 1690/1690/1690 1816/1816/1816
f 1691/1691/1691 1816/1816/1816 1817/1817/1817
f 727/727/727 728/728/728 683/683/683
f 727/727/727 683/683/683 682/682/682
f 728/728/728 729/729/729 684/684/684
f 728/728/728 684/684/684 683/683/683
f 729/729/729 730/730/730 685/685/685
f 729/729/729 685/685/685 684/684/684
f 640/640/640 639/639/639 684/684/684
f 640/640/640 684/684/684 685/685/685
f 638/638/638 637/637/637 682/682/682
f 638/638/638 682/682/682 683/683/683
f 639/639/639 638/638/638 683/683/683
f 639/639/639 683/683/683 684/684/684
f 3801/3801/3801 3802/3802/3802 3844/3844/3844
f 3801/3801/3801 3844/3844/3844 3843/3843/3843
f 3802/3802/3802 3803/3803/3803 3845/3845/3845
f 3802/3802/3802 3845/3845/3845 3844/3844/3844
f 3804/3804/3804 3805/3805/3805 3847/3847/3847
f 3804/3804/3804 3847/3847/3847 3846/3846/3846
f 3803/3803/3803 3804/3804/3804 3846/3846/3846
f 3803/3803/3803 3846/3846/3846 3845/3845/3845
f 3889/3889/3889 3888/3888/3888 3847/3847/3847
f 3847/3847/3847 3888/3888/3888 3846/3846/3846
f 3888/3888/3888 3887/3887/3887 3845/3845/3845
f 3888/3888/3888 3845/3845/3845 3846/3846/3846
f 3886/3886/3886 3885/3885/3885 3843/3843/3843
f 3886/3886/3886 3843/3843/3843 3844/3844/3844
f 3887/3887/3887 3886/3886/3886 3844/3844/3844
f 3887/3887/3887 3844/3844/3844 3845/3845/3845
f 430/430/430 429/429/429 474/474/474
f 430/430/430 474/474/474 475/475/475
f 428/428/428 427/427/427 472/472/472
f 428/428/428 472/472/472 473/473/473
f 429/429/429 428/428/428 473/473/473
f 429/429/429 473/473/473 474/474/474
f 1239/1239/1239 1307/1307/1307 1306/1306/1306
f 1239/1239/1239 1306/1306/1306 1238/1238/1238
f 1307/1307/1307 1402/1402/1402 1401/1401/1401
f 1307/1307/1307 1401/1401/1401 1306/1306/1306
f 1402/1402/1402 1524/1524/1524 1523/1523/1523
f 1402/1402/1402 1523/1523/1523 1401/1401/1401
f 1522/1522/1522 1400/1400/1400 1401/1401/1401
f 1522/1522/1522 1401/1401/1401 1523/1523/1523
f 1305/1305/1305 1237/1237/1237 1238/1238/1238
f 1305/1305/1305 1238/1238/1238 1306/1306/1306
f 1400/1400/1400 1305/1305/1305 1306/1306/1306
f 1400/1400/1400 1306/1306/1306 1401/1401/1401
f 1284/1284/1284 1192/1192/1192 1191/1191/1191
f 1284/1284/1284 1191/1191/1191 1283/1283/1283
f 1192/1192/1192 1068/1068/1068 1067/1067/1067
f 1192/1192/1192 1067/1067/1067 1191/1191/1191
f 1066/1066/1066 1190/1190/1190 1191/1191/1191
f 1066/1066/1066 1191/1191/1191 1067/1067/1067
f 1190/1190/1190 1282/1282/1282 1283/1283/1283
f 1190/1190/1190 1283/1283/1283 1191/1191/1191
f 1309/1309/1309 1310/1310/1310 1404/1404/1404
f 1405/1405/1405 1527/1527/1527 1404/1404/1404
f 1404/1404/1404 1527/1527/1527 1526/1526/1526
f 1310/1310/1310 1405/1405/1405 1404/1404/1404
f 1241/1241/1241 1309/1309/1309 1308/1308/1308
f 1241/1241/1241 1308/1308/1308 1240/1240/1240
f 1309/1309/1309 1404/1404/1404 1403/1403/1403
f 1309/1309/1309 1403/1403/1403 1308/1308/1308
f 1404/1404/1404 1526/1526/1526 1525/1525/1525
f 1404/1404/1404 1525/1525/1525 1403/1403/1403
f 1236/1236/1236 1114/1114/1114 1115/1115/1115
f 1236/1236/1236 1115/1115/1115 1237/1237/1237
f 1114/1114/1114 1016/1016/1016 1017/1017/1017
f 1114/1114/1114 1017/1017/1017 1115/1115/1115
f 1286/1286/1286 1194/1194/1194 1193/1193/1193
f 1286/1286/1286 1193/1193/1193 1285/1285/1285
f 1194/1194/1194 1070/1070/1070 1069/1069/1069
f 1194/1194/1194 1069/1069/1069 1193/1193/1193
f 1281/1281/1281 1354/1354/1354 1355/1355/1355
f 1281/1281/1281 1355/1355/1355 1282/1282/1282
f 1354/1354/1354 1474/1474/1474 1475/1475/1475
f 1354/1354/1354 1475/1475/1475 1355/1355/1355
f 1474/1474/1474 1568/1568/1568 1569/1569/1569
f 1474/1474/1474 1569/1569/1569 1475/1475/1475
f 1240/1240/1240 1308/1308/1308 1307/1307/1307
f 1240/1240/1240 1307/1307/1307 1239/1239/1239
f 1308/1308/1308 1403/1403/1403 1402/1402/1402
f 1308/1308/1308 1402/1402/1402 1307/1307/1307
f 1403/1403/1403 1525/1525/1525 1524/1524/1524
f 1403/1403/1403 1524/1524/1524 1402/1402/1402
f 1285/1285/1285 1193/1193/1193 1192/1192/1192
f 1285/1285/1285 1192/1192/1192 1284/1284/1284
f 1193/1193/1193 1069/1069/1069 1068/1068/1068
f 1193/1193/1193 1068/1068/1068 1192/1192/1192
f 1241/1241/1241 1242/1242/1242 1309/1309/1309
f 1241/1241/1241 1119/1119/1119 1120/1120/1120
f 1241/1241/1241 1120/1120/1120 1242/1242/1242
f 1309/1309/1309 1242/1242/1242 1310/1310/1310
f 1119/1119/1119 1021/1021/1021 1022/1022/1022
f 1119/1119/1119 1022/1022/1022 1120/1120/1120
f 1310/1310/1310 1527/1527/1527 1405/1405/1405
f 1574/1574/1574 1360/1360/1360 1480/1480/1480
f 1070/1070/1070 1194/1194/1194 1195/1195/1195
f 1070/1070/1070 1195/1195/1195 1071/1071/1071
f 1286/1286/1286 1359/1359/1359 1287/1287/1287
f 1287/1287/1287 1359/1359/1359 1360/1360/1360
f 1194/1194/1194 1286/1286/1286 1287/1287/1287
f 1194/1194/1194 1287/1287/1287 1195/1195/1195
f 1195/1195/1195 1287/1287/1287 1360/1360/1360
f 1195/1195/1195 1360/1360/1360 1287/1287/1287
f 1521/1521/1521 1520/1520/1520 1398/1398/1398
f 1521/1521/1521 1398/1398/1398 1399/1399/1399
f 1399/1399/1399 1398/1398/1398 1304/1304/1304
f 1567/1567/1567 1568/1568/1568 1474/1474/1474
f 1567/1567/1567 1474/1474/1474 1473/1473/1473
f 1473/1473/1473 1474/1474/1474 1354/1354/1354
f 3715/3715/3715 3483/3483/3483 3595/3595/3595
f 3595/3595/3595 3483/3483/3483 3378/3378/3378
f 3715/3715/3715 3595/3595/3595 3483/3483/3483
f 3483/3483/3483 3595/3595/3595 3378/3378/3378
f 4276/4276/4276 4234/4234/4234 4235/4235/4235
f 4276/4276/4276 4235/4235/4235 4277/4277/4277
f 4275/4275/4275 4274/4274/4274 4232/4232/4232
f 4275/4275/4275 4232/4232/4232 4233/4233/4233
f 4276/4276/4276 4275/4275/4275 4233/4233/4233
f 4276/4276/4276 4233/4233/4233 4234/4234/4234
f 4489/4489/4489 4505/4505/4505 4504/4504/4504
f 4489/4489/4489 4504/4504/4504 4488/4488/4488
f 4129/4129/4129 4092/4092/4092 4093/4093/4093
f 4129/4129/4129 4093/4093/4093 4130/4130/4130
f 4130/4130/4130 4093/4093/4093 4094/4094/4094
f 4130/4130/4130 4094/4094/4094 4131/4131/4131
f 3711/3711/3711 3713/3713/3713 4132/4132/4132
f 3711/3711/3711 4132/4132/4132 4095/4095/4095
f 4095/4095/4095 4132/4132/4132 4131/4131/4131
f 4095/4095/4095 4131/4131/4131 4094/4094/4094
f 3711/3711/3711 3591/3591/3591 3593/3593/3593
f 3593/3593/3593 3591/3591/3591 3374/3374/3374
f 3593/3593/3593 3374/3374/3374 3376/3376/3376
f 3713/3713/3713 3711/3711/3711 3593/3593/3593
f 3244/3244/3244 3376/3376/3376 3374/3374/3374
f 4125/4125/4125 4088/4088/4088 4089/4089/4089
f 4125/4125/4125 4089/4089/4089 4126/4126/4126
f 59/59/59 37/37/37 510/510/510
f 59/59/59 510/510/510 539/539/539
f 541/541/541 512/512/512 511/511/511
f 541/541/541 511/511/511 540/540/540
f 507/507/507 536/536/536 537/537/537
f 507/507/507 537/537/537 508/508/508
f 508/508/508 537/537/537 538/538/538
f 508/508/508 538/538/538 509/509/509
f 539/539/539 510/510/510 509/509/509
f 539/539/539 509/509/509 538/538/538
f 4090/4090/4090 4127/4127/4127 4439/4439/4439
f 4090/4090/4090 4439/4439/4439 4431/4431/4431
f 36/36/36 58/58/58 530/530/530
f 36/36/36 530/530/530 501/501/501
f 501/501/501 530/530/530 531/531/531
f 501/501/501 531/531/531 502/502/502
f 532/532/532 503/503/503 502/502/502
f 532/532/532 502/502/502 531/531/531
f 503/503/503 532/532/532 533/533/533
f 503/503/503 533/533/533 504/504/504
f 504/504/504 533/533/533 534/534/534
f 504/504/504 534/534/534 505/505/505
f 536/536/536 507/507/507 506/506/506
f 536/536/536 506/506/506 535/535/535
f 535/535/535 506/506/506 505/505/505
f 535/535/535 505/505/505 534/534/534
f 4084/4084/4084 4121/4121/4121 4083/4083/4083
f 3976/3976/3976 4018/4018/4018 4017/4017/4017
f 3976/3976/3976 4017/4017/4017 3975/3975/3975
f 3979/3979/3979 4021/4021/4021 4020/4020/4020
f 3979/3979/3979 4020/4020/4020 3978/3978/3978
f 4019/4019/4019 3977/3977/3977 3978/3978/3978
f 4019/4019/4019 3978/3978/3978 4020/4020/4020
f 4018/4018/4018 3976/3976/3976 3977/3977/3977
f 4018/4018/4018 3977/3977/3977 4019/4019/4019
f 431/431/431 386/386/386 385/385/385
f 431/431/431 385/385/385 430/430/430
f 341/341/341 296/296/296 295/295/295
f 341/341/341 295/295/295 340/340/340
f 386/386/386 341/341/341 340/340/340
f 386/386/386 340/340/340 385/385/385
f 2522/2522/2522 2520/2520/2520 2394/2394/2394
f 2522/2522/2522 2394/2394/2394 2396/2396/2396
f 2396/2396/2396 2394/2394/2394 2268/2268/2268
f 2396/2396/2396 2268/2268/2268 2270/2270/2270
f 2518/2518/2518 2516/2516/2516 2390/2390/2390
f 2518/2518/2518 2390/2390/2390 2392/2392/2392
f 2392/2392/2392 2390/2390/2390 2264/2264/2264
f 2392/2392/2392 2264/2264/2264 2266/2266/2266
f 2520/2520/2520 2518/2518/2518 2392/2392/2392
f 2520/2520/2520 2392/2392/2392 2394/2394/2394
f 2394/2394/2394 2392/2392/2392 2266/2266/2266
f 2394/2394/2394 2266/2266/2266 2268/2268/2268
f 2012/2012/2012 2014/2014/2014 2140/2140/2140
f 2012/2012/2012 2140/2140/2140 2138/2138/2138
f 2014/2014/2014 2016/2016/2016 2142/2142/2142
f 2014/2014/2014 2142/2142/2142 2140/2140/2140
f 2138/2138/2138 2140/2140/2140 2266/2266/2266
f 2138/2138/2138 2266/2266/2266 2264/2264/2264
f 2140/2140/2140 2142/2142/2142 2268/2268/2268
f 2140/2140/2140 2268/2268/2268 2266/2266/2266
f 2016/2016/2016 2018/2018/2018 2144/2144/2144
f 2016/2016/2016 2144/2144/2144 2142/2142/2142
f 2142/2142/2142 2144/2144/2144 2270/2270/2270
f 2142/2142/2142 2270/2270/2270 2268/2268/2268
f 800/800/800 798/798/798 396/396/396
f 800/800/800 396/396/396 441/441/441
f 441/441/441 396/396/396 395/395/395
f 441/441/441 395/395/395 440/440/440
f 796/796/796 794/794/794 306/306/306
f 796/796/796 306/306/306 351/351/351
f 351/351/351 306/306/306 305/305/305
f 351/351/351 305/305/305 350/350/350
f 798/798/798 796/796/796 351/351/351
f 798/798/798 351/351/351 396/396/396
f 396/396/396 351/351/351 350/350/350
f 396/396/396 350/350/350 395/395/395
f 303/303/303 348/348/348 349/349/349
f 303/303/303 349/349/349 304/304/304
f 348/348/348 393/393/393 394/394/394
f 348/348/348 394/394/394 349/349/349
f 304/304/304 349/349/349 350/350/350
f 304/304/304 350/350/350 305/305/305
f 349/349/349 394/394/394 395/395/395
f 349/349/349 395/395/395 350/350/350
f 393/393/393 438/438/438 439/439/439
f 393/393/393 439/439/439 394/394/394
f 394/394/394 439/439/439 440/440/440
f 394/394/394 440/440/440 395/395/395
f 3979/3979/3979 3937/3937/3937 3938/3938/3938
f 3979/3979/3979 3938/3938/3938 3980/3980/3980
f 3980/3980/3980 3938/3938/3938 3939/3939/3939
f 3980/3980/3980 3939/3939/3939 3981/3981/3981
f 3937/3937/3937 3895/3895/3895 3896/3896/3896
f 3937/3937/3937 3896/3896/3896 3938/3938/3938
f 3938/3938/3938 3896/3896/3896 3897/3897/3897
f 3938/3938/3938 3897/3897/3897 3939/3939/3939
f 3701/3701/3701 3703/3703/3703 3940/3940/3940
f 3701/3701/3701 3940/3940/3940 3898/3898/3898
f 3898/3898/3898 3940/3940/3940 3939/3939/3939
f 3898/3898/3898 3939/3939/3939 3897/3897/3897
f 3703/3703/3703 3705/3705/3705 3982/3982/3982
f 3703/3703/3703 3982/3982/3982 3940/3940/3940
f 3940/3940/3940 3982/3982/3982 3981/3981/3981
f 3940/3940/3940 3981/3981/3981 3939/3939/3939
f 3705/3705/3705 3585/3585/3585 3587/3587/3587
f 3705/3705/3705 3703/3703/3703 3585/3585/3585
f 3587/3587/3587 3585/3585/3585 3368/3368/3368
f 3587/3587/3587 3368/3368/3368 3370/3370/3370
f 3703/3703/3703 3701/3701/3701 3581/3581/3581
f 3703/3703/3703 3581/3581/3581 3583/3583/3583
f 3583/3583/3583 3581/3581/3581 3364/3364/3364
f 3583/3583/3583 3364/3364/3364 3366/3366/3366
f 3703/3703/3703 3583/3583/3583 3585/3585/3585
f 3585/3585/3585 3583/3583/3583 3366/3366/3366
f 3585/3585/3585 3366/3366/3366 3368/3368/3368
f 3118/3118/3118 3120/3120/3120 3234/3234/3234
f 3120/3120/3120 3236/3236/3236 3234/3234/3234
f 3234/3234/3234 3366/3366/3366 3364/3364/3364
f 3234/3234/3234 3236/3236/3236 3368/3368/3368
f 3234/3234/3234 3368/3368/3368 3366/3366/3366
f 3238/3238/3238 3370/3370/3370 3368/3368/3368
f 3120/3120/3120 3122/3122/3122 3238/3238/3238
f 3120/3120/3120 3238/3238/3238 3236/3236/3236
f 3236/3236/3236 3238/3238/3238 3368/3368/3368
f 1422/1422/1422 1420/1420/1420 1323/1323/1323
f 1422/1422/1422 1323/1323/1323 1325/1325/1325
f 1325/1325/1325 1323/1323/1323 1136/1136/1136
f 1325/1325/1325 1136/1136/1136 1138/1138/1138
f 1418/1418/1418 1416/1416/1416 1319/1319/1319
f 1418/1418/1418 1319/1319/1319 1321/1321/1321
f 1321/1321/1321 1319/1319/1319 1132/1132/1132
f 1321/1321/1321 1132/1132/1132 1134/1134/1134
f 1420/1420/1420 1418/1418/1418 1321/1321/1321
f 1420/1420/1420 1321/1321/1321 1323/1323/1323
f 1323/1323/1323 1321/1321/1321 1134/1134/1134
f 1323/1323/1323 1134/1134/1134 1136/1136/1136
f 794/794/794 796/796/796 914/914/914
f 794/794/794 914/914/914 912/912/912
f 796/796/796 798/798/798 916/916/916
f 796/796/796 916/916/916 914/914/914
f 912/912/912 914/914/914 1134/1134/1134
f 912/912/912 1134/1134/1134 1132/1132/1132
f 914/914/914 916/916/916 1136/1136/1136
f 914/914/914 1136/1136/1136 1134/1134/1134
f 798/798/798 800/800/800 918/918/918
f 798/798/798 918/918/918 916/916/916
f 916/916/916 918/918/918 1138/1138/1138
f 916/916/916 1138/1138/1138 1136/1136/1136
f 3122/3122/3122 2898/2898/2898 2900/2900/2900
f 3122/3122/3122 3120/3120/3120 2896/2896/2896
f 3122/3122/3122 2896/2896/2896 2898/2898/2898
f 2900/2900/2900 2898/2898/2898 2772/2772/2772
f 2900/2900/2900 2772/2772/2772 2774/2774/2774
f 2898/2898/2898 2896/2896/2896 2770/2770/2770
f 2898/2898/2898 2770/2770/2770 2772/2772/2772
f 3120/3120/3120 3118/3118/3118 2894/2894/2894
f 3120/3120/3120 2894/2894/2894 2896/2896/2896
f 2896/2896/2896 2894/2894/2894 2768/2768/2768
f 2896/2896/2896 2768/2768/2768 2770/2770/2770
f 2516/2516/2516 2518/2518/2518 2644/2644/2644
f 2516/2516/2516 2644/2644/2644 2642/2642/2642
f 2518/2518/2518 2520/2520/2520 2646/2646/2646
f 2518/2518/2518 2646/2646/2646 2644/2644/2644
f 2642/2642/2642 2644/2644/2644 2770/2770/2770
f 2642/2642/2642 2770/2770/2770 2768/2768/2768
f 2644/2644/2644 2646/2646/2646 2770/2770/2770
f 2520/2520/2520 2522/2522/2522 2648/2648/2648
f 2520/2520/2520 2648/2648/2648 2646/2646/2646
f 2646/2646/2646 2648/2648/2648 2774/2774/2774
f 2646/2646/2646 2774/2774/2774 2772/2772/2772
f 2646/2646/2646 2772/2772/2772 2770/2770/2770
f 2018/2018/2018 2016/2016/2016 1890/1890/1890
f 2018/2018/2018 1890/1890/1890 1892/1892/1892
f 1892/1892/1892 1890/1890/1890 1764/1764/1764
f 1892/1892/1892 1764/1764/1764 1766/1766/1766
f 2014/2014/2014 2012/2012/2012 1886/1886/1886
f 2014/2014/2014 1886/1886/1886 1888/1888/1888
f 1888/1888/1888 1886/1886/1886 1760/1760/1760
f 1888/1888/1888 1760/1760/1760 1762/1762/1762
f 2016/2016/2016 2014/2014/2014 1888/1888/1888
f 2016/2016/2016 1888/1888/1888 1890/1890/1890
f 1890/1890/1890 1888/1888/1888 1762/1762/1762
f 1890/1890/1890 1762/1762/1762 1764/1764/1764
f 1416/1416/1416 1418/1418/1418 1636/1636/1636
f 1416/1416/1416 1636/1636/1636 1634/1634/1634
f 1418/1418/1418 1420/1420/1420 1638/1638/1638
f 1418/1418/1418 1638/1638/1638 1636/1636/1636
f 1634/1634/1634 1636/1636/1636 1762/1762/1762
f 1634/1634/1634 1762/1762/1762 1760/1760/1760
f 1636/1636/1636 1638/1638/1638 1764/1764/1764
f 1636/1636/1636 1764/1764/1764 1762/1762/1762
f 1420/1420/1420 1422/1422/1422 1640/1640/1640
f 1420/1420/1420 1640/1640/1640 1638/1638/1638
f 1638/1638/1638 1640/1640/1640 1766/1766/1766
f 1638/1638/1638 1766/1766/1766 1764/1764/1764
f 3973/3973/3973 3931/3931/3931 3932/3932/3932
f 3973/3973/3973 3932/3932/3932 3974/3974/3974
f 3931/3931/3931 3889/3889/3889 3890/3890/3890
f 3931/3931/3931 3890/3890/3890 3932/3932/3932
f 436/436/436 391/391/391 390/390/390
f 436/436/436 390/390/390 435/435/435
f 346/346/346 301/301/301 300/300/300
f 346/346/346 300/300/300 345/345/345
f 391/391/391 346/346/346 345/345/345
f 391/391/391 345/345/345 390/390/390
f 3891/3891/3891 3933/3933/3933 3932/3932/3932
f 3891/3891/3891 3932/3932/3932 3890/3890/3890
f 3933/3933/3933 3975/3975/3975 3974/3974/3974
f 3933/3933/3933 3974/3974/3974 3932/3932/3932
f 3973/3973/3973 4015/4015/4015 4014/4014/4014
f 3973/3973/3973 4014/4014/4014 3972/3972/3972
f 3972/3972/3972 4013/4013/4013 3971/3971/3971
f 3972/3972/3972 4014/4014/4014 4013/4013/4013
f 4012/4012/4012 3971/3971/3971 4013/4013/4013
f 2529/2529/2529 2526/2526/2526 2400/2400/2400
f 2529/2529/2529 2400/2400/2400 2403/2403/2403
f 2403/2403/2403 2400/2400/2400 2274/2274/2274
f 2403/2403/2403 2274/2274/2274 2277/2277/2277
f 2022/2022/2022 2025/2025/2025 2151/2151/2151
f 2022/2022/2022 2151/2151/2151 2148/2148/2148
f 2148/2148/2148 2151/2151/2151 2277/2277/2277
f 2148/2148/2148 2277/2277/2277 2274/2274/2274
f 806/806/806 804/804/804 515/515/515
f 806/806/806 515/515/515 544/544/544
f 544/544/544 515/515/515 514/514/514
f 544/544/544 514/514/514 543/543/543
f 512/512/512 541/541/541 542/542/542
f 512/512/512 542/542/542 513/513/513
f 513/513/513 542/542/542 543/543/543
f 513/513/513 543/543/543 514/514/514
f 3713/3713/3713 3715/3715/3715 4132/4132/4132
f 3715/3715/3715 3713/3713/3713 3593/3593/3593
f 3715/3715/3715 3593/3593/3593 3595/3595/3595
f 3595/3595/3595 3593/3593/3593 3376/3376/3376
f 3595/3595/3595 3376/3376/3376 3378/3378/3378
f 3128/3128/3128 3131/3131/3131 3244/3244/3244
f 3247/3247/3247 3378/3378/3378 3376/3376/3376
f 3131/3131/3131 3247/3247/3247 3244/3244/3244
f 3244/3244/3244 3247/3247/3247 3376/3376/3376
f 1429/1429/1429 1426/1426/1426 1329/1329/1329
f 1429/1429/1429 1329/1329/1329 1332/1332/1332
f 1332/1332/1332 1329/1329/1329 1142/1142/1142
f 1332/1332/1332 1142/1142/1142 1144/1144/1144
f 804/804/804 806/806/806 924/924/924
f 804/804/804 924/924/924 922/922/922
f 922/922/922 924/924/924 1144/1144/1144
f 922/922/922 1144/1144/1144 1142/1142/1142
f 3131/3131/3131 3128/3128/3128 2904/2904/2904
f 3131/3131/3131 2904/2904/2904 2907/2907/2907
f 2907/2907/2907 2904/2904/2904 2778/2778/2778
f 2907/2907/2907 2778/2778/2778 2781/2781/2781
f 2526/2526/2526 2529/2529/2529 2655/2655/2655
f 2526/2526/2526 2655/2655/2655 2652/2652/2652
f 2652/2652/2652 2655/2655/2655 2781/2781/2781
f 2652/2652/2652 2781/2781/2781 2778/2778/2778
f 2025/2025/2025 2022/2022/2022 1896/1896/1896
f 2025/2025/2025 1896/1896/1896 1899/1899/1899
f 1899/1899/1899 1896/1896/1896 1770/1770/1770
f 1899/1899/1899 1770/1770/1770 1773/1773/1773
f 1426/1426/1426 1429/1429/1429 1647/1647/1647
f 1426/1426/1426 1647/1647/1647 1644/1644/1644
f 1644/1644/1644 1647/1647/1647 1773/1773/1773
f 1644/1644/1644 1773/1773/1773 1770/1770/1770
f 44/44/44 66/66/66 540/540/540
f 44/44/44 540/540/540 511/511/511
f 4118/4118/4118 4081/4081/4081 4082/4082/4082
f 4118/4118/4118 4082/4082/4082 4119/4119/4119
f 4081/4081/4081 4118/4118/4118 4117/4117/4117
f 4081/4081/4081 4117/4117/4117 4080/4080/4080
f 4119/4119/4119 4082/4082/4082 4083/4083/4083
f 4119/4119/4119 4083/4083/4083 4120/4120/4120
f 4113/4113/4113 4076/4076/4076 4077/4077/4077
f 4113/4113/4113 4077/4077/4077 4114/4114/4114
f 4114/4114/4114 4077/4077/4077 4078/4078/4078
f 4114/4114/4114 4078/4078/4078 4115/4115/4115
f 4080/4080/4080 4117/4117/4117 4116/4116/4116
f 4080/4080/4080 4116/4116/4116 4079/4079/4079
f 4079/4079/4079 4116/4116/4116 4115/4115/4115
f 4079/4079/4079 4115/4115/4115 4078/4078/4078
f 4121/4121/4121 4120/4120/4120 4083/4083/4083
f 39/39/39 61/61/61 62/62/62
f 39/39/39 62/62/62 40/40/40
f 63/63/63 41/41/41 40/40/40
f 63/63/63 40/40/40 62/62/62
f 4125/4125/4125 4163/4163/4163 4162/4162/4162
f 4125/4125/4125 4162/4162/4162 4124/4124/4124
f 4124/4124/4124 4162/4162/4162 4123/4123/4123
f 4162/4162/4162 4161/4161/4161 4123/4123/4123
f 4159/4159/4159 4121/4121/4121 4122/4122/4122
f 4159/4159/4159 4122/4122/4122 4160/4160/4160
f 4160/4160/4160 4122/4122/4122 4123/4123/4123
f 4160/4160/4160 4123/4123/4123 4161/4161/4161
f 4129/4129/4129 4167/4167/4167 4166/4166/4166
f 4129/4129/4129 4166/4166/4166 4128/4128/4128
f 4165/4165/4165 4127/4127/4127 4128/4128/4128
f 4165/4165/4165 4128/4128/4128 4166/4166/4166
f 4446/4446/4446 4438/4438/4438 4439/4439/4439
f 4446/4446/4446 4439/4439/4439 4447/4447/4447
f 4438/4438/4438 4446/4446/4446 4515/4515/4515
f 4438/4438/4438 4515/4515/4515 4510/4510/4510
f 4444/4444/4444 4436/4436/4436 4437/4437/4437
f 4444/4444/4444 4437/4437/4437 4445/4445/4445
f 4445/4445/4445 4437/4437/4437 4509/4509/4509
f 4445/4445/4445 4509/4509/4509 4514/4514/4514
f 4505/4505/4505 4510/4510/4510 4504/4504/4504
f 4510/4510/4510 4509/4509/4509 4504/4504/4504
f 4164/4164/4164 4126/4126/4126 4436/4436/4436
f 4164/4164/4164 4436/4436/4436 4444/4444/4444
f 33/33/33 55/55/55 56/56/56
f 33/33/33 56/56/56 34/34/34
f 4599/4599/4599 4598/4598/4598 4570/4570/4570
f 4599/4599/4599 4570/4570/4570 4571/4571/4571
f 4558/4558/4558 4559/4559/4559 4571/4571/4571
f 4558/4558/4558 4571/4571/4571 4570/4570/4570
f 4679/4679/4679 4635/4635/4635 4636/4636/4636
f 4679/4679/4679 4636/4636/4636 4680/4680/4680
f 4531/4531/4531 4530/4530/4530 4474/4474/4474
f 4531/4531/4531 4474/4474/4474 4475/4475/4475
f 4542/4542/4542 4531/4531/4531 4475/4475/4475
f 4542/4542/4542 4475/4475/4475 4487/4487/4487
f 4475/4475/4475 4474/4474/4474 4390/4390/4390
f 4475/4475/4475 4390/4390/4390 4391/4391/4391
f 4407/4407/4407 4408/4408/4408 4391/4391/4391
f 4407/4407/4407 4391/4391/4391 4390/4390/4390
f 4529/4529/4529 4540/4540/4540 4473/4473/4473
f 4540/4540/4540 4486/4486/4486 4473/4473/4473
f 4598/4598/4598 4637/4637/4637 4636/4636/4636
f 4598/4598/4598 4599/4599/4599 4637/4637/4637
f 4595/4595/4595 4596/4596/4596 4634/4634/4634
f 4679/4679/4679 4680/4680/4680 4718/4718/4718
f 4679/4679/4679 4718/4718/4718 4717/4717/4717
f 4718/4718/4718 4680/4680/4680 4681/4681/4681
f 4718/4718/4718 4681/4681/4681 4719/4719/4719
f 4680/4680/4680 4636/4636/4636 4637/4637/4637
f 4680/4680/4680 4637/4637/4637 4681/4681/4681
f 4598/4598/4598 4597/4597/4597 4569/4569/4569
f 4598/4598/4598 4569/4569/4569 4570/4570/4570
f 4557/4557/4557 4558/4558/4558 4570/4570/4570
f 4557/4557/4557 4570/4570/4570 4569/4569/4569
f 4530/4530/4530 4529/4529/4529 4473/4473/4473
f 4530/4530/4530 4473/4473/4473 4474/4474/4474
f 4406/4406/4406 4407/4407/4407 4390/4390/4390
f 4406/4406/4406 4390/4390/4390 4389/4389/4389
f 4474/4474/4474 4473/4473/4473 4389/4389/4389
f 4474/4474/4474 4389/4389/4389 4390/4390/4390
f 4597/4597/4597 4598/4598/4598 4636/4636/4636
f 4599/4599/4599 4638/4638/4638 4637/4637/4637
f 4720/4720/4720 4719/4719/4719 4682/4682/4682
f 4719/4719/4719 4681/4681/4681 4682/4682/4682
f 4637/4637/4637 4638/4638/4638 4682/4682/4682
f 4637/4637/4637 4682/4682/4682 4681/4681/4681
f 4756/4756/4756 4755/4755/4755 4750/4750/4750
f 4756/4756/4756 4717/4717/4717 4718/4718/4718
f 4756/4756/4756 4718/4718/4718 4757/4757/4757
f 4757/4757/4757 4718/4718/4718 4719/4719/4719
f 4757/4757/4757 4719/4719/4719 4758/4758/4758
f 4473/4473/4473 4406/4406/4406 4389/4389/4389
f 4531/4531/4531 4542/4542/4542 4541/4541/4541
f 4531/4531/4531 4541/4541/4541 4530/4530/4530
f 4530/4530/4530 4541/4541/4541 4540/4540/4540
f 4530/4530/4530 4540/4540/4540 4529/4529/4529
f 4542/4542/4542 4559/4559/4559 4558/4558/4558
f 4542/4542/4542 4558/4558/4558 4541/4541/4541
f 4541/4541/4541 4558/4558/4558 4557/4557/4557
f 4541/4541/4541 4557/4557/4557 4540/4540/4540
f 4673/4673/4673 4674/4674/4674 4712/4712/4712
f 4673/4673/4673 4712/4712/4712 4711/4711/4711
f 4674/4674/4674 4679/4679/4679 4717/4717/4717
f 4674/4674/4674 4717/4717/4717 4712/4712/4712
f 4756/4756/4756 4750/4750/4750 4712/4712/4712
f 4756/4756/4756 4712/4712/4712 4717/4717/4717
f 4750/4750/4750 4749/4749/4749 4711/4711/4711
f 4750/4750/4750 4711/4711/4711 4712/4712/4712
f 4634/4634/4634 4635/4635/4635 4626/4626/4626
f 4679/4679/4679 4674/4674/4674 4626/4626/4626
f 4679/4679/4679 4626/4626/4626 4635/4635/4635
f 4674/4674/4674 4673/4673/4673 4625/4625/4625
f 4674/4674/4674 4625/4625/4625 4626/4626/4626
f 4671/4671/4671 4672/4672/4672 4710/4710/4710
f 4671/4671/4671 4710/4710/4710 4709/4709/4709
f 4672/4672/4672 4673/4673/4673 4711/4711/4711
f 4672/4672/4672 4711/4711/4711 4710/4710/4710
f 4749/4749/4749 4748/4748/4748 4710/4710/4710
f 4749/4749/4749 4710/4710/4710 4711/4711/4711
f 4748/4748/4748 4747/4747/4747 4709/4709/4709
f 4748/4748/4748 4709/4709/4709 4710/4710/4710
f 4673/4673/4673 4672/4672/4672 4624/4624/4624
f 4673/4673/4673 4624/4624/4624 4625/4625/4625
f 4672/4672/4672 4671/4671/4671 4623/4623/4623
f 4672/4672/4672 4623/4623/4623 4624/4624/4624
f 4788/4788/4788 4787/4787/4787 4747/4747/4747
f 4788/4788/4788 4747/4747/4747 4748/4748/4748
f 4487/4487/4487 4475/4475/4475 4391/4391/4391
f 4487/4487/4487 4391/4391/4391 4408/4408/4408
f 4797/4797/4797 4749/4749/4749 4750/4750/4750
f 4797/4797/4797 4750/4750/4750 4755/4755/4755
f 4797/4797/4797 4755/4755/4755 4798/4798/4798
f 4795/4795/4795 4787/4787/4787 4788/4788/4788
f 4795/4795/4795 4788/4788/4788 4796/4796/4796
f 4749/4749/4749 4797/4797/4797 4788/4788/4788
f 4749/4749/4749 4788/4788/4788 4748/4748/4748
f 4797/4797/4797 4796/4796/4796 4788/4788/4788
f 4669/4669/4669 4670/4670/4670 4708/4708/4708
f 4669/4669/4669 4708/4708/4708 4707/4707/4707
f 4670/4670/4670 4671/4671/4671 4709/4709/4709
f 4670/4670/4670 4709/4709/4709 4708/4708/4708
f 4747/4747/4747 4746/4746/4746 4708/4708/4708
f 4747/4747/4747 4708/4708/4708 4709/4709/4709
f 4746/4746/4746 4745/4745/4745 4707/4707/4707
f 4746/4746/4746 4707/4707/4707 4708/4708/4708
f 4671/4671/4671 4670/4670/4670 4622/4622/4622
f 4671/4671/4671 4622/4622/4622 4623/4623/4623
f 4670/4670/4670 4669/4669/4669 4621/4621/4621
f 4670/4670/4670 4621/4621/4621 4622/4622/4622
f 4787/4787/4787 4786/4786/4786 4746/4746/4746
f 4787/4787/4787 4746/4746/4746 4747/4747/4747
f 4786/4786/4786 4785/4785/4785 4745/4745/4745
f 4786/4786/4786 4745/4745/4745 4746/4746/4746
f 4786/4786/4786 4787/4787/4787 4795/4795/4795
f 4786/4786/4786 4795/4795/4795 4794/4794/4794
f 4794/4794/4794 4793/4793/4793 4785/4785/4785
f 4794/4794/4794 4785/4785/4785 4786/4786/4786
f 4625/4625/4625 4634/4634/4634 4626/4626/4626
f 4625/4625/4625 4633/4633/4633 4634/4634/4634
f 4633/4633/4633 4595/4595/4595 4634/4634/4634
f 4595/4595/4595 4633/4633/4633 4594/4594/4594
f 4633/4633/4633 4625/4625/4625 4624/4624/4624
f 4633/4633/4633 4624/4624/4624 4594/4594/4594
f 4594/4594/4594 4624/4624/4624 4583/4583/4583
f 4623/4623/4623 4582/4582/4582 4583/4583/4583
f 4623/4623/4623 4583/4583/4583 4624/4624/4624
f 4582/4582/4582 4593/4593/4593 4594/4594/4594
f 4582/4582/4582 4594/4594/4594 4583/4583/4583
f 4593/4593/4593 4582/4582/4582 4581/4581/4581
f 4593/4593/4593 4581/4581/4581 4592/4592/4592
f 4582/4582/4582 4623/4623/4623 4622/4622/4622
f 4582/4582/4582 4622/4622/4622 4581/4581/4581
f 4621/4621/4621 4580/4580/4580 4581/4581/4581
f 4621/4621/4621 4581/4581/4581 4622/4622/4622
f 4580/4580/4580 4591/4591/4591 4592/4592/4592
f 4580/4580/4580 4592/4592/4592 4581/4581/4581
f 4615/4615/4615 4577/4577/4577 4576/4576/4576
f 4615/4615/4615 4576/4576/4576 4614/4614/4614
f 4577/4577/4577 4565/4565/4565 4564/4564/4564
f 4577/4577/4577 4564/4564/4564 4576/4576/4576
f 4691/4691/4691 4692/4692/4692 4654/4654/4654
f 4691/4691/4691 4654/4654/4654 4653/4653/4653
f 4553/4553/4553 4503/4503/4503 4502/4502/4502
f 4553/4553/4553 4502/4502/4502 4552/4552/4552
f 4731/4731/4731 4774/4774/4774 4758/4758/4758
f 4731/4731/4731 4758/4758/4758 4719/4719/4719
f 4774/4774/4774 4773/4773/4773 4757/4757/4757
f 4774/4774/4774 4757/4757/4757 4758/4758/4758
f 4542/4542/4542 4487/4487/4487 4503/4503/4503
f 4542/4542/4542 4503/4503/4503 4553/4553/4553
f 4427/4427/4427 4408/4408/4408 4407/4407/4407
f 4427/4427/4427 4407/4407/4407 4426/4426/4426
f 4565/4565/4565 4577/4577/4577 4571/4571/4571
f 4565/4565/4565 4571/4571/4571 4559/4559/4559
f 4577/4577/4577 4615/4615/4615 4599/4599/4599
f 4577/4577/4577 4599/4599/4599 4571/4571/4571
f 4656/4656/4656 4694/4694/4694 4682/4682/4682
f 4656/4656/4656 4682/4682/4682 4638/4638/4638
f 4732/4732/4732 4731/4731/4731 4719/4719/4719
f 4732/4732/4732 4719/4719/4719 4720/4720/4720
f 4694/4694/4694 4732/4732/4732 4720/4720/4720
f 4694/4694/4694 4720/4720/4720 4682/4682/4682
f 4613/4613/4613 4575/4575/4575 4569/4569/4569
f 4613/4613/4613 4569/4569/4569 4597/4597/4597
f 4575/4575/4575 4563/4563/4563 4557/4557/4557
f 4575/4575/4575 4557/4557/4557 4569/4569/4569
f 4653/4653/4653 4654/4654/4654 4636/4636/4636
f 4653/4653/4653 4636/4636/4636 4635/4635/4635
f 4503/4503/4503 4427/4427/4427 4426/4426/4426
f 4503/4503/4503 4426/4426/4426 4502/4502/4502
f 4503/4503/4503 4487/4487/4487 4408/4408/4408
f 4503/4503/4503 4408/4408/4408 4427/4427/4427
f 4655/4655/4655 4615/4615/4615 4614/4614/4614
f 4614/4614/4614 4654/4654/4654 4655/4655/4655
f 4654/4654/4654 4613/4613/4613 4597/4597/4597
f 4654/4654/4654 4597/4597/4597 4636/4636/4636
f 4611/4611/4611 4652/4652/4652 4612/4612/4612
f 4611/4611/4611 4612/4612/4612 4596/4596/4596
f 4611/4611/4611 4596/4596/4596 4595/4595/4595
f 4612/4612/4612 4652/4652/4652 4634/4634/4634
f 4612/4612/4612 4634/4634/4634 4596/4596/4596
f 4652/4652/4652 4653/4653/4653 4635/4635/4635
f 4652/4652/4652 4635/4635/4635 4634/4634/4634
f 4773/4773/4773 4772/4772/4772 4756/4756/4756
f 4773/4773/4773 4756/4756/4756 4757/4757/4757
f 4691/4691/4691 4729/4729/4729 4730/4730/4730
f 4691/4691/4691 4730/4730/4730 4692/4692/4692
f 4730/4730/4730 4731/4731/4731 4693/4693/4693
f 4730/4730/4730 4693/4693/4693 4692/4692/4692
f 4655/4655/4655 4654/4654/4654 4692/4692/4692
f 4655/4655/4655 4692/4692/4692 4693/4693/4693
f 4615/4615/4615 4656/4656/4656 4638/4638/4638
f 4615/4615/4615 4638/4638/4638 4599/4599/4599
f 4614/4614/4614 4576/4576/4576 4575/4575/4575
f 4614/4614/4614 4575/4575/4575 4613/4613/4613
f 4576/4576/4576 4564/4564/4564 4563/4563/4563
f 4576/4576/4576 4563/4563/4563 4575/4575/4575
f 4552/4552/4552 4502/4502/4502 4501/4501/4501
f 4552/4552/4552 4501/4501/4501 4551/4551/4551
f 4426/4426/4426 4407/4407/4407 4406/4406/4406
f 4426/4426/4426 4406/4406/4406 4425/4425/4425
f 4502/4502/4502 4426/4426/4426 4425/4425/4425
f 4502/4502/4502 4425/4425/4425 4501/4501/4501
f 4654/4654/4654 4614/4614/4614 4613/4613/4613
f 4615/4615/4615 4655/4655/4655 4656/4656/4656
f 4732/4732/4732 4694/4694/4694 4731/4731/4731
f 4655/4655/4655 4693/4693/4693 4694/4694/4694
f 4655/4655/4655 4694/4694/4694 4656/4656/4656
f 4693/4693/4693 4731/4731/4731 4694/4694/4694
f 4730/4730/4730 4729/4729/4729 4772/4772/4772
f 4730/4730/4730 4772/4772/4772 4773/4773/4773
f 4731/4731/4731 4730/4730/4730 4773/4773/4773
f 4731/4731/4731 4773/4773/4773 4774/4774/4774
f 4501/4501/4501 4540/4540/4540 4551/4551/4551
f 4553/4553/4553 4552/4552/4552 4564/4564/4564
f 4553/4553/4553 4564/4564/4564 4565/4565/4565
f 4553/4553/4553 4565/4565/4565 4559/4559/4559
f 4559/4559/4559 4542/4542/4542 4553/4553/4553
f 4551/4551/4551 4557/4557/4557 4563/4563/4563
f 4551/4551/4551 4540/4540/4540 4557/4557/4557
f 4552/4552/4552 4551/4551/4551 4563/4563/4563
f 4552/4552/4552 4563/4563/4563 4564/4564/4564
f 4689/4689/4689 4727/4727/4727 4728/4728/4728
f 4689/4689/4689 4728/4728/4728 4690/4690/4690
f 4727/4727/4727 4770/4770/4770 4771/4771/4771
f 4727/4727/4727 4771/4771/4771 4728/4728/4728
f 4772/4772/4772 4729/4729/4729 4728/4728/4728
f 4772/4772/4772 4728/4728/4728 4771/4771/4771
f 4729/4729/4729 4691/4691/4691 4690/4690/4690
f 4729/4729/4729 4690/4690/4690 4728/4728/4728
f 4772/4772/4772 4771/4771/4771 4755/4755/4755
f 4772/4772/4772 4755/4755/4755 4756/4756/4756
f 4808/4808/4808 4807/4807/4807 4797/4797/4797
f 4808/4808/4808 4797/4797/4797 4798/4798/4798
f 4771/4771/4771 4808/4808/4808 4798/4798/4798
f 4771/4771/4771 4798/4798/4798 4755/4755/4755
f 4651/4651/4651 4689/4689/4689 4690/4690/4690
f 4651/4651/4651 4690/4690/4690 4652/4652/4652
f 4691/4691/4691 4653/4653/4653 4652/4652/4652
f 4691/4691/4691 4652/4652/4652 4690/4690/4690
f 4700/4700/4700 4738/4738/4738 4739/4739/4739
f 4700/4700/4700 4739/4739/4739 4701/4701/4701
f 4738/4738/4738 4780/4780/4780 4781/4781/4781
f 4738/4738/4738 4781/4781/4781 4739/4739/4739
f 4770/4770/4770 4727/4727/4727 4739/4739/4739
f 4770/4770/4770 4739/4739/4739 4781/4781/4781
f 4727/4727/4727 4689/4689/4689 4701/4701/4701
f 4727/4727/4727 4701/4701/4701 4739/4739/4739
f 4807/4807/4807 4806/4806/4806 4796/4796/4796
f 4807/4807/4807 4796/4796/4796 4797/4797/4797
f 4806/4806/4806 4805/4805/4805 4795/4795/4795
f 4806/4806/4806 4795/4795/4795 4796/4796/4796
f 4649/4649/4649 4662/4662/4662 4650/4650/4650
f 4662/4662/4662 4663/4663/4663 4650/4650/4650
f 4662/4662/4662 4700/4700/4700 4701/4701/4701
f 4662/4662/4662 4701/4701/4701 4663/4663/4663
f 4689/4689/4689 4651/4651/4651 4663/4663/4663
f 4689/4689/4689 4663/4663/4663 4701/4701/4701
f 4651/4651/4651 4650/4650/4650 4663/4663/4663
f 4611/4611/4611 4595/4595/4595 4594/4594/4594
f 4611/4611/4611 4594/4594/4594 4610/4610/4610
f 4593/4593/4593 4609/4609/4609 4610/4610/4610
f 4593/4593/4593 4610/4610/4610 4594/4594/4594
f 4780/4780/4780 4769/4769/4769 4781/4781/4781
f 4768/4768/4768 4805/4805/4805 4806/4806/4806
f 4768/4768/4768 4806/4806/4806 4769/4769/4769
f 4780/4780/4780 4768/4768/4768 4769/4769/4769
f 4770/4770/4770 4781/4781/4781 4769/4769/4769
f 4771/4771/4771 4770/4770/4770 4807/4807/4807
f 4771/4771/4771 4807/4807/4807 4808/4808/4808
f 4770/4770/4770 4769/4769/4769 4806/4806/4806
f 4770/4770/4770 4806/4806/4806 4807/4807/4807
f 4698/4698/4698 4736/4736/4736 4737/4737/4737
f 4698/4698/4698 4737/4737/4737 4699/4699/4699
f 4736/4736/4736 4778/4778/4778 4779/4779/4779
f 4736/4736/4736 4779/4779/4779 4737/4737/4737
f 4780/4780/4780 4738/4738/4738 4737/4737/4737
f 4780/4780/4780 4737/4737/4737 4779/4779/4779
f 4738/4738/4738 4700/4700/4700 4699/4699/4699
f 4738/4738/4738 4699/4699/4699 4737/4737/4737
f 4803/4803/4803 4793/4793/4793 4794/4794/4794
f 4803/4803/4803 4794/4794/4794 4804/4804/4804
f 4795/4795/4795 4805/4805/4805 4804/4804/4804
f 4795/4795/4795 4804/4804/4804 4794/4794/4794
f 4647/4647/4647 4660/4660/4660 4661/4661/4661
f 4647/4647/4647 4661/4661/4661 4648/4648/4648
f 4660/4660/4660 4698/4698/4698 4699/4699/4699
f 4660/4660/4660 4699/4699/4699 4661/4661/4661
f 4700/4700/4700 4662/4662/4662 4661/4661/4661
f 4700/4700/4700 4661/4661/4661 4699/4699/4699
f 4662/4662/4662 4649/4649/4649 4648/4648/4648
f 4662/4662/4662 4648/4648/4648 4661/4661/4661
f 4609/4609/4609 4593/4593/4593 4592/4592/4592
f 4609/4609/4609 4592/4592/4592 4608/4608/4608
f 4591/4591/4591 4607/4607/4607 4608/4608/4608
f 4591/4591/4591 4608/4608/4608 4592/4592/4592
f 4766/4766/4766 4803/4803/4803 4804/4804/4804
f 4766/4766/4766 4804/4804/4804 4767/4767/4767
f 4778/4778/4778 4766/4766/4766 4767/4767/4767
f 4778/4778/4778 4767/4767/4767 4779/4779/4779
f 4805/4805/4805 4768/4768/4768 4767/4767/4767
f 4805/4805/4805 4767/4767/4767 4804/4804/4804
f 4768/4768/4768 4780/4780/4780 4779/4779/4779
f 4768/4768/4768 4779/4779/4779 4767/4767/4767
f 4652/4652/4652 4611/4611/4611 4651/4651/4651
f 4611/4611/4611 4610/4610/4610 4651/4651/4651
f 4649/4649/4649 4650/4650/4650 4610/4610/4610
f 4649/4649/4649 4610/4610/4610 4609/4609/4609
f 4650/4650/4650 4651/4651/4651 4610/4610/4610
f 4647/4647/4647 4648/4648/4648 4608/4608/4608
f 4647/4647/4647 4608/4608/4608 4607/4607/4607
f 4648/4648/4648 4649/4649/4649 4609/4609/4609
f 4648/4648/4648 4609/4609/4609 4608/4608/4608
f 4387/4387/4387 4008/4008/4008 4009/4009/4009
f 4387/4387/4387 4009/4009/4009 4388/4388/4388
f 4485/4485/4485 4484/4484/4484 4471/4471/4471
f 4485/4485/4485 4471/4471/4471 4472/4472/4472
f 4484/4484/4484 4485/4485/4485 4539/4539/4539
f 4484/4484/4484 4539/4539/4539 4538/4538/4538
f 4500/4500/4500 4499/4499/4499 4549/4549/4549
f 4500/4500/4500 4549/4549/4549 4550/4550/4550
f 4538/4538/4538 4539/4539/4539 4550/4550/4550
f 4538/4538/4538 4550/4550/4550 4549/4549/4549
f 4082/4082/4082 4081/4081/4081 4423/4423/4423
f 4082/4082/4082 4423/4423/4423 4424/4424/4424
f 4080/4080/4080 4045/4045/4045 4405/4405/4405
f 4080/4080/4080 4405/4405/4405 4422/4422/4422
f 4483/4483/4483 4537/4537/4537 4548/4548/4548
f 4483/4483/4483 4548/4548/4548 4498/4498/4498
f 4045/4045/4045 4007/4007/4007 4386/4386/4386
f 4045/4045/4045 4386/4386/4386 4405/4405/4405
f 4389/4389/4389 4010/4010/4010 4046/4046/4046
f 4389/4389/4389 4046/4046/4046 4406/4406/4406
f 4406/4406/4406 4046/4046/4046 4083/4083/4083
f 4406/4406/4406 4083/4083/4083 4425/4425/4425
f 4008/4008/4008 4387/4387/4387 4386/4386/4386
f 4008/4008/4008 4386/4386/4386 4007/4007/4007
f 4009/4009/4009 4010/4010/4010 4389/4389/4389
f 4009/4009/4009 4389/4389/4389 4388/4388/4388
f 4484/4484/4484 4483/4483/4483 4470/4470/4470
f 4484/4484/4484 4470/4470/4470 4471/4471/4471
f 4486/4486/4486 4485/4485/4485 4472/4472/4472
f 4486/4486/4486 4472/4472/4472 4473/4473/4473
f 4483/4483/4483 4484/4484/4484 4538/4538/4538
f 4483/4483/4483 4538/4538/4538 4537/4537/4537
f 4485/4485/4485 4486/4486/4486 4540/4540/4540
f 4485/4485/4485 4540/4540/4540 4539/4539/4539
f 4499/4499/4499 4498/4498/4498 4548/4548/4548
f 4499/4499/4499 4548/4548/4548 4549/4549/4549
f 4537/4537/4537 4538/4538/4538 4549/4549/4549
f 4537/4537/4537 4549/4549/4549 4548/4548/4548
f 4539/4539/4539 4540/4540/4540 4551/4551/4551
f 4539/4539/4539 4551/4551/4551 4550/4550/4550
f 4501/4501/4501 4500/4500/4500 4550/4550/4550
f 4501/4501/4501 4550/4550/4550 4551/4551/4551
f 4081/4081/4081 4080/4080/4080 4422/4422/4422
f 4081/4081/4081 4422/4422/4422 4423/4423/4423
f 4082/4082/4082 4424/4424/4424 4425/4425/4425
f 4082/4082/4082 4425/4425/4425 4083/4083/4083
f 4486/4486/4486 4473/4473/4473 4406/4406/4406
f 4540/4540/4540 4501/4501/4501 4551/4551/4551
f 4471/4471/4471 4387/4387/4387 4388/4388/4388
f 4471/4471/4471 4388/4388/4388 4472/4472/4472
f 4423/4423/4423 4499/4499/4499 4500/4500/4500
f 4423/4423/4423 4500/4500/4500 4424/4424/4424
f 4405/4405/4405 4483/4483/4483 4498/4498/4498
f 4405/4405/4405 4498/4498/4498 4422/4422/4422
f 4386/4386/4386 4470/4470/4470 4483/4483/4483
f 4386/4386/4386 4483/4483/4483 4405/4405/4405
f 4473/4473/4473 4389/4389/4389 4406/4406/4406
f 4387/4387/4387 4471/4471/4471 4470/4470/4470
f 4387/4387/4387 4470/4470/4470 4386/4386/4386
f 4472/4472/4472 4388/4388/4388 4389/4389/4389
f 4472/4472/4472 4389/4389/4389 4473/4473/4473
f 4499/4499/4499 4423/4423/4423 4422/4422/4422
f 4499/4499/4499 4422/4422/4422 4498/4498/4498
f 4424/4424/4424 4500/4500/4500 4501/4501/4501
f 4424/4424/4424 4501/4501/4501 4425/4425/4425
f 4473/4473/4473 4486/4486/4486 4406/4406/4406
f 435/435/435 390/390/390 389/389/389
f 435/435/435 389/389/389 434/434/434
f 345/345/345 300/300/300 299/299/299
f 345/345/345 299/299/299 344/344/344
f 390/390/390 345/345/345 344/344/344
f 390/390/390 344/344/344 389/389/389
f 3892/3892/3892 3934/3934/3934 3933/3933/3933
f 3892/3892/3892 3933/3933/3933 3891/3891/3891
f 3934/3934/3934 3976/3976/3976 3975/3975/3975
f 3934/3934/3934 3975/3975/3975 3933/3933/3933
f 3881/3881/3881 3923/3923/3923 3922/3922/3922
f 3881/3881/3881 3922/3922/3922 3880/3880/3880
f 3923/3923/3923 3965/3965/3965 3964/3964/3964
f 3923/3923/3923 3964/3964/3964 3922/3922/3922
f 3880/3880/3880 3922/3922/3922 3921/3921/3921
f 3880/3880/3880 3921/3921/3921 3879/3879/3879
f 3922/3922/3922 3964/3964/3964 3963/3963/3963
f 3922/3922/3922 3963/3963/3963 3921/3921/3921
f 3965/3965/3965 4007/4007/4007 4006/4006/4006
f 3965/3965/3965 4006/4006/4006 3964/3964/3964
f 3964/3964/3964 4006/4006/4006 4005/4005/4005
f 3964/3964/3964 4005/4005/4005 3963/3963/3963
f 4003/4003/4003 3961/3961/3961 3962/3962/3962
f 4003/4003/4003 3962/3962/3962 4004/4004/4004
f 4004/4004/4004 3962/3962/3962 3963/3963/3963
f 4004/4004/4004 3963/3963/3963 4005/4005/4005
f 3919/3919/3919 3877/3877/3877 3878/3878/3878
f 3919/3919/3919 3878/3878/3878 3920/3920/3920
f 3920/3920/3920 3878/3878/3878 3879/3879/3879
f 3920/3920/3920 3879/3879/3879 3921/3921/3921
f 3961/3961/3961 3919/3919/3919 3920/3920/3920
f 3961/3961/3961 3920/3920/3920 3962/3962/3962
f 3962/3962/3962 3920/3920/3920 3921/3921/3921
f 3962/3962/3962 3921/3921/3921 3963/3963/3963
f 3895/3895/3895 3937/3937/3937 3936/3936/3936
f 3895/3895/3895 3936/3936/3936 3894/3894/3894
f 3937/3937/3937 3979/3979/3979 3978/3978/3978
f 3937/3937/3937 3978/3978/3978 3936/3936/3936
f 3977/3977/3977 3935/3935/3935 3936/3936/3936
f 3977/3977/3977 3936/3936/3936 3978/3978/3978
f 3935/3935/3935 3893/3893/3893 3894/3894/3894
f 3935/3935/3935 3894/3894/3894 3936/3936/3936
f 296/296/296 341/341/341 342/342/342
f 296/296/296 342/342/342 297/297/297
f 341/341/341 386/386/386 387/387/387
f 341/341/341 387/387/387 342/342/342
f 386/386/386 431/431/431 432/432/432
f 386/386/386 432/432/432 387/387/387
f 3976/3976/3976 3934/3934/3934 3935/3935/3935
f 3976/3976/3976 3935/3935/3935 3977/3977/3977
f 3934/3934/3934 3892/3892/3892 3893/3893/3893
f 3934/3934/3934 3893/3893/3893 3935/3935/3935
f 297/297/297 342/342/342 343/343/343
f 297/297/297 343/343/343 298/298/298
f 342/342/342 387/387/387 388/388/388
f 342/342/342 388/388/388 343/343/343
f 387/387/387 432/432/432 433/433/433
f 387/387/387 433/433/433 388/388/388
f 434/434/434 389/389/389 388/388/388
f 434/434/434 388/388/388 433/433/433
f 344/344/344 299/299/299 298/298/298
f 344/344/344 298/298/298 343/343/343
f 389/389/389 344/344/344 343/343/343
f 389/389/389 343/343/343 388/388/388
f 301/301/301 346/346/346 347/347/347
f 301/301/301 347/347/347 302/302/302
f 346/346/346 391/391/391 392/392/392
f 346/346/346 392/392/392 347/347/347
f 391/391/391 436/436/436 437/437/437
f 391/391/391 437/437/437 392/392/392
f 438/438/438 393/393/393 392/392/392
f 438/438/438 392/392/392 437/437/437
f 348/348/348 303/303/303 302/302/302
f 348/348/348 302/302/302 347/347/347
f 393/393/393 348/348/348 347/347/347
f 393/393/393 347/347/347 392/392/392
f 292/292/292 337/337/337 338/338/338
f 292/292/292 338/338/338 293/293/293
f 337/337/337 382/382/382 383/383/383
f 337/337/337 383/383/383 338/338/338
f 293/293/293 338/338/338 339/339/339
f 293/293/293 339/339/339 294/294/294
f 338/338/338 383/383/383 384/384/384
f 338/338/338 384/384/384 339/339/339
f 382/382/382 427/427/427 428/428/428
f 382/382/382 428/428/428 383/383/383
f 383/383/383 428/428/428 429/429/429
f 383/383/383 429/429/429 384/384/384
f 430/430/430 385/385/385 384/384/384
f 430/430/430 384/384/384 429/429/429
f 340/340/340 295/295/295 294/294/294
f 340/340/340 294/294/294 339/339/339
f 385/385/385 340/340/340 339/339/339
f 385/385/385 339/339/339 384/384/384
f 4009/4009/4009 3967/3967/3967 3968/3968/3968
f 4009/4009/4009 3968/3968/3968 4010/4010/4010
f 3925/3925/3925 3883/3883/3883 3884/3884/3884
f 3925/3925/3925 3884/3884/3884 3926/3926/3926
f 3967/3967/3967 3925/3925/3925 3926/3926/3926
f 3967/3967/3967 3926/3926/3926 3968/3968/3968
f 4008/4008/4008 3966/3966/3966 3967/3967/3967
f 4008/4008/4008 3967/3967/3967 4009/4009/4009
f 3924/3924/3924 3882/3882/3882 3883/3883/3883
f 3924/3924/3924 3883/3883/3883 3925/3925/3925
f 3966/3966/3966 3924/3924/3924 3925/3925/3925
f 3966/3966/3966 3925/3925/3925 3967/3967/3967
f 421/421/421 376/376/376 375/375/375
f 421/421/421 375/375/375 420/420/420
f 331/331/331 286/286/286 285/285/285
f 331/331/331 285/285/285 330/330/330
f 376/376/376 331/331/331 330/330/330
f 376/376/376 330/330/330 375/375/375
f 3882/3882/3882 3924/3924/3924 3923/3923/3923
f 3882/3882/3882 3923/3923/3923 3881/3881/3881
f 3924/3924/3924 3966/3966/3966 3965/3965/3965
f 3924/3924/3924 3965/3965/3965 3923/3923/3923
f 3966/3966/3966 4008/4008/4008 4007/4007/4007
f 3966/3966/3966 4007/4007/4007 3965/3965/3965
f 284/284/284 329/329/329 330/330/330
f 284/284/284 330/330/330 285/285/285
f 329/329/329 374/374/374 375/375/375
f 329/329/329 375/375/375 330/330/330
f 374/374/374 419/419/419 420/420/420
f 374/374/374 420/420/420 375/375/375
f 286/286/286 331/331/331 332/332/332
f 286/286/286 332/332/332 287/287/287
f 331/331/331 376/376/376 377/377/377
f 331/331/331 377/377/377 332/332/332
f 376/376/376 421/421/421 422/422/422
f 376/376/376 422/422/422 377/377/377
f 423/423/423 378/378/378 377/377/377
f 423/423/423 377/377/377 422/422/422
f 333/333/333 288/288/288 287/287/287
f 333/333/333 287/287/287 332/332/332
f 378/378/378 333/333/333 332/332/332
f 378/378/378 332/332/332 377/377/377
f 3885/3885/3885 3927/3927/3927 3926/3926/3926
f 3885/3885/3885 3926/3926/3926 3884/3884/3884
f 3927/3927/3927 3969/3969/3969 3968/3968/3968
f 3927/3927/3927 3968/3968/3968 3926/3926/3926
f 3969/3969/3969 4011/4011/4011 4010/4010/4010
f 3969/3969/3969 4010/4010/4010 3968/3968/3968
f 283/283/283 328/328/328 329/329/329
f 283/283/283 329/329/329 284/284/284
f 328/328/328 373/373/373 374/374/374
f 328/328/328 374/374/374 329/329/329
f 373/373/373 418/418/418 419/419/419
f 373/373/373 419/419/419 374/374/374
f 288/288/288 333/333/333 334/334/334
f 288/288/288 334/334/334 289/289/289
f 333/333/333 378/378/378 379/379/379
f 333/333/333 379/379/379 334/334/334
f 289/289/289 334/334/334 335/335/335
f 289/289/289 335/335/335 290/290/290
f 334/334/334 379/379/379 380/380/380
f 334/334/334 380/380/380 335/335/335
f 378/378/378 423/423/423 424/424/424
f 378/378/378 424/424/424 379/379/379
f 379/379/379 424/424/424 425/425/425
f 379/379/379 425/425/425 380/380/380
f 427/427/427 382/382/382 381/381/381
f 427/427/427 381/381/381 426/426/426
f 426/426/426 381/381/381 380/380/380
f 426/426/426 380/380/380 425/425/425
f 337/337/337 292/292/292 291/291/291
f 337/337/337 291/291/291 336/336/336
f 336/336/336 291/291/291 290/290/290
f 336/336/336 290/290/290 335/335/335
f 382/382/382 337/337/337 336/336/336
f 382/382/382 336/336/336 381/381/381
f 381/381/381 336/336/336 335/335/335
f 381/381/381 335/335/335 380/380/380
f 3889/3889/3889 3931/3931/3931 3930/3930/3930
f 3889/3889/3889 3930/3930/3930 3888/3888/3888
f 3888/3888/3888 3930/3930/3930 3929/3929/3929
f 3888/3888/3888 3929/3929/3929 3887/3887/3887
f 3931/3931/3931 3973/3973/3973 3972/3972/3972
f 3931/3931/3931 3972/3972/3972 3930/3930/3930
f 3930/3930/3930 3972/3972/3972 3971/3971/3971
f 3930/3930/3930 3971/3971/3971 3929/3929/3929
f 4011/4011/4011 3969/3969/3969 3970/3970/3970
f 4011/4011/4011 3970/3970/3970 4012/4012/4012
f 4012/4012/4012 3970/3970/3970 3971/3971/3971
f 3970/3970/3970 3929/3929/3929 3971/3971/3971
f 3927/3927/3927 3885/3885/3885 3886/3886/3886
f 3927/3927/3927 3886/3886/3886 3928/3928/3928
f 3928/3928/3928 3886/3886/3886 3887/3887/3887
f 3928/3928/3928 3887/3887/3887 3929/3929/3929
f 3969/3969/3969 3927/3927/3927 3928/3928/3928
f 3969/3969/3969 3928/3928/3928 3970/3970/3970
f 3970/3970/3970 3928/3928/3928 3929/3929/3929
f 296/296/296 251/251/251 250/250/250
f 296/296/296 250/250/250 295/295/295
f 251/251/251 206/206/206 205/205/205
f 251/251/251 205/205/205 250/250/250
f 206/206/206 162/162/162 161/161/161
f 206/206/206 161/161/161 205/205/205
f 2516/2516/2516 2514/2514/2514 2388/2388/2388
f 2516/2516/2516 2388/2388/2388 2390/2390/2390
f 2514/2514/2514 2512/2512/2512 2386/2386/2386
f 2514/2514/2514 2386/2386/2386 2388/2388/2388
f 2390/2390/2390 2388/2388/2388 2262/2262/2262
f 2390/2390/2390 2262/2262/2262 2264/2264/2264
f 2388/2388/2388 2386/2386/2386 2260/2260/2260
f 2388/2388/2388 2260/2260/2260 2262/2262/2262
f 2512/2512/2512 2510/2510/2510 2384/2384/2384
f 2512/2512/2512 2384/2384/2384 2386/2386/2386
f 2386/2386/2386 2384/2384/2384 2258/2258/2258
f 2386/2386/2386 2258/2258/2258 2260/2260/2260
f 2006/2006/2006 2008/2008/2008 2134/2134/2134
f 2006/2006/2006 2134/2134/2134 2132/2132/2132
f 2132/2132/2132 2134/2134/2134 2260/2260/2260
f 2132/2132/2132 2260/2260/2260 2258/2258/2258
f 2010/2010/2010 2012/2012/2012 2138/2138/2138
f 2010/2010/2010 2138/2138/2138 2136/2136/2136
f 2136/2136/2136 2138/2138/2138 2264/2264/2264
f 2136/2136/2136 2264/2264/2264 2262/2262/2262
f 2008/2008/2008 2010/2010/2010 2136/2136/2136
f 2008/2008/2008 2136/2136/2136 2134/2134/2134
f 2134/2134/2134 2136/2136/2136 2262/2262/2262
f 2134/2134/2134 2262/2262/2262 2260/2260/2260
f 794/794/794 792/792/792 261/261/261
f 794/794/794 261/261/261 306/306/306
f 792/792/792 790/790/790 216/216/216
f 792/792/792 216/216/216 261/261/261
f 306/306/306 261/261/261 260/260/260
f 306/306/306 260/260/260 305/305/305
f 261/261/261 216/216/216 215/215/215
f 261/261/261 215/215/215 260/260/260
f 790/790/790 788/788/788 787/787/787
f 790/790/790 787/787/787 216/216/216
f 216/216/216 787/787/787 171/171/171
f 216/216/216 171/171/171 215/215/215
f 169/169/169 213/213/213 214/214/214
f 169/169/169 214/214/214 170/170/170
f 170/170/170 214/214/214 215/215/215
f 170/170/170 215/215/215 171/171/171
f 258/258/258 303/303/303 304/304/304
f 258/258/258 304/304/304 259/259/259
f 259/259/259 304/304/304 305/305/305
f 259/259/259 305/305/305 260/260/260
f 213/213/213 258/258/258 259/259/259
f 213/213/213 259/259/259 214/214/214
f 214/214/214 259/259/259 260/260/260
f 214/214/214 260/260/260 215/215/215
f 3895/3895/3895 3853/3853/3853 3854/3854/3854
f 3895/3895/3895 3854/3854/3854 3896/3896/3896
f 3896/3896/3896 3854/3854/3854 3855/3855/3855
f 3896/3896/3896 3855/3855/3855 3897/3897/3897
f 3853/3853/3853 3811/3811/3811 3812/3812/3812
f 3853/3853/3853 3812/3812/3812 3854/3854/3854
f 3854/3854/3854 3812/3812/3812 3813/3813/3813
f 3854/3854/3854 3813/3813/3813 3855/3855/3855
f 3697/3697/3697 3814/3814/3814 3696/3696/3696
f 3697/3697/3697 3699/3699/3699 3856/3856/3856
f 3697/3697/3697 3856/3856/3856 3814/3814/3814
f 3696/3696/3696 3814/3814/3814 3813/3813/3813
f 3814/3814/3814 3856/3856/3856 3855/3855/3855
f 3814/3814/3814 3855/3855/3855 3813/3813/3813
f 3701/3701/3701 3898/3898/3898 3856/3856/3856
f 3856/3856/3856 3898/3898/3898 3897/3897/3897
f 3856/3856/3856 3897/3897/3897 3855/3855/3855
f 3699/3699/3699 3701/3701/3701 3856/3856/3856
f 3701/3701/3701 3699/3699/3699 3579/3579/3579
f 3701/3701/3701 3579/3579/3579 3581/3581/3581
f 3581/3581/3581 3579/3579/3579 3362/3362/3362
f 3581/3581/3581 3362/3362/3362 3364/3364/3364
f 3697/3697/3697 3480/3480/3480 3481/3481/3481
f 3481/3481/3481 3480/3480/3480 3360/3360/3360
f 3699/3699/3699 3697/3697/3697 3481/3481/3481
f 3699/3699/3699 3481/3481/3481 3579/3579/3579
f 3579/3579/3579 3481/3481/3481 3360/3360/3360
f 3579/3579/3579 3360/3360/3360 3362/3362/3362
f 3014/3014/3014 3016/3016/3016 3228/3228/3228
f 3016/3016/3016 3230/3230/3230 3228/3228/3228
f 3228/3228/3228 3230/3230/3230 3362/3362/3362
f 3228/3228/3228 3362/3362/3362 3360/3360/3360
f 3116/3116/3116 3118/3118/3118 3234/3234/3234
f 3116/3116/3116 3234/3234/3234 3232/3232/3232
f 3232/3232/3232 3234/3234/3234 3364/3364/3364
f 3016/3016/3016 3116/3116/3116 3232/3232/3232
f 3016/3016/3016 3232/3232/3232 3230/3230/3230
f 3230/3230/3230 3232/3232/3232 3364/3364/3364
f 3230/3230/3230 3364/3364/3364 3362/3362/3362
f 1416/1416/1416 1414/1414/1414 1317/1317/1317
f 1416/1416/1416 1317/1317/1317 1319/1319/1319
f 1414/1414/1414 1412/1412/1412 1315/1315/1315
f 1414/1414/1414 1315/1315/1315 1317/1317/1317
f 1319/1319/1319 1317/1317/1317 1130/1130/1130
f 1319/1319/1319 1130/1130/1130 1132/1132/1132
f 1317/1317/1317 1315/1315/1315 1128/1128/1128
f 1317/1317/1317 1128/1128/1128 1130/1130/1130
f 1412/1412/1412 1410/1410/1410 1313/1313/1313
f 1412/1412/1412 1313/1313/1313 1315/1315/1315
f 1315/1315/1315 1313/1313/1313 1126/1126/1126
f 1315/1315/1315 1126/1126/1126 1128/1128/1128
f 788/788/788 790/790/790 908/908/908
f 788/788/788 908/908/908 1028/1028/1028
f 1028/1028/1028 908/908/908 1128/1128/1128
f 1028/1028/1028 1128/1128/1128 1126/1126/1126
f 792/792/792 794/794/794 912/912/912
f 792/792/792 912/912/912 910/910/910
f 910/910/910 912/912/912 1132/1132/1132
f 910/910/910 1132/1132/1132 1130/1130/1130
f 790/790/790 792/792/792 910/910/910
f 790/790/790 910/910/910 908/908/908
f 908/908/908 910/910/910 1130/1130/1130
f 908/908/908 1130/1130/1130 1128/1128/1128
f 3118/3118/3118 3116/3116/3116 2892/2892/2892
f 3118/3118/3118 2892/2892/2892 2894/2894/2894
f 3116/3116/3116 3016/3016/3016 2890/2890/2890
f 3116/3116/3116 2890/2890/2890 2892/2892/2892
f 2894/2894/2894 2892/2892/2892 2766/2766/2766
f 2894/2894/2894 2766/2766/2766 2768/2768/2768
f 2892/2892/2892 2890/2890/2890 2764/2764/2764
f 2892/2892/2892 2764/2764/2764 2766/2766/2766
f 3016/3016/3016 3014/3014/3014 2888/2888/2888
f 3016/3016/3016 2888/2888/2888 2890/2890/2890
f 2890/2890/2890 2888/2888/2888 2762/2762/2762
f 2890/2890/2890 2762/2762/2762 2764/2764/2764
f 2510/2510/2510 2512/2512/2512 2638/2638/2638
f 2510/2510/2510 2638/2638/2638 2636/2636/2636
f 2636/2636/2636 2638/2638/2638 2764/2764/2764
f 2636/2636/2636 2764/2764/2764 2762/2762/2762
f 2514/2514/2514 2516/2516/2516 2642/2642/2642
f 2514/2514/2514 2642/2642/2642 2640/2640/2640
f 2640/2640/2640 2642/2642/2642 2768/2768/2768
f 2640/2640/2640 2768/2768/2768 2766/2766/2766
f 2512/2512/2512 2514/2514/2514 2640/2640/2640
f 2512/2512/2512 2640/2640/2640 2638/2638/2638
f 2638/2638/2638 2640/2640/2640 2766/2766/2766
f 2638/2638/2638 2766/2766/2766 2764/2764/2764
f 2012/2012/2012 2010/2010/2010 1884/1884/1884
f 2012/2012/2012 1884/1884/1884 1886/1886/1886
f 2010/2010/2010 2008/2008/2008 1882/1882/1882
f 2010/2010/2010 1882/1882/1882 1884/1884/1884
f 1886/1886/1886 1884/1884/1884 1758/1758/1758
f 1886/1886/1886 1758/1758/1758 1760/1760/1760
f 1884/1884/1884 1882/1882/1882 1756/1756/1756
f 1884/1884/1884 1756/1756/1756 1758/1758/1758
f 2008/2008/2008 2006/2006/2006 1880/1880/1880
f 2008/2008/2008 1880/1880/1880 1882/1882/1882
f 1882/1882/1882 1880/1880/1880 1754/1754/1754
f 1882/1882/1882 1754/1754/1754 1756/1756/1756
f 1410/1410/1410 1412/1412/1412 1630/1630/1630
f 1410/1410/1410 1630/1630/1630 1628/1628/1628
f 1628/1628/1628 1630/1630/1630 1756/1756/1756
f 1628/1628/1628 1756/1756/1756 1754/1754/1754
f 1414/1414/1414 1416/1416/1416 1634/1634/1634
f 1414/1414/1414 1634/1634/1634 1632/1632/1632
f 1632/1632/1632 1634/1634/1634 1760/1760/1760
f 1632/1632/1632 1760/1760/1760 1758/1758/1758
f 1412/1412/1412 1414/1414/1414 1632/1632/1632
f 1412/1412/1412 1632/1632/1632 1630/1630/1630
f 1630/1630/1630 1632/1632/1632 1758/1758/1758
f 1630/1630/1630 1758/1758/1758 1756/1756/1756
f 3889/3889/3889 3847/3847/3847 3848/3848/3848
f 3889/3889/3889 3848/3848/3848 3890/3890/3890
f 3847/3847/3847 3805/3805/3805 3806/3806/3806
f 3847/3847/3847 3806/3806/3806 3848/3848/3848
f 301/301/301 256/256/256 255/255/255
f 301/301/301 255/255/255 300/300/300
f 256/256/256 211/211/211 210/210/210
f 256/256/256 210/210/210 255/255/255
f 211/211/211 167/167/167 166/166/166
f 211/211/211 166/166/166 210/210/210
f 3807/3807/3807 3849/3849/3849 3848/3848/3848
f 3807/3807/3807 3848/3848/3848 3806/3806/3806
f 3849/3849/3849 3891/3891/3891 3890/3890/3890
f 3849/3849/3849 3890/3890/3890 3848/3848/3848
f 1971/1971/1971 1972/1972/1972 2098/2098/2098
f 1971/1971/1971 2098/2098/2098 2097/2097/2097
f 2097/2097/2097 2098/2098/2098 2224/2224/2224
f 2097/2097/2097 2224/2224/2224 2223/2223/2223
f 1972/1972/1972 1973/1973/1973 2099/2099/2099
f 1972/1972/1972 2099/2099/2099 2098/2098/2098
f 2098/2098/2098 2099/2099/2099 2225/2225/2225
f 2098/2098/2098 2225/2225/2225 2224/2224/2224
f 2477/2477/2477 2476/2476/2476 2350/2350/2350
f 2477/2477/2477 2350/2350/2350 2351/2351/2351
f 2351/2351/2351 2350/2350/2350 2224/2224/2224
f 2351/2351/2351 2224/2224/2224 2225/2225/2225
f 2476/2476/2476 2475/2475/2475 2349/2349/2349
f 2476/2476/2476 2349/2349/2349 2350/2350/2350
f 2350/2350/2350 2349/2349/2349 2223/2223/2223
f 2350/2350/2350 2223/2223/2223 2224/2224/2224
f 1958/1958/1958 1959/1959/1959 2085/2085/2085
f 1958/1958/1958 2085/2085/2085 2084/2084/2084
f 2084/2084/2084 2085/2085/2085 2211/2211/2211
f 2084/2084/2084 2211/2211/2211 2210/2210/2210
f 1960/1960/1960 1961/1961/1961 2087/2087/2087
f 1960/1960/1960 2087/2087/2087 2086/2086/2086
f 2086/2086/2086 2087/2087/2087 2213/2213/2213
f 2086/2086/2086 2213/2213/2213 2212/2212/2212
f 1959/1959/1959 1960/1960/1960 2086/2086/2086
f 1959/1959/1959 2086/2086/2086 2085/2085/2085
f 2085/2085/2085 2086/2086/2086 2212/2212/2212
f 2085/2085/2085 2212/2212/2212 2211/2211/2211
f 2465/2465/2465 2464/2464/2464 2338/2338/2338
f 2465/2465/2465 2338/2338/2338 2339/2339/2339
f 2464/2464/2464 2463/2463/2463 2337/2337/2337
f 2464/2464/2464 2337/2337/2337 2338/2338/2338
f 2339/2339/2339 2338/2338/2338 2212/2212/2212
f 2339/2339/2339 2212/2212/2212 2213/2213/2213
f 2338/2338/2338 2337/2337/2337 2211/2211/2211
f 2338/2338/2338 2211/2211/2211 2212/2212/2212
f 2463/2463/2463 2462/2462/2462 2336/2336/2336
f 2463/2463/2463 2336/2336/2336 2337/2337/2337
f 2337/2337/2337 2336/2336/2336 2210/2210/2210
f 2337/2337/2337 2210/2210/2210 2211/2211/2211
f 3781/3781/3781 3661/3661/3661 3662/3662/3662
f 3781/3781/3781 3662/3662/3662 3782/3782/3782
f 3782/3782/3782 3662/3662/3662 3663/3663/3663
f 3782/3782/3782 3663/3663/3663 3783/3783/3783
f 3542/3542/3542 3446/3446/3446 3543/3543/3543
f 3543/3543/3543 3446/3446/3446 3447/3447/3447
f 3543/3543/3543 3447/3447/3447 3544/3544/3544
f 3661/3661/3661 3542/3542/3542 3543/3543/3543
f 3661/3661/3661 3543/3543/3543 3662/3662/3662
f 3662/3662/3662 3543/3543/3543 3544/3544/3544
f 3662/3662/3662 3544/3544/3544 3663/3663/3663
f 3449/3449/3449 3546/3546/3546 3545/3545/3545
f 3449/3449/3449 3545/3545/3545 3448/3448/3448
f 3546/3546/3546 3665/3665/3665 3664/3664/3664
f 3546/3546/3546 3664/3664/3664 3545/3545/3545
f 3448/3448/3448 3545/3545/3545 3544/3544/3544
f 3448/3448/3448 3544/3544/3544 3447/3447/3447
f 3545/3545/3545 3664/3664/3664 3663/3663/3663
f 3545/3545/3545 3663/3663/3663 3544/3544/3544
f 3665/3665/3665 3786/3786/3786 3785/3785/3785
f 3665/3665/3665 3785/3785/3785 3664/3664/3664
f 3664/3664/3664 3785/3785/3785 3783/3783/3783
f 3664/3664/3664 3783/3783/3783 3663/3663/3663
f 1961/1961/1961 1962/1962/1962 2088/2088/2088
f 1961/1961/1961 2088/2088/2088 2087/2087/2087
f 1962/1962/1962 1963/1963/1963 2089/2089/2089
f 1962/1962/1962 2089/2089/2089 2088/2088/2088
f 2087/2087/2087 2088/2088/2088 2214/2214/2214
f 2087/2087/2087 2214/2214/2214 2213/2213/2213
f 2088/2088/2088 2089/2089/2089 2215/2215/2215
f 2088/2088/2088 2215/2215/2215 2214/2214/2214
f 1963/1963/1963 1964/1964/1964 2090/2090/2090
f 1963/1963/1963 2090/2090/2090 2089/2089/2089
f 2089/2089/2089 2090/2090/2090 2216/2216/2216
f 2089/2089/2089 2216/2216/2216 2215/2215/2215
f 2468/2468/2468 2467/2467/2467 2341/2341/2341
f 2468/2468/2468 2341/2341/2341 2342/2342/2342
f 2342/2342/2342 2341/2341/2341 2215/2215/2215
f 2342/2342/2342 2215/2215/2215 2216/2216/2216
f 2466/2466/2466 2465/2465/2465 2339/2339/2339
f 2466/2466/2466 2339/2339/2339 2340/2340/2340
f 2340/2340/2340 2339/2339/2339 2213/2213/2213
f 2340/2340/2340 2213/2213/2213 2214/2214/2214
f 2467/2467/2467 2466/2466/2466 2340/2340/2340
f 2467/2467/2467 2340/2340/2340 2341/2341/2341
f 2341/2341/2341 2340/2340/2340 2214/2214/2214
f 2341/2341/2341 2214/2214/2214 2215/2215/2215
f 3439/3439/3439 3536/3536/3536 3535/3535/3535
f 3439/3439/3439 3535/3535/3535 3438/3438/3438
f 3536/3536/3536 3655/3655/3655 3654/3654/3654
f 3536/3536/3536 3654/3654/3654 3535/3535/3535
f 3438/3438/3438 3535/3535/3535 3534/3534/3534
f 3535/3535/3535 3654/3654/3654 3534/3534/3534
f 3655/3655/3655 3775/3775/3775 3774/3774/3774
f 3655/3655/3655 3774/3774/3774 3654/3654/3654
f 3654/3654/3654 3774/3774/3774 3773/3773/3773
f 3654/3654/3654 3773/3773/3773 3653/3653/3653
f 3654/3654/3654 3653/3653/3653 3534/3534/3534
f 3650/3650/3650 3532/3532/3532 3652/3652/3652
f 3650/3650/3650 3652/3652/3652 3651/3651/3651
f 3532/3532/3532 3533/3533/3533 3652/3652/3652
f 3651/3651/3651 3652/3652/3652 3653/3653/3653
f 3651/3651/3651 3653/3653/3653 3773/3773/3773
f 3652/3652/3652 3533/3533/3533 3534/3534/3534
f 3652/3652/3652 3534/3534/3534 3653/3653/3653
f 3436/3436/3436 3316/3316/3316 3437/3437/3437
f 3437/3437/3437 3438/3438/3438 3534/3534/3534
f 3532/3532/3532 3436/3436/3436 3437/3437/3437
f 3532/3532/3532 3437/3437/3437 3533/3533/3533
f 3533/3533/3533 3437/3437/3437 3534/3534/3534
f 986/986/986 865/865/865 866/866/866
f 865/865/865 746/746/746 747/747/747
f 865/865/865 747/747/747 866/866/866
f 746/746/746 131/131/131 132/132/132
f 746/746/746 132/132/132 747/747/747
f 3446/3446/3446 3326/3326/3326 3327/3327/3327
f 3446/3446/3446 3327/3327/3327 3447/3447/3447
f 3326/3326/3326 3195/3195/3195 3196/3196/3196
f 3326/3326/3326 3196/3196/3196 3327/3327/3327
f 3081/3081/3081 2979/2979/2979 2980/2980/2980
f 3081/3081/3081 2980/2980/2980 3082/3082/3082
f 3195/3195/3195 3081/3081/3081 3082/3082/3082
f 3195/3195/3195 3082/3082/3082 3196/3196/3196
f 2981/2981/2981 3083/3083/3083 3082/3082/3082
f 2981/2981/2981 3082/3082/3082 2980/2980/2980
f 3083/3083/3083 3197/3197/3197 3196/3196/3196
f 3083/3083/3083 3196/3196/3196 3082/3082/3082
f 3328/3328/3328 3449/3449/3449 3448/3448/3448
f 3328/3328/3328 3448/3448/3448 3327/3327/3327
f 3327/3327/3327 3448/3448/3448 3447/3447/3447
f 3197/3197/3197 3328/3328/3328 3327/3327/3327
f 3197/3197/3197 3327/3327/3327 3196/3196/3196
f 2966/2966/2966 2967/2967/2967 3185/3185/3185
f 2966/2966/2966 3185/3185/3185 3184/3184/3184
f 3184/3184/3184 3185/3185/3185 3302/3302/3302
f 3184/3184/3184 3302/3302/3302 3314/3314/3314
f 3185/3185/3185 3303/3303/3303 3302/3302/3302
f 2968/2968/2968 2969/2969/2969 3071/3071/3071
f 2968/2968/2968 3071/3071/3071 3070/3070/3070
f 3070/3070/3070 3071/3071/3071 3304/3304/3304
f 3070/3070/3070 3304/3304/3304 3303/3303/3303
f 2967/2967/2967 2968/2968/2968 3070/3070/3070
f 2967/2967/2967 3070/3070/3070 3185/3185/3185
f 3185/3185/3185 3070/3070/3070 3303/3303/3303
f 3316/3316/3316 3436/3436/3436 3315/3315/3315
f 3436/3436/3436 3532/3532/3532 3315/3315/3315
f 3316/3316/3316 3315/3315/3315 3303/3303/3303
f 3316/3316/3316 3303/3303/3303 3304/3304/3304
f 3532/3532/3532 3650/3650/3650 3435/3435/3435
f 3435/3435/3435 3314/3314/3314 3302/3302/3302
f 3532/3532/3532 3435/3435/3435 3315/3315/3315
f 3315/3315/3315 3435/3435/3435 3302/3302/3302
f 3315/3315/3315 3302/3302/3302 3303/3303/3303
f 1488/1488/1488 1487/1487/1487 1294/1294/1294
f 1488/1488/1488 1294/1294/1294 1366/1366/1366
f 1487/1487/1487 1486/1486/1486 1293/1293/1293
f 1487/1487/1487 1293/1293/1293 1294/1294/1294
f 1366/1366/1366 1294/1294/1294 1202/1202/1202
f 1366/1366/1366 1202/1202/1202 1203/1203/1203
f 1294/1294/1294 1293/1293/1293 1202/1202/1202
f 1365/1365/1365 1364/1364/1364 1292/1292/1292
f 1365/1365/1365 1292/1292/1292 1293/1293/1293
f 1293/1293/1293 1292/1292/1292 1078/1078/1078
f 1293/1293/1293 1078/1078/1078 1079/1079/1079
f 1486/1486/1486 1365/1365/1365 1293/1293/1293
f 1293/1293/1293 1079/1079/1079 1202/1202/1202
f 742/742/742 862/862/862 981/981/981
f 742/742/742 981/981/981 980/980/980
f 862/862/862 982/982/982 981/981/981
f 980/980/980 981/981/981 1079/1079/1079
f 980/980/980 1079/1079/1079 1078/1078/1078
f 981/981/981 982/982/982 1202/1202/1202
f 981/981/981 1202/1202/1202 1079/1079/1079
f 983/983/983 1081/1081/1081 1080/1080/1080
f 1080/1080/1080 1081/1081/1081 1203/1203/1203
f 1080/1080/1080 1203/1203/1203 1202/1202/1202
f 862/862/862 983/983/983 1080/1080/1080
f 862/862/862 1080/1080/1080 982/982/982
f 982/982/982 1080/1080/1080 1202/1202/1202
f 2969/2969/2969 2970/2970/2970 3072/3072/3072
f 2969/2969/2969 3072/3072/3072 3071/3071/3071
f 2970/2970/2970 2971/2971/2971 3073/3073/3073
f 2970/2970/2970 3073/3073/3073 3072/3072/3072
f 3071/3071/3071 3072/3072/3072 3186/3186/3186
f 3071/3071/3071 3186/3186/3186 3304/3304/3304
f 3072/3072/3072 3073/3073/3073 3187/3187/3187
f 3072/3072/3072 3187/3187/3187 3186/3186/3186
f 2971/2971/2971 2972/2972/2972 3074/3074/3074
f 2971/2971/2971 3074/3074/3074 3073/3073/3073
f 3073/3073/3073 3074/3074/3074 3188/3188/3188
f 3073/3073/3073 3188/3188/3188 3187/3187/3187
f 3439/3439/3439 3438/3438/3438 3318/3318/3318
f 3439/3439/3439 3318/3318/3318 3319/3319/3319
f 3319/3319/3319 3318/3318/3318 3187/3187/3187
f 3319/3319/3319 3187/3187/3187 3188/3188/3188
f 3437/3437/3437 3316/3316/3316 3317/3317/3317
f 3317/3317/3317 3316/3316/3316 3304/3304/3304
f 3317/3317/3317 3304/3304/3304 3186/3186/3186
f 3438/3438/3438 3437/3437/3437 3317/3317/3317
f 3438/3438/3438 3317/3317/3317 3318/3318/3318
f 3318/3318/3318 3317/3317/3317 3186/3186/3186
f 3318/3318/3318 3186/3186/3186 3187/3187/3187
f 1967/1967/1967 2093/2093/2093 2092/2092/2092
f 1967/1967/1967 2092/2092/2092 1966/1966/1966
f 2093/2093/2093 2219/2219/2219 2218/2218/2218
f 2093/2093/2093 2218/2218/2218 2092/2092/2092
f 2345/2345/2345 2471/2471/2471 2470/2470/2470
f 2345/2345/2345 2470/2470/2470 2344/2344/2344
f 2219/2219/2219 2345/2345/2345 2344/2344/2344
f 2219/2219/2219 2344/2344/2344 2218/2218/2218
f 3444/3444/3444 3541/3541/3541 3540/3540/3540
f 3444/3444/3444 3540/3540/3540 3443/3443/3443
f 3541/3541/3541 3659/3659/3659 3540/3540/3540
f 3778/3778/3778 3658/3658/3658 3659/3659/3659
f 3778/3778/3778 3659/3659/3659 3779/3779/3779
f 3539/3539/3539 3442/3442/3442 3443/3443/3443
f 3539/3539/3539 3443/3443/3443 3540/3540/3540
f 3658/3658/3658 3539/3539/3539 3540/3540/3540
f 3658/3658/3658 3540/3540/3540 3659/3659/3659
f 137/137/137 752/752/752 751/751/751
f 137/137/137 751/751/751 136/136/136
f 871/871/871 991/991/991 990/990/990
f 871/871/871 990/990/990 870/870/870
f 752/752/752 871/871/871 870/870/870
f 752/752/752 870/870/870 751/751/751
f 989/989/989 869/869/869 870/870/870
f 989/989/989 870/870/870 990/990/990
f 869/869/869 750/750/750 751/751/751
f 869/869/869 751/751/751 870/870/870
f 750/750/750 135/135/135 136/136/136
f 750/750/750 136/136/136 751/751/751
f 991/991/991 1089/1089/1089 1088/1088/1088
f 991/991/991 1088/1088/1088 990/990/990
f 1089/1089/1089 1211/1211/1211 1210/1210/1210
f 1089/1089/1089 1210/1210/1210 1088/1088/1088
f 1209/1209/1209 1087/1087/1087 1088/1088/1088
f 1209/1209/1209 1088/1088/1088 1210/1210/1210
f 1087/1087/1087 989/989/989 990/990/990
f 1087/1087/1087 990/990/990 1088/1088/1088
f 2977/2977/2977 3079/3079/3079 3078/3078/3078
f 2977/2977/2977 3078/3078/3078 2976/2976/2976
f 3079/3079/3079 3193/3193/3193 3192/3192/3192
f 3079/3079/3079 3192/3192/3192 3078/3078/3078
f 3324/3324/3324 3444/3444/3444 3443/3443/3443
f 3324/3324/3324 3443/3443/3443 3323/3323/3323
f 3193/3193/3193 3324/3324/3324 3323/3323/3323
f 3193/3193/3193 3323/3323/3323 3192/3192/3192
f 3442/3442/3442 3322/3322/3322 3323/3323/3323
f 3442/3442/3442 3323/3323/3323 3443/3443/3443
f 3322/3322/3322 3191/3191/3191 3192/3192/3192
f 3322/3322/3322 3192/3192/3192 3323/3323/3323
f 3077/3077/3077 2975/2975/2975 2976/2976/2976
f 3077/3077/3077 2976/2976/2976 3078/3078/3078
f 3191/3191/3191 3077/3077/3077 3078/3078/3078
f 3191/3191/3191 3078/3078/3078 3192/3192/3192
f 2475/2475/2475 2476/2476/2476 2602/2602/2602
f 2475/2475/2475 2602/2602/2602 2601/2601/2601
f 2601/2601/2601 2602/2602/2602 2728/2728/2728
f 2601/2601/2601 2728/2728/2728 2727/2727/2727
f 2476/2476/2476 2477/2477/2477 2603/2603/2603
f 2476/2476/2476 2603/2603/2603 2602/2602/2602
f 2602/2602/2602 2603/2603/2603 2729/2729/2729
f 2602/2602/2602 2729/2729/2729 2728/2728/2728
f 2981/2981/2981 2980/2980/2980 2854/2854/2854
f 2981/2981/2981 2854/2854/2854 2855/2855/2855
f 2855/2855/2855 2854/2854/2854 2728/2728/2728
f 2855/2855/2855 2728/2728/2728 2729/2729/2729
f 2980/2980/2980 2979/2979/2979 2853/2853/2853
f 2980/2980/2980 2853/2853/2853 2854/2854/2854
f 2854/2854/2854 2853/2853/2853 2727/2727/2727
f 2854/2854/2854 2727/2727/2727 2728/2728/2728
f 2462/2462/2462 2463/2463/2463 2589/2589/2589
f 2462/2462/2462 2589/2589/2589 2588/2588/2588
f 2588/2588/2588 2589/2589/2589 2715/2715/2715
f 2588/2588/2588 2715/2715/2715 2714/2714/2714
f 2464/2464/2464 2465/2465/2465 2591/2591/2591
f 2464/2464/2464 2591/2591/2591 2590/2590/2590
f 2590/2590/2590 2591/2591/2591 2717/2717/2717
f 2590/2590/2590 2717/2717/2717 2716/2716/2716
f 2463/2463/2463 2464/2464/2464 2590/2590/2590
f 2463/2463/2463 2590/2590/2590 2589/2589/2589
f 2589/2589/2589 2590/2590/2590 2716/2716/2716
f 2589/2589/2589 2716/2716/2716 2715/2715/2715
f 2969/2969/2969 2968/2968/2968 2842/2842/2842
f 2969/2969/2969 2842/2842/2842 2843/2843/2843
f 2968/2968/2968 2967/2967/2967 2841/2841/2841
f 2968/2968/2968 2841/2841/2841 2842/2842/2842
f 2843/2843/2843 2842/2842/2842 2716/2716/2716
f 2843/2843/2843 2716/2716/2716 2717/2717/2717
f 2842/2842/2842 2841/2841/2841 2715/2715/2715
f 2842/2842/2842 2715/2715/2715 2716/2716/2716
f 2967/2967/2967 2966/2966/2966 2840/2840/2840
f 2967/2967/2967 2840/2840/2840 2841/2841/2841
f 2841/2841/2841 2840/2840/2840 2714/2714/2714
f 2841/2841/2841 2714/2714/2714 2715/2715/2715
f 1961/1961/1961 1960/1960/1960 1834/1834/1834
f 1961/1961/1961 1834/1834/1834 1835/1835/1835
f 1960/1960/1960 1959/1959/1959 1833/1833/1833
f 1960/1960/1960 1833/1833/1833 1834/1834/1834
f 1835/1835/1835 1834/1834/1834 1708/1708/1708
f 1835/1835/1835 1708/1708/1708 1709/1709/1709
f 1834/1834/1834 1833/1833/1833 1707/1707/1707
f 1834/1834/1834 1707/1707/1707 1708/1708/1708
f 1959/1959/1959 1958/1958/1958 1832/1832/1832
f 1959/1959/1959 1832/1832/1832 1833/1833/1833
f 1833/1833/1833 1832/1832/1832 1706/1706/1706
f 1833/1833/1833 1706/1706/1706 1707/1707/1707
f 1364/1364/1364 1365/1365/1365 1581/1581/1581
f 1364/1364/1364 1581/1581/1581 1580/1580/1580
f 1365/1365/1365 1486/1486/1486 1581/1581/1581
f 1580/1580/1580 1581/1581/1581 1707/1707/1707
f 1580/1580/1580 1707/1707/1707 1706/1706/1706
f 1487/1487/1487 1488/1488/1488 1583/1583/1583
f 1487/1487/1487 1583/1583/1583 1582/1582/1582
f 1582/1582/1582 1583/1583/1583 1709/1709/1709
f 1582/1582/1582 1709/1709/1709 1708/1708/1708
f 1486/1486/1486 1487/1487/1487 1582/1582/1582
f 1486/1486/1486 1582/1582/1582 1581/1581/1581
f 1581/1581/1581 1582/1582/1582 1708/1708/1708
f 1581/1581/1581 1708/1708/1708 1707/1707/1707
f 2465/2465/2465 2466/2466/2466 2592/2592/2592
f 2465/2465/2465 2592/2592/2592 2591/2591/2591
f 2466/2466/2466 2467/2467/2467 2593/2593/2593
f 2466/2466/2466 2593/2593/2593 2592/2592/2592
f 2591/2591/2591 2592/2592/2592 2718/2718/2718
f 2591/2591/2591 2718/2718/2718 2717/2717/2717
f 2592/2592/2592 2593/2593/2593 2719/2719/2719
f 2592/2592/2592 2719/2719/2719 2718/2718/2718
f 2467/2467/2467 2468/2468/2468 2594/2594/2594
f 2467/2467/2467 2594/2594/2594 2593/2593/2593
f 2593/2593/2593 2594/2594/2594 2720/2720/2720
f 2593/2593/2593 2720/2720/2720 2719/2719/2719
f 2972/2972/2972 2971/2971/2971 2845/2845/2845
f 2972/2972/2972 2845/2845/2845 2846/2846/2846
f 2846/2846/2846 2845/2845/2845 2719/2719/2719
f 2846/2846/2846 2719/2719/2719 2720/2720/2720
f 2970/2970/2970 2969/2969/2969 2843/2843/2843
f 2970/2970/2970 2843/2843/2843 2844/2844/2844
f 2844/2844/2844 2843/2843/2843 2717/2717/2717
f 2844/2844/2844 2717/2717/2717 2718/2718/2718
f 2971/2971/2971 2970/2970/2970 2844/2844/2844
f 2971/2971/2971 2844/2844/2844 2845/2845/2845
f 2845/2845/2845 2844/2844/2844 2718/2718/2718
f 2845/2845/2845 2718/2718/2718 2719/2719/2719
f 1964/1964/1964 1963/1963/1963 1837/1837/1837
f 1964/1964/1964 1837/1837/1837 1838/1838/1838
f 1838/1838/1838 1837/1837/1837 1711/1711/1711
f 1838/1838/1838 1711/1711/1711 1712/1712/1712
f 1962/1962/1962 1961/1961/1961 1835/1835/1835
f 1962/1962/1962 1835/1835/1835 1836/1836/1836
f 1836/1836/1836 1835/1835/1835 1709/1709/1709
f 1836/1836/1836 1709/1709/1709 1710/1710/1710
f 1963/1963/1963 1962/1962/1962 1836/1836/1836
f 1963/1963/1963 1836/1836/1836 1837/1837/1837
f 1837/1837/1837 1836/1836/1836 1710/1710/1710
f 1837/1837/1837 1710/1710/1710 1711/1711/1711
f 1488/1488/1488 1489/1489/1489 1584/1584/1584
f 1488/1488/1488 1584/1584/1584 1583/1583/1583
f 1489/1489/1489 1490/1490/1490 1585/1585/1585
f 1489/1489/1489 1585/1585/1585 1584/1584/1584
f 1583/1583/1583 1584/1584/1584 1710/1710/1710
f 1583/1583/1583 1710/1710/1710 1709/1709/1709
f 1584/1584/1584 1585/1585/1585 1711/1711/1711
f 1584/1584/1584 1711/1711/1711 1710/1710/1710
f 1490/1490/1490 1491/1491/1491 1586/1586/1586
f 1490/1490/1490 1586/1586/1586 1585/1585/1585
f 1585/1585/1585 1586/1586/1586 1712/1712/1712
f 1585/1585/1585 1712/1712/1712 1711/1711/1711
f 2471/2471/2471 2597/2597/2597 2596/2596/2596
f 2471/2471/2471 2596/2596/2596 2470/2470/2470
f 2597/2597/2597 2723/2723/2723 2722/2722/2722
f 2597/2597/2597 2722/2722/2722 2596/2596/2596
f 2849/2849/2849 2975/2975/2975 2974/2974/2974
f 2849/2849/2849 2974/2974/2974 2848/2848/2848
f 2723/2723/2723 2849/2849/2849 2848/2848/2848
f 2723/2723/2723 2848/2848/2848 2722/2722/2722
f 1496/1496/1496 1591/1591/1591 1590/1590/1590
f 1496/1496/1496 1590/1590/1590 1495/1495/1495
f 1591/1591/1591 1717/1717/1717 1716/1716/1716
f 1591/1591/1591 1716/1716/1716 1590/1590/1590
f 1843/1843/1843 1969/1969/1969 1968/1968/1968
f 1843/1843/1843 1968/1968/1968 1842/1842/1842
f 1717/1717/1717 1843/1843/1843 1842/1842/1842
f 1717/1717/1717 1842/1842/1842 1716/1716/1716
f 1967/1967/1967 1841/1841/1841 1842/1842/1842
f 1967/1967/1967 1842/1842/1842 1968/1968/1968
f 1841/1841/1841 1715/1715/1715 1716/1716/1716
f 1841/1841/1841 1716/1716/1716 1842/1842/1842
f 1589/1589/1589 1494/1494/1494 1495/1495/1495
f 1589/1589/1589 1495/1495/1495 1590/1590/1590
f 1715/1715/1715 1589/1589/1589 1590/1590/1590
f 1715/1715/1715 1590/1590/1590 1716/1716/1716
f 2048/2048/2048 2174/2174/2174 2175/2175/2175
f 2048/2048/2048 2175/2175/2175 2049/2049/2049
f 2174/2174/2174 2300/2300/2300 2301/2301/2301
f 2174/2174/2174 2301/2301/2301 2175/2175/2175
f 2426/2426/2426 2552/2552/2552 2553/2553/2553
f 2426/2426/2426 2553/2553/2553 2427/2427/2427
f 2300/2300/2300 2426/2426/2426 2427/2427/2427
f 2300/2300/2300 2427/2427/2427 2301/2301/2301
f 2554/2554/2554 2428/2428/2428 2427/2427/2427
f 2554/2554/2554 2427/2427/2427 2553/2553/2553
f 2428/2428/2428 2302/2302/2302 2301/2301/2301
f 2428/2428/2428 2301/2301/2301 2427/2427/2427
f 2176/2176/2176 2050/2050/2050 2049/2049/2049
f 2176/2176/2176 2049/2049/2049 2175/2175/2175
f 2302/2302/2302 2176/2176/2176 2175/2175/2175
f 2302/2302/2302 2175/2175/2175 2301/2301/2301
f 2035/2035/2035 2161/2161/2161 2162/2162/2162
f 2035/2035/2035 2162/2162/2162 2036/2036/2036
f 2161/2161/2161 2287/2287/2287 2288/2288/2288
f 2161/2161/2161 2288/2288/2288 2162/2162/2162
f 2413/2413/2413 2539/2539/2539 2540/2540/2540
f 2413/2413/2413 2540/2540/2540 2414/2414/2414
f 2287/2287/2287 2413/2413/2413 2414/2414/2414
f 2287/2287/2287 2414/2414/2414 2288/2288/2288
f 2542/2542/2542 2416/2416/2416 2415/2415/2415
f 2542/2542/2542 2415/2415/2415 2541/2541/2541
f 2416/2416/2416 2290/2290/2290 2289/2289/2289
f 2416/2416/2416 2289/2289/2289 2415/2415/2415
f 2541/2541/2541 2415/2415/2415 2414/2414/2414
f 2541/2541/2541 2414/2414/2414 2540/2540/2540
f 2415/2415/2415 2289/2289/2289 2288/2288/2288
f 2415/2415/2415 2288/2288/2288 2414/2414/2414
f 2164/2164/2164 2038/2038/2038 2037/2037/2037
f 2164/2164/2164 2037/2037/2037 2163/2163/2163
f 2163/2163/2163 2037/2037/2037 2036/2036/2036
f 2163/2163/2163 2036/2036/2036 2162/2162/2162
f 2290/2290/2290 2164/2164/2164 2163/2163/2163
f 2290/2290/2290 2163/2163/2163 2289/2289/2289
f 2289/2289/2289 2163/2163/2163 2162/2162/2162
f 2289/2289/2289 2162/2162/2162 2288/2288/2288
f 4344/4344/4344 4345/4345/4345 3736/3736/3736
f 4344/4344/4344 3736/3736/3736 3735/3735/3735
f 4345/4345/4345 4346/4346/4346 3737/3737/3737
f 4345/4345/4345 3737/3737/3737 3736/3736/3736
f 4347/4347/4347 4348/4348/4348 3739/3739/3739
f 4347/4347/4347 3739/3739/3739 3738/3738/3738
f 4346/4346/4346 4347/4347/4347 3738/3738/3738
f 4346/4346/4346 3738/3738/3738 3737/3737/3737
f 3500/3500/3500 3499/3499/3499 3617/3617/3617
f 3500/3500/3500 3617/3617/3617 3618/3618/3618
f 3499/3499/3499 3498/3498/3498 3616/3616/3616
f 3499/3499/3499 3616/3616/3616 3617/3617/3617
f 3618/3618/3618 3617/3617/3617 3738/3738/3738
f 3618/3618/3618 3738/3738/3738 3739/3739/3739
f 3617/3617/3617 3616/3616/3616 3737/3737/3737
f 3617/3617/3617 3737/3737/3737 3738/3738/3738
f 3497/3497/3497 3614/3614/3614 3615/3615/3615
f 3615/3615/3615 3614/3614/3614 3735/3735/3735
f 3615/3615/3615 3735/3735/3735 3736/3736/3736
f 3498/3498/3498 3497/3497/3497 3615/3615/3615
f 3498/3498/3498 3615/3615/3615 3616/3616/3616
f 3616/3616/3616 3615/3615/3615 3736/3736/3736
f 3616/3616/3616 3736/3736/3736 3737/3737/3737
f 2038/2038/2038 2164/2164/2164 2165/2165/2165
f 2038/2038/2038 2165/2165/2165 2039/2039/2039
f 2164/2164/2164 2290/2290/2290 2291/2291/2291
f 2164/2164/2164 2291/2291/2291 2165/2165/2165
f 2039/2039/2039 2165/2165/2165 2166/2166/2166
f 2039/2039/2039 2166/2166/2166 2040/2040/2040
f 2165/2165/2165 2291/2291/2291 2292/2292/2292
f 2165/2165/2165 2292/2292/2292 2166/2166/2166
f 2416/2416/2416 2542/2542/2542 2543/2543/2543
f 2416/2416/2416 2543/2543/2543 2417/2417/2417
f 2417/2417/2417 2543/2543/2543 2544/2544/2544
f 2417/2417/2417 2544/2544/2544 2418/2418/2418
f 2290/2290/2290 2416/2416/2416 2417/2417/2417
f 2290/2290/2290 2417/2417/2417 2291/2291/2291
f 2291/2291/2291 2417/2417/2417 2418/2418/2418
f 2291/2291/2291 2418/2418/2418 2292/2292/2292
f 2545/2545/2545 2419/2419/2419 2418/2418/2418
f 2545/2545/2545 2418/2418/2418 2544/2544/2544
f 2419/2419/2419 2293/2293/2293 2292/2292/2292
f 2419/2419/2419 2292/2292/2292 2418/2418/2418
f 2167/2167/2167 2041/2041/2041 2040/2040/2040
f 2167/2167/2167 2040/2040/2040 2166/2166/2166
f 2293/2293/2293 2167/2167/2167 2166/2166/2166
f 2293/2293/2293 2166/2166/2166 2292/2292/2292
f 3490/3490/3490 3489/3489/3489 3607/3607/3607
f 3490/3490/3490 3607/3607/3607 3608/3608/3608
f 3489/3489/3489 3606/3606/3606 3607/3607/3607
f 3608/3608/3608 3607/3607/3607 3728/3728/3728
f 3608/3608/3608 3728/3728/3728 3729/3729/3729
f 3607/3607/3607 3606/3606/3606 3728/3728/3728
f 3488/3488/3488 3389/3389/3389 3487/3487/3487
f 3488/3488/3488 3487/3487/3487 3604/3604/3604
f 3488/3488/3488 3604/3604/3604 3605/3605/3605
f 3489/3489/3489 3488/3488/3488 3606/3606/3606
f 3606/3606/3606 3488/3488/3488 3605/3605/3605
f 3724/3724/3724 3725/3725/3725 3726/3726/3726
f 3724/3724/3724 3726/3726/3726 3604/3604/3604
f 3725/3725/3725 4336/4336/4336 3727/3727/3727
f 3725/3725/3725 3727/3727/3727 3726/3726/3726
f 3604/3604/3604 3726/3726/3726 3605/3605/3605
f 3726/3726/3726 3727/3727/3727 3606/3606/3606
f 3726/3726/3726 3606/3606/3606 3605/3605/3605
f 4337/4337/4337 4338/4338/4338 3729/3729/3729
f 4337/4337/4337 3729/3729/3729 3728/3728/3728
f 4336/4336/4336 4337/4337/4337 3728/3728/3728
f 4336/4336/4336 3728/3728/3728 3727/3727/3727
f 3727/3727/3727 3728/3728/3728 3606/3606/3606
f 701/701/701 700/700/700 819/819/819
f 701/701/701 819/819/819 820/820/820
f 1035/1035/1035 938/938/938 937/937/937
f 937/937/937 938/938/938 820/820/820
f 937/937/937 820/820/820 819/819/819
f 3497/3497/3497 3498/3498/3498 3400/3400/3400
f 3497/3497/3497 3400/3400/3400 3399/3399/3399
f 3399/3399/3399 3400/3400/3400 3269/3269/3269
f 3399/3399/3399 3269/3269/3269 3268/3268/3268
f 3499/3499/3499 3500/3500/3500 3401/3401/3401
f 3499/3499/3499 3401/3401/3401 3400/3400/3400
f 3400/3400/3400 3401/3401/3401 3270/3270/3270
f 3400/3400/3400 3270/3270/3270 3269/3269/3269
f 3498/3498/3498 3499/3499/3499 3400/3400/3400
f 3036/3036/3036 3035/3035/3035 3151/3151/3151
f 3036/3036/3036 3151/3151/3151 3152/3152/3152
f 3152/3152/3152 3151/3151/3151 3269/3269/3269
f 3152/3152/3152 3269/3269/3269 3270/3270/3270
f 3035/3035/3035 3034/3034/3034 3150/3150/3150
f 3035/3035/3035 3150/3150/3150 3151/3151/3151
f 3151/3151/3151 3150/3150/3150 3268/3268/3268
f 3151/3151/3151 3268/3268/3268 3269/3269/3269
f 3021/3021/3021 3257/3257/3257 3258/3258/3258
f 3021/3021/3021 3258/3258/3258 3022/3022/3022
f 3257/3257/3257 3387/3387/3387 3308/3308/3308
f 3257/3257/3257 3308/3308/3308 3258/3258/3258
f 3258/3258/3258 3308/3308/3308 3309/3309/3309
f 3486/3486/3486 3724/3724/3724 3604/3604/3604
f 3486/3486/3486 3604/3604/3604 3388/3388/3388
f 3387/3387/3387 3486/3486/3486 3308/3308/3308
f 3308/3308/3308 3486/3486/3486 3388/3388/3388
f 3308/3308/3308 3388/3388/3388 3309/3309/3309
f 3389/3389/3389 3388/3388/3388 3487/3487/3487
f 3389/3389/3389 3310/3310/3310 3309/3309/3309
f 3389/3389/3389 3309/3309/3309 3388/3388/3388
f 3487/3487/3487 3388/3388/3388 3604/3604/3604
f 3140/3140/3140 3024/3024/3024 3023/3023/3023
f 3140/3140/3140 3023/3023/3023 3139/3139/3139
f 3139/3139/3139 3023/3023/3023 3022/3022/3022
f 3139/3139/3139 3022/3022/3022 3258/3258/3258
f 3310/3310/3310 3140/3140/3140 3139/3139/3139
f 3310/3310/3310 3139/3139/3139 3309/3309/3309
f 3309/3309/3309 3139/3139/3139 3258/3258/3258
f 1535/1535/1535 1441/1441/1441 1344/1344/1344
f 1535/1535/1535 1344/1344/1344 1534/1534/1534
f 1441/1441/1441 1248/1248/1248 1247/1247/1247
f 1441/1441/1441 1247/1247/1247 1344/1344/1344
f 1534/1534/1534 1344/1344/1344 1343/1343/1343
f 1534/1534/1534 1343/1343/1343 1533/1533/1533
f 1344/1344/1344 1247/1247/1247 1343/1343/1343
f 1156/1156/1156 1032/1032/1032 1155/1155/1155
f 1155/1155/1155 1032/1032/1032 934/934/934
f 1155/1155/1155 934/934/934 1031/1031/1031
f 1248/1248/1248 1156/1156/1156 1155/1155/1155
f 1248/1248/1248 1155/1155/1155 1247/1247/1247
f 1247/1247/1247 1155/1155/1155 1031/1031/1031
f 815/815/815 1029/1029/1029 1030/1030/1030
f 815/815/815 1030/1030/1030 934/934/934
f 1029/1029/1029 1153/1153/1153 1154/1154/1154
f 1029/1029/1029 1154/1154/1154 1030/1030/1030
f 934/934/934 1030/1030/1030 1031/1031/1031
f 1030/1030/1030 1154/1154/1154 1247/1247/1247
f 1030/1030/1030 1247/1247/1247 1031/1031/1031
f 1342/1342/1342 1439/1439/1439 1440/1440/1440
f 1342/1342/1342 1440/1440/1440 1343/1343/1343
f 1343/1343/1343 1440/1440/1440 1533/1533/1533
f 1153/1153/1153 1342/1342/1342 1343/1343/1343
f 1153/1153/1153 1343/1343/1343 1154/1154/1154
f 1154/1154/1154 1343/1343/1343 1247/1247/1247
f 3024/3024/3024 3140/3140/3140 3141/3141/3141
f 3024/3024/3024 3141/3141/3141 3025/3025/3025
f 3140/3140/3140 3310/3310/3310 3259/3259/3259
f 3140/3140/3140 3259/3259/3259 3141/3141/3141
f 3025/3025/3025 3141/3141/3141 3142/3142/3142
f 3025/3025/3025 3142/3142/3142 3026/3026/3026
f 3141/3141/3141 3259/3259/3259 3260/3260/3260
f 3141/3141/3141 3260/3260/3260 3142/3142/3142
f 3389/3389/3389 3488/3488/3488 3390/3390/3390
f 3390/3390/3390 3488/3488/3488 3489/3489/3489
f 3390/3390/3390 3489/3489/3489 3391/3391/3391
f 3310/3310/3310 3389/3389/3389 3390/3390/3390
f 3310/3310/3310 3390/3390/3390 3259/3259/3259
f 3259/3259/3259 3390/3390/3390 3391/3391/3391
f 3259/3259/3259 3391/3391/3391 3260/3260/3260
f 3490/3490/3490 3392/3392/3392 3391/3391/3391
f 3490/3490/3490 3391/3391/3391 3489/3489/3489
f 3392/3392/3392 3261/3261/3261 3260/3260/3260
f 3392/3392/3392 3260/3260/3260 3391/3391/3391
f 3143/3143/3143 3027/3027/3027 3026/3026/3026
f 3143/3143/3143 3026/3026/3026 3142/3142/3142
f 3261/3261/3261 3143/3143/3143 3142/3142/3142
f 3261/3261/3261 3142/3142/3142 3260/3260/3260
f 2548/2548/2548 2422/2422/2422 2421/2421/2421
f 2548/2548/2548 2421/2421/2421 2547/2547/2547
f 2422/2422/2422 2296/2296/2296 2295/2295/2295
f 2422/2422/2422 2295/2295/2295 2421/2421/2421
f 2170/2170/2170 2044/2044/2044 2043/2043/2043
f 2170/2170/2170 2043/2043/2043 2169/2169/2169
f 2296/2296/2296 2170/2170/2170 2169/2169/2169
f 2296/2296/2296 2169/2169/2169 2295/2295/2295
f 3613/3613/3613 3495/3495/3495 3494/3494/3494
f 3613/3613/3613 3494/3494/3494 3612/3612/3612
f 3733/3733/3733 3613/3613/3613 3612/3612/3612
f 3493/3493/3493 3611/3611/3611 3612/3612/3612
f 3493/3493/3493 3612/3612/3612 3494/3494/3494
f 3611/3611/3611 3732/3732/3732 3733/3733/3733
f 3611/3611/3611 3733/3733/3733 3612/3612/3612
f 3732/3732/3732 4341/4341/4341 4342/4342/4342
f 3732/3732/3732 4342/4342/4342 3733/3733/3733
f 1040/1040/1040 943/943/943 942/942/942
f 1040/1040/1040 942/942/942 1039/1039/1039
f 943/943/943 825/825/825 824/824/824
f 943/943/943 824/824/824 942/942/942
f 825/825/825 706/706/706 705/705/705
f 825/825/825 705/705/705 824/824/824
f 704/704/704 823/823/823 824/824/824
f 704/704/704 824/824/824 705/705/705
f 941/941/941 1038/1038/1038 1039/1039/1039
f 941/941/941 1039/1039/1039 942/942/942
f 823/823/823 941/941/941 942/942/942
f 823/823/823 942/942/942 824/824/824
f 1543/1543/1543 1449/1449/1449 1448/1448/1448
f 1543/1543/1543 1448/1448/1448 1542/1542/1542
f 1350/1350/1350 1256/1256/1256 1255/1255/1255
f 1350/1350/1350 1255/1255/1255 1349/1349/1349
f 1449/1449/1449 1350/1350/1350 1349/1349/1349
f 1449/1449/1449 1349/1349/1349 1448/1448/1448
f 1254/1254/1254 1348/1348/1348 1349/1349/1349
f 1254/1254/1254 1349/1349/1349 1255/1255/1255
f 1348/1348/1348 1447/1447/1447 1448/1448/1448
f 1348/1348/1348 1448/1448/1448 1349/1349/1349
f 1447/1447/1447 1541/1541/1541 1542/1542/1542
f 1447/1447/1447 1542/1542/1542 1448/1448/1448
f 3495/3495/3495 3397/3397/3397 3396/3396/3396
f 3495/3495/3495 3396/3396/3396 3494/3494/3494
f 3397/3397/3397 3266/3266/3266 3265/3265/3265
f 3397/3397/3397 3265/3265/3265 3396/3396/3396
f 3148/3148/3148 3032/3032/3032 3031/3031/3031
f 3148/3148/3148 3031/3031/3031 3147/3147/3147
f 3266/3266/3266 3148/3148/3148 3147/3147/3147
f 3266/3266/3266 3147/3147/3147 3265/3265/3265
f 3030/3030/3030 3146/3146/3146 3147/3147/3147
f 3030/3030/3030 3147/3147/3147 3031/3031/3031
f 3146/3146/3146 3264/3264/3264 3265/3265/3265
f 3146/3146/3146 3265/3265/3265 3147/3147/3147
f 3395/3395/3395 3493/3493/3493 3494/3494/3494
f 3395/3395/3395 3494/3494/3494 3396/3396/3396
f 3264/3264/3264 3395/3395/3395 3396/3396/3396
f 3264/3264/3264 3396/3396/3396 3265/3265/3265
f 2552/2552/2552 2678/2678/2678 2679/2679/2679
f 2552/2552/2552 2679/2679/2679 2553/2553/2553
f 2678/2678/2678 2804/2804/2804 2805/2805/2805
f 2678/2678/2678 2805/2805/2805 2679/2679/2679
f 2930/2930/2930 3034/3034/3034 3035/3035/3035
f 2930/2930/2930 3035/3035/3035 2931/2931/2931
f 2804/2804/2804 2930/2930/2930 2931/2931/2931
f 2804/2804/2804 2931/2931/2931 2805/2805/2805
f 3036/3036/3036 2932/2932/2932 2931/2931/2931
f 3036/3036/3036 2931/2931/2931 3035/3035/3035
f 2932/2932/2932 2806/2806/2806 2805/2805/2805
f 2932/2932/2932 2805/2805/2805 2931/2931/2931
f 2680/2680/2680 2554/2554/2554 2553/2553/2553
f 2680/2680/2680 2553/2553/2553 2679/2679/2679
f 2806/2806/2806 2680/2680/2680 2679/2679/2679
f 2806/2806/2806 2679/2679/2679 2805/2805/2805
f 2539/2539/2539 2665/2665/2665 2666/2666/2666
f 2539/2539/2539 2666/2666/2666 2540/2540/2540
f 2665/2665/2665 2791/2791/2791 2792/2792/2792
f 2665/2665/2665 2792/2792/2792 2666/2666/2666
f 2917/2917/2917 3021/3021/3021 3022/3022/3022
f 2917/2917/2917 3022/3022/3022 2918/2918/2918
f 2791/2791/2791 2917/2917/2917 2918/2918/2918
f 2791/2791/2791 2918/2918/2918 2792/2792/2792
f 3024/3024/3024 2920/2920/2920 2919/2919/2919
f 3024/3024/3024 2919/2919/2919 3023/3023/3023
f 2920/2920/2920 2794/2794/2794 2793/2793/2793
f 2920/2920/2920 2793/2793/2793 2919/2919/2919
f 3023/3023/3023 2919/2919/2919 2918/2918/2918
f 3023/3023/3023 2918/2918/2918 3022/3022/3022
f 2919/2919/2919 2793/2793/2793 2792/2792/2792
f 2919/2919/2919 2792/2792/2792 2918/2918/2918
f 2668/2668/2668 2542/2542/2542 2541/2541/2541
f 2668/2668/2668 2541/2541/2541 2667/2667/2667
f 2667/2667/2667 2541/2541/2541 2540/2540/2540
f 2667/2667/2667 2540/2540/2540 2666/2666/2666
f 2794/2794/2794 2668/2668/2668 2667/2667/2667
f 2794/2794/2794 2667/2667/2667 2793/2793/2793
f 2793/2793/2793 2667/2667/2667 2666/2666/2666
f 2793/2793/2793 2666/2666/2666 2792/2792/2792
f 2038/2038/2038 1912/1912/1912 1911/1911/1911
f 2038/2038/2038 1911/1911/1911 2037/2037/2037
f 1912/1912/1912 1786/1786/1786 1785/1785/1785
f 1912/1912/1912 1785/1785/1785 1911/1911/1911
f 2037/2037/2037 1911/1911/1911 1910/1910/1910
f 2037/2037/2037 1910/1910/1910 2036/2036/2036
f 1911/1911/1911 1785/1785/1785 1784/1784/1784
f 1911/1911/1911 1784/1784/1784 1910/1910/1910
f 1660/1660/1660 1535/1535/1535 1534/1534/1534
f 1660/1660/1660 1534/1534/1534 1659/1659/1659
f 1659/1659/1659 1534/1534/1534 1533/1533/1533
f 1659/1659/1659 1533/1533/1533 1658/1658/1658
f 1786/1786/1786 1660/1660/1660 1659/1659/1659
f 1786/1786/1786 1659/1659/1659 1785/1785/1785
f 1785/1785/1785 1659/1659/1659 1658/1658/1658
f 1785/1785/1785 1658/1658/1658 1784/1784/1784
f 1439/1439/1439 1657/1657/1657 1658/1658/1658
f 1439/1439/1439 1658/1658/1658 1440/1440/1440
f 1657/1657/1657 1783/1783/1783 1784/1784/1784
f 1657/1657/1657 1784/1784/1784 1658/1658/1658
f 1440/1440/1440 1658/1658/1658 1533/1533/1533
f 1909/1909/1909 2035/2035/2035 2036/2036/2036
f 1909/1909/1909 2036/2036/2036 1910/1910/1910
f 1783/1783/1783 1909/1909/1909 1910/1910/1910
f 1783/1783/1783 1910/1910/1910 1784/1784/1784
f 2542/2542/2542 2668/2668/2668 2669/2669/2669
f 2542/2542/2542 2669/2669/2669 2543/2543/2543
f 2668/2668/2668 2794/2794/2794 2795/2795/2795
f 2668/2668/2668 2795/2795/2795 2669/2669/2669
f 2543/2543/2543 2669/2669/2669 2670/2670/2670
f 2543/2543/2543 2670/2670/2670 2544/2544/2544
f 2669/2669/2669 2795/2795/2795 2796/2796/2796
f 2669/2669/2669 2796/2796/2796 2670/2670/2670
f 2920/2920/2920 3024/3024/3024 3025/3025/3025
f 2920/2920/2920 3025/3025/3025 2921/2921/2921
f 2921/2921/2921 3025/3025/3025 3026/3026/3026
f 2921/2921/2921 3026/3026/3026 2922/2922/2922
f 2794/2794/2794 2920/2920/2920 2921/2921/2921
f 2794/2794/2794 2921/2921/2921 2795/2795/2795
f 2795/2795/2795 2921/2921/2921 2922/2922/2922
f 2795/2795/2795 2922/2922/2922 2796/2796/2796
f 3027/3027/3027 2923/2923/2923 2922/2922/2922
f 3027/3027/3027 2922/2922/2922 3026/3026/3026
f 2923/2923/2923 2797/2797/2797 2796/2796/2796
f 2923/2923/2923 2796/2796/2796 2922/2922/2922
f 2671/2671/2671 2545/2545/2545 2544/2544/2544
f 2671/2671/2671 2544/2544/2544 2670/2670/2670
f 2797/2797/2797 2671/2671/2671 2670/2670/2670
f 2797/2797/2797 2670/2670/2670 2796/2796/2796
f 2041/2041/2041 1915/1915/1915 1914/1914/1914
f 2041/2041/2041 1914/1914/1914 2040/2040/2040
f 1915/1915/1915 1789/1789/1789 1788/1788/1788
f 1915/1915/1915 1788/1788/1788 1914/1914/1914
f 1663/1663/1663 1538/1538/1538 1537/1537/1537
f 1663/1663/1663 1537/1537/1537 1662/1662/1662
f 1789/1789/1789 1663/1663/1663 1662/1662/1662
f 1789/1789/1789 1662/1662/1662 1788/1788/1788
f 1535/1535/1535 1660/1660/1660 1661/1661/1661
f 1535/1535/1535 1661/1661/1661 1536/1536/1536
f 1660/1660/1660 1786/1786/1786 1787/1787/1787
f 1660/1660/1660 1787/1787/1787 1661/1661/1661
f 1536/1536/1536 1661/1661/1661 1662/1662/1662
f 1536/1536/1536 1662/1662/1662 1537/1537/1537
f 1661/1661/1661 1787/1787/1787 1788/1788/1788
f 1661/1661/1661 1788/1788/1788 1662/1662/1662
f 1912/1912/1912 2038/2038/2038 2039/2039/2039
f 1912/1912/1912 2039/2039/2039 1913/1913/1913
f 1913/1913/1913 2039/2039/2039 2040/2040/2040
f 1913/1913/1913 2040/2040/2040 1914/1914/1914
f 1786/1786/1786 1912/1912/1912 1913/1913/1913
f 1786/1786/1786 1913/1913/1913 1787/1787/1787
f 1787/1787/1787 1913/1913/1913 1914/1914/1914
f 1787/1787/1787 1914/1914/1914 1788/1788/1788
f 3030/3030/3030 2926/2926/2926 2925/2925/2925
f 3030/3030/3030 2925/2925/2925 3029/3029/3029
f 2926/2926/2926 2800/2800/2800 2799/2799/2799
f 2926/2926/2926 2799/2799/2799 2925/2925/2925
f 2674/2674/2674 2548/2548/2548 2547/2547/2547
f 2674/2674/2674 2547/2547/2547 2673/2673/2673
f 2800/2800/2800 2674/2674/2674 2673/2673/2673
f 2800/2800/2800 2673/2673/2673 2799/2799/2799
f 2046/2046/2046 1920/1920/1920 1919/1919/1919
f 2046/2046/2046 1919/1919/1919 2045/2045/2045
f 1920/1920/1920 1794/1794/1794 1793/1793/1793
f 1920/1920/1920 1793/1793/1793 1919/1919/1919
f 1668/1668/1668 1543/1543/1543 1542/1542/1542
f 1668/1668/1668 1542/1542/1542 1667/1667/1667
f 1794/1794/1794 1668/1668/1668 1667/1667/1667
f 1794/1794/1794 1667/1667/1667 1793/1793/1793
f 1541/1541/1541 1666/1666/1666 1667/1667/1667
f 1541/1541/1541 1667/1667/1667 1542/1542/1542
f 1666/1666/1666 1792/1792/1792 1793/1793/1793
f 1666/1666/1666 1793/1793/1793 1667/1667/1667
f 1918/1918/1918 2044/2044/2044 2045/2045/2045
f 1918/1918/1918 2045/2045/2045 1919/1919/1919
f 1792/1792/1792 1918/1918/1918 1919/1919/1919
f 1792/1792/1792 1919/1919/1919 1793/1793/1793
f 2530/2530/2530 2404/2404/2404 2401/2401/2401
f 2530/2530/2530 2401/2401/2401 2527/2527/2527
f 2404/2404/2404 2278/2278/2278 2275/2275/2275
f 2404/2404/2404 2275/2275/2275 2401/2401/2401
f 2152/2152/2152 2026/2026/2026 2023/2023/2023
f 2152/2152/2152 2023/2023/2023 2149/2149/2149
f 2278/2278/2278 2152/2152/2152 2149/2149/2149
f 2278/2278/2278 2149/2149/2149 2275/2275/2275
f 4140/4140/4140 4141/4141/4141 4178/4178/4178
f 4140/4140/4140 4178/4178/4178 4177/4177/4177
f 4141/4141/4141 4142/4142/4142 4179/4179/4179
f 4141/4141/4141 4179/4179/4179 4178/4178/4178
f 4143/4143/4143 4144/4144/4144 4181/4181/4181
f 4143/4143/4143 4181/4181/4181 4180/4180/4180
f 4142/4142/4142 4143/4143/4143 4180/4180/4180
f 4142/4142/4142 4180/4180/4180 4179/4179/4179
f 548/548/548 549/549/549 520/520/520
f 548/548/548 520/520/520 519/519/519
f 3714/3714/3714 4096/4096/4096 4133/4133/4133
f 4096/4096/4096 4097/4097/4097 4134/4134/4134
f 4096/4096/4096 4134/4134/4134 4133/4133/4133
f 4098/4098/4098 4099/4099/4099 4137/4137/4137
f 4098/4098/4098 4137/4137/4137 4136/4136/4136
f 4097/4097/4097 4098/4098/4098 4136/4136/4136
f 4097/4097/4097 4136/4136/4136 4134/4134/4134
f 3714/3714/3714 4133/4133/4133 4171/4171/4171
f 3714/3714/3714 4171/4171/4171 3716/3716/3716
f 4133/4133/4133 4134/4134/4134 4172/4172/4172
f 4133/4133/4133 4172/4172/4172 4171/4171/4171
f 4136/4136/4136 4137/4137/4137 4174/4174/4174
f 4136/4136/4136 4174/4174/4174 4173/4173/4173
f 4134/4134/4134 4136/4136/4136 4173/4173/4173
f 4134/4134/4134 4173/4173/4173 4172/4172/4172
f 3129/3129/3129 3245/3245/3245 3248/3248/3248
f 3129/3129/3129 3248/3248/3248 3132/3132/3132
f 3245/3245/3245 3377/3377/3377 3379/3379/3379
f 3245/3245/3245 3379/3379/3379 3248/3248/3248
f 3594/3594/3594 3714/3714/3714 3716/3716/3716
f 3594/3594/3594 3716/3716/3716 3596/3596/3596
f 3377/3377/3377 3594/3594/3594 3596/3596/3596
f 3377/3377/3377 3596/3596/3596 3379/3379/3379
f 1430/1430/1430 1333/1333/1333 1330/1330/1330
f 1430/1430/1430 1330/1330/1330 1427/1427/1427
f 1333/1333/1333 1145/1145/1145 1143/1143/1143
f 1333/1333/1333 1143/1143/1143 1330/1330/1330
f 925/925/925 807/807/807 805/805/805
f 925/925/925 805/805/805 923/923/923
f 1145/1145/1145 925/925/925 923/923/923
f 1145/1145/1145 923/923/923 1143/1143/1143
f 706/706/706 661/661/661 660/660/660
f 706/706/706 660/660/660 705/705/705
f 661/661/661 616/616/616 615/615/615
f 661/661/661 615/615/615 660/660/660
f 614/614/614 659/659/659 660/660/660
f 614/614/614 660/660/660 615/615/615
f 659/659/659 704/704/704 705/705/705
f 659/659/659 705/705/705 660/660/660
f 269/269/269 224/224/224 223/223/223
f 269/269/269 223/223/223 268/268/268
f 224/224/224 179/179/179 178/178/178
f 224/224/224 178/178/178 223/223/223
f 179/179/179 135/135/135 134/134/134
f 179/179/179 134/134/134 178/178/178
f 3863/3863/3863 3821/3821/3821 3822/3822/3822
f 3863/3863/3863 3822/3822/3822 3864/3864/3864
f 3821/3821/3821 3778/3778/3778 3779/3779/3779
f 3821/3821/3821 3779/3779/3779 3822/3822/3822
f 4340/4340/4340 4298/4298/4298 4299/4299/4299
f 4340/4340/4340 4299/4299/4299 4341/4341/4341
f 4298/4298/4298 4255/4255/4255 4256/4256/4256
f 4298/4298/4298 4256/4256/4256 4299/4299/4299
f 2905/2905/2905 3129/3129/3129 3132/3132/3132
f 3132/3132/3132 2908/2908/2908 2905/2905/2905
f 2908/2908/2908 2782/2782/2782 2779/2779/2779
f 2908/2908/2908 2779/2779/2779 2905/2905/2905
f 2656/2656/2656 2530/2530/2530 2527/2527/2527
f 2656/2656/2656 2527/2527/2527 2653/2653/2653
f 2782/2782/2782 2656/2656/2656 2653/2653/2653
f 2782/2782/2782 2653/2653/2653 2779/2779/2779
f 2026/2026/2026 1900/1900/1900 1897/1897/1897
f 2026/2026/2026 1897/1897/1897 2023/2023/2023
f 1900/1900/1900 1774/1774/1774 1771/1771/1771
f 1900/1900/1900 1771/1771/1771 1897/1897/1897
f 1648/1648/1648 1430/1430/1430 1427/1427/1427
f 1648/1648/1648 1427/1427/1427 1645/1645/1645
f 1774/1774/1774 1648/1648/1648 1645/1645/1645
f 1774/1774/1774 1645/1645/1645 1771/1771/1771
f 3017/3017/3017 3129/3129/3129 2905/2905/2905
f 3129/3129/3129 3017/3017/3017 3245/3245/3245
f 3017/3017/3017 3129/3129/3129 3245/3245/3245
f 3129/3129/3129 3017/3017/3017 2905/2905/2905
f 3793/3793/3793 3835/3835/3835 3834/3834/3834
f 3793/3793/3793 3834/3834/3834 3792/3792/3792
f 3835/3835/3835 3877/3877/3877 3876/3876/3876
f 3835/3835/3835 3876/3876/3876 3834/3834/3834
f 3874/3874/3874 3832/3832/3832 3833/3833/3833
f 3874/3874/3874 3833/3833/3833 3875/3875/3875
f 3875/3875/3875 3833/3833/3833 3834/3834/3834
f 3875/3875/3875 3834/3834/3834 3876/3876/3876
f 3832/3832/3832 3790/3790/3790 3791/3791/3791
f 3832/3832/3832 3791/3791/3791 3833/3833/3833
f 3833/3833/3833 3791/3791/3791 3792/3792/3792
f 3833/3833/3833 3792/3792/3792 3834/3834/3834
f 1971/1971/1971 2097/2097/2097 2096/2096/2096
f 1971/1971/1971 2096/2096/2096 1970/1970/1970
f 2097/2097/2097 2223/2223/2223 2222/2222/2222
f 2097/2097/2097 2222/2222/2222 2096/2096/2096
f 2349/2349/2349 2475/2475/2475 2474/2474/2474
f 2349/2349/2349 2474/2474/2474 2348/2348/2348
f 2223/2223/2223 2349/2349/2349 2348/2348/2348
f 2223/2223/2223 2348/2348/2348 2222/2222/2222
f 2468/2468/2468 2342/2342/2342 2343/2343/2343
f 2468/2468/2468 2343/2343/2343 2469/2469/2469
f 2342/2342/2342 2216/2216/2216 2217/2217/2217
f 2342/2342/2342 2217/2217/2217 2343/2343/2343
f 2090/2090/2090 1964/1964/1964 1965/1965/1965
f 2090/2090/2090 1965/1965/1965 2091/2091/2091
f 2216/2216/2216 2090/2090/2090 2091/2091/2091
f 2216/2216/2216 2091/2091/2091 2217/2217/2217
f 3656/3656/3656 3777/3777/3777 3776/3776/3776
f 3775/3775/3775 3655/3655/3655 3656/3656/3656
f 3775/3775/3775 3656/3656/3656 3776/3776/3776
f 3536/3536/3536 3439/3439/3439 3537/3537/3537
f 3537/3537/3537 3439/3439/3439 3440/3440/3440
f 3655/3655/3655 3536/3536/3536 3537/3537/3537
f 3655/3655/3655 3537/3537/3537 3656/3656/3656
f 3780/3780/3780 3660/3660/3660 3661/3661/3661
f 3541/3541/3541 3444/3444/3444 3445/3445/3445
f 3541/3541/3541 3445/3445/3445 3542/3542/3542
f 3660/3660/3660 3541/3541/3541 3542/3542/3542
f 3660/3660/3660 3542/3542/3542 3661/3661/3661
f 3446/3446/3446 3542/3542/3542 3445/3445/3445
f 3661/3661/3661 3781/3781/3781 3780/3780/3780
f 986/986/986 866/866/866 867/867/867
f 986/986/986 867/867/867 987/987/987
f 866/866/866 747/747/747 748/748/748
f 866/866/866 748/748/748 867/867/867
f 747/747/747 132/132/132 133/133/133
f 747/747/747 133/133/133 748/748/748
f 1206/1206/1206 1084/1084/1084 1207/1207/1207
f 1207/1207/1207 1084/1084/1084 1085/1085/1085
f 1084/1084/1084 986/986/986 987/987/987
f 1084/1084/1084 987/987/987 1085/1085/1085
f 3439/3439/3439 3319/3319/3319 3320/3320/3320
f 3439/3439/3439 3320/3320/3320 3440/3440/3440
f 3319/3319/3319 3188/3188/3188 3189/3189/3189
f 3319/3319/3319 3189/3189/3189 3320/3320/3320
f 3074/3074/3074 2972/2972/2972 2973/2973/2973
f 3074/3074/3074 2973/2973/2973 3075/3075/3075
f 3188/3188/3188 3074/3074/3074 3075/3075/3075
f 3188/3188/3188 3075/3075/3075 3189/3189/3189
f 3444/3444/3444 3325/3325/3325 3445/3445/3445
f 2979/2979/2979 3081/3081/3081 3080/3080/3080
f 2979/2979/2979 3080/3080/3080 2978/2978/2978
f 3081/3081/3081 3195/3195/3195 3194/3194/3194
f 3081/3081/3081 3194/3194/3194 3080/3080/3080
f 3326/3326/3326 3446/3446/3446 3445/3445/3445
f 3326/3326/3326 3445/3445/3445 3325/3325/3325
f 3195/3195/3195 3326/3326/3326 3325/3325/3325
f 3195/3195/3195 3325/3325/3325 3194/3194/3194
f 2475/2475/2475 2601/2601/2601 2600/2600/2600
f 2475/2475/2475 2600/2600/2600 2474/2474/2474
f 2601/2601/2601 2727/2727/2727 2726/2726/2726
f 2601/2601/2601 2726/2726/2726 2600/2600/2600
f 2853/2853/2853 2979/2979/2979 2978/2978/2978
f 2853/2853/2853 2978/2978/2978 2852/2852/2852
f 2727/2727/2727 2853/2853/2853 2852/2852/2852
f 2727/2727/2727 2852/2852/2852 2726/2726/2726
f 2972/2972/2972 2846/2846/2846 2847/2847/2847
f 2972/2972/2972 2847/2847/2847 2973/2973/2973
f 2846/2846/2846 2720/2720/2720 2721/2721/2721
f 2846/2846/2846 2721/2721/2721 2847/2847/2847
f 2594/2594/2594 2468/2468/2468 2469/2469/2469
f 2594/2594/2594 2469/2469/2469 2595/2595/2595
f 2720/2720/2720 2594/2594/2594 2595/2595/2595
f 2720/2720/2720 2595/2595/2595 2721/2721/2721
f 1964/1964/1964 1838/1838/1838 1839/1839/1839
f 1964/1964/1964 1839/1839/1839 1965/1965/1965
f 1838/1838/1838 1712/1712/1712 1713/1713/1713
f 1838/1838/1838 1713/1713/1713 1839/1839/1839
f 1586/1586/1586 1491/1491/1491 1492/1492/1492
f 1586/1586/1586 1492/1492/1492 1587/1587/1587
f 1712/1712/1712 1586/1586/1586 1587/1587/1587
f 1712/1712/1712 1587/1587/1587 1713/1713/1713
f 1498/1498/1498 1593/1593/1593 1592/1592/1592
f 1498/1498/1498 1592/1592/1592 1497/1497/1497
f 1593/1593/1593 1719/1719/1719 1718/1718/1718
f 1593/1593/1593 1718/1718/1718 1592/1592/1592
f 1845/1845/1845 1971/1971/1971 1970/1970/1970
f 1845/1845/1845 1970/1970/1970 1844/1844/1844
f 1719/1719/1719 1845/1845/1845 1844/1844/1844
f 1719/1719/1719 1844/1844/1844 1718/1718/1718
f 2552/2552/2552 2426/2426/2426 2425/2425/2425
f 2552/2552/2552 2425/2425/2425 2551/2551/2551
f 2426/2426/2426 2300/2300/2300 2299/2299/2299
f 2426/2426/2426 2299/2299/2299 2425/2425/2425
f 2174/2174/2174 2048/2048/2048 2047/2047/2047
f 2174/2174/2174 2047/2047/2047 2173/2173/2173
f 2300/2300/2300 2174/2174/2174 2173/2173/2173
f 2300/2300/2300 2173/2173/2173 2299/2299/2299
f 2041/2041/2041 2167/2167/2167 2168/2168/2168
f 2041/2041/2041 2168/2168/2168 2042/2042/2042
f 2167/2167/2167 2293/2293/2293 2294/2294/2294
f 2167/2167/2167 2294/2294/2294 2168/2168/2168
f 2419/2419/2419 2545/2545/2545 2546/2546/2546
f 2419/2419/2419 2546/2546/2546 2420/2420/2420
f 2293/2293/2293 2419/2419/2419 2420/2420/2420
f 2293/2293/2293 2420/2420/2420 2294/2294/2294
f 4340/4340/4340 3730/3730/3730 4339/4339/4339
f 3490/3490/3490 3608/3608/3608 3609/3609/3609
f 3608/3608/3608 3729/3729/3729 3730/3730/3730
f 3608/3608/3608 3730/3730/3730 3609/3609/3609
f 3490/3490/3490 3609/3609/3609 3491/3491/3491
f 3729/3729/3729 4338/4338/4338 4339/4339/4339
f 3729/3729/3729 4339/4339/4339 3730/3730/3730
f 3495/3495/3495 3613/3613/3613 3614/3614/3614
f 3495/3495/3495 3614/3614/3614 3496/3496/3496
f 3613/3613/3613 3734/3734/3734 3614/3614/3614
f 3614/3614/3614 3734/3734/3734 3735/3735/3735
f 3734/3734/3734 4343/4343/4343 3735/3735/3735
f 4344/4344/4344 3735/3735/3735 4343/4343/4343
f 3614/3614/3614 3497/3497/3497 3496/3496/3496
f 701/701/701 820/820/820 821/821/821
f 701/701/701 821/821/821 702/702/702
f 938/938/938 1035/1035/1035 1036/1036/1036
f 938/938/938 1036/1036/1036 939/939/939
f 820/820/820 938/938/938 939/939/939
f 820/820/820 939/939/939 821/821/821
f 1251/1251/1251 1345/1345/1345 1252/1252/1252
f 1252/1252/1252 1345/1345/1345 1346/1346/1346
f 1345/1345/1345 1444/1444/1444 1445/1445/1445
f 1345/1345/1345 1445/1445/1445 1346/1346/1346
f 1444/1444/1444 1538/1538/1538 1539/1539/1539
f 1444/1444/1444 1539/1539/1539 1445/1445/1445
f 3027/3027/3027 3143/3143/3143 3144/3144/3144
f 3027/3027/3027 3144/3144/3144 3028/3028/3028
f 3143/3143/3143 3261/3261/3261 3262/3262/3262
f 3143/3143/3143 3262/3262/3262 3144/3144/3144
f 3392/3392/3392 3490/3490/3490 3491/3491/3491
f 3392/3392/3392 3491/3491/3491 3393/3393/3393
f 3261/3261/3261 3392/3392/3392 3393/3393/3393
f 3261/3261/3261 3393/3393/3393 3262/3262/3262
f 3398/3398/3398 3495/3495/3495 3496/3496/3496
f 3497/3497/3497 3399/3399/3399 3398/3398/3398
f 3497/3497/3497 3398/3398/3398 3496/3496/3496
f 3399/3399/3399 3268/3268/3268 3267/3267/3267
f 3399/3399/3399 3267/3267/3267 3398/3398/3398
f 3150/3150/3150 3034/3034/3034 3033/3033/3033
f 3150/3150/3150 3033/3033/3033 3149/3149/3149
f 3268/3268/3268 3150/3150/3150 3149/3149/3149
f 3268/3268/3268 3149/3149/3149 3267/3267/3267
f 3034/3034/3034 2930/2930/2930 2929/2929/2929
f 3034/3034/3034 2929/2929/2929 3033/3033/3033
f 2930/2930/2930 2804/2804/2804 2803/2803/2803
f 2930/2930/2930 2803/2803/2803 2929/2929/2929
f 2678/2678/2678 2552/2552/2552 2551/2551/2551
f 2678/2678/2678 2551/2551/2551 2677/2677/2677
f 2804/2804/2804 2678/2678/2678 2677/2677/2677
f 2804/2804/2804 2677/2677/2677 2803/2803/2803
f 2545/2545/2545 2671/2671/2671 2672/2672/2672
f 2545/2545/2545 2672/2672/2672 2546/2546/2546
f 2671/2671/2671 2797/2797/2797 2798/2798/2798
f 2671/2671/2671 2798/2798/2798 2672/2672/2672
f 2923/2923/2923 3027/3027/3027 3028/3028/3028
f 2923/2923/2923 3028/3028/3028 2924/2924/2924
f 2797/2797/2797 2923/2923/2923 2924/2924/2924
f 2797/2797/2797 2924/2924/2924 2798/2798/2798
f 1538/1538/1538 1663/1663/1663 1664/1664/1664
f 1538/1538/1538 1664/1664/1664 1539/1539/1539
f 1663/1663/1663 1789/1789/1789 1790/1790/1790
f 1663/1663/1663 1790/1790/1790 1664/1664/1664
f 1915/1915/1915 2041/2041/2041 2042/2042/2042
f 1915/1915/1915 2042/2042/2042 1916/1916/1916
f 1789/1789/1789 1915/1915/1915 1916/1916/1916
f 1789/1789/1789 1916/1916/1916 1790/1790/1790
f 2048/2048/2048 1922/1922/1922 1921/1921/1921
f 2048/2048/2048 1921/1921/1921 2047/2047/2047
f 1922/1922/1922 1796/1796/1796 1795/1795/1795
f 1922/1922/1922 1795/1795/1795 1921/1921/1921
f 1670/1670/1670 1545/1545/1545 1544/1544/1544
f 1670/1670/1670 1544/1544/1544 1669/1669/1669
f 1796/1796/1796 1670/1670/1670 1669/1669/1669
f 1796/1796/1796 1669/1669/1669 1795/1795/1795
f 611/611/611 656/656/656 657/657/657
f 611/611/611 657/657/657 612/612/612
f 656/656/656 701/701/701 702/702/702
f 656/656/656 702/702/702 657/657/657
f 3777/3777/3777 3820/3820/3820 3819/3819/3819
f 3777/3777/3777 3819/3819/3819 3776/3776/3776
f 3820/3820/3820 3862/3862/3862 3861/3861/3861
f 3820/3820/3820 3861/3861/3861 3819/3819/3819
f 3860/3860/3860 3818/3818/3818 3819/3819/3819
f 3860/3860/3860 3819/3819/3819 3861/3861/3861
f 3818/3818/3818 3775/3775/3775 3776/3776/3776
f 3818/3818/3818 3776/3776/3776 3819/3819/3819
f 4102/4102/4102 4140/4140/4140 4139/4139/4139
f 4102/4102/4102 4139/4139/4139 4101/4101/4101
f 4259/4259/4259 4302/4302/4302 4301/4301/4301
f 4259/4259/4259 4301/4301/4301 4258/4258/4258
f 4302/4302/4302 4344/4344/4344 4343/4343/4343
f 4302/4302/4302 4343/4343/4343 4301/4301/4301
f 4174/4174/4174 4137/4137/4137 4138/4138/4138
f 4174/4174/4174 4138/4138/4138 4175/4175/4175
f 1970/1970/1970 2096/2096/2096 2095/2095/2095
f 1970/1970/1970 2095/2095/2095 1969/1969/1969
f 2096/2096/2096 2222/2222/2222 2221/2221/2221
f 2096/2096/2096 2221/2221/2221 2095/2095/2095
f 2348/2348/2348 2474/2474/2474 2473/2473/2473
f 2348/2348/2348 2473/2473/2473 2347/2347/2347
f 2222/2222/2222 2348/2348/2348 2347/2347/2347
f 2222/2222/2222 2347/2347/2347 2221/2221/2221
f 1966/1966/1966 2092/2092/2092 2091/2091/2091
f 1966/1966/1966 2091/2091/2091 1965/1965/1965
f 2092/2092/2092 2218/2218/2218 2217/2217/2217
f 2092/2092/2092 2217/2217/2217 2091/2091/2091
f 2344/2344/2344 2470/2470/2470 2469/2469/2469
f 2344/2344/2344 2469/2469/2469 2343/2343/2343
f 2218/2218/2218 2344/2344/2344 2343/2343/2343
f 2218/2218/2218 2343/2343/2343 2217/2217/2217
f 3441/3441/3441 3538/3538/3538 3440/3440/3440
f 3777/3777/3777 3656/3656/3656 3657/3657/3657
f 3537/3537/3537 3440/3440/3440 3538/3538/3538
f 3656/3656/3656 3537/3537/3537 3538/3538/3538
f 3656/3656/3656 3538/3538/3538 3657/3657/3657
f 3779/3779/3779 3659/3659/3659 3660/3660/3660
f 3779/3779/3779 3660/3660/3660 3780/3780/3780
f 3659/3659/3659 3541/3541/3541 3660/3660/3660
f 134/134/134 749/749/749 748/748/748
f 134/134/134 748/748/748 133/133/133
f 868/868/868 988/988/988 987/987/987
f 868/868/868 987/987/987 867/867/867
f 749/749/749 868/868/868 867/867/867
f 749/749/749 867/867/867 748/748/748
f 138/138/138 753/753/753 752/752/752
f 138/138/138 752/752/752 137/137/137
f 872/872/872 992/992/992 991/991/991
f 872/872/872 991/991/991 871/871/871
f 753/753/753 872/872/872 871/871/871
f 753/753/753 871/871/871 752/752/752
f 988/988/988 1086/1086/1086 1085/1085/1085
f 988/988/988 1085/1085/1085 987/987/987
f 1086/1086/1086 1208/1208/1208 1207/1207/1207
f 1086/1086/1086 1207/1207/1207 1085/1085/1085
f 1212/1212/1212 1301/1301/1301 1300/1300/1300
f 1212/1212/1212 1300/1300/1300 1211/1211/1211
f 1301/1301/1301 1375/1375/1375 1374/1374/1374
f 1301/1301/1301 1374/1374/1374 1300/1300/1300
f 1375/1375/1375 1497/1497/1497 1496/1496/1496
f 1375/1375/1375 1496/1496/1496 1374/1374/1374
f 2974/2974/2974 3076/3076/3076 3075/3075/3075
f 2974/2974/2974 3075/3075/3075 2973/2973/2973
f 3076/3076/3076 3190/3190/3190 3189/3189/3189
f 3076/3076/3076 3189/3189/3189 3075/3075/3075
f 3321/3321/3321 3441/3441/3441 3440/3440/3440
f 3321/3321/3321 3440/3440/3440 3320/3320/3320
f 3190/3190/3190 3321/3321/3321 3320/3320/3320
f 3190/3190/3190 3320/3320/3320 3189/3189/3189
f 2978/2978/2978 3080/3080/3080 3079/3079/3079
f 2978/2978/2978 3079/3079/3079 2977/2977/2977
f 3080/3080/3080 3194/3194/3194 3193/3193/3193
f 3080/3080/3080 3193/3193/3193 3079/3079/3079
f 3325/3325/3325 3444/3444/3444 3324/3324/3324
f 3194/3194/3194 3325/3325/3325 3324/3324/3324
f 3194/3194/3194 3324/3324/3324 3193/3193/3193
f 2474/2474/2474 2600/2600/2600 2599/2599/2599
f 2474/2474/2474 2599/2599/2599 2473/2473/2473
f 2600/2600/2600 2726/2726/2726 2725/2725/2725
f 2600/2600/2600 2725/2725/2725 2599/2599/2599
f 2852/2852/2852 2978/2978/2978 2977/2977/2977
f 2852/2852/2852 2977/2977/2977 2851/2851/2851
f 2726/2726/2726 2852/2852/2852 2851/2851/2851
f 2726/2726/2726 2851/2851/2851 2725/2725/2725
f 2470/2470/2470 2596/2596/2596 2595/2595/2595
f 2470/2470/2470 2595/2595/2595 2469/2469/2469
f 2596/2596/2596 2722/2722/2722 2721/2721/2721
f 2596/2596/2596 2721/2721/2721 2595/2595/2595
f 2848/2848/2848 2974/2974/2974 2973/2973/2973
f 2848/2848/2848 2973/2973/2973 2847/2847/2847
f 2722/2722/2722 2848/2848/2848 2847/2847/2847
f 2722/2722/2722 2847/2847/2847 2721/2721/2721
f 1493/1493/1493 1588/1588/1588 1587/1587/1587
f 1493/1493/1493 1587/1587/1587 1492/1492/1492
f 1588/1588/1588 1714/1714/1714 1713/1713/1713
f 1588/1588/1588 1713/1713/1713 1587/1587/1587
f 1840/1840/1840 1966/1966/1966 1965/1965/1965
f 1840/1840/1840 1965/1965/1965 1839/1839/1839
f 1714/1714/1714 1840/1840/1840 1839/1839/1839
f 1714/1714/1714 1839/1839/1839 1713/1713/1713
f 1497/1497/1497 1592/1592/1592 1591/1591/1591
f 1497/1497/1497 1591/1591/1591 1496/1496/1496
f 1592/1592/1592 1718/1718/1718 1717/1717/1717
f 1592/1592/1592 1717/1717/1717 1591/1591/1591
f 1844/1844/1844 1970/1970/1970 1969/1969/1969
f 1844/1844/1844 1969/1969/1969 1843/1843/1843
f 1718/1718/1718 1844/1844/1844 1843/1843/1843
f 1718/1718/1718 1843/1843/1843 1717/1717/1717
f 2551/2551/2551 2425/2425/2425 2424/2424/2424
f 2551/2551/2551 2424/2424/2424 2550/2550/2550
f 2425/2425/2425 2299/2299/2299 2298/2298/2298
f 2425/2425/2425 2298/2298/2298 2424/2424/2424
f 2173/2173/2173 2047/2047/2047 2046/2046/2046
f 2173/2173/2173 2046/2046/2046 2172/2172/2172
f 2299/2299/2299 2173/2173/2173 2172/2172/2172
f 2299/2299/2299 2172/2172/2172 2298/2298/2298
f 2547/2547/2547 2421/2421/2421 2420/2420/2420
f 2547/2547/2547 2420/2420/2420 2546/2546/2546
f 2421/2421/2421 2295/2295/2295 2294/2294/2294
f 2421/2421/2421 2294/2294/2294 2420/2420/2420
f 2169/2169/2169 2043/2043/2043 2042/2042/2042
f 2169/2169/2169 2042/2042/2042 2168/2168/2168
f 2295/2295/2295 2169/2169/2169 2168/2168/2168
f 2295/2295/2295 2168/2168/2168 2294/2294/2294
f 3610/3610/3610 3492/3492/3492 3491/3491/3491
f 3491/3491/3491 3609/3609/3609 3610/3610/3610
f 3609/3609/3609 3730/3730/3730 3731/3731/3731
f 3609/3609/3609 3731/3731/3731 3610/3610/3610
f 3730/3730/3730 4340/4340/4340 3731/3731/3731
f 3613/3613/3613 3733/3733/3733 3734/3734/3734
f 3733/3733/3733 4342/4342/4342 3734/3734/3734
f 3734/3734/3734 4342/4342/4342 4343/4343/4343
f 1037/1037/1037 940/940/940 939/939/939
f 1037/1037/1037 939/939/939 1036/1036/1036
f 940/940/940 822/822/822 821/821/821
f 940/940/940 821/821/821 939/939/939
f 822/822/822 703/703/703 702/702/702
f 822/822/822 702/702/702 821/821/821
f 1041/1041/1041 944/944/944 943/943/943
f 1041/1041/1041 943/943/943 1040/1040/1040
f 944/944/944 826/826/826 825/825/825
f 944/944/944 825/825/825 943/943/943
f 826/826/826 707/707/707 706/706/706
f 826/826/826 706/706/706 825/825/825
f 1540/1540/1540 1446/1446/1446 1445/1445/1445
f 1540/1540/1540 1445/1445/1445 1539/1539/1539
f 1347/1347/1347 1253/1253/1253 1252/1252/1252
f 1347/1347/1347 1252/1252/1252 1346/1346/1346
f 1446/1446/1446 1347/1347/1347 1346/1346/1346
f 1446/1446/1446 1346/1346/1346 1445/1445/1445
f 1257/1257/1257 1165/1165/1165 1164/1164/1164
f 1257/1257/1257 1164/1164/1164 1256/1256/1256
f 1165/1165/1165 1041/1041/1041 1040/1040/1040
f 1165/1165/1165 1040/1040/1040 1164/1164/1164
f 3492/3492/3492 3394/3394/3394 3393/3393/3393
f 3492/3492/3492 3393/3393/3393 3491/3491/3491
f 3394/3394/3394 3263/3263/3263 3262/3262/3262
f 3394/3394/3394 3262/3262/3262 3393/3393/3393
f 3145/3145/3145 3029/3029/3029 3028/3028/3028
f 3145/3145/3145 3028/3028/3028 3144/3144/3144
f 3263/3263/3263 3145/3145/3145 3144/3144/3144
f 3263/3263/3263 3144/3144/3144 3262/3262/3262
f 3495/3495/3495 3398/3398/3398 3397/3397/3397
f 3398/3398/3398 3267/3267/3267 3266/3266/3266
f 3398/3398/3398 3266/3266/3266 3397/3397/3397
f 3149/3149/3149 3033/3033/3033 3032/3032/3032
f 3149/3149/3149 3032/3032/3032 3148/3148/3148
f 3267/3267/3267 3149/3149/3149 3148/3148/3148
f 3267/3267/3267 3148/3148/3148 3266/3266/3266
f 3033/3033/3033 2929/2929/2929 2928/2928/2928
f 3033/3033/3033 2928/2928/2928 3032/3032/3032
f 2929/2929/2929 2803/2803/2803 2802/2802/2802
f 2929/2929/2929 2802/2802/2802 2928/2928/2928
f 2677/2677/2677 2551/2551/2551 2550/2550/2550
f 2677/2677/2677 2550/2550/2550 2676/2676/2676
f 2803/2803/2803 2677/2677/2677 2676/2676/2676
f 2803/2803/2803 2676/2676/2676 2802/2802/2802
f 3029/3029/3029 2925/2925/2925 2924/2924/2924
f 3029/3029/3029 2924/2924/2924 3028/3028/3028
f 2925/2925/2925 2799/2799/2799 2798/2798/2798
f 2925/2925/2925 2798/2798/2798 2924/2924/2924
f 2673/2673/2673 2547/2547/2547 2546/2546/2546
f 2673/2673/2673 2546/2546/2546 2672/2672/2672
f 2799/2799/2799 2673/2673/2673 2672/2672/2672
f 2799/2799/2799 2672/2672/2672 2798/2798/2798
f 2043/2043/2043 1917/1917/1917 1916/1916/1916
f 2043/2043/2043 1916/1916/1916 2042/2042/2042
f 1917/1917/1917 1791/1791/1791 1790/1790/1790
f 1917/1917/1917 1790/1790/1790 1916/1916/1916
f 1665/1665/1665 1540/1540/1540 1539/1539/1539
f 1665/1665/1665 1539/1539/1539 1664/1664/1664
f 1791/1791/1791 1665/1665/1665 1664/1664/1664
f 1791/1791/1791 1664/1664/1664 1790/1790/1790
f 2047/2047/2047 1921/1921/1921 1920/1920/1920
f 2047/2047/2047 1920/1920/1920 2046/2046/2046
f 1921/1921/1921 1795/1795/1795 1794/1794/1794
f 1921/1921/1921 1794/1794/1794 1920/1920/1920
f 1669/1669/1669 1544/1544/1544 1543/1543/1543
f 1669/1669/1669 1543/1543/1543 1668/1668/1668
f 1795/1795/1795 1669/1669/1669 1668/1668/1668
f 1795/1795/1795 1668/1668/1668 1794/1794/1794
f 703/703/703 658/658/658 657/657/657
f 703/703/703 657/657/657 702/702/702
f 658/658/658 613/613/613 612/612/612
f 658/658/658 612/612/612 657/657/657
f 272/272/272 227/227/227 226/226/226
f 272/272/272 226/226/226 271/271/271
f 227/227/227 182/182/182 181/181/181
f 227/227/227 181/181/181 226/226/226
f 182/182/182 138/138/138 137/137/137
f 182/182/182 137/137/137 181/181/181
f 4342/4342/4342 4300/4300/4300 4301/4301/4301
f 4342/4342/4342 4301/4301/4301 4343/4343/4343
f 4300/4300/4300 4257/4257/4257 4258/4258/4258
f 4300/4300/4300 4258/4258/4258 4301/4301/4301
f 2471/2471/2471 2345/2345/2345 2346/2346/2346
f 2471/2471/2471 2346/2346/2346 2472/2472/2472
f 2345/2345/2345 2219/2219/2219 2220/2220/2220
f 2345/2345/2345 2220/2220/2220 2346/2346/2346
f 2093/2093/2093 1967/1967/1967 1968/1968/1968
f 2093/2093/2093 1968/1968/1968 2094/2094/2094
f 2219/2219/2219 2093/2093/2093 2094/2094/2094
f 2219/2219/2219 2094/2094/2094 2220/2220/2220
f 1969/1969/1969 2095/2095/2095 2094/2094/2094
f 1969/1969/1969 2094/2094/2094 1968/1968/1968
f 2095/2095/2095 2221/2221/2221 2220/2220/2220
f 2095/2095/2095 2220/2220/2220 2094/2094/2094
f 2347/2347/2347 2473/2473/2473 2472/2472/2472
f 2347/2347/2347 2472/2472/2472 2346/2346/2346
f 2221/2221/2221 2347/2347/2347 2346/2346/2346
f 2221/2221/2221 2346/2346/2346 2220/2220/2220
f 3777/3777/3777 3657/3657/3657 3658/3658/3658
f 3777/3777/3777 3658/3658/3658 3778/3778/3778
f 3538/3538/3538 3441/3441/3441 3442/3442/3442
f 3538/3538/3538 3442/3442/3442 3539/3539/3539
f 3657/3657/3657 3538/3538/3538 3539/3539/3539
f 3657/3657/3657 3539/3539/3539 3658/3658/3658
f 135/135/135 750/750/750 749/749/749
f 135/135/135 749/749/749 134/134/134
f 869/869/869 989/989/989 988/988/988
f 869/869/869 988/988/988 868/868/868
f 750/750/750 869/869/869 868/868/868
f 750/750/750 868/868/868 749/749/749
f 989/989/989 1087/1087/1087 1086/1086/1086
f 989/989/989 1086/1086/1086 988/988/988
f 1087/1087/1087 1209/1209/1209 1208/1208/1208
f 1087/1087/1087 1208/1208/1208 1086/1086/1086
f 2975/2975/2975 3077/3077/3077 3076/3076/3076
f 2975/2975/2975 3076/3076/3076 2974/2974/2974
f 3077/3077/3077 3191/3191/3191 3190/3190/3190
f 3077/3077/3077 3190/3190/3190 3076/3076/3076
f 3191/3191/3191 3322/3322/3322 3190/3190/3190
f 3441/3441/3441 3321/3321/3321 3322/3322/3322
f 3441/3441/3441 3322/3322/3322 3442/3442/3442
f 3321/3321/3321 3190/3190/3190 3322/3322/3322
f 2975/2975/2975 2849/2849/2849 2850/2850/2850
f 2975/2975/2975 2850/2850/2850 2976/2976/2976
f 2849/2849/2849 2723/2723/2723 2724/2724/2724
f 2849/2849/2849 2724/2724/2724 2850/2850/2850
f 2597/2597/2597 2471/2471/2471 2472/2472/2472
f 2597/2597/2597 2472/2472/2472 2598/2598/2598
f 2723/2723/2723 2597/2597/2597 2598/2598/2598
f 2723/2723/2723 2598/2598/2598 2724/2724/2724
f 2473/2473/2473 2599/2599/2599 2598/2598/2598
f 2473/2473/2473 2598/2598/2598 2472/2472/2472
f 2599/2599/2599 2725/2725/2725 2724/2724/2724
f 2599/2599/2599 2724/2724/2724 2598/2598/2598
f 2851/2851/2851 2977/2977/2977 2976/2976/2976
f 2851/2851/2851 2976/2976/2976 2850/2850/2850
f 2725/2725/2725 2851/2851/2851 2850/2850/2850
f 2725/2725/2725 2850/2850/2850 2724/2724/2724
f 1494/1494/1494 1589/1589/1589 1588/1588/1588
f 1494/1494/1494 1588/1588/1588 1493/1493/1493
f 1589/1589/1589 1715/1715/1715 1714/1714/1714
f 1589/1589/1589 1714/1714/1714 1588/1588/1588
f 1841/1841/1841 1967/1967/1967 1966/1966/1966
f 1841/1841/1841 1966/1966/1966 1840/1840/1840
f 1715/1715/1715 1841/1841/1841 1840/1840/1840
f 1715/1715/1715 1840/1840/1840 1714/1714/1714
f 2044/2044/2044 2170/2170/2170 2171/2171/2171
f 2044/2044/2044 2171/2171/2171 2045/2045/2045
f 2170/2170/2170 2296/2296/2296 2297/2297/2297
f 2170/2170/2170 2297/2297/2297 2171/2171/2171
f 2422/2422/2422 2548/2548/2548 2549/2549/2549
f 2422/2422/2422 2549/2549/2549 2423/2423/2423
f 2296/2296/2296 2422/2422/2422 2423/2423/2423
f 2296/2296/2296 2423/2423/2423 2297/2297/2297
f 2550/2550/2550 2424/2424/2424 2423/2423/2423
f 2550/2550/2550 2423/2423/2423 2549/2549/2549
f 2424/2424/2424 2298/2298/2298 2297/2297/2297
f 2424/2424/2424 2297/2297/2297 2423/2423/2423
f 2172/2172/2172 2046/2046/2046 2045/2045/2045
f 2172/2172/2172 2045/2045/2045 2171/2171/2171
f 2298/2298/2298 2172/2172/2172 2171/2171/2171
f 2298/2298/2298 2171/2171/2171 2297/2297/2297
f 3492/3492/3492 3610/3610/3610 3611/3611/3611
f 3492/3492/3492 3611/3611/3611 3493/3493/3493
f 3610/3610/3610 3731/3731/3731 3732/3732/3732
f 3610/3610/3610 3732/3732/3732 3611/3611/3611
f 3731/3731/3731 4340/4340/4340 4341/4341/4341
f 3731/3731/3731 4341/4341/4341 3732/3732/3732
f 1038/1038/1038 941/941/941 940/940/940
f 1038/1038/1038 940/940/940 1037/1037/1037
f 941/941/941 823/823/823 822/822/822
f 941/941/941 822/822/822 940/940/940
f 823/823/823 704/704/704 703/703/703
f 823/823/823 703/703/703 822/822/822
f 1541/1541/1541 1447/1447/1447 1446/1446/1446
f 1541/1541/1541 1446/1446/1446 1540/1540/1540
f 1348/1348/1348 1254/1254/1254 1253/1253/1253
f 1348/1348/1348 1253/1253/1253 1347/1347/1347
f 1447/1447/1447 1348/1348/1348 1347/1347/1347
f 1447/1447/1447 1347/1347/1347 1446/1446/1446
f 3395/3395/3395 3264/3264/3264 3263/3263/3263
f 3146/3146/3146 3030/3030/3030 3029/3029/3029
f 3146/3146/3146 3029/3029/3029 3145/3145/3145
f 3264/3264/3264 3146/3146/3146 3145/3145/3145
f 3264/3264/3264 3145/3145/3145 3263/3263/3263
f 3394/3394/3394 3492/3492/3492 3493/3493/3493
f 3394/3394/3394 3493/3493/3493 3395/3395/3395
f 3263/3263/3263 3394/3394/3394 3395/3395/3395
f 2548/2548/2548 2674/2674/2674 2675/2675/2675
f 2548/2548/2548 2675/2675/2675 2549/2549/2549
f 2674/2674/2674 2800/2800/2800 2801/2801/2801
f 2674/2674/2674 2801/2801/2801 2675/2675/2675
f 2926/2926/2926 3030/3030/3030 3031/3031/3031
f 2926/2926/2926 3031/3031/3031 2927/2927/2927
f 2800/2800/2800 2926/2926/2926 2927/2927/2927
f 2800/2800/2800 2927/2927/2927 2801/2801/2801
f 3032/3032/3032 2928/2928/2928 2927/2927/2927
f 3032/3032/3032 2927/2927/2927 3031/3031/3031
f 2928/2928/2928 2802/2802/2802 2801/2801/2801
f 2928/2928/2928 2801/2801/2801 2927/2927/2927
f 2676/2676/2676 2550/2550/2550 2549/2549/2549
f 2676/2676/2676 2549/2549/2549 2675/2675/2675
f 2802/2802/2802 2676/2676/2676 2675/2675/2675
f 2802/2802/2802 2675/2675/2675 2801/2801/2801
f 2044/2044/2044 1918/1918/1918 1917/1917/1917
f 2044/2044/2044 1917/1917/1917 2043/2043/2043
f 1918/1918/1918 1792/1792/1792 1791/1791/1791
f 1918/1918/1918 1791/1791/1791 1917/1917/1917
f 1666/1666/1666 1541/1541/1541 1540/1540/1540
f 1666/1666/1666 1540/1540/1540 1665/1665/1665
f 1792/1792/1792 1666/1666/1666 1665/1665/1665
f 1792/1792/1792 1665/1665/1665 1791/1791/1791
f 704/704/704 659/659/659 658/658/658
f 704/704/704 658/658/658 703/703/703
f 659/659/659 614/614/614 613/613/613
f 659/659/659 613/613/613 658/658/658
f 135/135/135 179/179/179 180/180/180
f 135/135/135 180/180/180 136/136/136
f 224/224/224 269/269/269 270/270/270
f 224/224/224 270/270/270 225/225/225
f 179/179/179 224/224/224 225/225/225
f 179/179/179 225/225/225 180/180/180
f 271/271/271 226/226/226 225/225/225
f 271/271/271 225/225/225 270/270/270
f 226/226/226 181/181/181 180/180/180
f 226/226/226 180/180/180 225/225/225
f 181/181/181 137/137/137 136/136/136
f 181/181/181 136/136/136 180/180/180
f 3862/3862/3862 3820/3820/3820 3821/3821/3821
f 3862/3862/3862 3821/3821/3821 3863/3863/3863
f 3820/3820/3820 3777/3777/3777 3778/3778/3778
f 3820/3820/3820 3778/3778/3778 3821/3821/3821
f 4341/4341/4341 4299/4299/4299 4300/4300/4300
f 4341/4341/4341 4300/4300/4300 4342/4342/4342
f 4299/4299/4299 4256/4256/4256 4300/4300/4300
f 4300/4300/4300 4256/4256/4256 4257/4257/4257
f 408/408/408 407/407/407 452/452/452
f 408/408/408 452/452/452 453/453/453
f 2017/2017/2017 2143/2143/2143 2145/2145/2145
f 2017/2017/2017 2145/2145/2145 2019/2019/2019
f 2143/2143/2143 2269/2269/2269 2271/2271/2271
f 2143/2143/2143 2271/2271/2271 2145/2145/2145
f 2395/2395/2395 2521/2521/2521 2523/2523/2523
f 2395/2395/2395 2523/2523/2523 2397/2397/2397
f 2269/2269/2269 2395/2395/2395 2397/2397/2397
f 2269/2269/2269 2397/2397/2397 2271/2271/2271
f 400/400/400 399/399/399 444/444/444
f 400/400/400 444/444/444 445/445/445
f 399/399/399 398/398/398 443/443/443
f 399/399/399 443/443/443 444/444/444
f 397/397/397 799/799/799 801/801/801
f 397/397/397 801/801/801 442/442/442
f 398/398/398 397/397/397 442/442/442
f 398/398/398 442/442/442 443/443/443
f 3239/3239/3239 3369/3369/3369 3371/3371/3371
f 3369/3369/3369 3586/3586/3586 3371/3371/3371
f 799/799/799 917/917/917 919/919/919
f 799/799/799 919/919/919 801/801/801
f 917/917/917 1137/1137/1137 1139/1139/1139
f 917/917/917 1139/1139/1139 919/919/919
f 1324/1324/1324 1421/1421/1421 1423/1423/1423
f 1324/1324/1324 1423/1423/1423 1326/1326/1326
f 1137/1137/1137 1324/1324/1324 1326/1326/1326
f 1137/1137/1137 1326/1326/1326 1139/1139/1139
f 3123/3123/3123 2901/2901/2901 2899/2899/2899
f 2901/2901/2901 2775/2775/2775 2899/2899/2899
f 2521/2521/2521 2647/2647/2647 2649/2649/2649
f 2521/2521/2521 2649/2649/2649 2523/2523/2523
f 2647/2647/2647 2773/2773/2773 2775/2775/2775
f 2647/2647/2647 2775/2775/2775 2649/2649/2649
f 2773/2773/2773 2899/2899/2899 2775/2775/2775
f 1421/1421/1421 1639/1639/1639 1641/1641/1641
f 1421/1421/1421 1641/1641/1641 1423/1423/1423
f 1639/1639/1639 1765/1765/1765 1767/1767/1767
f 1639/1639/1639 1767/1767/1767 1641/1641/1641
f 1891/1891/1891 2017/2017/2017 2019/2019/2019
f 1891/1891/1891 2019/2019/2019 1893/1893/1893
f 1765/1765/1765 1891/1891/1891 1893/1893/1893
f 1765/1765/1765 1893/1893/1893 1767/1767/1767
f 3993/3993/3993 3994/3994/3994 4033/4033/4033
f 3995/3995/3995 3996/3996/3996 4035/4035/4035
f 3995/3995/3995 4035/4035/4035 4034/4034/4034
f 3994/3994/3994 3995/3995/3995 4034/4034/4034
f 3994/3994/3994 4034/4034/4034 4033/4033/4033
f 4032/4032/4032 4031/4031/4031 3992/3992/3992
f 4032/4032/4032 3992/3992/3992 3993/3993/3993
f 4033/4033/4033 4032/4032/4032 3993/3993/3993
f 402/402/402 401/401/401 446/446/446
f 402/402/402 446/446/446 447/447/447
f 4029/4029/4029 4028/4028/4028 3986/3986/3986
f 4029/4029/4029 3986/3986/3986 3987/3987/3987
f 403/403/403 402/402/402 447/447/447
f 403/403/403 447/447/447 448/448/448
f 2028/2028/2028 2154/2154/2154 2156/2156/2156
f 2028/2028/2028 2156/2156/2156 2030/2030/2030
f 2154/2154/2154 2280/2280/2280 2282/2282/2282
f 2154/2154/2154 2282/2282/2282 2156/2156/2156
f 2406/2406/2406 2532/2532/2532 2534/2534/2534
f 2406/2406/2406 2534/2534/2534 2408/2408/2408
f 2280/2280/2280 2406/2406/2406 2408/2408/2408
f 2280/2280/2280 2408/2408/2408 2282/2282/2282
f 4263/4263/4263 4262/4262/4262 4220/4220/4220
f 4263/4263/4263 4220/4220/4220 4221/4221/4221
f 4262/4262/4262 4261/4261/4261 4219/4219/4219
f 4262/4262/4262 4219/4219/4219 4220/4220/4220
f 4260/4260/4260 4259/4259/4259 4217/4217/4217
f 4260/4260/4260 4217/4217/4217 4218/4218/4218
f 4261/4261/4261 4260/4260/4260 4218/4218/4218
f 4261/4261/4261 4218/4218/4218 4219/4219/4219
f 578/578/578 577/577/577 610/610/610
f 578/578/578 610/610/610 611/611/611
f 4253/4253/4253 4252/4252/4252 4210/4210/4210
f 4253/4253/4253 4210/4210/4210 4211/4211/4211
f 4252/4252/4252 4251/4251/4251 4209/4209/4209
f 4252/4252/4252 4209/4209/4209 4210/4210/4210
f 4250/4250/4250 3720/3720/3720 3718/3718/3718
f 4250/4250/4250 3718/3718/3718 4208/4208/4208
f 4251/4251/4251 4250/4250/4250 4208/4208/4208
f 4251/4251/4251 4208/4208/4208 4209/4209/4209
f 3135/3135/3135 3251/3251/3251 3253/3253/3253
f 3135/3135/3135 3253/3253/3253 3137/3137/3137
f 3251/3251/3251 3381/3381/3381 3253/3253/3253
f 3720/3720/3720 3600/3600/3600 3598/3598/3598
f 3720/3720/3720 3598/3598/3598 3718/3718/3718
f 3600/3600/3600 3383/3383/3383 3598/3598/3598
f 3598/3598/3598 3383/3383/3383 3381/3381/3381
f 3383/3383/3383 3253/3253/3253 3381/3381/3381
f 809/809/809 927/927/927 929/929/929
f 809/809/809 929/929/929 811/811/811
f 927/927/927 1147/1147/1147 1149/1149/1149
f 927/927/927 1149/1149/1149 929/929/929
f 1335/1335/1335 1432/1432/1432 1434/1434/1434
f 1335/1335/1335 1434/1434/1434 1337/1337/1337
f 1147/1147/1147 1335/1335/1335 1337/1337/1337
f 1147/1147/1147 1337/1337/1337 1149/1149/1149
f 2532/2532/2532 2658/2658/2658 2660/2660/2660
f 2532/2532/2532 2660/2660/2660 2534/2534/2534
f 2658/2658/2658 2784/2784/2784 2786/2786/2786
f 2658/2658/2658 2786/2786/2786 2660/2660/2660
f 2910/2910/2910 3135/3135/3135 2912/2912/2912
f 2912/2912/2912 3135/3135/3135 3137/3137/3137
f 2784/2784/2784 2910/2910/2910 2912/2912/2912
f 2784/2784/2784 2912/2912/2912 2786/2786/2786
f 1432/1432/1432 1650/1650/1650 1652/1652/1652
f 1432/1432/1432 1652/1652/1652 1434/1434/1434
f 1650/1650/1650 1776/1776/1776 1778/1778/1778
f 1650/1650/1650 1778/1778/1778 1652/1652/1652
f 1902/1902/1902 2028/2028/2028 2030/2030/2030
f 1902/1902/1902 2030/2030/2030 1904/1904/1904
f 1776/1776/1776 1902/1902/1902 1904/1904/1904
f 1776/1776/1776 1904/1904/1904 1778/1778/1778
f 4255/4255/4255 4254/4254/4254 4212/4212/4212
f 4255/4255/4255 4212/4212/4212 4213/4213/4213
f 4254/4254/4254 4253/4253/4253 4211/4211/4211
f 4254/4254/4254 4211/4211/4211 4212/4212/4212
f 46/46/46 24/24/24 23/23/23
f 46/46/46 23/23/23 45/45/45
f 2/2/2 1/1/1 23/23/23
f 2/2/2 23/23/23 24/24/24
f 47/47/47 25/25/25 24/24/24
f 47/47/47 24/24/24 46/46/46
f 3/3/3 2/2/2 24/24/24
f 3/3/3 24/24/24 25/25/25
f 68/68/68 69/69/69 47/47/47
f 68/68/68 47/47/47 46/46/46
f 111/111/111 112/112/112 91/91/91
f 111/111/111 91/91/91 90/90/90
f 67/67/67 68/68/68 46/46/46
f 67/67/67 46/46/46 45/45/45
f 90/90/90 67/67/67 89/89/89
f 90/90/90 68/68/68 67/67/67
f 68/68/68 90/90/90 69/69/69
f 90/90/90 91/91/91 69/69/69
f 47/47/47 48/48/48 26/26/26
f 47/47/47 26/26/26 25/25/25
f 50/50/50 51/51/51 29/29/29
f 50/50/50 29/29/29 28/28/28
f 6/6/6 5/5/5 27/27/27
f 6/6/6 27/27/27 28/28/28
f 5/5/5 4/4/4 26/26/26
f 5/5/5 26/26/26 27/27/27
f 29/29/29 7/7/7 6/6/6
f 29/29/29 6/6/6 28/28/28
f 73/73/73 51/51/51 50/50/50
f 73/73/73 50/50/50 72/72/72
f 116/116/116 95/95/95 94/94/94
f 116/116/116 94/94/94 115/115/115
f 72/72/72 50/50/50 49/49/49
f 72/72/72 49/49/49 71/71/71
f 48/48/48 70/70/70 71/71/71
f 48/48/48 71/71/71 49/49/49
f 115/115/115 94/94/94 93/93/93
f 115/115/115 93/93/93 114/114/114
f 92/92/92 113/113/113 114/114/114
f 92/92/92 114/114/114 93/93/93
f 94/94/94 71/71/71 93/93/93
f 94/94/94 72/72/72 71/71/71
f 70/70/70 92/92/92 93/93/93
f 70/70/70 93/93/93 71/71/71
f 95/95/95 73/73/73 72/72/72
f 95/95/95 72/72/72 94/94/94
f 26/26/26 4/4/4 3/3/3
f 26/26/26 3/3/3 25/25/25
f 70/70/70 48/48/48 47/47/47
f 70/70/70 47/47/47 69/69/69
f 113/113/113 92/92/92 91/91/91
f 113/113/113 91/91/91 112/112/112
f 92/92/92 70/70/70 69/69/69
f 92/92/92 69/69/69 91/91/91
f 4028/4028/4028 4027/4027/4027 3985/3985/3985
f 4028/4028/4028 3985/3985/3985 3986/3986/3986
f 4027/4027/4027 4026/4026/4026 3985/3985/3985
f 3985/3985/3985 4026/4026/4026 3984/3984/3984
f 4025/4025/4025 3708/3708/3708 3983/3983/3983
f 4026/4026/4026 4025/4025/4025 3983/3983/3983
f 4026/4026/4026 3983/3983/3983 3984/3984/3984
f 3706/3706/3706 3983/3983/3983 3708/3708/3708
f 3588/3588/3588 3373/3373/3373 3371/3371/3371
f 3241/3241/3241 3125/3125/3125 3239/3239/3239
f 3373/3373/3373 3241/3241/3241 3371/3371/3371
f 3371/3371/3371 3241/3241/3241 3239/3239/3239
f 3123/3123/3123 3239/3239/3239 3125/3125/3125
f 3586/3586/3586 3706/3706/3706 3588/3588/3588
f 3588/3588/3588 3706/3706/3706 3708/3708/3708
f 3371/3371/3371 3586/3586/3586 3588/3588/3588
f 2901/2901/2901 3123/3123/3123 3125/3125/3125
f 4031/4031/4031 4030/4030/4030 3991/3991/3991
f 4031/4031/4031 3991/3991/3991 3992/3992/3992
f 4031/4031/4031 4032/4032/4032 4066/4066/4066
f 4032/4032/4032 4033/4033/4033 4067/4067/4067
f 4032/4032/4032 4067/4067/4067 4066/4066/4066
f 4034/4034/4034 4035/4035/4035 4069/4069/4069
f 4034/4034/4034 4069/4069/4069 4068/4068/4068
f 4033/4033/4033 4034/4034/4034 4068/4068/4068
f 4033/4033/4033 4068/4068/4068 4067/4067/4067
f 4066/4066/4066 4065/4065/4065 4031/4031/4031
f 4063/4063/4063 4062/4062/4062 4028/4028/4028
f 4063/4063/4063 4028/4028/4028 4029/4029/4029
f 2019/2019/2019 2145/2145/2145 2147/2147/2147
f 2019/2019/2019 2147/2147/2147 2021/2021/2021
f 2145/2145/2145 2271/2271/2271 2273/2273/2273
f 2145/2145/2145 2273/2273/2273 2147/2147/2147
f 2397/2397/2397 2523/2523/2523 2525/2525/2525
f 2397/2397/2397 2525/2525/2525 2399/2399/2399
f 2271/2271/2271 2397/2397/2397 2399/2399/2399
f 2271/2271/2271 2399/2399/2399 2273/2273/2273
f 445/445/445 444/444/444 489/489/489
f 445/445/445 489/489/489 490/490/490
f 444/444/444 443/443/443 488/488/488
f 444/444/444 488/488/488 489/489/489
f 442/442/442 801/801/801 803/803/803
f 442/442/442 803/803/803 487/487/487
f 443/443/443 442/442/442 487/487/487
f 443/443/443 487/487/487 488/488/488
f 4062/4062/4062 4061/4061/4061 4027/4027/4027
f 4062/4062/4062 4027/4027/4027 4028/4028/4028
f 4061/4061/4061 4060/4060/4060 4026/4026/4026
f 4061/4061/4061 4026/4026/4026 4027/4027/4027
f 4059/4059/4059 3710/3710/3710 4025/4025/4025
f 4060/4060/4060 4059/4059/4059 4025/4025/4025
f 4060/4060/4060 4025/4025/4025 4026/4026/4026
f 3708/3708/3708 4025/4025/4025 3710/3710/3710
f 3243/3243/3243 3127/3127/3127 3241/3241/3241
f 3241/3241/3241 3127/3127/3127 3125/3125/3125
f 3373/3373/3373 3243/3243/3243 3241/3241/3241
f 3588/3588/3588 3708/3708/3708 3590/3590/3590
f 3590/3590/3590 3708/3708/3708 3710/3710/3710
f 3373/3373/3373 3588/3588/3588 3590/3590/3590
f 801/801/801 919/919/919 921/921/921
f 801/801/801 921/921/921 803/803/803
f 919/919/919 1139/1139/1139 1141/1141/1141
f 919/919/919 1141/1141/1141 921/921/921
f 1326/1326/1326 1423/1423/1423 1425/1425/1425
f 1326/1326/1326 1425/1425/1425 1328/1328/1328
f 1139/1139/1139 1326/1326/1326 1328/1328/1328
f 1139/1139/1139 1328/1328/1328 1141/1141/1141
f 3127/3127/3127 2903/2903/2903 3125/3125/3125
f 2523/2523/2523 2649/2649/2649 2651/2651/2651
f 2523/2523/2523 2651/2651/2651 2525/2525/2525
f 2649/2649/2649 2775/2775/2775 2777/2777/2777
f 2649/2649/2649 2777/2777/2777 2651/2651/2651
f 2901/2901/2901 3125/3125/3125 2903/2903/2903
f 2775/2775/2775 2901/2901/2901 2777/2777/2777
f 2777/2777/2777 2901/2901/2901 2903/2903/2903
f 1423/1423/1423 1641/1641/1641 1643/1643/1643
f 1423/1423/1423 1643/1643/1643 1425/1425/1425
f 1641/1641/1641 1767/1767/1767 1769/1769/1769
f 1641/1641/1641 1769/1769/1769 1643/1643/1643
f 1893/1893/1893 2019/2019/2019 2021/2021/2021
f 1893/1893/1893 2021/2021/2021 1895/1895/1895
f 1767/1767/1767 1893/1893/1893 1895/1895/1895
f 1767/1767/1767 1895/1895/1895 1769/1769/1769
f 4065/4065/4065 4064/4064/4064 4030/4030/4030
f 4065/4065/4065 4030/4030/4030 4031/4031/4031
f 4065/4065/4065 4066/4066/4066 4102/4102/4102
f 4106/4106/4106 4105/4105/4105 4069/4069/4069
f 4069/4069/4069 4105/4105/4105 4068/4068/4068
f 4105/4105/4105 4104/4104/4104 4067/4067/4067
f 4105/4105/4105 4067/4067/4067 4068/4068/4068
f 4103/4103/4103 4102/4102/4102 4066/4066/4066
f 4104/4104/4104 4103/4103/4103 4066/4066/4066
f 4104/4104/4104 4066/4066/4066 4067/4067/4067
f 4062/4062/4062 4063/4063/4063 4100/4100/4100
f 4062/4062/4062 4100/4100/4100 4099/4099/4099
f 2532/2532/2532 2406/2406/2406 2404/2404/2404
f 2532/2532/2532 2404/2404/2404 2530/2530/2530
f 2406/2406/2406 2280/2280/2280 2278/2278/2278
f 2406/2406/2406 2278/2278/2278 2404/2404/2404
f 2154/2154/2154 2028/2028/2028 2026/2026/2026
f 2154/2154/2154 2026/2026/2026 2152/2152/2152
f 2280/2280/2280 2154/2154/2154 2152/2152/2152
f 2280/2280/2280 2152/2152/2152 2278/2278/2278
f 577/577/577 578/578/578 549/549/549
f 577/577/577 549/549/549 548/548/548
f 3132/3132/3132 3248/3248/3248 3251/3251/3251
f 3248/3248/3248 3379/3379/3379 3381/3381/3381
f 3248/3248/3248 3381/3381/3381 3251/3251/3251
f 3132/3132/3132 3251/3251/3251 3135/3135/3135
f 3379/3379/3379 3598/3598/3598 3381/3381/3381
f 1432/1432/1432 1335/1335/1335 1333/1333/1333
f 1432/1432/1432 1333/1333/1333 1430/1430/1430
f 1335/1335/1335 1147/1147/1147 1145/1145/1145
f 1335/1335/1335 1145/1145/1145 1333/1333/1333
f 927/927/927 809/809/809 807/807/807
f 927/927/927 807/807/807 925/925/925
f 1147/1147/1147 927/927/927 925/925/925
f 1147/1147/1147 925/925/925 1145/1145/1145
f 2908/2908/2908 3132/3132/3132 3135/3135/3135
f 2908/2908/2908 3135/3135/3135 2910/2910/2910
f 2782/2782/2782 2908/2908/2908 2910/2910/2910
f 2910/2910/2910 2784/2784/2784 2782/2782/2782
f 2658/2658/2658 2532/2532/2532 2530/2530/2530
f 2658/2658/2658 2530/2530/2530 2656/2656/2656
f 2784/2784/2784 2658/2658/2658 2656/2656/2656
f 2784/2784/2784 2656/2656/2656 2782/2782/2782
f 2028/2028/2028 1902/1902/1902 1900/1900/1900
f 2028/2028/2028 1900/1900/1900 2026/2026/2026
f 1902/1902/1902 1776/1776/1776 1774/1774/1774
f 1902/1902/1902 1774/1774/1774 1900/1900/1900
f 1650/1650/1650 1432/1432/1432 1430/1430/1430
f 1650/1650/1650 1430/1430/1430 1648/1648/1648
f 1776/1776/1776 1650/1650/1650 1648/1648/1648
f 1776/1776/1776 1648/1648/1648 1774/1774/1774
f 4217/4217/4217 4216/4216/4216 4176/4176/4176
f 4217/4217/4217 4176/4176/4176 4177/4177/4177
f 580/580/580 581/581/581 551/551/551
f 580/580/580 551/551/551 550/550/550
f 453/453/453 452/452/452 492/492/492
f 453/453/453 492/492/492 493/493/493
f 89/89/89 578/578/578 579/579/579
f 89/89/89 579/579/579 90/90/90
f 90/90/90 579/579/579 612/612/612
f 90/90/90 612/612/612 111/111/111
f 578/578/578 611/611/611 579/579/579
f 579/579/579 611/611/611 612/612/612
f 578/578/578 89/89/89 67/67/67
f 578/578/578 67/67/67 549/549/549
f 1/1/1 446/446/446 491/491/491
f 1/1/1 491/491/491 23/23/23
f 446/446/446 1/1/1 2/2/2
f 446/446/446 2/2/2 447/447/447
f 3/3/3 448/448/448 447/447/447
f 3/3/3 447/447/447 2/2/2
f 4/4/4 449/449/449 448/448/448
f 4/4/4 448/448/448 3/3/3
f 449/449/449 4/4/4 5/5/5
f 449/449/449 5/5/5 450/450/450
f 6/6/6 451/451/451 450/450/450
f 6/6/6 450/450/450 5/5/5
f 7/7/7 452/452/452 451/451/451
f 7/7/7 451/451/451 6/6/6
f 452/452/452 7/7/7 29/29/29
f 452/452/452 29/29/29 492/492/492
f 73/73/73 550/550/550 521/521/521
f 73/73/73 521/521/521 51/51/51
f 95/95/95 580/580/580 550/550/550
f 95/95/95 550/550/550 73/73/73
f 580/580/580 95/95/95 116/116/116
f 580/580/580 116/116/116 617/617/617
f 617/617/617 116/116/116 115/115/115
f 617/617/617 115/115/115 616/616/616
f 616/616/616 115/115/115 114/114/114
f 616/616/616 114/114/114 615/615/615
f 113/113/113 614/614/614 615/615/615
f 113/113/113 615/615/615 114/114/114
f 614/614/614 113/113/113 112/112/112
f 614/614/614 112/112/112 613/613/613
f 613/613/613 112/112/112 111/111/111
f 613/613/613 111/111/111 612/612/612
f 131/131/131 746/746/746 745/745/745
f 131/131/131 745/745/745 130/130/130
f 130/130/130 745/745/745 744/744/744
f 130/130/130 744/744/744 129/129/129
f 865/865/865 986/986/986 985/985/985
f 865/865/865 985/985/985 984/984/984
f 865/865/865 984/984/984 864/864/864
f 746/746/746 865/865/865 864/864/864
f 746/746/746 864/864/864 745/745/745
f 983/983/983 863/863/863 984/984/984
f 983/983/983 862/862/862 863/863/863
f 984/984/984 863/863/863 864/864/864
f 863/863/863 745/745/745 864/864/864
f 862/862/862 742/742/742 743/743/743
f 743/743/743 129/129/129 744/744/744
f 862/862/862 743/743/743 863/863/863
f 863/863/863 743/743/743 744/744/744
f 863/863/863 744/744/744 745/745/745
f 986/986/986 1084/1084/1084 1083/1083/1083
f 986/986/986 1083/1083/1083 985/985/985
f 1084/1084/1084 1206/1206/1206 1205/1205/1205
f 1084/1084/1084 1205/1205/1205 1083/1083/1083
f 985/985/985 1083/1083/1083 984/984/984
f 1295/1295/1295 1491/1491/1491 1490/1490/1490
f 1295/1295/1295 1490/1490/1490 1368/1368/1368
f 1206/1206/1206 1295/1295/1295 1368/1368/1368
f 1206/1206/1206 1368/1368/1368 1205/1205/1205
f 1488/1488/1488 1366/1366/1366 1367/1367/1367
f 1488/1488/1488 1367/1367/1367 1489/1489/1489
f 1366/1366/1366 1203/1203/1203 1204/1204/1204
f 1366/1366/1366 1204/1204/1204 1367/1367/1367
f 1489/1489/1489 1367/1367/1367 1368/1368/1368
f 1489/1489/1489 1368/1368/1368 1490/1490/1490
f 1367/1367/1367 1204/1204/1204 1205/1205/1205
f 1367/1367/1367 1205/1205/1205 1368/1368/1368
f 1081/1081/1081 983/983/983 984/984/984
f 1081/1081/1081 984/984/984 1082/1082/1082
f 1082/1082/1082 984/984/984 1083/1083/1083
f 1203/1203/1203 1081/1081/1081 1082/1082/1082
f 1203/1203/1203 1082/1082/1082 1204/1204/1204
f 1204/1204/1204 1082/1082/1082 1083/1083/1083
f 1204/1204/1204 1083/1083/1083 1205/1205/1205
f 1035/1035/1035 937/937/937 1034/1034/1034
f 1034/1034/1034 937/937/937 936/936/936
f 1034/1034/1034 936/936/936 1033/1033/1033
f 937/937/937 819/819/819 818/818/818
f 937/937/937 818/818/818 936/936/936
f 819/819/819 700/700/700 699/699/699
f 819/819/819 699/699/699 818/818/818
f 818/818/818 699/699/699 698/698/698
f 818/818/818 698/698/698 817/817/817
f 819/819/819 818/818/818 817/817/817
f 819/819/819 817/817/817 818/818/818
f 815/815/815 934/934/934 816/816/816
f 934/934/934 935/935/935 816/816/816
f 816/816/816 817/817/817 698/698/698
f 816/816/816 935/935/935 818/818/818
f 816/816/816 818/818/818 817/817/817
f 1032/1032/1032 1033/1033/1033 935/935/935
f 935/935/935 1033/1033/1033 936/936/936
f 934/934/934 1032/1032/1032 935/935/935
f 935/935/935 936/936/936 818/818/818
f 1538/1538/1538 1345/1345/1345 1443/1443/1443
f 1538/1538/1538 1443/1443/1443 1537/1537/1537
f 1345/1345/1345 1251/1251/1251 1250/1250/1250
f 1345/1345/1345 1250/1250/1250 1443/1443/1443
f 1159/1159/1159 1035/1035/1035 1034/1034/1034
f 1159/1159/1159 1034/1034/1034 1158/1158/1158
f 1158/1158/1158 1034/1034/1034 1033/1033/1033
f 1251/1251/1251 1159/1159/1159 1158/1158/1158
f 1251/1251/1251 1158/1158/1158 1250/1250/1250
f 1032/1032/1032 1156/1156/1156 1157/1157/1157
f 1032/1032/1032 1157/1157/1157 1033/1033/1033
f 1156/1156/1156 1248/1248/1248 1249/1249/1249
f 1156/1156/1156 1249/1249/1249 1157/1157/1157
f 1033/1033/1033 1157/1157/1157 1158/1158/1158
f 1157/1157/1157 1249/1249/1249 1250/1250/1250
f 1157/1157/1157 1250/1250/1250 1158/1158/1158
f 1441/1441/1441 1535/1535/1535 1536/1536/1536
f 1441/1441/1441 1536/1536/1536 1442/1442/1442
f 1442/1442/1442 1536/1536/1536 1537/1537/1537
f 1442/1442/1442 1537/1537/1537 1443/1443/1443
f 1248/1248/1248 1441/1441/1441 1442/1442/1442
f 1248/1248/1248 1442/1442/1442 1249/1249/1249
f 1249/1249/1249 1442/1442/1442 1443/1443/1443
f 1249/1249/1249 1443/1443/1443 1250/1250/1250
f 131/131/131 175/175/175 176/176/176
f 131/131/131 176/176/176 132/132/132
f 220/220/220 265/265/265 266/266/266
f 220/220/220 266/266/266 221/221/221
f 175/175/175 220/220/220 221/221/221
f 175/175/175 221/221/221 176/176/176
f 700/700/700 655/655/655 654/654/654
f 700/700/700 654/654/654 699/699/699
f 699/699/699 654/654/654 653/653/653
f 699/699/699 653/653/653 698/698/698
f 655/655/655 610/610/610 609/609/609
f 655/655/655 609/609/609 654/654/654
f 654/654/654 609/609/609 608/608/608
f 654/654/654 608/608/608 653/653/653
f 811/811/811 813/813/813 652/652/652
f 811/811/811 652/652/652 607/607/607
f 607/607/607 652/652/652 653/653/653
f 607/607/607 653/653/653 608/608/608
f 815/815/815 816/816/816 697/697/697
f 697/697/697 816/816/816 698/698/698
f 813/813/813 815/815/815 697/697/697
f 813/813/813 697/697/697 652/652/652
f 652/652/652 697/697/697 698/698/698
f 652/652/652 698/698/698 653/653/653
f 445/445/445 490/490/490 491/491/491
f 445/445/445 491/491/491 446/446/446
f 577/577/577 548/548/548 547/547/547
f 577/577/577 547/547/547 576/576/576
f 576/576/576 547/547/547 546/546/546
f 576/576/576 546/546/546 575/575/575
f 807/807/807 809/809/809 574/574/574
f 807/807/807 574/574/574 545/545/545
f 545/545/545 574/574/574 575/575/575
f 545/545/545 575/575/575 546/546/546
f 139/139/139 754/754/754 753/753/753
f 139/139/139 753/753/753 138/138/138
f 873/873/873 993/993/993 992/992/992
f 873/873/873 992/992/992 872/872/872
f 754/754/754 873/873/873 872/872/872
f 754/754/754 872/872/872 753/753/753
f 993/993/993 1091/1091/1091 1090/1090/1090
f 993/993/993 1090/1090/1090 992/992/992
f 1091/1091/1091 1213/1213/1213 1212/1212/1212
f 1091/1091/1091 1212/1212/1212 1090/1090/1090
f 1302/1302/1302 1498/1498/1498 1375/1375/1375
f 1302/1302/1302 1375/1375/1375 1301/1301/1301
f 1213/1213/1213 1302/1302/1302 1301/1301/1301
f 1213/1213/1213 1301/1301/1301 1212/1212/1212
f 1042/1042/1042 945/945/945 944/944/944
f 1042/1042/1042 944/944/944 1041/1041/1041
f 945/945/945 827/827/827 826/826/826
f 945/945/945 826/826/826 944/944/944
f 827/827/827 708/708/708 707/707/707
f 827/827/827 707/707/707 826/826/826
f 1545/1545/1545 1352/1352/1352 1450/1450/1450
f 1450/1450/1450 1352/1352/1352 1351/1351/1351
f 1352/1352/1352 1258/1258/1258 1257/1257/1257
f 1352/1352/1352 1257/1257/1257 1351/1351/1351
f 1166/1166/1166 1042/1042/1042 1041/1041/1041
f 1166/1166/1166 1041/1041/1041 1165/1165/1165
f 1258/1258/1258 1166/1166/1166 1165/1165/1165
f 1258/1258/1258 1165/1165/1165 1257/1257/1257
f 1165/1165/1165 1257/1257/1257 1351/1351/1351
f 1165/1165/1165 1351/1351/1351 1257/1257/1257
f 708/708/708 663/663/663 662/662/662
f 708/708/708 662/662/662 707/707/707
f 663/663/663 618/618/618 617/617/617
f 663/663/663 617/617/617 662/662/662
f 139/139/139 183/183/183 184/184/184
f 139/139/139 184/184/184 140/140/140
f 228/228/228 273/273/273 274/274/274
f 228/228/228 274/274/274 229/229/229
f 183/183/183 228/228/228 229/229/229
f 183/183/183 229/229/229 184/184/184
f 275/275/275 230/230/230 229/229/229
f 275/275/275 229/229/229 274/274/274
f 230/230/230 185/185/185 184/184/184
f 230/230/230 184/184/184 229/229/229
f 185/185/185 141/141/141 140/140/140
f 185/185/185 140/140/140 184/184/184
f 551/551/551 581/581/581 582/582/582
f 551/551/551 582/582/582 552/552/552
f 583/583/583 553/553/553 552/552/552
f 583/583/583 552/552/552 582/582/582
f 453/453/453 493/493/493 494/494/494
f 453/453/453 494/494/494 454/454/454
f 495/495/495 455/455/455 454/454/454
f 495/495/495 454/454/454 494/494/494
f 522/522/522 551/551/551 552/552/552
f 522/522/522 552/552/552 523/523/523
f 553/553/553 524/524/524 523/523/523
f 553/553/553 523/523/523 552/552/552
f 404/404/404 403/403/403 448/448/448
f 404/404/404 448/448/448 449/449/449
f 407/407/407 406/406/406 451/451/451
f 407/407/407 451/451/451 452/452/452
f 406/406/406 405/405/405 450/450/450
f 406/406/406 450/450/450 451/451/451
f 405/405/405 404/404/404 449/449/449
f 405/405/405 449/449/449 450/450/450
f 3986/3986/3986 3985/3985/3985 3943/3943/3943
f 3986/3986/3986 3943/3943/3943 3944/3944/3944
f 3985/3985/3985 3984/3984/3984 3943/3943/3943
f 3943/3943/3943 3984/3984/3984 3942/3942/3942
f 3984/3984/3984 3983/3983/3983 3942/3942/3942
f 3704/3704/3704 3941/3941/3941 3706/3706/3706
f 3706/3706/3706 3941/3941/3941 3983/3983/3983
f 3941/3941/3941 3942/3942/3942 3983/3983/3983
f 3121/3121/3121 3237/3237/3237 3123/3123/3123
f 3123/3123/3123 3237/3237/3237 3239/3239/3239
f 3237/3237/3237 3369/3369/3369 3239/3239/3239
f 3586/3586/3586 3704/3704/3704 3706/3706/3706
f 2899/2899/2899 3121/3121/3121 3123/3123/3123
f 3992/3992/3992 3991/3991/3991 3949/3949/3949
f 3992/3992/3992 3949/3949/3949 3950/3950/3950
f 3991/3991/3991 3990/3990/3990 3948/3948/3948
f 3991/3991/3991 3948/3948/3948 3949/3949/3949
f 401/401/401 400/400/400 445/445/445
f 401/401/401 445/445/445 446/446/446
f 4256/4256/4256 4255/4255/4255 4213/4213/4213
f 4256/4256/4256 4213/4213/4213 4214/4214/4214
f 583/583/583 582/582/582 619/619/619
f 583/583/583 619/619/619 620/620/620
f 582/582/582 581/581/581 618/618/618
f 582/582/582 618/618/618 619/619/619
f 4259/4259/4259 4258/4258/4258 4216/4216/4216
f 4259/4259/4259 4216/4216/4216 4217/4217/4217
f 4258/4258/4258 4257/4257/4257 4215/4215/4215
f 4258/4258/4258 4215/4215/4215 4216/4216/4216
f 4257/4257/4257 4256/4256/4256 4214/4214/4214
f 4257/4257/4257 4214/4214/4214 4215/4215/4215
f 2030/2030/2030 2156/2156/2156 2158/2158/2158
f 2030/2030/2030 2158/2158/2158 2032/2032/2032
f 2156/2156/2156 2282/2282/2282 2284/2284/2284
f 2156/2156/2156 2284/2284/2284 2158/2158/2158
f 2408/2408/2408 2534/2534/2534 2536/2536/2536
f 2408/2408/2408 2536/2536/2536 2410/2410/2410
f 2282/2282/2282 2408/2408/2408 2410/2410/2410
f 2282/2282/2282 2410/2410/2410 2284/2284/2284
f 2539/2539/2539 2413/2413/2413 2410/2410/2410
f 2539/2539/2539 2410/2410/2410 2536/2536/2536
f 2413/2413/2413 2287/2287/2287 2284/2284/2284
f 2413/2413/2413 2284/2284/2284 2410/2410/2410
f 2161/2161/2161 2035/2035/2035 2032/2032/2032
f 2161/2161/2161 2032/2032/2032 2158/2158/2158
f 2287/2287/2287 2161/2161/2161 2158/2158/2158
f 2287/2287/2287 2158/2158/2158 2284/2284/2284
f 611/611/611 610/610/610 655/655/655
f 611/611/611 655/655/655 656/656/656
f 700/700/700 701/701/701 656/656/656
f 700/700/700 656/656/656 655/655/655
f 3137/3137/3137 3253/3253/3253 3255/3255/3255
f 3137/3137/3137 3255/3255/3255 3019/3019/3019
f 3253/3253/3253 3383/3383/3383 3385/3385/3385
f 3253/3253/3253 3385/3385/3385 3255/3255/3255
f 3600/3600/3600 3720/3720/3720 3722/3722/3722
f 3600/3600/3600 3722/3722/3722 3602/3602/3602
f 3383/3383/3383 3600/3600/3600 3602/3602/3602
f 3383/3383/3383 3602/3602/3602 3385/3385/3385
f 3724/3724/3724 3486/3486/3486 3484/3484/3484
f 3724/3724/3724 3484/3484/3484 3722/3722/3722
f 3486/3486/3486 3387/3387/3387 3385/3385/3385
f 3486/3486/3486 3385/3385/3385 3484/3484/3484
f 3722/3722/3722 3484/3484/3484 3602/3602/3602
f 3484/3484/3484 3385/3385/3385 3602/3602/3602
f 3257/3257/3257 3021/3021/3021 3255/3255/3255
f 3255/3255/3255 3021/3021/3021 3019/3019/3019
f 3387/3387/3387 3257/3257/3257 3255/3255/3255
f 3387/3387/3387 3255/3255/3255 3385/3385/3385
f 811/811/811 929/929/929 931/931/931
f 811/811/811 931/931/931 813/813/813
f 929/929/929 1149/1149/1149 1151/1151/1151
f 929/929/929 1151/1151/1151 931/931/931
f 1337/1337/1337 1434/1434/1434 1436/1436/1436
f 1337/1337/1337 1436/1436/1436 1339/1339/1339
f 1149/1149/1149 1337/1337/1337 1339/1339/1339
f 1149/1149/1149 1339/1339/1339 1151/1151/1151
f 1439/1439/1439 1342/1342/1342 1339/1339/1339
f 1439/1439/1439 1339/1339/1339 1436/1436/1436
f 1342/1342/1342 1153/1153/1153 1151/1151/1151
f 1342/1342/1342 1151/1151/1151 1339/1339/1339
f 1029/1029/1029 815/815/815 933/933/933
f 933/933/933 815/815/815 813/813/813
f 933/933/933 813/813/813 931/931/931
f 1153/1153/1153 1029/1029/1029 933/933/933
f 1153/1153/1153 933/933/933 931/931/931
f 1153/1153/1153 931/931/931 1151/1151/1151
f 2534/2534/2534 2660/2660/2660 2662/2662/2662
f 2534/2534/2534 2662/2662/2662 2536/2536/2536
f 2660/2660/2660 2786/2786/2786 2788/2788/2788
f 2660/2660/2660 2788/2788/2788 2662/2662/2662
f 2912/2912/2912 3137/3137/3137 2914/2914/2914
f 2914/2914/2914 3137/3137/3137 3019/3019/3019
f 2786/2786/2786 2912/2912/2912 2914/2914/2914
f 2786/2786/2786 2914/2914/2914 2788/2788/2788
f 3021/3021/3021 2917/2917/2917 2914/2914/2914
f 3021/3021/3021 2914/2914/2914 3019/3019/3019
f 2917/2917/2917 2791/2791/2791 2788/2788/2788
f 2917/2917/2917 2788/2788/2788 2914/2914/2914
f 2665/2665/2665 2539/2539/2539 2536/2536/2536
f 2665/2665/2665 2536/2536/2536 2662/2662/2662
f 2791/2791/2791 2665/2665/2665 2662/2662/2662
f 2791/2791/2791 2662/2662/2662 2788/2788/2788
f 1434/1434/1434 1652/1652/1652 1654/1654/1654
f 1434/1434/1434 1654/1654/1654 1436/1436/1436
f 1652/1652/1652 1778/1778/1778 1780/1780/1780
f 1652/1652/1652 1780/1780/1780 1654/1654/1654
f 1904/1904/1904 2030/2030/2030 2032/2032/2032
f 1904/1904/1904 2032/2032/2032 1906/1906/1906
f 1778/1778/1778 1904/1904/1904 1906/1906/1906
f 1778/1778/1778 1906/1906/1906 1780/1780/1780
f 2035/2035/2035 1909/1909/1909 1906/1906/1906
f 2035/2035/2035 1906/1906/1906 2032/2032/2032
f 1909/1909/1909 1783/1783/1783 1780/1780/1780
f 1909/1909/1909 1780/1780/1780 1906/1906/1906
f 1657/1657/1657 1439/1439/1439 1436/1436/1436
f 1657/1657/1657 1436/1436/1436 1654/1654/1654
f 1783/1783/1783 1657/1657/1657 1654/1654/1654
f 1783/1783/1783 1654/1654/1654 1780/1780/1780
f 4253/4253/4253 4254/4254/4254 4297/4297/4297
f 4253/4253/4253 4297/4297/4297 4296/4296/4296
f 4254/4254/4254 4255/4255/4255 4298/4298/4298
f 4254/4254/4254 4298/4298/4298 4297/4297/4297
f 4340/4340/4340 4339/4339/4339 4297/4297/4297
f 4340/4340/4340 4297/4297/4297 4298/4298/4298
f 4339/4339/4339 4338/4338/4338 4296/4296/4296
f 4339/4339/4339 4296/4296/4296 4297/4297/4297
f 617/617/617 616/616/616 661/661/661
f 617/617/617 661/661/661 662/662/662
f 706/706/706 707/707/707 662/662/662
f 706/706/706 662/662/662 661/661/661
f 577/577/577 576/576/576 609/609/609
f 577/577/577 609/609/609 610/610/610
f 576/576/576 575/575/575 608/608/608
f 576/576/576 608/608/608 609/609/609
f 574/574/574 809/809/809 811/811/811
f 574/574/574 811/811/811 607/607/607
f 575/575/575 574/574/574 607/607/607
f 575/575/575 607/607/607 608/608/608
f 581/581/581 580/580/580 617/617/617
f 581/581/581 617/617/617 618/618/618
f 4270/4270/4270 4269/4269/4269 4227/4227/4227
f 4270/4270/4270 4227/4227/4227 4228/4228/4228
f 4268/4268/4268 4267/4267/4267 4225/4225/4225
f 4268/4268/4268 4225/4225/4225 4226/4226/4226
f 4269/4269/4269 4268/4268/4268 4226/4226/4226
f 4269/4269/4269 4226/4226/4226 4227/4227/4227
f 4491/4491/4491 4490/4490/4490 4476/4476/4476
f 4491/4491/4491 4476/4476/4476 4477/4477/4477
f 4414/4414/4414 4413/4413/4413 4396/4396/4396
f 4414/4414/4414 4396/4396/4396 4397/4397/4397
f 4521/4521/4521 4522/4522/4522 4458/4458/4458
f 4521/4521/4521 4458/4458/4458 4457/4457/4457
f 4490/4490/4490 4414/4414/4414 4397/4397/4397
f 4490/4490/4490 4397/4397/4397 4476/4476/4476
f 4398/4398/4398 4477/4477/4477 4476/4476/4476
f 4398/4398/4398 4476/4476/4476 4397/4397/4397
f 4396/4396/4396 4376/4376/4376 4397/4397/4397
f 4376/4376/4376 4377/4377/4377 4397/4397/4397
f 4377/4377/4377 4378/4378/4378 4398/4398/4398
f 4377/4377/4377 4398/4398/4398 4397/4397/4397
f 4507/4507/4507 4506/4506/4506 4490/4490/4490
f 4507/4507/4507 4490/4490/4490 4491/4491/4491
f 4433/4433/4433 4432/4432/4432 4413/4413/4413
f 4433/4433/4433 4413/4413/4413 4414/4414/4414
f 4506/4506/4506 4433/4433/4433 4414/4414/4414
f 4506/4506/4506 4414/4414/4414 4490/4490/4490
f 4416/4416/4416 4415/4415/4415 4399/4399/4399
f 4416/4416/4416 4399/4399/4399 4400/4400/4400
f 4399/4399/4399 4415/4415/4415 4492/4492/4492
f 4399/4399/4399 4492/4492/4492 4478/4478/4478
f 4458/4458/4458 4522/4522/4522 4523/4523/4523
f 4458/4458/4458 4523/4523/4523 4459/4459/4459
f 4398/4398/4398 4399/4399/4399 4478/4478/4478
f 4398/4398/4398 4478/4478/4478 4477/4477/4477
f 4379/4379/4379 4380/4380/4380 4400/4400/4400
f 4379/4379/4379 4400/4400/4400 4399/4399/4399
f 4398/4398/4398 4378/4378/4378 4379/4379/4379
f 4398/4398/4398 4379/4379/4379 4399/4399/4399
f 4434/4434/4434 4415/4415/4415 4416/4416/4416
f 4434/4434/4434 4416/4416/4416 4435/4435/4435
f 4415/4415/4415 4434/4434/4434 4508/4508/4508
f 4415/4415/4415 4508/4508/4508 4492/4492/4492
f 4513/4513/4513 4512/4512/4512 4507/4507/4507
f 4513/4513/4513 4507/4507/4507 4508/4508/4508
f 4492/4492/4492 4507/4507/4507 4491/4491/4491
f 4492/4492/4492 4508/4508/4508 4507/4507/4507
f 4511/4511/4511 4512/4512/4512 4517/4517/4517
f 4511/4511/4511 4517/4517/4517 4516/4516/4516
f 4522/4522/4522 4521/4521/4521 4516/4516/4516
f 4522/4522/4522 4516/4516/4516 4517/4517/4517
f 4440/4440/4440 4441/4441/4441 4449/4449/4449
f 4440/4440/4440 4449/4449/4449 4448/4448/4448
f 4457/4457/4457 4456/4456/4456 4448/4448/4448
f 4457/4457/4457 4448/4448/4448 4449/4449/4449
f 4441/4441/4441 4511/4511/4511 4516/4516/4516
f 4441/4441/4441 4516/4516/4516 4449/4449/4449
f 4521/4521/4521 4457/4457/4457 4449/4449/4449
f 4521/4521/4521 4449/4449/4449 4516/4516/4516
f 4442/4442/4442 4443/4443/4443 4451/4451/4451
f 4442/4442/4442 4451/4451/4451 4450/4450/4450
f 4460/4460/4460 4459/4459/4459 4450/4450/4450
f 4460/4460/4460 4450/4450/4450 4451/4451/4451
f 4512/4512/4512 4513/4513/4513 4518/4518/4518
f 4512/4512/4512 4518/4518/4518 4517/4517/4517
f 4523/4523/4523 4522/4522/4522 4517/4517/4517
f 4523/4523/4523 4517/4517/4517 4518/4518/4518
f 4513/4513/4513 4442/4442/4442 4450/4450/4450
f 4513/4513/4513 4450/4450/4450 4518/4518/4518
f 4459/4459/4459 4523/4523/4523 4518/4518/4518
f 4459/4459/4459 4518/4518/4518 4450/4450/4450
f 4029/4029/4029 3987/3987/3987 4376/4376/4376
f 4029/4029/4029 4376/4376/4376 4396/4396/4396
f 3987/3987/3987 3988/3988/3988 4377/4377/4377
f 3987/3987/3987 4377/4377/4377 4376/4376/4376
f 4063/4063/4063 4029/4029/4029 4396/4396/4396
f 4063/4063/4063 4396/4396/4396 4413/4413/4413
f 4138/4138/4138 4100/4100/4100 4432/4432/4432
f 4138/4138/4138 4432/4432/4432 4440/4440/4440
f 4212/4212/4212 4175/4175/4175 4448/4448/4448
f 4212/4212/4212 4448/4448/4448 4456/4456/4456
f 4213/4213/4213 4212/4212/4212 4456/4456/4456
f 4213/4213/4213 4456/4456/4456 4457/4457/4457
f 4214/4214/4214 4213/4213/4213 4457/4457/4457
f 4214/4214/4214 4457/4457/4457 4458/4458/4458
f 4215/4215/4215 4214/4214/4214 4458/4458/4458
f 4215/4215/4215 4458/4458/4458 4459/4459/4459
f 4216/4216/4216 4215/4215/4215 4459/4459/4459
f 4216/4216/4216 4459/4459/4459 4460/4460/4460
f 4139/4139/4139 4176/4176/4176 4451/4451/4451
f 4139/4139/4139 4451/4451/4451 4443/4443/4443
f 4064/4064/4064 4101/4101/4101 4435/4435/4435
f 4064/4064/4064 4435/4435/4435 4416/4416/4416
f 4030/4030/4030 4064/4064/4064 4416/4416/4416
f 4030/4030/4030 4416/4416/4416 4400/4400/4400
f 3991/3991/3991 4030/4030/4030 4400/4400/4400
f 3991/3991/3991 4400/4400/4400 4380/4380/4380
f 3990/3990/3990 3991/3991/3991 4380/4380/4380
f 3990/3990/3990 4380/4380/4380 4379/4379/4379
f 3989/3989/3989 3990/3990/3990 4379/4379/4379
f 3989/3989/3989 4379/4379/4379 4378/4378/4378
f 3988/3988/3988 3989/3989/3989 4378/4378/4378
f 3988/3988/3988 4378/4378/4378 4377/4377/4377
f 999/999/999 879/879/879 880/880/880
f 999/999/999 880/880/880 1000/1000/1000
f 879/879/879 760/760/760 761/761/761
f 879/879/879 761/761/761 880/880/880
f 760/760/760 145/145/145 146/146/146
f 760/760/760 146/146/146 761/761/761
f 1504/1504/1504 1382/1382/1382 1383/1383/1383
f 1504/1504/1504 1383/1383/1383 1505/1505/1505
f 1382/1382/1382 1219/1219/1219 1220/1220/1220
f 1382/1382/1382 1220/1220/1220 1383/1383/1383
f 1097/1097/1097 999/999/999 1000/1000/1000
f 1097/1097/1097 1000/1000/1000 1098/1098/1098
f 1219/1219/1219 1097/1097/1097 1098/1098/1098
f 1219/1219/1219 1098/1098/1098 1220/1220/1220
f 1977/1977/1977 1851/1851/1851 1852/1852/1852
f 1977/1977/1977 1852/1852/1852 1978/1978/1978
f 1851/1851/1851 1725/1725/1725 1726/1726/1726
f 1851/1851/1851 1726/1726/1726 1852/1852/1852
f 1599/1599/1599 1504/1504/1504 1505/1505/1505
f 1599/1599/1599 1505/1505/1505 1600/1600/1600
f 1725/1725/1725 1599/1599/1599 1600/1600/1600
f 1725/1725/1725 1600/1600/1600 1726/1726/1726
f 714/714/714 833/833/833 834/834/834
f 714/714/714 834/834/834 715/715/715
f 951/951/951 1048/1048/1048 1049/1049/1049
f 951/951/951 1049/1049/1049 952/952/952
f 833/833/833 951/951/951 952/952/952
f 833/833/833 952/952/952 834/834/834
f 1048/1048/1048 1172/1172/1172 1173/1173/1173
f 1048/1048/1048 1173/1173/1173 1049/1049/1049
f 1172/1172/1172 1264/1264/1264 1265/1265/1265
f 1172/1172/1172 1265/1265/1265 1173/1173/1173
f 1457/1457/1457 1551/1551/1551 1552/1552/1552
f 1457/1457/1457 1552/1552/1552 1458/1458/1458
f 1264/1264/1264 1457/1457/1457 1458/1458/1458
f 1264/1264/1264 1458/1458/1458 1265/1265/1265
f 1551/1551/1551 1676/1676/1676 1677/1677/1677
f 1551/1551/1551 1677/1677/1677 1552/1552/1552
f 1676/1676/1676 1802/1802/1802 1803/1803/1803
f 1676/1676/1676 1803/1803/1803 1677/1677/1677
f 1928/1928/1928 2054/2054/2054 2055/2055/2055
f 1928/1928/1928 2055/2055/2055 1929/1929/1929
f 1802/1802/1802 1928/1928/1928 1929/1929/1929
f 1802/1802/1802 1929/1929/1929 1803/1803/1803
f 624/624/624 669/669/669 670/670/670
f 624/624/624 670/670/670 625/625/625
f 669/669/669 714/714/714 715/715/715
f 669/669/669 715/715/715 670/670/670
f 3788/3788/3788 3830/3830/3830 3829/3829/3829
f 3788/3788/3788 3829/3829/3829 3787/3787/3787
f 3830/3830/3830 3871/3871/3871 3829/3829/3829
f 2482/2482/2482 2356/2356/2356 2357/2357/2357
f 2482/2482/2482 2357/2357/2357 2483/2483/2483
f 2356/2356/2356 2230/2230/2230 2231/2231/2231
f 2356/2356/2356 2231/2231/2231 2357/2357/2357
f 2104/2104/2104 1978/1978/1978 1979/1979/1979
f 2104/2104/2104 1979/1979/1979 2105/2105/2105
f 2230/2230/2230 2104/2104/2104 2105/2105/2105
f 2230/2230/2230 2105/2105/2105 2231/2231/2231
f 3788/3788/3788 3668/3668/3668 3669/3669/3669
f 3788/3788/3788 3669/3669/3669 3789/3789/3789
f 3669/3669/3669 3551/3551/3551 3670/3670/3670
f 3455/3455/3455 3552/3552/3552 3551/3551/3551
f 3552/3552/3552 3670/3670/3670 3551/3551/3551
f 3455/3455/3455 3551/3551/3551 3454/3454/3454
f 3670/3670/3670 3789/3789/3789 3669/3669/3669
f 3333/3333/3333 3202/3202/3202 3203/3203/3203
f 3454/3454/3454 3333/3333/3333 3334/3334/3334
f 3333/3333/3333 3203/3203/3203 3334/3334/3334
f 3088/3088/3088 2986/2986/2986 2987/2987/2987
f 3088/3088/3088 2987/2987/2987 3089/3089/3089
f 3202/3202/3202 3088/3088/3088 3089/3089/3089
f 3202/3202/3202 3089/3089/3089 3203/3203/3203
f 3334/3334/3334 3455/3455/3455 3454/3454/3454
f 2986/2986/2986 2860/2860/2860 2861/2861/2861
f 2986/2986/2986 2861/2861/2861 2987/2987/2987
f 2860/2860/2860 2734/2734/2734 2735/2735/2735
f 2860/2860/2860 2735/2735/2735 2861/2861/2861
f 2608/2608/2608 2482/2482/2482 2483/2483/2483
f 2608/2608/2608 2483/2483/2483 2609/2609/2609
f 2734/2734/2734 2608/2608/2608 2609/2609/2609
f 2734/2734/2734 2609/2609/2609 2735/2735/2735
f 2055/2055/2055 2181/2181/2181 2182/2182/2182
f 2055/2055/2055 2182/2182/2182 2056/2056/2056
f 2181/2181/2181 2307/2307/2307 2308/2308/2308
f 2181/2181/2181 2308/2308/2308 2182/2182/2182
f 2433/2433/2433 2559/2559/2559 2560/2560/2560
f 2433/2433/2433 2560/2560/2560 2434/2434/2434
f 2307/2307/2307 2433/2433/2433 2434/2434/2434
f 2307/2307/2307 2434/2434/2434 2308/2308/2308
f 3623/3623/3623 3743/3743/3743 3744/3744/3744
f 3742/3742/3742 4350/4350/4350 3743/3743/3743
f 3743/3743/3743 4350/4350/4350 4351/4351/4351
f 4351/4351/4351 3744/3744/3744 3743/3743/3743
f 3624/3624/3624 3506/3506/3506 3623/3623/3623
f 3623/3623/3623 3506/3506/3506 3505/3505/3505
f 3744/3744/3744 3624/3624/3624 3623/3623/3623
f 3041/3041/3041 3157/3157/3157 3158/3158/3158
f 3041/3041/3041 3158/3158/3158 3042/3042/3042
f 3157/3157/3157 3275/3275/3275 3276/3276/3276
f 3157/3157/3157 3276/3276/3276 3158/3158/3158
f 3406/3406/3406 3505/3505/3505 3407/3407/3407
f 3275/3275/3275 3406/3406/3406 3276/3276/3276
f 3276/3276/3276 3406/3406/3406 3407/3407/3407
f 3506/3506/3506 3407/3407/3407 3505/3505/3505
f 2559/2559/2559 2685/2685/2685 2686/2686/2686
f 2559/2559/2559 2686/2686/2686 2560/2560/2560
f 2685/2685/2685 2811/2811/2811 2812/2812/2812
f 2685/2685/2685 2812/2812/2812 2686/2686/2686
f 2937/2937/2937 3041/3041/3041 3042/3042/3042
f 2937/2937/2937 3042/3042/3042 2938/2938/2938
f 2811/2811/2811 2937/2937/2937 2938/2938/2938
f 2811/2811/2811 2938/2938/2938 2812/2812/2812
f 4222/4222/4222 4182/4182/4182 4183/4183/4183
f 4222/4222/4222 4183/4183/4183 4223/4223/4223
f 4184/4184/4184 4224/4224/4224 4223/4223/4223
f 4184/4184/4184 4223/4223/4223 4183/4183/4183
f 146/146/146 190/190/190 191/191/191
f 146/146/146 191/191/191 147/147/147
f 235/235/235 280/280/280 281/281/281
f 235/235/235 281/281/281 236/236/236
f 190/190/190 235/235/235 236/236/236
f 190/190/190 236/236/236 191/191/191
f 4350/4350/4350 4308/4308/4308 4351/4351/4351
f 4307/4307/4307 4264/4264/4264 4265/4265/4265
f 4307/4307/4307 4265/4265/4265 4308/4308/4308
f 4266/4266/4266 4309/4309/4309 4308/4308/4308
f 4266/4266/4266 4308/4308/4308 4265/4265/4265
f 4309/4309/4309 4351/4351/4351 4308/4308/4308
f 4145/4145/4145 4107/4107/4107 4108/4108/4108
f 4145/4145/4145 4108/4108/4108 4146/4146/4146
f 4109/4109/4109 4147/4147/4147 4146/4146/4146
f 4109/4109/4109 4146/4146/4146 4108/4108/4108
f 414/414/414 459/459/459 460/460/460
f 414/414/414 460/460/460 415/415/415
f 588/588/588 625/625/625 626/626/626
f 1000/1000/1000 880/880/880 881/881/881
f 1000/1000/1000 881/881/881 1001/1001/1001
f 880/880/880 761/761/761 762/762/762
f 880/880/880 762/762/762 881/881/881
f 761/761/761 146/146/146 147/147/147
f 761/761/761 147/147/147 762/762/762
f 1505/1505/1505 1383/1383/1383 1384/1384/1384
f 1505/1505/1505 1384/1384/1384 1506/1506/1506
f 1383/1383/1383 1220/1220/1220 1221/1221/1221
f 1383/1383/1383 1221/1221/1221 1384/1384/1384
f 1098/1098/1098 1000/1000/1000 1001/1001/1001
f 1098/1098/1098 1001/1001/1001 1099/1099/1099
f 1220/1220/1220 1098/1098/1098 1099/1099/1099
f 1220/1220/1220 1099/1099/1099 1221/1221/1221
f 1978/1978/1978 1852/1852/1852 1853/1853/1853
f 1978/1978/1978 1853/1853/1853 1979/1979/1979
f 1852/1852/1852 1726/1726/1726 1727/1727/1727
f 1852/1852/1852 1727/1727/1727 1853/1853/1853
f 1600/1600/1600 1505/1505/1505 1506/1506/1506
f 1600/1600/1600 1506/1506/1506 1601/1601/1601
f 1726/1726/1726 1600/1600/1600 1601/1601/1601
f 1726/1726/1726 1601/1601/1601 1727/1727/1727
f 715/715/715 834/834/834 835/835/835
f 715/715/715 835/835/835 716/716/716
f 952/952/952 1049/1049/1049 1050/1050/1050
f 952/952/952 1050/1050/1050 953/953/953
f 834/834/834 952/952/952 953/953/953
f 834/834/834 953/953/953 835/835/835
f 1049/1049/1049 1173/1173/1173 1174/1174/1174
f 1049/1049/1049 1174/1174/1174 1050/1050/1050
f 1173/1173/1173 1265/1265/1265 1266/1266/1266
f 1173/1173/1173 1266/1266/1266 1174/1174/1174
f 1458/1458/1458 1552/1552/1552 1553/1553/1553
f 1458/1458/1458 1553/1553/1553 1459/1459/1459
f 1265/1265/1265 1458/1458/1458 1459/1459/1459
f 1265/1265/1265 1459/1459/1459 1266/1266/1266
f 1552/1552/1552 1677/1677/1677 1678/1678/1678
f 1552/1552/1552 1678/1678/1678 1553/1553/1553
f 1677/1677/1677 1803/1803/1803 1804/1804/1804
f 1677/1677/1677 1804/1804/1804 1678/1678/1678
f 1929/1929/1929 2055/2055/2055 2056/2056/2056
f 1929/1929/1929 2056/2056/2056 1930/1930/1930
f 1803/1803/1803 1929/1929/1929 1930/1930/1930
f 1803/1803/1803 1930/1930/1930 1804/1804/1804
f 625/625/625 670/670/670 671/671/671
f 625/625/625 671/671/671 626/626/626
f 670/670/670 715/715/715 716/716/716
f 670/670/670 716/716/716 671/671/671
f 3789/3789/3789 3831/3831/3831 3830/3830/3830
f 3789/3789/3789 3830/3830/3830 3788/3788/3788
f 3831/3831/3831 3873/3873/3873 3872/3872/3872
f 3831/3831/3831 3872/3872/3872 3830/3830/3830
f 3871/3871/3871 3830/3830/3830 3872/3872/3872
f 415/415/415 460/460/460 461/461/461
f 415/415/415 461/461/461 416/416/416
f 1980/1980/1980 2106/2106/2106 2105/2105/2105
f 1980/1980/1980 2105/2105/2105 1979/1979/1979
f 2106/2106/2106 2232/2232/2232 2231/2231/2231
f 2106/2106/2106 2231/2231/2231 2105/2105/2105
f 2358/2358/2358 2484/2484/2484 2483/2483/2483
f 2358/2358/2358 2483/2483/2483 2357/2357/2357
f 2232/2232/2232 2358/2358/2358 2357/2357/2357
f 2232/2232/2232 2357/2357/2357 2231/2231/2231
f 3789/3789/3789 3670/3670/3670 3790/3790/3790
f 3552/3552/3552 3671/3671/3671 3670/3670/3670
f 2988/2988/2988 3090/3090/3090 3089/3089/3089
f 2988/2988/2988 3089/3089/3089 2987/2987/2987
f 3090/3090/3090 3204/3204/3204 3203/3203/3203
f 3090/3090/3090 3203/3203/3203 3089/3089/3089
f 3335/3335/3335 3455/3455/3455 3334/3334/3334
f 3204/3204/3204 3335/3335/3335 3334/3334/3334
f 3204/3204/3204 3334/3334/3334 3203/3203/3203
f 2484/2484/2484 2610/2610/2610 2609/2609/2609
f 2484/2484/2484 2609/2609/2609 2483/2483/2483
f 2610/2610/2610 2736/2736/2736 2735/2735/2735
f 2610/2610/2610 2735/2735/2735 2609/2609/2609
f 2862/2862/2862 2988/2988/2988 2987/2987/2987
f 2862/2862/2862 2987/2987/2987 2861/2861/2861
f 2736/2736/2736 2862/2862/2862 2861/2861/2861
f 2736/2736/2736 2861/2861/2861 2735/2735/2735
f 2561/2561/2561 2435/2435/2435 2434/2434/2434
f 2561/2561/2561 2434/2434/2434 2560/2560/2560
f 2435/2435/2435 2309/2309/2309 2308/2308/2308
f 2435/2435/2435 2308/2308/2308 2434/2434/2434
f 2183/2183/2183 2057/2057/2057 2056/2056/2056
f 2183/2183/2183 2056/2056/2056 2182/2182/2182
f 2309/2309/2309 2183/2183/2183 2182/2182/2182
f 2309/2309/2309 2182/2182/2182 2308/2308/2308
f 3744/3744/3744 4351/4351/4351 4352/4352/4352
f 3745/3745/3745 3624/3624/3624 3744/3744/3744
f 3506/3506/3506 3408/3408/3408 3407/3407/3407
f 3408/3408/3408 3277/3277/3277 3276/3276/3276
f 3408/3408/3408 3276/3276/3276 3407/3407/3407
f 3159/3159/3159 3043/3043/3043 3042/3042/3042
f 3159/3159/3159 3042/3042/3042 3158/3158/3158
f 3277/3277/3277 3159/3159/3159 3158/3158/3158
f 3277/3277/3277 3158/3158/3158 3276/3276/3276
f 3043/3043/3043 2939/2939/2939 2938/2938/2938
f 3043/3043/3043 2938/2938/2938 3042/3042/3042
f 2939/2939/2939 2813/2813/2813 2812/2812/2812
f 2939/2939/2939 2812/2812/2812 2938/2938/2938
f 2687/2687/2687 2561/2561/2561 2560/2560/2560
f 2687/2687/2687 2560/2560/2560 2686/2686/2686
f 2813/2813/2813 2687/2687/2687 2686/2686/2686
f 2813/2813/2813 2686/2686/2686 2812/2812/2812
f 282/282/282 237/237/237 236/236/236
f 282/282/282 236/236/236 281/281/281
f 237/237/237 192/192/192 191/191/191
f 237/237/237 191/191/191 236/236/236
f 192/192/192 148/148/148 147/147/147
f 192/192/192 147/147/147 191/191/191
f 4351/4351/4351 4309/4309/4309 4352/4352/4352
f 4352/4352/4352 4309/4309/4309 4310/4310/4310
f 148/148/148 763/763/763 762/762/762
f 148/148/148 762/762/762 147/147/147
f 882/882/882 1002/1002/1002 1001/1001/1001
f 882/882/882 1001/1001/1001 881/881/881
f 763/763/763 882/882/882 881/881/881
f 763/763/763 881/881/881 762/762/762
f 1002/1002/1002 1100/1100/1100 1099/1099/1099
f 1002/1002/1002 1099/1099/1099 1001/1001/1001
f 1100/1100/1100 1222/1222/1222 1221/1221/1221
f 1100/1100/1100 1221/1221/1221 1099/1099/1099
f 1385/1385/1385 1507/1507/1507 1506/1506/1506
f 1385/1385/1385 1506/1506/1506 1384/1384/1384
f 1222/1222/1222 1385/1385/1385 1384/1384/1384
f 1222/1222/1222 1384/1384/1384 1221/1221/1221
f 1507/1507/1507 1602/1602/1602 1601/1601/1601
f 1507/1507/1507 1601/1601/1601 1506/1506/1506
f 1602/1602/1602 1728/1728/1728 1727/1727/1727
f 1602/1602/1602 1727/1727/1727 1601/1601/1601
f 1854/1854/1854 1980/1980/1980 1979/1979/1979
f 1854/1854/1854 1979/1979/1979 1853/1853/1853
f 1728/1728/1728 1854/1854/1854 1853/1853/1853
f 1728/1728/1728 1853/1853/1853 1727/1727/1727
f 1051/1051/1051 954/954/954 953/953/953
f 1051/1051/1051 953/953/953 1050/1050/1050
f 954/954/954 836/836/836 835/835/835
f 954/954/954 835/835/835 953/953/953
f 836/836/836 717/717/717 716/716/716
f 836/836/836 716/716/716 835/835/835
f 1554/1554/1554 1460/1460/1460 1459/1459/1459
f 1554/1554/1554 1459/1459/1459 1553/1553/1553
f 1460/1460/1460 1267/1267/1267 1266/1266/1266
f 1460/1460/1460 1266/1266/1266 1459/1459/1459
f 1175/1175/1175 1051/1051/1051 1050/1050/1050
f 1175/1175/1175 1050/1050/1050 1174/1174/1174
f 1267/1267/1267 1175/1175/1175 1174/1174/1174
f 1267/1267/1267 1174/1174/1174 1266/1266/1266
f 2057/2057/2057 1931/1931/1931 1930/1930/1930
f 2057/2057/2057 1930/1930/1930 2056/2056/2056
f 1931/1931/1931 1805/1805/1805 1804/1804/1804
f 1931/1931/1931 1804/1804/1804 1930/1930/1930
f 1679/1679/1679 1554/1554/1554 1553/1553/1553
f 1679/1679/1679 1553/1553/1553 1678/1678/1678
f 1805/1805/1805 1679/1679/1679 1678/1678/1678
f 1805/1805/1805 1678/1678/1678 1804/1804/1804
f 717/717/717 672/672/672 671/671/671
f 717/717/717 671/671/671 716/716/716
f 672/672/672 627/627/627 626/626/626
f 672/672/672 626/626/626 671/671/671
f 3831/3831/3831 3789/3789/3789 3790/3790/3790
f 462/462/462 417/417/417 416/416/416
f 462/462/462 416/416/416 461/461/461
f 1981/1981/1981 2107/2107/2107 2106/2106/2106
f 1981/1981/1981 2106/2106/2106 1980/1980/1980
f 2107/2107/2107 2233/2233/2233 2232/2232/2232
f 2107/2107/2107 2232/2232/2232 2106/2106/2106
f 2359/2359/2359 2485/2485/2485 2484/2484/2484
f 2359/2359/2359 2484/2484/2484 2358/2358/2358
f 2233/2233/2233 2359/2359/2359 2358/2358/2358
f 2233/2233/2233 2358/2358/2358 2232/2232/2232
f 3552/3552/3552 3455/3455/3455 3456/3456/3456
f 3456/3456/3456 3553/3553/3553 3552/3552/3552
f 3553/3553/3553 3671/3671/3671 3552/3552/3552
f 3671/3671/3671 3790/3790/3790 3670/3670/3670
f 3455/3455/3455 3335/3335/3335 3456/3456/3456
f 2989/2989/2989 3091/3091/3091 3090/3090/3090
f 2989/2989/2989 3090/3090/3090 2988/2988/2988
f 3091/3091/3091 3205/3205/3205 3204/3204/3204
f 3091/3091/3091 3204/3204/3204 3090/3090/3090
f 3205/3205/3205 3335/3335/3335 3204/3204/3204
f 2485/2485/2485 2611/2611/2611 2610/2610/2610
f 2485/2485/2485 2610/2610/2610 2484/2484/2484
f 2611/2611/2611 2737/2737/2737 2736/2736/2736
f 2611/2611/2611 2736/2736/2736 2610/2610/2610
f 2863/2863/2863 2989/2989/2989 2988/2988/2988
f 2863/2863/2863 2988/2988/2988 2862/2862/2862
f 2737/2737/2737 2863/2863/2863 2862/2862/2862
f 2737/2737/2737 2862/2862/2862 2736/2736/2736
f 2562/2562/2562 2436/2436/2436 2435/2435/2435
f 2562/2562/2562 2435/2435/2435 2561/2561/2561
f 2436/2436/2436 2310/2310/2310 2309/2309/2309
f 2436/2436/2436 2309/2309/2309 2435/2435/2435
f 2184/2184/2184 2058/2058/2058 2057/2057/2057
f 2184/2184/2184 2057/2057/2057 2183/2183/2183
f 2310/2310/2310 2184/2184/2184 2183/2183/2183
f 2310/2310/2310 2183/2183/2183 2309/2309/2309
f 3506/3506/3506 3624/3624/3624 3507/3507/3507
f 4352/4352/4352 3745/3745/3745 3744/3744/3744
f 3625/3625/3625 3507/3507/3507 3624/3624/3624
f 3745/3745/3745 3625/3625/3625 3624/3624/3624
f 3408/3408/3408 3506/3506/3506 3507/3507/3507
f 3408/3408/3408 3278/3278/3278 3277/3277/3277
f 3160/3160/3160 3044/3044/3044 3043/3043/3043
f 3160/3160/3160 3043/3043/3043 3159/3159/3159
f 3278/3278/3278 3160/3160/3160 3159/3159/3159
f 3278/3278/3278 3159/3159/3159 3277/3277/3277
f 3044/3044/3044 2940/2940/2940 2939/2939/2939
f 3044/3044/3044 2939/2939/2939 3043/3043/3043
f 2940/2940/2940 2814/2814/2814 2813/2813/2813
f 2940/2940/2940 2813/2813/2813 2939/2939/2939
f 2688/2688/2688 2562/2562/2562 2561/2561/2561
f 2688/2688/2688 2561/2561/2561 2687/2687/2687
f 2814/2814/2814 2688/2688/2688 2687/2687/2687
f 2814/2814/2814 2687/2687/2687 2813/2813/2813
f 4224/4224/4224 4184/4184/4184 4185/4185/4185
f 4224/4224/4224 4185/4185/4185 4225/4225/4225
f 283/283/283 238/238/238 237/237/237
f 283/283/283 237/237/237 282/282/282
f 238/238/238 193/193/193 192/192/192
f 238/238/238 192/192/192 237/237/237
f 193/193/193 149/149/149 148/148/148
f 193/193/193 148/148/148 192/192/192
f 4037/4037/4037 3999/3999/3999 4000/4000/4000
f 4037/4037/4037 4000/4000/4000 4038/4038/4038
f 4309/4309/4309 4266/4266/4266 4310/4310/4310
f 4310/4310/4310 4266/4266/4266 4267/4267/4267
f 4072/4072/4072 4037/4037/4037 4038/4038/4038
f 4072/4072/4072 4038/4038/4038 4073/4073/4073
f 4147/4147/4147 4109/4109/4109 4110/4110/4110
f 4147/4147/4147 4110/4110/4110 4148/4148/4148
f 30/30/30 52/52/52 53/53/53
f 30/30/30 53/53/53 31/31/31
f 9/9/9 8/8/8 30/30/30
f 9/9/9 30/30/30 31/31/31
f 54/54/54 32/32/32 31/31/31
f 54/54/54 31/31/31 53/53/53
f 10/10/10 31/31/31 32/32/32
f 10/10/10 9/9/9 31/31/31
f 75/75/75 76/76/76 54/54/54
f 75/75/75 54/54/54 53/53/53
f 117/117/117 118/118/118 98/98/98
f 117/117/117 98/98/98 97/97/97
f 74/74/74 75/75/75 53/53/53
f 74/74/74 53/53/53 52/52/52
f 74/74/74 96/96/96 97/97/97
f 74/74/74 97/97/97 75/75/75
f 75/75/75 98/98/98 76/76/76
f 75/75/75 97/97/97 98/98/98
f 54/54/54 55/55/55 33/33/33
f 54/54/54 33/33/33 32/32/32
f 628/628/628 119/119/119 118/118/118
f 628/628/628 118/118/118 627/627/627
f 8/8/8 9/9/9 461/461/461
f 8/8/8 461/461/461 460/460/460
f 10/10/10 462/462/462 461/461/461
f 10/10/10 461/461/461 9/9/9
f 8/8/8 460/460/460 500/500/500
f 8/8/8 500/500/500 30/30/30
f 588/588/588 96/96/96 74/74/74
f 588/588/588 74/74/74 558/558/558
f 96/96/96 588/588/588 589/589/589
f 96/96/96 589/589/589 97/97/97
f 97/97/97 589/589/589 626/626/626
f 97/97/97 626/626/626 117/117/117
f 588/588/588 626/626/626 589/589/589
f 627/627/627 118/118/118 117/117/117
f 627/627/627 117/117/117 626/626/626
f 558/558/558 74/74/74 52/52/52
f 558/558/558 52/52/52 529/529/529
f 2481/2481/2481 2355/2355/2355 2356/2356/2356
f 2481/2481/2481 2356/2356/2356 2482/2482/2482
f 2355/2355/2355 2229/2229/2229 2230/2230/2230
f 2355/2355/2355 2230/2230/2230 2356/2356/2356
f 2103/2103/2103 1977/1977/1977 1978/1978/1978
f 2103/2103/2103 1978/1978/1978 2104/2104/2104
f 2229/2229/2229 2103/2103/2103 2104/2104/2104
f 2229/2229/2229 2104/2104/2104 2230/2230/2230
f 3787/3787/3787 3668/3668/3668 3788/3788/3788
f 3550/3550/3550 3453/3453/3453 3454/3454/3454
f 3668/3668/3668 3550/3550/3550 3669/3669/3669
f 3454/3454/3454 3551/3551/3551 3550/3550/3550
f 3551/3551/3551 3669/3669/3669 3550/3550/3550
f 3453/3453/3453 3332/3332/3332 3333/3333/3333
f 3332/3332/3332 3201/3201/3201 3202/3202/3202
f 3332/3332/3332 3202/3202/3202 3333/3333/3333
f 3453/3453/3453 3333/3333/3333 3454/3454/3454
f 3087/3087/3087 2985/2985/2985 2986/2986/2986
f 3087/3087/3087 2986/2986/2986 3088/3088/3088
f 3201/3201/3201 3087/3087/3087 3088/3088/3088
f 3201/3201/3201 3088/3088/3088 3202/3202/3202
f 2985/2985/2985 2859/2859/2859 2860/2860/2860
f 2985/2985/2985 2860/2860/2860 2986/2986/2986
f 2859/2859/2859 2733/2733/2733 2734/2734/2734
f 2859/2859/2859 2734/2734/2734 2860/2860/2860
f 2607/2607/2607 2481/2481/2481 2482/2482/2482
f 2607/2607/2607 2482/2482/2482 2608/2608/2608
f 2733/2733/2733 2607/2607/2607 2608/2608/2608
f 2733/2733/2733 2608/2608/2608 2734/2734/2734
f 2054/2054/2054 2180/2180/2180 2181/2181/2181
f 2054/2054/2054 2181/2181/2181 2055/2055/2055
f 2180/2180/2180 2306/2306/2306 2307/2307/2307
f 2180/2180/2180 2307/2307/2307 2181/2181/2181
f 2432/2432/2432 2558/2558/2558 2559/2559/2559
f 2432/2432/2432 2559/2559/2559 2433/2433/2433
f 2306/2306/2306 2432/2432/2432 2433/2433/2433
f 2306/2306/2306 2433/2433/2433 2307/2307/2307
f 3504/3504/3504 3622/3622/3622 3505/3505/3505
f 3622/3622/3622 3742/3742/3742 3743/3743/3743
f 3742/3742/3742 4349/4349/4349 4350/4350/4350
f 3623/3623/3623 3505/3505/3505 3622/3622/3622
f 3743/3743/3743 3623/3623/3623 3622/3622/3622
f 3040/3040/3040 3156/3156/3156 3157/3157/3157
f 3040/3040/3040 3157/3157/3157 3041/3041/3041
f 3156/3156/3156 3274/3274/3274 3275/3275/3275
f 3156/3156/3156 3275/3275/3275 3157/3157/3157
f 3405/3405/3405 3504/3504/3504 3406/3406/3406
f 3406/3406/3406 3504/3504/3504 3505/3505/3505
f 3274/3274/3274 3405/3405/3405 3406/3406/3406
f 3274/3274/3274 3406/3406/3406 3275/3275/3275
f 2558/2558/2558 2684/2684/2684 2685/2685/2685
f 2558/2558/2558 2685/2685/2685 2559/2559/2559
f 2684/2684/2684 2810/2810/2810 2811/2811/2811
f 2684/2684/2684 2811/2811/2811 2685/2685/2685
f 2936/2936/2936 3040/3040/3040 3041/3041/3041
f 2936/2936/2936 3041/3041/3041 2937/2937/2937
f 2810/2810/2810 2936/2936/2936 2937/2937/2937
f 2810/2810/2810 2937/2937/2937 2811/2811/2811
f 145/145/145 189/189/189 190/190/190
f 145/145/145 190/190/190 146/146/146
f 234/234/234 279/279/279 280/280/280
f 234/234/234 280/280/280 235/235/235
f 189/189/189 234/234/234 235/235/235
f 189/189/189 235/235/235 190/190/190
f 4349/4349/4349 4307/4307/4307 4350/4350/4350
f 4308/4308/4308 4350/4350/4350 4307/4307/4307
f 557/557/557 587/587/587 588/588/588
f 557/557/557 588/588/588 558/558/558
f 459/459/459 499/499/499 500/500/500
f 459/459/459 500/500/500 460/460/460
f 528/528/528 557/557/557 558/558/558
f 528/528/528 558/558/558 529/529/529
f 587/587/587 624/624/624 625/625/625
f 587/587/587 625/625/625 588/588/588
f 145/145/145 760/760/760 759/759/759
f 145/145/145 759/759/759 144/144/144
f 144/144/144 759/759/759 758/758/758
f 144/144/144 758/758/758 143/143/143
f 879/879/879 999/999/999 998/998/998
f 879/879/879 998/998/998 878/878/878
f 878/878/878 998/998/998 997/997/997
f 878/878/878 997/997/997 877/877/877
f 760/760/760 879/879/879 878/878/878
f 760/760/760 878/878/878 759/759/759
f 759/759/759 878/878/878 877/877/877
f 759/759/759 877/877/877 758/758/758
f 995/995/995 875/875/875 876/876/876
f 995/995/995 876/876/876 996/996/996
f 875/875/875 756/756/756 757/757/757
f 875/875/875 757/757/757 876/876/876
f 996/996/996 876/876/876 877/877/877
f 996/996/996 877/877/877 997/997/997
f 876/876/876 757/757/757 758/758/758
f 876/876/876 758/758/758 877/877/877
f 756/756/756 141/141/141 142/142/142
f 756/756/756 142/142/142 757/757/757
f 757/757/757 142/142/142 143/143/143
f 757/757/757 143/143/143 758/758/758
f 999/999/999 1097/1097/1097 1096/1096/1096
f 999/999/999 1096/1096/1096 998/998/998
f 1097/1097/1097 1219/1219/1219 1218/1218/1218
f 1097/1097/1097 1218/1218/1218 1096/1096/1096
f 998/998/998 1096/1096/1096 1095/1095/1095
f 998/998/998 1095/1095/1095 997/997/997
f 1096/1096/1096 1218/1218/1218 1217/1217/1217
f 1096/1096/1096 1217/1217/1217 1095/1095/1095
f 1382/1382/1382 1504/1504/1504 1503/1503/1503
f 1382/1382/1382 1503/1503/1503 1381/1381/1381
f 1381/1381/1381 1503/1503/1503 1502/1502/1502
f 1381/1381/1381 1502/1502/1502 1380/1380/1380
f 1219/1219/1219 1382/1382/1382 1381/1381/1381
f 1219/1219/1219 1381/1381/1381 1218/1218/1218
f 1218/1218/1218 1381/1381/1381 1380/1380/1380
f 1218/1218/1218 1380/1380/1380 1217/1217/1217
f 1500/1500/1500 1378/1378/1378 1379/1379/1379
f 1500/1500/1500 1379/1379/1379 1501/1501/1501
f 1378/1378/1378 1215/1215/1215 1216/1216/1216
f 1378/1378/1378 1216/1216/1216 1379/1379/1379
f 1501/1501/1501 1379/1379/1379 1380/1380/1380
f 1501/1501/1501 1380/1380/1380 1502/1502/1502
f 1379/1379/1379 1216/1216/1216 1217/1217/1217
f 1379/1379/1379 1217/1217/1217 1380/1380/1380
f 1093/1093/1093 995/995/995 996/996/996
f 1093/1093/1093 996/996/996 1094/1094/1094
f 1094/1094/1094 996/996/996 997/997/997
f 1094/1094/1094 997/997/997 1095/1095/1095
f 1215/1215/1215 1093/1093/1093 1094/1094/1094
f 1215/1215/1215 1094/1094/1094 1216/1216/1216
f 1216/1216/1216 1094/1094/1094 1095/1095/1095
f 1216/1216/1216 1095/1095/1095 1217/1217/1217
f 1504/1504/1504 1599/1599/1599 1598/1598/1598
f 1504/1504/1504 1598/1598/1598 1503/1503/1503
f 1599/1599/1599 1725/1725/1725 1724/1724/1724
f 1599/1599/1599 1724/1724/1724 1598/1598/1598
f 1503/1503/1503 1598/1598/1598 1597/1597/1597
f 1503/1503/1503 1597/1597/1597 1502/1502/1502
f 1598/1598/1598 1724/1724/1724 1723/1723/1723
f 1598/1598/1598 1723/1723/1723 1597/1597/1597
f 1851/1851/1851 1977/1977/1977 1976/1976/1976
f 1851/1851/1851 1976/1976/1976 1850/1850/1850
f 1850/1850/1850 1976/1976/1976 1975/1975/1975
f 1850/1850/1850 1975/1975/1975 1849/1849/1849
f 1725/1725/1725 1851/1851/1851 1850/1850/1850
f 1725/1725/1725 1850/1850/1850 1724/1724/1724
f 1724/1724/1724 1850/1850/1850 1849/1849/1849
f 1724/1724/1724 1849/1849/1849 1723/1723/1723
f 1973/1973/1973 1847/1847/1847 1848/1848/1848
f 1973/1973/1973 1848/1848/1848 1974/1974/1974
f 1847/1847/1847 1721/1721/1721 1722/1722/1722
f 1847/1847/1847 1722/1722/1722 1848/1848/1848
f 1974/1974/1974 1848/1848/1848 1849/1849/1849
f 1974/1974/1974 1849/1849/1849 1975/1975/1975
f 1848/1848/1848 1722/1722/1722 1723/1723/1723
f 1848/1848/1848 1723/1723/1723 1849/1849/1849
f 1595/1595/1595 1500/1500/1500 1501/1501/1501
f 1595/1595/1595 1501/1501/1501 1596/1596/1596
f 1596/1596/1596 1501/1501/1501 1502/1502/1502
f 1596/1596/1596 1502/1502/1502 1597/1597/1597
f 1721/1721/1721 1595/1595/1595 1596/1596/1596
f 1721/1721/1721 1596/1596/1596 1722/1722/1722
f 1722/1722/1722 1596/1596/1596 1597/1597/1597
f 1722/1722/1722 1597/1597/1597 1723/1723/1723
f 1048/1048/1048 951/951/951 950/950/950
f 1048/1048/1048 950/950/950 1047/1047/1047
f 951/951/951 833/833/833 832/832/832
f 951/951/951 832/832/832 950/950/950
f 1047/1047/1047 950/950/950 949/949/949
f 1047/1047/1047 949/949/949 1046/1046/1046
f 950/950/950 832/832/832 831/831/831
f 950/950/950 831/831/831 949/949/949
f 833/833/833 714/714/714 713/713/713
f 833/833/833 713/713/713 832/832/832
f 832/832/832 713/713/713 712/712/712
f 832/832/832 712/712/712 831/831/831
f 710/710/710 829/829/829 830/830/830
f 710/710/710 830/830/830 711/711/711
f 711/711/711 830/830/830 831/831/831
f 711/711/711 831/831/831 712/712/712
f 947/947/947 1044/1044/1044 1045/1045/1045
f 947/947/947 1045/1045/1045 948/948/948
f 948/948/948 1045/1045/1045 1046/1046/1046
f 948/948/948 1046/1046/1046 949/949/949
f 829/829/829 947/947/947 948/948/948
f 829/829/829 948/948/948 830/830/830
f 830/830/830 948/948/948 949/949/949
f 830/830/830 949/949/949 831/831/831
f 1551/1551/1551 1457/1457/1457 1456/1456/1456
f 1551/1551/1551 1456/1456/1456 1550/1550/1550
f 1457/1457/1457 1264/1264/1264 1263/1263/1263
f 1457/1457/1457 1263/1263/1263 1456/1456/1456
f 1550/1550/1550 1456/1456/1456 1455/1455/1455
f 1550/1550/1550 1455/1455/1455 1549/1549/1549
f 1456/1456/1456 1263/1263/1263 1262/1262/1262
f 1456/1456/1456 1262/1262/1262 1455/1455/1455
f 1172/1172/1172 1048/1048/1048 1047/1047/1047
f 1172/1172/1172 1047/1047/1047 1171/1171/1171
f 1171/1171/1171 1047/1047/1047 1046/1046/1046
f 1171/1171/1171 1046/1046/1046 1170/1170/1170
f 1264/1264/1264 1172/1172/1172 1171/1171/1171
f 1264/1264/1264 1171/1171/1171 1263/1263/1263
f 1263/1263/1263 1171/1171/1171 1170/1170/1170
f 1263/1263/1263 1170/1170/1170 1262/1262/1262
f 1044/1044/1044 1168/1168/1168 1169/1169/1169
f 1044/1044/1044 1169/1169/1169 1045/1045/1045
f 1168/1168/1168 1260/1260/1260 1261/1261/1261
f 1168/1168/1168 1261/1261/1261 1169/1169/1169
f 1045/1045/1045 1169/1169/1169 1170/1170/1170
f 1045/1045/1045 1170/1170/1170 1046/1046/1046
f 1169/1169/1169 1261/1261/1261 1262/1262/1262
f 1169/1169/1169 1262/1262/1262 1170/1170/1170
f 1453/1453/1453 1547/1547/1547 1548/1548/1548
f 1453/1453/1453 1548/1548/1548 1454/1454/1454
f 1454/1454/1454 1548/1548/1548 1549/1549/1549
f 1454/1454/1454 1549/1549/1549 1455/1455/1455
f 1260/1260/1260 1453/1453/1453 1454/1454/1454
f 1260/1260/1260 1454/1454/1454 1261/1261/1261
f 1261/1261/1261 1454/1454/1454 1455/1455/1455
f 1261/1261/1261 1455/1455/1455 1262/1262/1262
f 2054/2054/2054 1928/1928/1928 1927/1927/1927
f 2054/2054/2054 1927/1927/1927 2053/2053/2053
f 1928/1928/1928 1802/1802/1802 1801/1801/1801
f 1928/1928/1928 1801/1801/1801 1927/1927/1927
f 2053/2053/2053 1927/1927/1927 1926/1926/1926
f 2053/2053/2053 1926/1926/1926 2052/2052/2052
f 1927/1927/1927 1801/1801/1801 1800/1800/1800
f 1927/1927/1927 1800/1800/1800 1926/1926/1926
f 1676/1676/1676 1551/1551/1551 1550/1550/1550
f 1676/1676/1676 1550/1550/1550 1675/1675/1675
f 1675/1675/1675 1550/1550/1550 1549/1549/1549
f 1675/1675/1675 1549/1549/1549 1674/1674/1674
f 1802/1802/1802 1676/1676/1676 1675/1675/1675
f 1802/1802/1802 1675/1675/1675 1801/1801/1801
f 1801/1801/1801 1675/1675/1675 1674/1674/1674
f 1801/1801/1801 1674/1674/1674 1800/1800/1800
f 1547/1547/1547 1672/1672/1672 1673/1673/1673
f 1547/1547/1547 1673/1673/1673 1548/1548/1548
f 1672/1672/1672 1798/1798/1798 1799/1799/1799
f 1672/1672/1672 1799/1799/1799 1673/1673/1673
f 1548/1548/1548 1673/1673/1673 1674/1674/1674
f 1548/1548/1548 1674/1674/1674 1549/1549/1549
f 1673/1673/1673 1799/1799/1799 1800/1800/1800
f 1673/1673/1673 1800/1800/1800 1674/1674/1674
f 1924/1924/1924 2050/2050/2050 2051/2051/2051
f 1924/1924/1924 2051/2051/2051 1925/1925/1925
f 1925/1925/1925 2051/2051/2051 2052/2052/2052
f 1925/1925/1925 2052/2052/2052 1926/1926/1926
f 1798/1798/1798 1924/1924/1924 1925/1925/1925
f 1798/1798/1798 1925/1925/1925 1799/1799/1799
f 1799/1799/1799 1925/1925/1925 1926/1926/1926
f 1799/1799/1799 1926/1926/1926 1800/1800/1800
f 714/714/714 669/669/669 668/668/668
f 714/714/714 668/668/668 713/713/713
f 713/713/713 668/668/668 667/667/667
f 713/713/713 667/667/667 712/712/712
f 669/669/669 624/624/624 623/623/623
f 669/669/669 623/623/623 668/668/668
f 668/668/668 623/623/623 622/622/622
f 668/668/668 622/622/622 667/667/667
f 620/620/620 665/665/665 666/666/666
f 620/620/620 666/666/666 621/621/621
f 621/621/621 666/666/666 667/667/667
f 621/621/621 667/667/667 622/622/622
f 665/665/665 710/710/710 711/711/711
f 665/665/665 711/711/711 666/666/666
f 666/666/666 711/711/711 712/712/712
f 666/666/666 712/712/712 667/667/667
f 3870/3870/3870 3828/3828/3828 3829/3829/3829
f 3870/3870/3870 3829/3829/3829 3871/3871/3871
f 3828/3828/3828 3786/3786/3786 3787/3787/3787
f 3828/3828/3828 3787/3787/3787 3829/3829/3829
f 459/459/459 414/414/414 413/413/413
f 459/459/459 413/413/413 458/458/458
f 458/458/458 413/413/413 412/412/412
f 458/458/458 412/412/412 457/457/457
f 410/410/410 455/455/455 456/456/456
f 410/410/410 456/456/456 411/411/411
f 411/411/411 456/456/456 457/457/457
f 411/411/411 457/457/457 412/412/412
f 4263/4263/4263 4221/4221/4221 4222/4222/4222
f 4263/4263/4263 4222/4222/4222 4264/4264/4264
f 4221/4221/4221 4220/4220/4220 4180/4180/4180
f 4221/4221/4221 4180/4180/4180 4181/4181/4181
f 4220/4220/4220 4219/4219/4219 4179/4179/4179
f 4220/4220/4220 4179/4179/4179 4180/4180/4180
f 4218/4218/4218 4217/4217/4217 4177/4177/4177
f 4218/4218/4218 4177/4177/4177 4178/4178/4178
f 4219/4219/4219 4218/4218/4218 4178/4178/4178
f 4219/4219/4219 4178/4178/4178 4179/4179/4179
f 4211/4211/4211 4210/4210/4210 4173/4173/4173
f 4211/4211/4211 4173/4173/4173 4174/4174/4174
f 4210/4210/4210 4209/4209/4209 4172/4172/4172
f 4210/4210/4210 4172/4172/4172 4173/4173/4173
f 4208/4208/4208 3718/3718/3718 3716/3716/3716
f 4208/4208/4208 3716/3716/3716 4171/4171/4171
f 4209/4209/4209 4208/4208/4208 4171/4171/4171
f 4209/4209/4209 4171/4171/4171 4172/4172/4172
f 3718/3718/3718 3598/3598/3598 3596/3596/3596
f 3598/3598/3598 3379/3379/3379 3596/3596/3596
f 3718/3718/3718 3596/3596/3596 3716/3716/3716
f 4212/4212/4212 4211/4211/4211 4174/4174/4174
f 4212/4212/4212 4174/4174/4174 4175/4175/4175
f 4139/4139/4139 4140/4140/4140 4177/4177/4177
f 4139/4139/4139 4177/4177/4177 4176/4176/4176
f 550/550/550 551/551/551 522/522/522
f 550/550/550 522/522/522 521/521/521
f 549/549/549 67/67/67 45/45/45
f 549/549/549 45/45/45 520/520/520
f 807/807/807 545/545/545 516/516/516
f 807/807/807 516/516/516 805/805/805
f 545/545/545 546/546/546 517/517/517
f 545/545/545 517/517/517 516/516/516
f 547/547/547 548/548/548 519/519/519
f 547/547/547 519/519/519 518/518/518
f 546/546/546 547/547/547 518/518/518
f 546/546/546 518/518/518 517/517/517
f 4144/4144/4144 4145/4145/4145 4182/4182/4182
f 4144/4144/4144 4182/4182/4182 4181/4181/4181
f 4138/4138/4138 4440/4440/4440 4448/4448/4448
f 4138/4138/4138 4448/4448/4448 4175/4175/4175
f 4216/4216/4216 4460/4460/4460 4451/4451/4451
f 4216/4216/4216 4451/4451/4451 4176/4176/4176
f 4145/4145/4145 4146/4146/4146 4183/4183/4183
f 4145/4145/4145 4183/4183/4183 4182/4182/4182
f 4146/4146/4146 4147/4147/4147 4184/4184/4184
f 4146/4146/4146 4184/4184/4184 4183/4183/4183
f 4148/4148/4148 4149/4149/4149 4186/4186/4186
f 4148/4148/4148 4186/4186/4186 4185/4185/4185
f 4149/4149/4149 4150/4150/4150 4187/4187/4187
f 4149/4149/4149 4187/4187/4187 4186/4186/4186
f 4150/4150/4150 4151/4151/4151 4188/4188/4188
f 4150/4150/4150 4188/4188/4188 4187/4187/4187
f 4344/4344/4344 4302/4302/4302 4303/4303/4303
f 4344/4344/4344 4303/4303/4303 4345/4345/4345
f 4345/4345/4345 4303/4303/4303 4304/4304/4304
f 4345/4345/4345 4304/4304/4304 4346/4346/4346
f 4302/4302/4302 4259/4259/4259 4260/4260/4260
f 4302/4302/4302 4260/4260/4260 4303/4303/4303
f 4303/4303/4303 4260/4260/4260 4261/4261/4261
f 4303/4303/4303 4261/4261/4261 4304/4304/4304
f 4263/4263/4263 4306/4306/4306 4305/4305/4305
f 4263/4263/4263 4305/4305/4305 4262/4262/4262
f 4262/4262/4262 4305/4305/4305 4304/4304/4304
f 4262/4262/4262 4304/4304/4304 4261/4261/4261
f 4306/4306/4306 4348/4348/4348 4347/4347/4347
f 4306/4306/4306 4347/4347/4347 4305/4305/4305
f 4305/4305/4305 4347/4347/4347 4346/4346/4346
f 4305/4305/4305 4346/4346/4346 4304/4304/4304
f 3724/3724/3724 3722/3722/3722 4292/4292/4292
f 3724/3724/3724 4292/4292/4292 3725/3725/3725
f 3725/3725/3725 4292/4292/4292 4294/4294/4294
f 3725/3725/3725 4294/4294/4294 4336/4336/4336
f 4292/4292/4292 4293/4293/4293 4294/4294/4294
f 3722/3722/3722 3720/3720/3720 4250/4250/4250
f 3722/3722/3722 4250/4250/4250 4292/4292/4292
f 4292/4292/4292 4250/4250/4250 4251/4251/4251
f 4292/4292/4292 4251/4251/4251 4293/4293/4293
f 4253/4253/4253 4296/4296/4296 4295/4295/4295
f 4253/4253/4253 4295/4295/4295 4252/4252/4252
f 4252/4252/4252 4295/4295/4295 4293/4293/4293
f 4252/4252/4252 4293/4293/4293 4251/4251/4251
f 4296/4296/4296 4338/4338/4338 4337/4337/4337
f 4296/4296/4296 4337/4337/4337 4295/4295/4295
f 4295/4295/4295 4337/4337/4337 4336/4336/4336
f 4295/4295/4295 4336/4336/4336 4294/4294/4294
f 4295/4295/4295 4294/4294/4294 4293/4293/4293
f 149/149/149 764/764/764 763/763/763
f 149/149/149 763/763/763 148/148/148
f 883/883/883 1003/1003/1003 1002/1002/1002
f 883/883/883 1002/1002/1002 882/882/882
f 764/764/764 883/883/883 882/882/882
f 764/764/764 882/882/882 763/763/763
f 1003/1003/1003 1101/1101/1101 1100/1100/1100
f 1003/1003/1003 1100/1100/1100 1002/1002/1002
f 1101/1101/1101 1223/1223/1223 1222/1222/1222
f 1101/1101/1101 1222/1222/1222 1100/1100/1100
f 1386/1386/1386 1508/1508/1508 1507/1507/1507
f 1386/1386/1386 1507/1507/1507 1385/1385/1385
f 1223/1223/1223 1386/1386/1386 1385/1385/1385
f 1223/1223/1223 1385/1385/1385 1222/1222/1222
f 1508/1508/1508 1603/1603/1603 1602/1602/1602
f 1508/1508/1508 1602/1602/1602 1507/1507/1507
f 1603/1603/1603 1729/1729/1729 1728/1728/1728
f 1603/1603/1603 1728/1728/1728 1602/1602/1602
f 1855/1855/1855 1981/1981/1981 1980/1980/1980
f 1855/1855/1855 1980/1980/1980 1854/1854/1854
f 1729/1729/1729 1855/1855/1855 1854/1854/1854
f 1729/1729/1729 1854/1854/1854 1728/1728/1728
f 1052/1052/1052 955/955/955 954/954/954
f 1052/1052/1052 954/954/954 1051/1051/1051
f 955/955/955 837/837/837 836/836/836
f 955/955/955 836/836/836 954/954/954
f 837/837/837 718/718/718 717/717/717
f 837/837/837 717/717/717 836/836/836
f 1555/1555/1555 1461/1461/1461 1460/1460/1460
f 1555/1555/1555 1460/1460/1460 1554/1554/1554
f 1461/1461/1461 1268/1268/1268 1267/1267/1267
f 1461/1461/1461 1267/1267/1267 1460/1460/1460
f 1176/1176/1176 1052/1052/1052 1051/1051/1051
f 1176/1176/1176 1051/1051/1051 1175/1175/1175
f 1268/1268/1268 1176/1176/1176 1175/1175/1175
f 1268/1268/1268 1175/1175/1175 1267/1267/1267
f 2058/2058/2058 1932/1932/1932 1931/1931/1931
f 2058/2058/2058 1931/1931/1931 2057/2057/2057
f 1932/1932/1932 1806/1806/1806 1805/1805/1805
f 1932/1932/1932 1805/1805/1805 1931/1931/1931
f 1680/1680/1680 1555/1555/1555 1554/1554/1554
f 1680/1680/1680 1554/1554/1554 1679/1679/1679
f 1806/1806/1806 1680/1680/1680 1679/1679/1679
f 1806/1806/1806 1679/1679/1679 1805/1805/1805
f 718/718/718 673/673/673 672/672/672
f 718/718/718 672/672/672 717/717/717
f 673/673/673 628/628/628 627/627/627
f 673/673/673 627/627/627 672/672/672
f 3873/3873/3873 3831/3831/3831 3832/3832/3832
f 3873/3873/3873 3832/3832/3832 3874/3874/3874
f 3831/3831/3831 3790/3790/3790 3832/3832/3832
f 463/463/463 418/418/418 417/417/417
f 463/463/463 417/417/417 462/462/462
f 4266/4266/4266 4224/4224/4224 4225/4225/4225
f 4266/4266/4266 4225/4225/4225 4267/4267/4267
f 3790/3790/3790 3671/3671/3671 3791/3791/3791
f 3791/3791/3791 3671/3671/3671 3672/3672/3672
f 3791/3791/3791 3672/3672/3672 3792/3792/3792
f 3553/3553/3553 3456/3456/3456 3457/3457/3457
f 3553/3553/3553 3457/3457/3457 3554/3554/3554
f 3671/3671/3671 3553/3553/3553 3672/3672/3672
f 3672/3672/3672 3553/3553/3553 3554/3554/3554
f 3554/3554/3554 3673/3673/3673 3672/3672/3672
f 3673/3673/3673 3793/3793/3793 3792/3792/3792
f 3673/3673/3673 3792/3792/3792 3672/3672/3672
f 3456/3456/3456 3335/3335/3335 3336/3336/3336
f 3335/3335/3335 3205/3205/3205 3336/3336/3336
f 3456/3456/3456 3336/3336/3336 3457/3457/3457
f 3625/3625/3625 3745/3745/3745 3746/3746/3746
f 3507/3507/3507 3625/3625/3625 3626/3626/3626
f 3507/3507/3507 3626/3626/3626 3508/3508/3508
f 3625/3625/3625 3746/3746/3746 3626/3626/3626
f 3745/3745/3745 4352/4352/4352 4353/4353/4353
f 3745/3745/3745 4353/4353/4353 4354/4354/4354
f 3745/3745/3745 4354/4354/4354 3746/3746/3746
f 4355/4355/4355 3747/3747/3747 3746/3746/3746
f 4355/4355/4355 3746/3746/3746 4354/4354/4354
f 3747/3747/3747 3626/3626/3626 3746/3746/3746
f 3408/3408/3408 3507/3507/3507 3409/3409/3409
f 3409/3409/3409 3507/3507/3507 3508/3508/3508
f 3278/3278/3278 3408/3408/3408 3409/3409/3409
f 4225/4225/4225 4185/4185/4185 4186/4186/4186
f 4225/4225/4225 4186/4186/4186 4226/4226/4226
f 4226/4226/4226 4186/4186/4186 4187/4187/4187
f 4226/4226/4226 4187/4187/4187 4227/4227/4227
f 4188/4188/4188 4228/4228/4228 4227/4227/4227
f 4188/4188/4188 4227/4227/4227 4187/4187/4187
f 4038/4038/4038 4000/4000/4000 4001/4001/4001
f 4038/4038/4038 4001/4001/4001 4039/4039/4039
f 4039/4039/4039 4001/4001/4001 4002/4002/4002
f 4039/4039/4039 4002/4002/4002 4040/4040/4040
f 4003/4003/4003 4041/4041/4041 4040/4040/4040
f 4003/4003/4003 4040/4040/4040 4002/4002/4002
f 4352/4352/4352 4310/4310/4310 4311/4311/4311
f 4352/4352/4352 4311/4311/4311 4353/4353/4353
f 4353/4353/4353 4311/4311/4311 4312/4312/4312
f 4353/4353/4353 4312/4312/4312 4354/4354/4354
f 4310/4310/4310 4267/4267/4267 4268/4268/4268
f 4310/4310/4310 4268/4268/4268 4311/4311/4311
f 4311/4311/4311 4268/4268/4268 4269/4269/4269
f 4311/4311/4311 4269/4269/4269 4312/4312/4312
f 4270/4270/4270 4313/4313/4313 4312/4312/4312
f 4270/4270/4270 4312/4312/4312 4269/4269/4269
f 4313/4313/4313 4355/4355/4355 4312/4312/4312
f 4312/4312/4312 4355/4355/4355 4354/4354/4354
f 4073/4073/4073 4038/4038/4038 4039/4039/4039
f 4073/4073/4073 4039/4039/4039 4074/4074/4074
f 4074/4074/4074 4039/4039/4039 4040/4040/4040
f 4074/4074/4074 4040/4040/4040 4075/4075/4075
f 4041/4041/4041 4076/4076/4076 4075/4075/4075
f 4041/4041/4041 4075/4075/4075 4040/4040/4040
f 4148/4148/4148 4110/4110/4110 4111/4111/4111
f 4148/4148/4148 4111/4111/4111 4149/4149/4149
f 4149/4149/4149 4111/4111/4111 4112/4112/4112
f 4149/4149/4149 4112/4112/4112 4150/4150/4150
f 4113/4113/4113 4151/4151/4151 4150/4150/4150
f 4113/4113/4113 4150/4150/4150 4112/4112/4112
f 33/33/33 11/11/11 10/10/10
f 33/33/33 10/10/10 32/32/32
f 77/77/77 55/55/55 54/54/54
f 77/77/77 54/54/54 76/76/76
f 119/119/119 99/99/99 98/98/98
f 119/119/119 98/98/98 118/118/118
f 99/99/99 77/77/77 76/76/76
f 99/99/99 76/76/76 98/98/98
f 11/11/11 463/463/463 462/462/462
f 11/11/11 462/462/462 10/10/10
f 4184/4184/4184 4147/4147/4147 4148/4148/4148
f 4184/4184/4184 4148/4148/4148 4185/4185/4185
f 2477/2477/2477 2351/2351/2351 2352/2352/2352
f 2477/2477/2477 2352/2352/2352 2478/2478/2478
f 2351/2351/2351 2225/2225/2225 2226/2226/2226
f 2351/2351/2351 2226/2226/2226 2352/2352/2352
f 2478/2478/2478 2352/2352/2352 2353/2353/2353
f 2478/2478/2478 2353/2353/2353 2479/2479/2479
f 2352/2352/2352 2226/2226/2226 2227/2227/2227
f 2352/2352/2352 2227/2227/2227 2353/2353/2353
f 2099/2099/2099 1973/1973/1973 1974/1974/1974
f 2099/2099/2099 1974/1974/1974 2100/2100/2100
f 2100/2100/2100 1974/1974/1974 1975/1975/1975
f 2100/2100/2100 1975/1975/1975 2101/2101/2101
f 2225/2225/2225 2099/2099/2099 2100/2100/2100
f 2225/2225/2225 2100/2100/2100 2226/2226/2226
f 2226/2226/2226 2100/2100/2100 2101/2101/2101
f 2226/2226/2226 2101/2101/2101 2227/2227/2227
f 1977/1977/1977 2103/2103/2103 2102/2102/2102
f 1977/1977/1977 2102/2102/2102 1976/1976/1976
f 2103/2103/2103 2229/2229/2229 2228/2228/2228
f 2103/2103/2103 2228/2228/2228 2102/2102/2102
f 1976/1976/1976 2102/2102/2102 2101/2101/2101
f 1976/1976/1976 2101/2101/2101 1975/1975/1975
f 2102/2102/2102 2228/2228/2228 2227/2227/2227
f 2102/2102/2102 2227/2227/2227 2101/2101/2101
f 2355/2355/2355 2481/2481/2481 2480/2480/2480
f 2355/2355/2355 2480/2480/2480 2354/2354/2354
f 2354/2354/2354 2480/2480/2480 2479/2479/2479
f 2354/2354/2354 2479/2479/2479 2353/2353/2353
f 2229/2229/2229 2355/2355/2355 2354/2354/2354
f 2229/2229/2229 2354/2354/2354 2228/2228/2228
f 2228/2228/2228 2354/2354/2354 2353/2353/2353
f 2228/2228/2228 2353/2353/2353 2227/2227/2227
f 3786/3786/3786 3665/3665/3665 3666/3666/3666
f 3786/3786/3786 3666/3666/3666 3667/3667/3667
f 3786/3786/3786 3667/3667/3667 3787/3787/3787
f 3546/3546/3546 3449/3449/3449 3450/3450/3450
f 3546/3546/3546 3450/3450/3450 3547/3547/3547
f 3547/3547/3547 3450/3450/3450 3451/3451/3451
f 3547/3547/3547 3451/3451/3451 3548/3548/3548
f 3665/3665/3665 3546/3546/3546 3547/3547/3547
f 3665/3665/3665 3547/3547/3547 3666/3666/3666
f 3666/3666/3666 3547/3547/3547 3548/3548/3548
f 3666/3666/3666 3548/3548/3548 3667/3667/3667
f 3453/3453/3453 3550/3550/3550 3549/3549/3549
f 3453/3453/3453 3549/3549/3549 3452/3452/3452
f 3550/3550/3550 3668/3668/3668 3549/3549/3549
f 3452/3452/3452 3549/3549/3549 3548/3548/3548
f 3452/3452/3452 3548/3548/3548 3451/3451/3451
f 3549/3549/3549 3668/3668/3668 3667/3667/3667
f 3549/3549/3549 3667/3667/3667 3548/3548/3548
f 3668/3668/3668 3787/3787/3787 3667/3667/3667
f 3449/3449/3449 3328/3328/3328 3329/3329/3329
f 3449/3449/3449 3329/3329/3329 3450/3450/3450
f 3328/3328/3328 3197/3197/3197 3198/3198/3198
f 3328/3328/3328 3198/3198/3198 3329/3329/3329
f 3450/3450/3450 3329/3329/3329 3330/3330/3330
f 3450/3450/3450 3330/3330/3330 3451/3451/3451
f 3329/3329/3329 3198/3198/3198 3199/3199/3199
f 3329/3329/3329 3199/3199/3199 3330/3330/3330
f 3083/3083/3083 2981/2981/2981 2982/2982/2982
f 3083/3083/3083 2982/2982/2982 3084/3084/3084
f 3084/3084/3084 2982/2982/2982 2983/2983/2983
f 3084/3084/3084 2983/2983/2983 3085/3085/3085
f 3197/3197/3197 3083/3083/3083 3084/3084/3084
f 3197/3197/3197 3084/3084/3084 3198/3198/3198
f 3198/3198/3198 3084/3084/3084 3085/3085/3085
f 3198/3198/3198 3085/3085/3085 3199/3199/3199
f 2985/2985/2985 3087/3087/3087 3086/3086/3086
f 2985/2985/2985 3086/3086/3086 2984/2984/2984
f 3087/3087/3087 3201/3201/3201 3200/3200/3200
f 3087/3087/3087 3200/3200/3200 3086/3086/3086
f 2984/2984/2984 3086/3086/3086 3085/3085/3085
f 2984/2984/2984 3085/3085/3085 2983/2983/2983
f 3086/3086/3086 3200/3200/3200 3199/3199/3199
f 3086/3086/3086 3199/3199/3199 3085/3085/3085
f 3332/3332/3332 3453/3453/3453 3452/3452/3452
f 3332/3332/3332 3452/3452/3452 3331/3331/3331
f 3331/3331/3331 3452/3452/3452 3451/3451/3451
f 3331/3331/3331 3451/3451/3451 3330/3330/3330
f 3201/3201/3201 3332/3332/3332 3331/3331/3331
f 3201/3201/3201 3331/3331/3331 3200/3200/3200
f 3200/3200/3200 3331/3331/3331 3330/3330/3330
f 3200/3200/3200 3330/3330/3330 3199/3199/3199
f 2981/2981/2981 2855/2855/2855 2856/2856/2856
f 2981/2981/2981 2856/2856/2856 2982/2982/2982
f 2855/2855/2855 2729/2729/2729 2730/2730/2730
f 2855/2855/2855 2730/2730/2730 2856/2856/2856
f 2982/2982/2982 2856/2856/2856 2857/2857/2857
f 2982/2982/2982 2857/2857/2857 2983/2983/2983
f 2856/2856/2856 2730/2730/2730 2731/2731/2731
f 2856/2856/2856 2731/2731/2731 2857/2857/2857
f 2603/2603/2603 2477/2477/2477 2478/2478/2478
f 2603/2603/2603 2478/2478/2478 2604/2604/2604
f 2604/2604/2604 2478/2478/2478 2479/2479/2479
f 2604/2604/2604 2479/2479/2479 2605/2605/2605
f 2729/2729/2729 2603/2603/2603 2604/2604/2604
f 2729/2729/2729 2604/2604/2604 2730/2730/2730
f 2730/2730/2730 2604/2604/2604 2605/2605/2605
f 2730/2730/2730 2605/2605/2605 2731/2731/2731
f 2481/2481/2481 2607/2607/2607 2606/2606/2606
f 2481/2481/2481 2606/2606/2606 2480/2480/2480
f 2607/2607/2607 2733/2733/2733 2732/2732/2732
f 2607/2607/2607 2732/2732/2732 2606/2606/2606
f 2480/2480/2480 2606/2606/2606 2605/2605/2605
f 2480/2480/2480 2605/2605/2605 2479/2479/2479
f 2606/2606/2606 2732/2732/2732 2731/2731/2731
f 2606/2606/2606 2731/2731/2731 2605/2605/2605
f 2859/2859/2859 2985/2985/2985 2984/2984/2984
f 2859/2859/2859 2984/2984/2984 2858/2858/2858
f 2858/2858/2858 2984/2984/2984 2983/2983/2983
f 2858/2858/2858 2983/2983/2983 2857/2857/2857
f 2733/2733/2733 2859/2859/2859 2858/2858/2858
f 2733/2733/2733 2858/2858/2858 2732/2732/2732
f 2732/2732/2732 2858/2858/2858 2857/2857/2857
f 2732/2732/2732 2857/2857/2857 2731/2731/2731
f 2050/2050/2050 2176/2176/2176 2177/2177/2177
f 2050/2050/2050 2177/2177/2177 2051/2051/2051
f 2176/2176/2176 2302/2302/2302 2303/2303/2303
f 2176/2176/2176 2303/2303/2303 2177/2177/2177
f 2051/2051/2051 2177/2177/2177 2178/2178/2178
f 2051/2051/2051 2178/2178/2178 2052/2052/2052
f 2177/2177/2177 2303/2303/2303 2304/2304/2304
f 2177/2177/2177 2304/2304/2304 2178/2178/2178
f 2428/2428/2428 2554/2554/2554 2555/2555/2555
f 2428/2428/2428 2555/2555/2555 2429/2429/2429
f 2429/2429/2429 2555/2555/2555 2556/2556/2556
f 2429/2429/2429 2556/2556/2556 2430/2430/2430
f 2302/2302/2302 2428/2428/2428 2429/2429/2429
f 2302/2302/2302 2429/2429/2429 2303/2303/2303
f 2303/2303/2303 2429/2429/2429 2430/2430/2430
f 2303/2303/2303 2430/2430/2430 2304/2304/2304
f 2558/2558/2558 2432/2432/2432 2431/2431/2431
f 2558/2558/2558 2431/2431/2431 2557/2557/2557
f 2432/2432/2432 2306/2306/2306 2305/2305/2305
f 2432/2432/2432 2305/2305/2305 2431/2431/2431
f 2557/2557/2557 2431/2431/2431 2430/2430/2430
f 2557/2557/2557 2430/2430/2430 2556/2556/2556
f 2431/2431/2431 2305/2305/2305 2304/2304/2304
f 2431/2431/2431 2304/2304/2304 2430/2430/2430
f 2180/2180/2180 2054/2054/2054 2053/2053/2053
f 2180/2180/2180 2053/2053/2053 2179/2179/2179
f 2179/2179/2179 2053/2053/2053 2052/2052/2052
f 2179/2179/2179 2052/2052/2052 2178/2178/2178
f 2306/2306/2306 2180/2180/2180 2179/2179/2179
f 2306/2306/2306 2179/2179/2179 2305/2305/2305
f 2305/2305/2305 2179/2179/2179 2178/2178/2178
f 2305/2305/2305 2178/2178/2178 2304/2304/2304
f 3500/3500/3500 3618/3618/3618 3619/3619/3619
f 3500/3500/3500 3619/3619/3619 3501/3501/3501
f 3618/3618/3618 3739/3739/3739 3740/3740/3740
f 3618/3618/3618 3740/3740/3740 3619/3619/3619
f 3501/3501/3501 3619/3619/3619 3620/3620/3620
f 3501/3501/3501 3620/3620/3620 3502/3502/3502
f 3619/3619/3619 3740/3740/3740 3741/3741/3741
f 3619/3619/3619 3741/3741/3741 3620/3620/3620
f 3739/3739/3739 4348/4348/4348 3740/3740/3740
f 3740/3740/3740 4348/4348/4348 4349/4349/4349
f 3740/3740/3740 4349/4349/4349 3741/3741/3741
f 4349/4349/4349 3742/3742/3742 3741/3741/3741
f 3622/3622/3622 3504/3504/3504 3503/3503/3503
f 3622/3622/3622 3503/3503/3503 3621/3621/3621
f 3621/3621/3621 3503/3503/3503 3502/3502/3502
f 3621/3621/3621 3502/3502/3502 3620/3620/3620
f 3742/3742/3742 3622/3622/3622 3621/3621/3621
f 3742/3742/3742 3621/3621/3621 3620/3620/3620
f 3742/3742/3742 3620/3620/3620 3741/3741/3741
f 3036/3036/3036 3152/3152/3152 3153/3153/3153
f 3036/3036/3036 3153/3153/3153 3037/3037/3037
f 3152/3152/3152 3270/3270/3270 3271/3271/3271
f 3152/3152/3152 3271/3271/3271 3153/3153/3153
f 3037/3037/3037 3153/3153/3153 3154/3154/3154
f 3037/3037/3037 3154/3154/3154 3038/3038/3038
f 3153/3153/3153 3271/3271/3271 3272/3272/3272
f 3153/3153/3153 3272/3272/3272 3154/3154/3154
f 3401/3401/3401 3500/3500/3500 3501/3501/3501
f 3401/3401/3401 3501/3501/3501 3402/3402/3402
f 3402/3402/3402 3501/3501/3501 3502/3502/3502
f 3402/3402/3402 3502/3502/3502 3403/3403/3403
f 3270/3270/3270 3401/3401/3401 3402/3402/3402
f 3270/3270/3270 3402/3402/3402 3271/3271/3271
f 3271/3271/3271 3402/3402/3402 3403/3403/3403
f 3271/3271/3271 3403/3403/3403 3272/3272/3272
f 3504/3504/3504 3405/3405/3405 3404/3404/3404
f 3504/3504/3504 3404/3404/3404 3503/3503/3503
f 3405/3405/3405 3274/3274/3274 3273/3273/3273
f 3405/3405/3405 3273/3273/3273 3404/3404/3404
f 3503/3503/3503 3404/3404/3404 3403/3403/3403
f 3503/3503/3503 3403/3403/3403 3502/3502/3502
f 3404/3404/3404 3273/3273/3273 3272/3272/3272
f 3404/3404/3404 3272/3272/3272 3403/3403/3403
f 3156/3156/3156 3040/3040/3040 3039/3039/3039
f 3156/3156/3156 3039/3039/3039 3155/3155/3155
f 3155/3155/3155 3039/3039/3039 3038/3038/3038
f 3155/3155/3155 3038/3038/3038 3154/3154/3154
f 3274/3274/3274 3156/3156/3156 3155/3155/3155
f 3274/3274/3274 3155/3155/3155 3273/3273/3273
f 3273/3273/3273 3155/3155/3155 3154/3154/3154
f 3273/3273/3273 3154/3154/3154 3272/3272/3272
f 2554/2554/2554 2680/2680/2680 2681/2681/2681
f 2554/2554/2554 2681/2681/2681 2555/2555/2555
f 2680/2680/2680 2806/2806/2806 2807/2807/2807
f 2680/2680/2680 2807/2807/2807 2681/2681/2681
f 2555/2555/2555 2681/2681/2681 2682/2682/2682
f 2555/2555/2555 2682/2682/2682 2556/2556/2556
f 2681/2681/2681 2807/2807/2807 2808/2808/2808
f 2681/2681/2681 2808/2808/2808 2682/2682/2682
f 2932/2932/2932 3036/3036/3036 3037/3037/3037
f 2932/2932/2932 3037/3037/3037 2933/2933/2933
f 2933/2933/2933 3037/3037/3037 3038/3038/3038
f 2933/2933/2933 3038/3038/3038 2934/2934/2934
f 2806/2806/2806 2932/2932/2932 2933/2933/2933
f 2806/2806/2806 2933/2933/2933 2807/2807/2807
f 2807/2807/2807 2933/2933/2933 2934/2934/2934
f 2807/2807/2807 2934/2934/2934 2808/2808/2808
f 3040/3040/3040 2936/2936/2936 2935/2935/2935
f 3040/3040/3040 2935/2935/2935 3039/3039/3039
f 2936/2936/2936 2810/2810/2810 2809/2809/2809
f 2936/2936/2936 2809/2809/2809 2935/2935/2935
f 3039/3039/3039 2935/2935/2935 2934/2934/2934
f 3039/3039/3039 2934/2934/2934 3038/3038/3038
f 2935/2935/2935 2809/2809/2809 2808/2808/2808
f 2935/2935/2935 2808/2808/2808 2934/2934/2934
f 2684/2684/2684 2558/2558/2558 2557/2557/2557
f 2684/2684/2684 2557/2557/2557 2683/2683/2683
f 2683/2683/2683 2557/2557/2557 2556/2556/2556
f 2683/2683/2683 2556/2556/2556 2682/2682/2682
f 2810/2810/2810 2684/2684/2684 2683/2683/2683
f 2810/2810/2810 2683/2683/2683 2809/2809/2809
f 2809/2809/2809 2683/2683/2683 2682/2682/2682
f 2809/2809/2809 2682/2682/2682 2808/2808/2808
f 4221/4221/4221 4181/4181/4181 4182/4182/4182
f 4221/4221/4221 4182/4182/4182 4222/4222/4222
f 141/141/141 185/185/185 186/186/186
f 141/141/141 186/186/186 142/142/142
f 142/142/142 186/186/186 187/187/187
f 142/142/142 187/187/187 143/143/143
f 230/230/230 275/275/275 276/276/276
f 230/230/230 276/276/276 231/231/231
f 231/231/231 276/276/276 277/277/277
f 231/231/231 277/277/277 232/232/232
f 185/185/185 230/230/230 231/231/231
f 185/185/185 231/231/231 186/186/186
f 186/186/186 231/231/231 232/232/232
f 186/186/186 232/232/232 187/187/187
f 279/279/279 234/234/234 233/233/233
f 279/279/279 233/233/233 278/278/278
f 234/234/234 189/189/189 188/188/188
f 234/234/234 188/188/188 233/233/233
f 278/278/278 233/233/233 232/232/232
f 278/278/278 232/232/232 277/277/277
f 233/233/233 188/188/188 187/187/187
f 233/233/233 187/187/187 232/232/232
f 189/189/189 145/145/145 144/144/144
f 189/189/189 144/144/144 188/188/188
f 188/188/188 144/144/144 143/143/143
f 188/188/188 143/143/143 187/187/187
f 3996/3996/3996 3997/3997/3997 4036/4036/4036
f 4035/4035/4035 3996/3996/3996 4036/4036/4036
f 4348/4348/4348 4306/4306/4306 4307/4307/4307
f 4348/4348/4348 4307/4307/4307 4349/4349/4349
f 4306/4306/4306 4263/4263/4263 4264/4264/4264
f 4306/4306/4306 4264/4264/4264 4307/4307/4307
f 4035/4035/4035 4036/4036/4036 4070/4070/4070
f 4069/4069/4069 4035/4035/4035 4070/4070/4070
f 4144/4144/4144 4106/4106/4106 4107/4107/4107
f 4144/4144/4144 4107/4107/4107 4145/4145/4145
f 553/553/553 583/583/583 584/584/584
f 553/553/553 584/584/584 554/554/554
f 554/554/554 584/584/584 585/585/585
f 554/554/554 585/585/585 555/555/555
f 587/587/587 557/557/557 556/556/556
f 587/587/587 556/556/556 586/586/586
f 586/586/586 556/556/556 555/555/555
f 586/586/586 555/555/555 585/585/585
f 455/455/455 495/495/495 496/496/496
f 455/455/455 496/496/496 456/456/456
f 456/456/456 496/496/496 497/497/497
f 456/456/456 497/497/497 457/457/457
f 499/499/499 459/459/459 458/458/458
f 499/499/499 458/458/458 498/498/498
f 498/498/498 458/458/458 457/457/457
f 498/498/498 457/457/457 497/497/497
f 524/524/524 553/553/553 554/554/554
f 524/524/524 554/554/554 525/525/525
f 525/525/525 554/554/554 555/555/555
f 525/525/525 555/555/555 526/526/526
f 557/557/557 528/528/528 527/527/527
f 557/557/557 527/527/527 556/556/556
f 556/556/556 527/527/527 526/526/526
f 556/556/556 526/526/526 555/555/555
f 583/583/583 620/620/620 621/621/621
f 583/583/583 621/621/621 584/584/584
f 584/584/584 621/621/621 622/622/622
f 584/584/584 622/622/622 585/585/585
f 624/624/624 587/587/587 586/586/586
f 624/624/624 586/586/586 623/623/623
f 623/623/623 586/586/586 585/585/585
f 623/623/623 585/585/585 622/622/622
f 141/141/141 756/756/756 755/755/755
f 141/141/141 755/755/755 140/140/140
f 875/875/875 995/995/995 994/994/994
f 875/875/875 994/994/994 874/874/874
f 756/756/756 875/875/875 874/874/874
f 756/756/756 874/874/874 755/755/755
f 993/993/993 873/873/873 874/874/874
f 993/993/993 874/874/874 994/994/994
f 873/873/873 754/754/754 755/755/755
f 873/873/873 755/755/755 874/874/874
f 754/754/754 139/139/139 140/140/140
f 754/754/754 140/140/140 755/755/755
f 995/995/995 1093/1093/1093 1092/1092/1092
f 995/995/995 1092/1092/1092 994/994/994
f 1093/1093/1093 1215/1215/1215 1214/1214/1214
f 1093/1093/1093 1214/1214/1214 1092/1092/1092
f 1378/1378/1378 1500/1500/1500 1499/1499/1499
f 1378/1378/1378 1499/1499/1499 1377/1377/1377
f 1215/1215/1215 1378/1378/1378 1377/1377/1377
f 1215/1215/1215 1377/1377/1377 1214/1214/1214
f 1498/1498/1498 1302/1302/1302 1376/1376/1376
f 1302/1302/1302 1213/1213/1213 1376/1376/1376
f 1498/1498/1498 1376/1376/1376 1377/1377/1377
f 1498/1498/1498 1377/1377/1377 1499/1499/1499
f 1376/1376/1376 1213/1213/1213 1214/1214/1214
f 1376/1376/1376 1214/1214/1214 1377/1377/1377
f 1091/1091/1091 993/993/993 994/994/994
f 1091/1091/1091 994/994/994 1092/1092/1092
f 1213/1213/1213 1091/1091/1091 1092/1092/1092
f 1213/1213/1213 1092/1092/1092 1214/1214/1214
f 1500/1500/1500 1595/1595/1595 1594/1594/1594
f 1500/1500/1500 1594/1594/1594 1499/1499/1499
f 1595/1595/1595 1721/1721/1721 1720/1720/1720
f 1595/1595/1595 1720/1720/1720 1594/1594/1594
f 1847/1847/1847 1973/1973/1973 1972/1972/1972
f 1847/1847/1847 1972/1972/1972 1846/1846/1846
f 1721/1721/1721 1847/1847/1847 1846/1846/1846
f 1721/1721/1721 1846/1846/1846 1720/1720/1720
f 1971/1971/1971 1845/1845/1845 1846/1846/1846
f 1971/1971/1971 1846/1846/1846 1972/1972/1972
f 1845/1845/1845 1719/1719/1719 1720/1720/1720
f 1845/1845/1845 1720/1720/1720 1846/1846/1846
f 1593/1593/1593 1498/1498/1498 1499/1499/1499
f 1593/1593/1593 1499/1499/1499 1594/1594/1594
f 1719/1719/1719 1593/1593/1593 1594/1594/1594
f 1719/1719/1719 1594/1594/1594 1720/1720/1720
f 1044/1044/1044 947/947/947 946/946/946
f 1044/1044/1044 946/946/946 1043/1043/1043
f 947/947/947 829/829/829 828/828/828
f 947/947/947 828/828/828 946/946/946
f 829/829/829 710/710/710 709/709/709
f 829/829/829 709/709/709 828/828/828
f 708/708/708 827/827/827 828/828/828
f 708/708/708 828/828/828 709/709/709
f 945/945/945 1042/1042/1042 1043/1043/1043
f 945/945/945 1043/1043/1043 946/946/946
f 827/827/827 945/945/945 946/946/946
f 827/827/827 946/946/946 828/828/828
f 1547/1547/1547 1453/1453/1453 1452/1452/1452
f 1547/1547/1547 1452/1452/1452 1546/1546/1546
f 1453/1453/1453 1260/1260/1260 1259/1259/1259
f 1453/1453/1453 1259/1259/1259 1452/1452/1452
f 1168/1168/1168 1044/1044/1044 1043/1043/1043
f 1168/1168/1168 1043/1043/1043 1167/1167/1167
f 1260/1260/1260 1168/1168/1168 1167/1167/1167
f 1260/1260/1260 1167/1167/1167 1259/1259/1259
f 1042/1042/1042 1166/1166/1166 1167/1167/1167
f 1042/1042/1042 1167/1167/1167 1043/1043/1043
f 1166/1166/1166 1258/1258/1258 1259/1259/1259
f 1166/1166/1166 1259/1259/1259 1167/1167/1167
f 1352/1352/1352 1545/1545/1545 1451/1451/1451
f 1451/1451/1451 1545/1545/1545 1546/1546/1546
f 1451/1451/1451 1546/1546/1546 1452/1452/1452
f 1258/1258/1258 1352/1352/1352 1451/1451/1451
f 1258/1258/1258 1451/1451/1451 1452/1452/1452
f 1258/1258/1258 1452/1452/1452 1259/1259/1259
f 2050/2050/2050 1924/1924/1924 1923/1923/1923
f 2050/2050/2050 1923/1923/1923 2049/2049/2049
f 1924/1924/1924 1798/1798/1798 1797/1797/1797
f 1924/1924/1924 1797/1797/1797 1923/1923/1923
f 1672/1672/1672 1547/1547/1547 1546/1546/1546
f 1672/1672/1672 1546/1546/1546 1671/1671/1671
f 1798/1798/1798 1672/1672/1672 1671/1671/1671
f 1798/1798/1798 1671/1671/1671 1797/1797/1797
f 1545/1545/1545 1670/1670/1670 1671/1671/1671
f 1545/1545/1545 1671/1671/1671 1546/1546/1546
f 1670/1670/1670 1796/1796/1796 1797/1797/1797
f 1670/1670/1670 1797/1797/1797 1671/1671/1671
f 1922/1922/1922 2048/2048/2048 2049/2049/2049
f 1922/1922/1922 2049/2049/2049 1923/1923/1923
f 1796/1796/1796 1922/1922/1922 1923/1923/1923
f 1796/1796/1796 1923/1923/1923 1797/1797/1797
f 710/710/710 665/665/665 664/664/664
f 710/710/710 664/664/664 709/709/709
f 665/665/665 620/620/620 619/619/619
f 665/665/665 619/619/619 664/664/664
f 618/618/618 663/663/663 664/664/664
f 618/618/618 664/664/664 619/619/619
f 663/663/663 708/708/708 709/709/709
f 663/663/663 709/709/709 664/664/664
f 3786/3786/3786 3828/3828/3828 3827/3827/3827
f 3786/3786/3786 3827/3827/3827 3785/3785/3785
f 3785/3785/3785 3784/3784/3784 3783/3783/3783
f 3785/3785/3785 3827/3827/3827 3826/3826/3826
f 3785/3785/3785 3826/3826/3826 3784/3784/3784
f 3828/3828/3828 3870/3870/3870 3869/3869/3869
f 3828/3828/3828 3869/3869/3869 3827/3827/3827
f 3827/3827/3827 3869/3869/3869 3868/3868/3868
f 3827/3827/3827 3868/3868/3868 3826/3826/3826
f 3866/3866/3866 3824/3824/3824 3867/3867/3867
f 3824/3824/3824 3825/3825/3825 3867/3867/3867
f 3867/3867/3867 3825/3825/3825 3826/3826/3826
f 3867/3867/3867 3826/3826/3826 3868/3868/3868
f 3782/3782/3782 3783/3783/3783 3784/3784/3784
f 3824/3824/3824 3781/3781/3781 3782/3782/3782
f 3824/3824/3824 3782/3782/3782 3825/3825/3825
f 3825/3825/3825 3782/3782/3782 3784/3784/3784
f 3825/3825/3825 3784/3784/3784 3826/3826/3826
f 455/455/455 410/410/410 409/409/409
f 455/455/455 409/409/409 454/454/454
f 408/408/408 453/453/453 454/454/454
f 408/408/408 454/454/454 409/409/409
f 1209/1209/1209 1210/1210/1210 1299/1299/1299
f 1209/1209/1209 1299/1299/1299 1298/1298/1298
f 1298/1298/1298 1299/1299/1299 1373/1373/1373
f 1298/1298/1298 1373/1373/1373 1372/1372/1372
f 1210/1210/1210 1211/1211/1211 1300/1300/1300
f 1210/1210/1210 1300/1300/1300 1299/1299/1299
f 1299/1299/1299 1300/1300/1300 1374/1374/1374
f 1299/1299/1299 1374/1374/1374 1373/1373/1373
f 1496/1496/1496 1495/1495/1495 1373/1373/1373
f 1496/1496/1496 1373/1373/1373 1374/1374/1374
f 1495/1495/1495 1494/1494/1494 1372/1372/1372
f 1495/1495/1495 1372/1372/1372 1373/1373/1373
f 1254/1254/1254 1255/1255/1255 1163/1163/1163
f 1254/1254/1254 1163/1163/1163 1162/1162/1162
f 1255/1255/1255 1256/1256/1256 1164/1164/1164
f 1255/1255/1255 1164/1164/1164 1163/1163/1163
f 1040/1040/1040 1039/1039/1039 1163/1163/1163
f 1040/1040/1040 1163/1163/1163 1164/1164/1164
f 1039/1039/1039 1038/1038/1038 1162/1162/1162
f 1039/1039/1039 1162/1162/1162 1163/1163/1163
f 1206/1206/1206 1207/1207/1207 1295/1295/1295
f 1207/1207/1207 1296/1296/1296 1295/1295/1295
f 1295/1295/1295 1296/1296/1296 1370/1370/1370
f 1295/1295/1295 1370/1370/1370 1369/1369/1369
f 1492/1492/1492 1491/1491/1491 1369/1369/1369
f 1492/1492/1492 1369/1369/1369 1370/1370/1370
f 1251/1251/1251 1252/1252/1252 1159/1159/1159
f 1252/1252/1252 1160/1160/1160 1159/1159/1159
f 1036/1036/1036 1035/1035/1035 1159/1159/1159
f 1036/1036/1036 1159/1159/1159 1160/1160/1160
f 1207/1207/1207 1208/1208/1208 1297/1297/1297
f 1207/1207/1207 1297/1297/1297 1296/1296/1296
f 1296/1296/1296 1297/1297/1297 1371/1371/1371
f 1296/1296/1296 1371/1371/1371 1370/1370/1370
f 1493/1493/1493 1492/1492/1492 1370/1370/1370
f 1493/1493/1493 1370/1370/1370 1371/1371/1371
f 1212/1212/1212 1211/1211/1211 1089/1089/1089
f 1212/1212/1212 1089/1089/1089 1090/1090/1090
f 991/991/991 992/992/992 1090/1090/1090
f 991/991/991 1090/1090/1090 1089/1089/1089
f 1252/1252/1252 1253/1253/1253 1161/1161/1161
f 1252/1252/1252 1161/1161/1161 1160/1160/1160
f 1037/1037/1037 1036/1036/1036 1160/1160/1160
f 1037/1037/1037 1160/1160/1160 1161/1161/1161
f 1257/1257/1257 1256/1256/1256 1350/1350/1350
f 1257/1257/1257 1350/1350/1350 1351/1351/1351
f 1351/1351/1351 1350/1350/1350 1449/1449/1449
f 1351/1351/1351 1449/1449/1449 1450/1450/1450
f 1543/1543/1543 1544/1544/1544 1450/1450/1450
f 1543/1543/1543 1450/1450/1450 1449/1449/1449
f 1208/1208/1208 1209/1209/1209 1298/1298/1298
f 1208/1208/1208 1298/1298/1298 1297/1297/1297
f 1297/1297/1297 1298/1298/1298 1372/1372/1372
f 1297/1297/1297 1372/1372/1372 1371/1371/1371
f 1494/1494/1494 1493/1493/1493 1371/1371/1371
f 1494/1494/1494 1371/1371/1371 1372/1372/1372
f 1253/1253/1253 1254/1254/1254 1162/1162/1162
f 1253/1253/1253 1162/1162/1162 1161/1161/1161
f 1038/1038/1038 1037/1037/1037 1161/1161/1161
f 1038/1038/1038 1161/1161/1161 1162/1162/1162
f 1369/1369/1369 1491/1491/1491 1295/1295/1295
f 1538/1538/1538 1444/1444/1444 1345/1345/1345
f 1345/1345/1345 1251/1251/1251 1159/1159/1159
f 1345/1345/1345 1159/1159/1159 1251/1251/1251
f 1375/1375/1375 1498/1498/1498 1497/1497/1497
f 1545/1545/1545 1450/1450/1450 1544/1544/1544
f 3482/3482/3482 3714/3714/3714 3594/3594/3594
f 3377/3377/3377 3482/3482/3482 3594/3594/3594
f 4136/4136/4136 4134/4134/4134 4135/4135/4135
f 4134/4134/4134 4133/4133/4133 4135/4135/4135
f 4133/4133/4133 4134/4134/4134 4135/4135/4135
f 4134/4134/4134 4136/4136/4136 4135/4135/4135
f 3714/3714/3714 3482/3482/3482 3594/3594/3594
f 3482/3482/3482 3377/3377/3377 3594/3594/3594
f 4224/4224/4224 4266/4266/4266 4265/4265/4265
f 4224/4224/4224 4265/4265/4265 4223/4223/4223
f 4264/4264/4264 4222/4222/4222 4223/4223/4223
f 4264/4264/4264 4223/4223/4223 4265/4265/4265
f 4478/4478/4478 4492/4492/4492 4491/4491/4491
f 4477/4477/4477 4478/4478/4478 4491/4491/4491
f 3710/3710/3710 4059/4059/4059 4096/4096/4096
f 3710/3710/3710 4096/4096/4096 3712/3712/3712
f 4059/4059/4059 4060/4060/4060 4097/4097/4097
f 4059/4059/4059 4097/4097/4097 4096/4096/4096
f 4061/4061/4061 4062/4062/4062 4099/4099/4099
f 4061/4061/4061 4099/4099/4099 4098/4098/4098
f 4060/4060/4060 4061/4061/4061 4098/4098/4098
f 4060/4060/4060 4098/4098/4098 4097/4097/4097
f 3243/3243/3243 3373/3373/3373 3375/3375/3375
f 3590/3590/3590 3710/3710/3710 3592/3592/3592
f 3592/3592/3592 3710/3710/3710 3712/3712/3712
f 3373/3373/3373 3590/3590/3590 3592/3592/3592
f 3373/3373/3373 3592/3592/3592 3375/3375/3375
f 4064/4064/4064 4065/4065/4065 4102/4102/4102
f 4064/4064/4064 4102/4102/4102 4101/4101/4101
f 492/492/492 29/29/29 51/51/51
f 492/492/492 51/51/51 521/521/521
f 491/491/491 490/490/490 519/519/519
f 491/491/491 519/519/519 520/520/520
f 495/495/495 494/494/494 523/523/523
f 495/495/495 523/523/523 524/524/524
f 494/494/494 493/493/493 522/522/522
f 494/494/494 522/522/522 523/523/523
f 4063/4063/4063 4413/4413/4413 4432/4432/4432
f 4063/4063/4063 4432/4432/4432 4100/4100/4100
f 30/30/30 500/500/500 529/529/529
f 30/30/30 529/529/529 52/52/52
f 500/500/500 499/499/499 528/528/528
f 500/500/500 528/528/528 529/529/529
f 499/499/499 498/498/498 527/527/527
f 499/499/499 527/527/527 528/528/528
f 498/498/498 497/497/497 526/526/526
f 498/498/498 526/526/526 527/527/527
f 496/496/496 495/495/495 524/524/524
f 496/496/496 524/524/524 525/525/525
f 497/497/497 496/496/496 525/525/525
f 497/497/497 525/525/525 526/526/526
f 4070/4070/4070 4106/4106/4106 4069/4069/4069
f 3990/3990/3990 3989/3989/3989 3947/3947/3947
f 3990/3990/3990 3947/3947/3947 3948/3948/3948
f 3988/3988/3988 3987/3987/3987 3945/3945/3945
f 3988/3988/3988 3945/3945/3945 3946/3946/3946
f 3987/3987/3987 3986/3986/3986 3944/3944/3944
f 3987/3987/3987 3944/3944/3944 3945/3945/3945
f 3989/3989/3989 3988/3988/3988 3946/3946/3946
f 3989/3989/3989 3946/3946/3946 3947/3947/3947
f 407/407/407 408/408/408 363/363/363
f 407/407/407 363/363/363 362/362/362
f 273/273/273 272/272/272 317/317/317
f 273/273/273 317/317/317 318/318/318
f 318/318/318 317/317/317 362/362/362
f 318/318/318 362/362/362 363/363/363
f 2521/2521/2521 2395/2395/2395 2393/2393/2393
f 2521/2521/2521 2393/2393/2393 2519/2519/2519
f 2395/2395/2395 2269/2269/2269 2267/2267/2267
f 2395/2395/2395 2267/2267/2267 2393/2393/2393
f 2143/2143/2143 2017/2017/2017 2015/2015/2015
f 2143/2143/2143 2015/2015/2015 2141/2141/2141
f 2269/2269/2269 2143/2143/2143 2141/2141/2141
f 2269/2269/2269 2141/2141/2141 2267/2267/2267
f 2011/2011/2011 2137/2137/2137 2139/2139/2139
f 2011/2011/2011 2139/2139/2139 2013/2013/2013
f 2137/2137/2137 2263/2263/2263 2265/2265/2265
f 2137/2137/2137 2265/2265/2265 2139/2139/2139
f 2013/2013/2013 2139/2139/2139 2141/2141/2141
f 2013/2013/2013 2141/2141/2141 2015/2015/2015
f 2139/2139/2139 2265/2265/2265 2267/2267/2267
f 2139/2139/2139 2267/2267/2267 2141/2141/2141
f 2389/2389/2389 2515/2515/2515 2517/2517/2517
f 2389/2389/2389 2517/2517/2517 2391/2391/2391
f 2391/2391/2391 2517/2517/2517 2519/2519/2519
f 2391/2391/2391 2519/2519/2519 2393/2393/2393
f 2263/2263/2263 2389/2389/2389 2391/2391/2391
f 2263/2263/2263 2391/2391/2391 2265/2265/2265
f 2265/2265/2265 2391/2391/2391 2393/2393/2393
f 2265/2265/2265 2393/2393/2393 2267/2267/2267
f 799/799/799 397/397/397 352/352/352
f 799/799/799 352/352/352 797/797/797
f 397/397/397 398/398/398 353/353/353
f 397/397/397 353/353/353 352/352/352
f 399/399/399 400/400/400 355/355/355
f 399/399/399 355/355/355 354/354/354
f 398/398/398 399/399/399 354/354/354
f 398/398/398 354/354/354 353/353/353
f 265/265/265 264/264/264 309/309/309
f 265/265/265 309/309/309 310/310/310
f 264/264/264 263/263/263 308/308/308
f 264/264/264 308/308/308 309/309/309
f 310/310/310 309/309/309 354/354/354
f 310/310/310 354/354/354 355/355/355
f 309/309/309 308/308/308 353/353/353
f 309/309/309 353/353/353 354/354/354
f 262/262/262 793/793/793 795/795/795
f 262/262/262 795/795/795 307/307/307
f 307/307/307 795/795/795 797/797/797
f 307/307/307 797/797/797 352/352/352
f 263/263/263 262/262/262 307/307/307
f 263/263/263 307/307/307 308/308/308
f 308/308/308 307/307/307 352/352/352
f 308/308/308 352/352/352 353/353/353
f 3944/3944/3944 3943/3943/3943 3901/3901/3901
f 3944/3944/3944 3901/3901/3901 3902/3902/3902
f 3943/3943/3943 3942/3942/3942 3900/3900/3900
f 3943/3943/3943 3900/3900/3900 3901/3901/3901
f 3941/3941/3941 3704/3704/3704 3702/3702/3702
f 3941/3941/3941 3702/3702/3702 3899/3899/3899
f 3942/3942/3942 3941/3941/3941 3899/3899/3899
f 3942/3942/3942 3899/3899/3899 3900/3900/3900
f 3700/3700/3700 3857/3857/3857 3899/3899/3899
f 3700/3700/3700 3899/3899/3899 3702/3702/3702
f 3857/3857/3857 3858/3858/3858 3900/3900/3900
f 3857/3857/3857 3900/3900/3900 3899/3899/3899
f 3859/3859/3859 3860/3860/3860 3902/3902/3902
f 3859/3859/3859 3902/3902/3902 3901/3901/3901
f 3858/3858/3858 3859/3859/3859 3901/3901/3901
f 3858/3858/3858 3901/3901/3901 3900/3900/3900
f 3704/3704/3704 3586/3586/3586 3584/3584/3584
f 3586/3586/3586 3369/3369/3369 3367/3367/3367
f 3586/3586/3586 3367/3367/3367 3584/3584/3584
f 3704/3704/3704 3584/3584/3584 3702/3702/3702
f 3237/3237/3237 3121/3121/3121 3119/3119/3119
f 3237/3237/3237 3119/3119/3119 3235/3235/3235
f 3369/3369/3369 3237/3237/3237 3367/3367/3367
f 3367/3367/3367 3237/3237/3237 3235/3235/3235
f 3117/3117/3117 3233/3233/3233 3119/3119/3119
f 3233/3233/3233 3363/3363/3363 3365/3365/3365
f 3119/3119/3119 3233/3233/3233 3235/3235/3235
f 3233/3233/3233 3365/3365/3365 3367/3367/3367
f 3233/3233/3233 3367/3367/3367 3235/3235/3235
f 3580/3580/3580 3700/3700/3700 3702/3702/3702
f 3580/3580/3580 3702/3702/3702 3582/3582/3582
f 3582/3582/3582 3702/3702/3702 3584/3584/3584
f 3363/3363/3363 3580/3580/3580 3582/3582/3582
f 3363/3363/3363 3582/3582/3582 3365/3365/3365
f 3365/3365/3365 3582/3582/3582 3584/3584/3584
f 3365/3365/3365 3584/3584/3584 3367/3367/3367
f 1421/1421/1421 1324/1324/1324 1322/1322/1322
f 1421/1421/1421 1322/1322/1322 1419/1419/1419
f 1324/1324/1324 1137/1137/1137 1135/1135/1135
f 1324/1324/1324 1135/1135/1135 1322/1322/1322
f 917/917/917 799/799/799 797/797/797
f 917/917/917 797/797/797 915/915/915
f 1137/1137/1137 917/917/917 915/915/915
f 1137/1137/1137 915/915/915 1135/1135/1135
f 793/793/793 911/911/911 913/913/913
f 793/793/793 913/913/913 795/795/795
f 911/911/911 1131/1131/1131 1133/1133/1133
f 911/911/911 1133/1133/1133 913/913/913
f 795/795/795 913/913/913 915/915/915
f 795/795/795 915/915/915 797/797/797
f 913/913/913 1133/1133/1133 1135/1135/1135
f 913/913/913 1135/1135/1135 915/915/915
f 1318/1318/1318 1415/1415/1415 1417/1417/1417
f 1318/1318/1318 1417/1417/1417 1320/1320/1320
f 1320/1320/1320 1417/1417/1417 1419/1419/1419
f 1320/1320/1320 1419/1419/1419 1322/1322/1322
f 1131/1131/1131 1318/1318/1318 1320/1320/1320
f 1131/1131/1131 1320/1320/1320 1133/1133/1133
f 1133/1133/1133 1320/1320/1320 1322/1322/1322
f 1133/1133/1133 1322/1322/1322 1135/1135/1135
f 3121/3121/3121 2899/2899/2899 2897/2897/2897
f 2899/2899/2899 2773/2773/2773 2771/2771/2771
f 2899/2899/2899 2771/2771/2771 2897/2897/2897
f 3121/3121/3121 2897/2897/2897 2895/2895/2895
f 3121/3121/3121 2895/2895/2895 3119/3119/3119
f 2897/2897/2897 2771/2771/2771 2769/2769/2769
f 2897/2897/2897 2769/2769/2769 2895/2895/2895
f 2647/2647/2647 2521/2521/2521 2519/2519/2519
f 2647/2647/2647 2519/2519/2519 2645/2645/2645
f 2773/2773/2773 2647/2647/2647 2645/2645/2645
f 2773/2773/2773 2645/2645/2645 2771/2771/2771
f 2771/2771/2771 2645/2645/2645 2769/2769/2769
f 2515/2515/2515 2641/2641/2641 2643/2643/2643
f 2515/2515/2515 2643/2643/2643 2517/2517/2517
f 2641/2641/2641 2767/2767/2767 2769/2769/2769
f 2641/2641/2641 2769/2769/2769 2643/2643/2643
f 2517/2517/2517 2643/2643/2643 2645/2645/2645
f 2517/2517/2517 2645/2645/2645 2519/2519/2519
f 2643/2643/2643 2769/2769/2769 2645/2645/2645
f 2893/2893/2893 3117/3117/3117 3119/3119/3119
f 2893/2893/2893 3119/3119/3119 2895/2895/2895
f 2767/2767/2767 2893/2893/2893 2895/2895/2895
f 2767/2767/2767 2895/2895/2895 2769/2769/2769
f 2017/2017/2017 1891/1891/1891 1889/1889/1889
f 2017/2017/2017 1889/1889/1889 2015/2015/2015
f 1891/1891/1891 1765/1765/1765 1763/1763/1763
f 1891/1891/1891 1763/1763/1763 1889/1889/1889
f 1639/1639/1639 1421/1421/1421 1419/1419/1419
f 1639/1639/1639 1419/1419/1419 1637/1637/1637
f 1765/1765/1765 1639/1639/1639 1637/1637/1637
f 1765/1765/1765 1637/1637/1637 1763/1763/1763
f 1415/1415/1415 1633/1633/1633 1635/1635/1635
f 1415/1415/1415 1635/1635/1635 1417/1417/1417
f 1633/1633/1633 1759/1759/1759 1761/1761/1761
f 1633/1633/1633 1761/1761/1761 1635/1635/1635
f 1417/1417/1417 1635/1635/1635 1637/1637/1637
f 1417/1417/1417 1637/1637/1637 1419/1419/1419
f 1635/1635/1635 1761/1761/1761 1763/1763/1763
f 1635/1635/1635 1763/1763/1763 1637/1637/1637
f 1885/1885/1885 2011/2011/2011 2013/2013/2013
f 1885/1885/1885 2013/2013/2013 1887/1887/1887
f 1887/1887/1887 2013/2013/2013 2015/2015/2015
f 1887/1887/1887 2015/2015/2015 1889/1889/1889
f 1759/1759/1759 1885/1885/1885 1887/1887/1887
f 1759/1759/1759 1887/1887/1887 1761/1761/1761
f 1761/1761/1761 1887/1887/1887 1889/1889/1889
f 1761/1761/1761 1889/1889/1889 1763/1763/1763
f 401/401/401 402/402/402 357/357/357
f 401/401/401 357/357/357 356/356/356
f 267/267/267 266/266/266 311/311/311
f 267/267/267 311/311/311 312/312/312
f 312/312/312 311/311/311 356/356/356
f 312/312/312 356/356/356 357/357/357
f 3950/3950/3950 3949/3949/3949 3907/3907/3907
f 3950/3950/3950 3907/3907/3907 3908/3908/3908
f 3865/3865/3865 3866/3866/3866 3908/3908/3908
f 3865/3865/3865 3908/3908/3908 3907/3907/3907
f 402/402/402 403/403/403 358/358/358
f 402/402/402 358/358/358 357/357/357
f 268/268/268 267/267/267 312/312/312
f 268/268/268 312/312/312 313/313/313
f 313/313/313 312/312/312 357/357/357
f 313/313/313 357/357/357 358/358/358
f 3949/3949/3949 3948/3948/3948 3906/3906/3906
f 3949/3949/3949 3906/3906/3906 3907/3907/3907
f 3864/3864/3864 3865/3865/3865 3907/3907/3907
f 3864/3864/3864 3907/3907/3907 3906/3906/3906
f 3951/3951/3951 3952/3952/3952 3994/3994/3994
f 3950/3950/3950 3951/3951/3951 3993/3993/3993
f 3950/3950/3950 3993/3993/3993 3992/3992/3992
f 3951/3951/3951 3994/3994/3994 3993/3993/3993
f 3952/3952/3952 3995/3995/3995 3994/3994/3994
f 493/493/493 492/492/492 521/521/521
f 493/493/493 521/521/521 522/522/522
f 2021/2021/2021 2147/2147/2147 2149/2149/2149
f 2021/2021/2021 2149/2149/2149 2023/2023/2023
f 2147/2147/2147 2273/2273/2273 2275/2275/2275
f 2147/2147/2147 2275/2275/2275 2149/2149/2149
f 2399/2399/2399 2525/2525/2525 2527/2527/2527
f 2399/2399/2399 2527/2527/2527 2401/2401/2401
f 2273/2273/2273 2399/2399/2399 2401/2401/2401
f 2273/2273/2273 2401/2401/2401 2275/2275/2275
f 490/490/490 489/489/489 518/518/518
f 490/490/490 518/518/518 519/519/519
f 489/489/489 488/488/488 517/517/517
f 489/489/489 517/517/517 518/518/518
f 487/487/487 803/803/803 805/805/805
f 487/487/487 805/805/805 516/516/516
f 488/488/488 487/487/487 516/516/516
f 488/488/488 516/516/516 517/517/517
f 4096/4096/4096 3714/3714/3714 3712/3712/3712
f 3714/3714/3714 3594/3594/3594 3592/3592/3592
f 3714/3714/3714 3592/3592/3592 3712/3712/3712
f 3594/3594/3594 3377/3377/3377 3375/3375/3375
f 3594/3594/3594 3375/3375/3375 3592/3592/3592
f 3245/3245/3245 3129/3129/3129 3243/3243/3243
f 3377/3377/3377 3245/3245/3245 3375/3375/3375
f 3375/3375/3375 3245/3245/3245 3243/3243/3243
f 3127/3127/3127 3243/3243/3243 3129/3129/3129
f 803/803/803 921/921/921 923/923/923
f 803/803/803 923/923/923 805/805/805
f 921/921/921 1141/1141/1141 1143/1143/1143
f 921/921/921 1143/1143/1143 923/923/923
f 1328/1328/1328 1425/1425/1425 1427/1427/1427
f 1328/1328/1328 1427/1427/1427 1330/1330/1330
f 1141/1141/1141 1328/1328/1328 1330/1330/1330
f 1141/1141/1141 1330/1330/1330 1143/1143/1143
f 2525/2525/2525 2651/2651/2651 2653/2653/2653
f 2525/2525/2525 2653/2653/2653 2527/2527/2527
f 2651/2651/2651 2777/2777/2777 2779/2779/2779
f 2651/2651/2651 2779/2779/2779 2653/2653/2653
f 2903/2903/2903 3127/3127/3127 3129/3129/3129
f 2903/2903/2903 3129/3129/3129 2905/2905/2905
f 2777/2777/2777 2903/2903/2903 2905/2905/2905
f 2777/2777/2777 2905/2905/2905 2779/2779/2779
f 1425/1425/1425 1643/1643/1643 1645/1645/1645
f 1425/1425/1425 1645/1645/1645 1427/1427/1427
f 1643/1643/1643 1769/1769/1769 1771/1771/1771
f 1643/1643/1643 1771/1771/1771 1645/1645/1645
f 1895/1895/1895 2021/2021/2021 2023/2023/2023
f 1895/1895/1895 2023/2023/2023 1897/1897/1897
f 1769/1769/1769 1895/1895/1895 1897/1897/1897
f 1769/1769/1769 1897/1897/1897 1771/1771/1771
f 23/23/23 491/491/491 520/520/520
f 23/23/23 520/520/520 45/45/45
f 4109/4109/4109 4108/4108/4108 4071/4071/4071
f 4109/4109/4109 4071/4071/4071 4072/4072/4072
f 4108/4108/4108 4107/4107/4107 4070/4070/4070
f 4108/4108/4108 4070/4070/4070 4071/4071/4071
f 4110/4110/4110 4109/4109/4109 4072/4072/4072
f 4110/4110/4110 4072/4072/4072 4073/4073/4073
f 4113/4113/4113 4112/4112/4112 4075/4075/4075
f 4113/4113/4113 4075/4075/4075 4076/4076/4076
f 4111/4111/4111 4110/4110/4110 4073/4073/4073
f 4111/4111/4111 4073/4073/4073 4074/4074/4074
f 4112/4112/4112 4111/4111/4111 4074/4074/4074
f 4112/4112/4112 4074/4074/4074 4075/4075/4075
f 4106/4106/4106 4070/4070/4070 4107/4107/4107
f 48/48/48 49/49/49 27/27/27
f 48/48/48 27/27/27 26/26/26
f 49/49/49 50/50/50 28/28/28
f 49/49/49 28/28/28 27/27/27
f 4102/4102/4102 4103/4103/4103 4141/4141/4141
f 4102/4102/4102 4141/4141/4141 4140/4140/4140
f 4103/4103/4103 4104/4104/4104 4141/4141/4141
f 4144/4144/4144 4143/4143/4143 4105/4105/4105
f 4144/4144/4144 4105/4105/4105 4106/4106/4106
f 4143/4143/4143 4142/4142/4142 4104/4104/4104
f 4143/4143/4143 4104/4104/4104 4105/4105/4105
f 4142/4142/4142 4141/4141/4141 4104/4104/4104
f 4099/4099/4099 4100/4100/4100 4138/4138/4138
f 4099/4099/4099 4138/4138/4138 4137/4137/4137
f 4512/4512/4512 4506/4506/4506 4507/4507/4507
f 4512/4512/4512 4511/4511/4511 4506/4506/4506
f 4441/4441/4441 4440/4440/4440 4432/4432/4432
f 4441/4441/4441 4432/4432/4432 4433/4433/4433
f 4511/4511/4511 4441/4441/4441 4433/4433/4433
f 4511/4511/4511 4433/4433/4433 4506/4506/4506
f 4443/4443/4443 4442/4442/4442 4434/4434/4434
f 4443/4443/4443 4434/4434/4434 4435/4435/4435
f 4442/4442/4442 4513/4513/4513 4508/4508/4508
f 4442/4442/4442 4508/4508/4508 4434/4434/4434
f 4435/4435/4435 4101/4101/4101 4139/4139/4139
f 4435/4435/4435 4139/4139/4139 4443/4443/4443
f 4584/4584/4584 4566/4566/4566 4567/4567/4567
f 4584/4584/4584 4567/4567/4567 4585/4585/4585
f 4566/4566/4566 4554/4554/4554 4555/4555/4555
f 4566/4566/4566 4555/4555/4555 4567/4567/4567
f 4526/4526/4526 4465/4465/4465 4466/4466/4466
f 4526/4526/4526 4466/4466/4466 4527/4527/4527
f 4465/4465/4465 4526/4526/4526 4532/4532/4532
f 4465/4465/4465 4532/4532/4532 4479/4479/4479
f 4465/4465/4465 4381/4381/4381 4382/4382/4382
f 4465/4465/4465 4382/4382/4382 4466/4466/4466
f 4381/4381/4381 4401/4401/4401 4402/4402/4402
f 4381/4381/4381 4402/4402/4402 4382/4382/4382
f 4528/4528/4528 4467/4467/4467 4534/4534/4534
f 4480/4480/4480 4534/4534/4534 4467/4467/4467
f 4627/4627/4627 4584/4584/4584 4585/4585/4585
f 4627/4627/4627 4585/4585/4585 4628/4628/4628
f 4588/4588/4588 4631/4631/4631 4587/4587/4587
f 4631/4631/4631 4630/4630/4630 4587/4587/4587
f 4715/4715/4715 4714/4714/4714 4676/4676/4676
f 4715/4715/4715 4676/4676/4676 4677/4677/4677
f 4627/4627/4627 4628/4628/4628 4676/4676/4676
f 4627/4627/4627 4676/4676/4676 4675/4675/4675
f 4628/4628/4628 4629/4629/4629 4677/4677/4677
f 4628/4628/4628 4677/4677/4677 4676/4676/4676
f 4585/4585/4585 4567/4567/4567 4568/4568/4568
f 4585/4585/4585 4568/4568/4568 4586/4586/4586
f 4567/4567/4567 4555/4555/4555 4556/4556/4556
f 4567/4567/4567 4556/4556/4556 4568/4568/4568
f 4527/4527/4527 4466/4466/4466 4467/4467/4467
f 4527/4527/4527 4467/4467/4467 4528/4528/4528
f 4466/4466/4466 4382/4382/4382 4383/4383/4383
f 4466/4466/4466 4383/4383/4383 4467/4467/4467
f 4382/4382/4382 4402/4402/4402 4403/4403/4403
f 4382/4382/4382 4403/4403/4403 4383/4383/4383
f 4628/4628/4628 4585/4585/4585 4629/4629/4629
f 4629/4629/4629 4585/4585/4585 4586/4586/4586
f 4676/4676/4676 4714/4714/4714 4713/4713/4713
f 4676/4676/4676 4713/4713/4713 4675/4675/4675
f 4715/4715/4715 4753/4753/4753 4752/4752/4752
f 4741/4741/4741 4753/4753/4753 4740/4740/4740
f 4715/4715/4715 4752/4752/4752 4714/4714/4714
f 4714/4714/4714 4752/4752/4752 4751/4751/4751
f 4467/4467/4467 4383/4383/4383 4403/4403/4403
f 4526/4526/4526 4527/4527/4527 4533/4533/4533
f 4526/4526/4526 4533/4533/4533 4532/4532/4532
f 4527/4527/4527 4528/4528/4528 4534/4534/4534
f 4527/4527/4527 4534/4534/4534 4533/4533/4533
f 4532/4532/4532 4533/4533/4533 4555/4555/4555
f 4532/4532/4532 4555/4555/4555 4554/4554/4554
f 4533/4533/4533 4534/4534/4534 4556/4556/4556
f 4533/4533/4533 4556/4556/4556 4555/4555/4555
f 4666/4666/4666 4704/4704/4704 4703/4703/4703
f 4666/4666/4666 4703/4703/4703 4665/4665/4665
f 4665/4665/4665 4703/4703/4703 4702/4702/4702
f 4665/4665/4665 4702/4702/4702 4664/4664/4664
f 4704/4704/4704 4742/4742/4742 4741/4741/4741
f 4704/4704/4704 4741/4741/4741 4703/4703/4703
f 4703/4703/4703 4741/4741/4741 4740/4740/4740
f 4703/4703/4703 4740/4740/4740 4702/4702/4702
f 4715/4715/4715 4716/4716/4716 4753/4753/4753
f 4753/4753/4753 4716/4716/4716 4702/4702/4702
f 4753/4753/4753 4702/4702/4702 4740/4740/4740
f 4715/4715/4715 4677/4677/4677 4678/4678/4678
f 4715/4715/4715 4678/4678/4678 4716/4716/4716
f 4716/4716/4716 4678/4678/4678 4664/4664/4664
f 4716/4716/4716 4664/4664/4664 4702/4702/4702
f 4617/4617/4617 4616/4616/4616 4630/4630/4630
f 4618/4618/4618 4666/4666/4666 4665/4665/4665
f 4618/4618/4618 4665/4665/4665 4617/4617/4617
f 4617/4617/4617 4665/4665/4665 4664/4664/4664
f 4617/4617/4617 4664/4664/4664 4616/4616/4616
f 4677/4677/4677 4629/4629/4629 4630/4630/4630
f 4677/4677/4677 4630/4630/4630 4678/4678/4678
f 4678/4678/4678 4630/4630/4630 4616/4616/4616
f 4678/4678/4678 4616/4616/4616 4664/4664/4664
f 4668/4668/4668 4706/4706/4706 4705/4705/4705
f 4668/4668/4668 4705/4705/4705 4667/4667/4667
f 4706/4706/4706 4744/4744/4744 4743/4743/4743
f 4706/4706/4706 4743/4743/4743 4705/4705/4705
f 4742/4742/4742 4704/4704/4704 4705/4705/4705
f 4742/4742/4742 4705/4705/4705 4743/4743/4743
f 4704/4704/4704 4666/4666/4666 4667/4667/4667
f 4704/4704/4704 4667/4667/4667 4705/4705/4705
f 4620/4620/4620 4668/4668/4668 4667/4667/4667
f 4620/4620/4620 4667/4667/4667 4619/4619/4619
f 4666/4666/4666 4618/4618/4618 4619/4619/4619
f 4666/4666/4666 4619/4619/4619 4667/4667/4667
f 4744/4744/4744 4784/4784/4784 4783/4783/4783
f 4744/4744/4744 4783/4783/4783 4743/4743/4743
f 4742/4742/4742 4743/4743/4743 4783/4783/4783
f 4479/4479/4479 4401/4401/4401 4381/4381/4381
f 4479/4479/4479 4381/4381/4381 4465/4465/4465
f 4741/4741/4741 4742/4742/4742 4790/4790/4790
f 4741/4741/4741 4790/4790/4790 4754/4754/4754
f 4754/4754/4754 4790/4790/4790 4789/4789/4789
f 4753/4753/4753 4741/4741/4741 4754/4754/4754
f 4753/4753/4753 4754/4754/4754 4789/4789/4789
f 4742/4742/4742 4782/4782/4782 4790/4790/4790
f 4742/4742/4742 4783/4783/4783 4782/4782/4782
f 4782/4782/4782 4783/4783/4783 4791/4791/4791
f 4782/4782/4782 4791/4791/4791 4790/4790/4790
f 4783/4783/4783 4784/4784/4784 4792/4792/4792
f 4783/4783/4783 4792/4792/4792 4791/4791/4791
f 4744/4744/4744 4706/4706/4706 4707/4707/4707
f 4744/4744/4744 4707/4707/4707 4745/4745/4745
f 4706/4706/4706 4668/4668/4668 4669/4669/4669
f 4706/4706/4706 4669/4669/4669 4707/4707/4707
f 4668/4668/4668 4620/4620/4620 4621/4621/4621
f 4668/4668/4668 4621/4621/4621 4669/4669/4669
f 4784/4784/4784 4744/4744/4744 4745/4745/4745
f 4784/4784/4784 4745/4745/4745 4785/4785/4785
f 4792/4792/4792 4785/4785/4785 4793/4793/4793
f 4792/4792/4792 4784/4784/4784 4785/4785/4785
f 4631/4631/4631 4588/4588/4588 4632/4632/4632
f 4618/4618/4618 4617/4617/4617 4631/4631/4631
f 4617/4617/4617 4630/4630/4630 4631/4631/4631
f 4618/4618/4618 4631/4631/4631 4632/4632/4632
f 4588/4588/4588 4589/4589/4589 4578/4578/4578
f 4589/4589/4589 4590/4590/4590 4579/4579/4579
f 4589/4589/4589 4579/4579/4579 4578/4578/4578
f 4620/4620/4620 4619/4619/4619 4578/4578/4578
f 4620/4620/4620 4578/4578/4578 4579/4579/4579
f 4618/4618/4618 4632/4632/4632 4588/4588/4588
f 4619/4619/4619 4618/4618/4618 4588/4588/4588
f 4619/4619/4619 4588/4588/4588 4578/4578/4578
f 4590/4590/4590 4591/4591/4591 4580/4580/4580
f 4590/4590/4590 4580/4580/4580 4579/4579/4579
f 4621/4621/4621 4620/4620/4620 4579/4579/4579
f 4621/4621/4621 4579/4579/4579 4580/4580/4580
f 4600/4600/4600 4601/4601/4601 4573/4573/4573
f 4600/4600/4600 4573/4573/4573 4572/4572/4572
f 4561/4561/4561 4560/4560/4560 4572/4572/4572
f 4561/4561/4561 4572/4572/4572 4573/4573/4573
f 4543/4543/4543 4544/4544/4544 4494/4494/4494
f 4543/4543/4543 4494/4494/4494 4493/4493/4493
f 4721/4721/4721 4713/4713/4713 4714/4714/4714
f 4721/4721/4721 4714/4714/4714 4722/4722/4722
f 4722/4722/4722 4714/4714/4714 4751/4751/4751
f 4722/4722/4722 4751/4751/4751 4759/4759/4759
f 4532/4532/4532 4493/4493/4493 4479/4479/4479
f 4532/4532/4532 4543/4543/4543 4493/4493/4493
f 4402/4402/4402 4401/4401/4401 4417/4417/4417
f 4402/4402/4402 4417/4417/4417 4418/4418/4418
f 4560/4560/4560 4554/4554/4554 4566/4566/4566
f 4560/4560/4560 4566/4566/4566 4572/4572/4572
f 4584/4584/4584 4600/4600/4600 4572/4572/4572
f 4584/4584/4584 4572/4572/4572 4566/4566/4566
f 4639/4639/4639 4627/4627/4627 4675/4675/4675
f 4639/4639/4639 4675/4675/4675 4683/4683/4683
f 4713/4713/4713 4721/4721/4721 4683/4683/4683
f 4713/4713/4713 4683/4683/4683 4675/4675/4675
f 4602/4602/4602 4586/4586/4586 4568/4568/4568
f 4602/4602/4602 4568/4568/4568 4574/4574/4574
f 4556/4556/4556 4562/4562/4562 4574/4574/4574
f 4556/4556/4556 4574/4574/4574 4568/4568/4568
f 4642/4642/4642 4630/4630/4630 4629/4629/4629
f 4642/4642/4642 4629/4629/4629 4641/4641/4641
f 4493/4493/4493 4494/4494/4494 4418/4418/4418
f 4493/4493/4493 4418/4418/4418 4417/4417/4417
f 4401/4401/4401 4479/4479/4479 4493/4493/4493
f 4401/4401/4401 4493/4493/4493 4417/4417/4417
f 4601/4601/4601 4600/4600/4600 4639/4639/4639
f 4601/4601/4601 4639/4639/4639 4640/4640/4640
f 4586/4586/4586 4602/4602/4602 4641/4641/4641
f 4586/4586/4586 4641/4641/4641 4629/4629/4629
f 4604/4604/4604 4603/4603/4603 4643/4643/4643
f 4604/4604/4604 4588/4588/4588 4587/4587/4587
f 4604/4604/4604 4587/4587/4587 4603/4603/4603
f 4643/4643/4643 4603/4603/4603 4642/4642/4642
f 4603/4603/4603 4587/4587/4587 4630/4630/4630
f 4603/4603/4603 4630/4630/4630 4642/4642/4642
f 4759/4759/4759 4751/4751/4751 4752/4752/4752
f 4759/4759/4759 4752/4752/4752 4760/4760/4760
f 4723/4723/4723 4685/4685/4685 4684/4684/4684
f 4723/4723/4723 4684/4684/4684 4722/4722/4722
f 4685/4685/4685 4641/4641/4641 4640/4640/4640
f 4685/4685/4685 4640/4640/4640 4684/4684/4684
f 4639/4639/4639 4683/4683/4683 4684/4684/4684
f 4639/4639/4639 4684/4684/4684 4640/4640/4640
f 4600/4600/4600 4584/4584/4584 4627/4627/4627
f 4600/4600/4600 4627/4627/4627 4639/4639/4639
f 4601/4601/4601 4602/4602/4602 4574/4574/4574
f 4601/4601/4601 4574/4574/4574 4573/4573/4573
f 4562/4562/4562 4561/4561/4561 4573/4573/4573
f 4562/4562/4562 4573/4573/4573 4574/4574/4574
f 4544/4544/4544 4545/4545/4545 4495/4495/4495
f 4544/4544/4544 4495/4495/4495 4494/4494/4494
f 4403/4403/4403 4402/4402/4402 4418/4418/4418
f 4403/4403/4403 4418/4418/4418 4419/4419/4419
f 4494/4494/4494 4495/4495/4495 4419/4419/4419
f 4494/4494/4494 4419/4419/4419 4418/4418/4418
f 4601/4601/4601 4640/4640/4640 4641/4641/4641
f 4602/4602/4602 4601/4601/4601 4641/4641/4641
f 4722/4722/4722 4684/4684/4684 4721/4721/4721
f 4721/4721/4721 4684/4684/4684 4683/4683/4683
f 4723/4723/4723 4760/4760/4760 4761/4761/4761
f 4723/4723/4723 4722/4722/4722 4760/4760/4760
f 4722/4722/4722 4759/4759/4759 4760/4760/4760
f 4534/4534/4534 4495/4495/4495 4545/4545/4545
f 4543/4543/4543 4560/4560/4560 4561/4561/4561
f 4543/4543/4543 4561/4561/4561 4544/4544/4544
f 4543/4543/4543 4554/4554/4554 4560/4560/4560
f 4543/4543/4543 4532/4532/4532 4554/4554/4554
f 4545/4545/4545 4562/4562/4562 4556/4556/4556
f 4556/4556/4556 4534/4534/4534 4545/4545/4545
f 4544/4544/4544 4561/4561/4561 4562/4562/4562
f 4544/4544/4544 4562/4562/4562 4545/4545/4545
f 4688/4688/4688 4687/4687/4687 4725/4725/4725
f 4688/4688/4688 4725/4725/4725 4726/4726/4726
f 4687/4687/4687 4686/4686/4686 4724/4724/4724
f 4687/4687/4687 4724/4724/4724 4725/4725/4725
f 4686/4686/4686 4685/4685/4685 4723/4723/4723
f 4686/4686/4686 4723/4723/4723 4724/4724/4724
f 4723/4723/4723 4761/4761/4761 4724/4724/4724
f 4762/4762/4762 4763/4763/4763 4726/4726/4726
f 4762/4762/4762 4726/4726/4726 4725/4725/4725
f 4761/4761/4761 4762/4762/4762 4725/4725/4725
f 4761/4761/4761 4725/4725/4725 4724/4724/4724
f 4760/4760/4760 4752/4752/4752 4753/4753/4753
f 4760/4760/4760 4753/4753/4753 4761/4761/4761
f 4790/4790/4790 4800/4800/4800 4799/4799/4799
f 4790/4790/4790 4799/4799/4799 4789/4789/4789
f 4789/4789/4789 4799/4799/4799 4761/4761/4761
f 4789/4789/4789 4761/4761/4761 4753/4753/4753
f 4685/4685/4685 4686/4686/4686 4642/4642/4642
f 4685/4685/4685 4642/4642/4642 4641/4641/4641
f 4687/4687/4687 4688/4688/4688 4644/4644/4644
f 4687/4687/4687 4644/4644/4644 4643/4643/4643
f 4686/4686/4686 4687/4687/4687 4643/4643/4643
f 4686/4686/4686 4643/4643/4643 4642/4642/4642
f 4697/4697/4697 4696/4696/4696 4734/4734/4734
f 4697/4697/4697 4734/4734/4734 4735/4735/4735
f 4695/4695/4695 4688/4688/4688 4726/4726/4726
f 4695/4695/4695 4726/4726/4726 4733/4733/4733
f 4696/4696/4696 4695/4695/4695 4733/4733/4733
f 4696/4696/4696 4733/4733/4733 4734/4734/4734
f 4763/4763/4763 4775/4775/4775 4733/4733/4733
f 4763/4763/4763 4733/4733/4733 4726/4726/4726
f 4775/4775/4775 4776/4776/4776 4734/4734/4734
f 4775/4775/4775 4734/4734/4734 4733/4733/4733
f 4776/4776/4776 4777/4777/4777 4735/4735/4735
f 4776/4776/4776 4735/4735/4735 4734/4734/4734
f 4800/4800/4800 4790/4790/4790 4791/4791/4791
f 4800/4800/4800 4791/4791/4791 4801/4801/4801
f 4792/4792/4792 4802/4802/4802 4801/4801/4801
f 4792/4792/4792 4801/4801/4801 4791/4791/4791
f 4646/4646/4646 4645/4645/4645 4659/4659/4659
f 4659/4659/4659 4645/4645/4645 4658/4658/4658
f 4645/4645/4645 4644/4644/4644 4658/4658/4658
f 4688/4688/4688 4695/4695/4695 4657/4657/4657
f 4688/4688/4688 4657/4657/4657 4644/4644/4644
f 4695/4695/4695 4696/4696/4696 4658/4658/4658
f 4695/4695/4695 4658/4658/4658 4657/4657/4657
f 4657/4657/4657 4658/4658/4658 4644/4644/4644
f 4696/4696/4696 4697/4697/4697 4659/4659/4659
f 4696/4696/4696 4659/4659/4659 4658/4658/4658
f 4604/4604/4604 4605/4605/4605 4588/4588/4588
f 4590/4590/4590 4589/4589/4589 4605/4605/4605
f 4590/4590/4590 4605/4605/4605 4606/4606/4606
f 4589/4589/4589 4588/4588/4588 4605/4605/4605
f 4777/4777/4777 4776/4776/4776 4764/4764/4764
f 4776/4776/4776 4775/4775/4775 4763/4763/4763
f 4776/4776/4776 4763/4763/4763 4764/4764/4764
f 4763/4763/4763 4801/4801/4801 4764/4764/4764
f 4801/4801/4801 4802/4802/4802 4765/4765/4765
f 4801/4801/4801 4765/4765/4765 4764/4764/4764
f 4764/4764/4764 4765/4765/4765 4777/4777/4777
f 4800/4800/4800 4763/4763/4763 4762/4762/4762
f 4800/4800/4800 4762/4762/4762 4799/4799/4799
f 4799/4799/4799 4762/4762/4762 4761/4761/4761
f 4763/4763/4763 4800/4800/4800 4801/4801/4801
f 4698/4698/4698 4697/4697/4697 4735/4735/4735
f 4698/4698/4698 4735/4735/4735 4736/4736/4736
f 4777/4777/4777 4778/4778/4778 4736/4736/4736
f 4777/4777/4777 4736/4736/4736 4735/4735/4735
f 4803/4803/4803 4802/4802/4802 4792/4792/4792
f 4803/4803/4803 4792/4792/4792 4793/4793/4793
f 4647/4647/4647 4646/4646/4646 4659/4659/4659
f 4647/4647/4647 4659/4659/4659 4660/4660/4660
f 4697/4697/4697 4698/4698/4698 4660/4660/4660
f 4697/4697/4697 4660/4660/4660 4659/4659/4659
f 4591/4591/4591 4590/4590/4590 4606/4606/4606
f 4591/4591/4591 4606/4606/4606 4607/4607/4607
f 4802/4802/4802 4803/4803/4803 4766/4766/4766
f 4802/4802/4802 4766/4766/4766 4765/4765/4765
f 4765/4765/4765 4766/4766/4766 4778/4778/4778
f 4765/4765/4765 4778/4778/4778 4777/4777/4777
f 4644/4644/4644 4604/4604/4604 4643/4643/4643
f 4604/4604/4604 4644/4644/4644 4645/4645/4645
f 4604/4604/4604 4645/4645/4645 4605/4605/4605
f 4646/4646/4646 4606/4606/4606 4605/4605/4605
f 4646/4646/4646 4605/4605/4605 4645/4645/4645
f 4606/4606/4606 4646/4646/4646 4647/4647/4647
f 4606/4606/4606 4647/4647/4647 4607/4607/4607
f 3997/3997/3997 3998/3998/3998 4384/4384/4384
f 3997/3997/3997 4384/4384/4384 4383/4383/4383
f 3998/3998/3998 3999/3999/3999 4385/4385/4385
f 3998/3998/3998 4385/4385/4385 4384/4384/4384
f 4480/4480/4480 4467/4467/4467 4468/4468/4468
f 4480/4480/4480 4468/4468/4468 4481/4481/4481
f 4469/4469/4469 4482/4482/4482 4481/4481/4481
f 4469/4469/4469 4481/4481/4481 4468/4468/4468
f 4534/4534/4534 4480/4480/4480 4481/4481/4481
f 4534/4534/4534 4481/4481/4481 4535/4535/4535
f 4482/4482/4482 4536/4536/4536 4535/4535/4535
f 4482/4482/4482 4535/4535/4535 4481/4481/4481
f 4495/4495/4495 4545/4545/4545 4546/4546/4546
f 4495/4495/4495 4546/4546/4546 4496/4496/4496
f 4545/4545/4545 4534/4534/4534 4535/4535/4535
f 4545/4545/4545 4535/4535/4535 4546/4546/4546
f 4536/4536/4536 4547/4547/4547 4546/4546/4546
f 4536/4536/4536 4546/4546/4546 4535/4535/4535
f 4547/4547/4547 4497/4497/4497 4496/4496/4496
f 4547/4547/4547 4496/4496/4496 4546/4546/4546
f 4421/4421/4421 4072/4072/4072 4071/4071/4071
f 4421/4421/4421 4071/4071/4071 4420/4420/4420
f 4070/4070/4070 4419/4419/4419 4420/4420/4420
f 4070/4070/4070 4420/4420/4420 4071/4071/4071
f 4404/4404/4404 4037/4037/4037 4072/4072/4072
f 4404/4404/4404 4072/4072/4072 4421/4421/4421
f 4547/4547/4547 4536/4536/4536 4482/4482/4482
f 4547/4547/4547 4482/4482/4482 4497/4497/4497
f 4385/4385/4385 3999/3999/3999 4037/4037/4037
f 4385/4385/4385 4037/4037/4037 4404/4404/4404
f 4036/4036/4036 3997/3997/3997 4383/4383/4383
f 4036/4036/4036 4383/4383/4383 4403/4403/4403
f 4070/4070/4070 4036/4036/4036 4403/4403/4403
f 4070/4070/4070 4403/4403/4403 4419/4419/4419
f 4403/4403/4403 4467/4467/4467 4480/4480/4480
f 4495/4495/4495 4534/4534/4534 4545/4545/4545
f 4469/4469/4469 4468/4468/4468 4384/4384/4384
f 4469/4469/4469 4384/4384/4384 4385/4385/4385
f 4468/4468/4468 4467/4467/4467 4383/4383/4383
f 4468/4468/4468 4383/4383/4383 4384/4384/4384
f 4495/4495/4495 4496/4496/4496 4420/4420/4420
f 4495/4495/4495 4420/4420/4420 4419/4419/4419
f 4496/4496/4496 4497/4497/4497 4421/4421/4421
f 4496/4496/4496 4421/4421/4421 4420/4420/4420
f 4497/4497/4497 4482/4482/4482 4404/4404/4404
f 4497/4497/4497 4404/4404/4404 4421/4421/4421
f 4482/4482/4482 4469/4469/4469 4385/4385/4385
f 4482/4482/4482 4385/4385/4385 4404/4404/4404
f 4467/4467/4467 4403/4403/4403 4383/4383/4383
f 4467/4467/4467 4403/4403/4403 4480/4480/4480
f 269/269/269 268/268/268 313/313/313
f 269/269/269 313/313/313 314/314/314
f 314/314/314 313/313/313 358/358/358
f 314/314/314 358/358/358 359/359/359
f 403/403/403 404/404/404 359/359/359
f 403/403/403 359/359/359 358/358/358
f 3863/3863/3863 3864/3864/3864 3906/3906/3906
f 3863/3863/3863 3906/3906/3906 3905/3905/3905
f 3948/3948/3948 3947/3947/3947 3905/3905/3905
f 3948/3948/3948 3905/3905/3905 3906/3906/3906
f 3874/3874/3874 3875/3875/3875 3917/3917/3917
f 3874/3874/3874 3917/3917/3917 3916/3916/3916
f 3875/3875/3875 3876/3876/3876 3918/3918/3918
f 3875/3875/3875 3918/3918/3918 3917/3917/3917
f 3916/3916/3916 3917/3917/3917 3959/3959/3959
f 3916/3916/3916 3959/3959/3959 3958/3958/3958
f 3917/3917/3917 3918/3918/3918 3960/3960/3960
f 3917/3917/3917 3960/3960/3960 3959/3959/3959
f 3876/3876/3876 3877/3877/3877 3919/3919/3919
f 3876/3876/3876 3919/3919/3919 3918/3918/3918
f 3918/3918/3918 3919/3919/3919 3961/3961/3961
f 3918/3918/3918 3961/3961/3961 3960/3960/3960
f 4003/4003/4003 4002/4002/4002 3960/3960/3960
f 4003/4003/4003 3960/3960/3960 3961/3961/3961
f 4001/4001/4001 4000/4000/4000 3958/3958/3958
f 4001/4001/4001 3958/3958/3958 3959/3959/3959
f 4002/4002/4002 4001/4001/4001 3959/3959/3959
f 4002/4002/4002 3959/3959/3959 3960/3960/3960
f 3860/3860/3860 3861/3861/3861 3903/3903/3903
f 3860/3860/3860 3903/3903/3903 3902/3902/3902
f 3861/3861/3861 3862/3862/3862 3904/3904/3904
f 3861/3861/3861 3904/3904/3904 3903/3903/3903
f 3946/3946/3946 3945/3945/3945 3903/3903/3903
f 3946/3946/3946 3903/3903/3903 3904/3904/3904
f 3945/3945/3945 3944/3944/3944 3902/3902/3902
f 3945/3945/3945 3902/3902/3902 3903/3903/3903
f 272/272/272 271/271/271 316/316/316
f 272/272/272 316/316/316 317/317/317
f 317/317/317 316/316/316 361/361/361
f 317/317/317 361/361/361 362/362/362
f 406/406/406 407/407/407 362/362/362
f 406/406/406 362/362/362 361/361/361
f 271/271/271 270/270/270 315/315/315
f 271/271/271 315/315/315 316/316/316
f 316/316/316 315/315/315 360/360/360
f 316/316/316 360/360/360 361/361/361
f 270/270/270 269/269/269 314/314/314
f 270/270/270 314/314/314 315/315/315
f 315/315/315 314/314/314 359/359/359
f 315/315/315 359/359/359 360/360/360
f 404/404/404 405/405/405 360/360/360
f 404/404/404 360/360/360 359/359/359
f 405/405/405 406/406/406 361/361/361
f 405/405/405 361/361/361 360/360/360
f 3862/3862/3862 3863/3863/3863 3905/3905/3905
f 3862/3862/3862 3905/3905/3905 3904/3904/3904
f 3947/3947/3947 3946/3946/3946 3904/3904/3904
f 3947/3947/3947 3904/3904/3904 3905/3905/3905
f 266/266/266 265/265/265 310/310/310
f 266/266/266 310/310/310 311/311/311
f 311/311/311 310/310/310 355/355/355
f 311/311/311 355/355/355 356/356/356
f 400/400/400 401/401/401 356/356/356
f 400/400/400 356/356/356 355/355/355
f 275/275/275 274/274/274 319/319/319
f 275/275/275 319/319/319 320/320/320
f 320/320/320 319/319/319 364/364/364
f 320/320/320 364/364/364 365/365/365
f 274/274/274 273/273/273 318/318/318
f 274/274/274 318/318/318 319/319/319
f 319/319/319 318/318/318 363/363/363
f 319/319/319 363/363/363 364/364/364
f 408/408/408 409/409/409 364/364/364
f 408/408/408 364/364/364 363/363/363
f 409/409/409 410/410/410 365/365/365
f 409/409/409 365/365/365 364/364/364
f 281/281/281 280/280/280 325/325/325
f 281/281/281 325/325/325 326/326/326
f 326/326/326 325/325/325 370/370/370
f 326/326/326 370/370/370 371/371/371
f 415/415/415 416/416/416 371/371/371
f 415/415/415 371/371/371 370/370/370
f 3871/3871/3871 3872/3872/3872 3914/3914/3914
f 3871/3871/3871 3914/3914/3914 3913/3913/3913
f 3913/3913/3913 3914/3914/3914 3956/3956/3956
f 3913/3913/3913 3956/3956/3956 3955/3955/3955
f 3872/3872/3872 3873/3873/3873 3915/3915/3915
f 3872/3872/3872 3915/3915/3915 3914/3914/3914
f 3914/3914/3914 3915/3915/3915 3957/3957/3957
f 3914/3914/3914 3957/3957/3957 3956/3956/3956
f 3999/3999/3999 3998/3998/3998 3956/3956/3956
f 3999/3999/3999 3956/3956/3956 3957/3957/3957
f 3998/3998/3998 3997/3997/3997 3955/3955/3955
f 3998/3998/3998 3955/3955/3955 3956/3956/3956
f 282/282/282 281/281/281 326/326/326
f 282/282/282 326/326/326 327/327/327
f 327/327/327 326/326/326 371/371/371
f 327/327/327 371/371/371 372/372/372
f 416/416/416 417/417/417 372/372/372
f 416/416/416 372/372/372 371/371/371
f 283/283/283 282/282/282 327/327/327
f 283/283/283 327/327/327 328/328/328
f 328/328/328 327/327/327 372/372/372
f 328/328/328 372/372/372 373/373/373
f 417/417/417 418/418/418 373/373/373
f 417/417/417 373/373/373 372/372/372
f 280/280/280 279/279/279 324/324/324
f 280/280/280 324/324/324 325/325/325
f 325/325/325 324/324/324 369/369/369
f 325/325/325 369/369/369 370/370/370
f 414/414/414 415/415/415 370/370/370
f 414/414/414 370/370/370 369/369/369
f 3870/3870/3870 3871/3871/3871 3913/3913/3913
f 3870/3870/3870 3913/3913/3913 3912/3912/3912
f 3912/3912/3912 3913/3913/3913 3955/3955/3955
f 3912/3912/3912 3955/3955/3955 3954/3954/3954
f 3997/3997/3997 3996/3996/3996 3954/3954/3954
f 3997/3997/3997 3954/3954/3954 3955/3955/3955
f 3873/3873/3873 3874/3874/3874 3916/3916/3916
f 3873/3873/3873 3916/3916/3916 3915/3915/3915
f 3915/3915/3915 3916/3916/3916 3958/3958/3958
f 3915/3915/3915 3958/3958/3958 3957/3957/3957
f 4000/4000/4000 3999/3999/3999 3957/3957/3957
f 4000/4000/4000 3957/3957/3957 3958/3958/3958
f 279/279/279 278/278/278 323/323/323
f 279/279/279 323/323/323 324/324/324
f 278/278/278 277/277/277 322/322/322
f 278/278/278 322/322/322 323/323/323
f 324/324/324 323/323/323 368/368/368
f 324/324/324 368/368/368 369/369/369
f 323/323/323 322/322/322 367/367/367
f 323/323/323 367/367/367 368/368/368
f 276/276/276 275/275/275 320/320/320
f 276/276/276 320/320/320 321/321/321
f 321/321/321 320/320/320 365/365/365
f 321/321/321 365/365/365 366/366/366
f 277/277/277 276/276/276 321/321/321
f 277/277/277 321/321/321 322/322/322
f 322/322/322 321/321/321 366/366/366
f 322/322/322 366/366/366 367/367/367
f 410/410/410 411/411/411 366/366/366
f 410/410/410 366/366/366 365/365/365
f 411/411/411 412/412/412 367/367/367
f 411/411/411 367/367/367 366/366/366
f 413/413/413 414/414/414 369/369/369
f 413/413/413 369/369/369 368/368/368
f 412/412/412 413/413/413 368/368/368
f 412/412/412 368/368/368 367/367/367
f 3866/3866/3866 3867/3867/3867 3909/3909/3909
f 3866/3866/3866 3909/3909/3909 3908/3908/3908
f 3867/3867/3867 3868/3868/3868 3910/3910/3910
f 3867/3867/3867 3910/3910/3910 3909/3909/3909
f 3869/3869/3869 3870/3870/3870 3912/3912/3912
f 3869/3869/3869 3912/3912/3912 3911/3911/3911
f 3911/3911/3911 3912/3912/3912 3954/3954/3954
f 3911/3911/3911 3954/3954/3954 3953/3953/3953
f 3868/3868/3868 3869/3869/3869 3911/3911/3911
f 3868/3868/3868 3911/3911/3911 3910/3910/3910
f 3910/3910/3910 3911/3911/3911 3953/3953/3953
f 3996/3996/3996 3995/3995/3995 3953/3953/3953
f 3996/3996/3996 3953/3953/3953 3954/3954/3954
f 3995/3995/3995 3952/3952/3952 3953/3953/3953
f 3953/3953/3953 3952/3952/3952 3910/3910/3910
f 3951/3951/3951 3950/3950/3950 3908/3908/3908
f 3951/3951/3951 3908/3908/3908 3909/3909/3909
f 3952/3952/3952 3951/3951/3951 3909/3909/3909
f 3952/3952/3952 3909/3909/3909 3910/3910/3910
f 272/272/272 273/273/273 228/228/228
f 272/272/272 228/228/228 227/227/227
f 227/227/227 228/228/228 183/183/183
f 227/227/227 183/183/183 182/182/182
f 139/139/139 138/138/138 182/182/182
f 139/139/139 182/182/182 183/183/183
f 2515/2515/2515 2389/2389/2389 2387/2387/2387
f 2515/2515/2515 2387/2387/2387 2513/2513/2513
f 2389/2389/2389 2263/2263/2263 2261/2261/2261
f 2389/2389/2389 2261/2261/2261 2387/2387/2387
f 2513/2513/2513 2387/2387/2387 2385/2385/2385
f 2513/2513/2513 2385/2385/2385 2511/2511/2511
f 2387/2387/2387 2261/2261/2261 2259/2259/2259
f 2387/2387/2387 2259/2259/2259 2385/2385/2385
f 2137/2137/2137 2011/2011/2011 2009/2009/2009
f 2137/2137/2137 2009/2009/2009 2135/2135/2135
f 2135/2135/2135 2009/2009/2009 2007/2007/2007
f 2135/2135/2135 2007/2007/2007 2133/2133/2133
f 2263/2263/2263 2137/2137/2137 2135/2135/2135
f 2263/2263/2263 2135/2135/2135 2261/2261/2261
f 2261/2261/2261 2135/2135/2135 2133/2133/2133
f 2261/2261/2261 2133/2133/2133 2259/2259/2259
f 1958/1958/1958 2084/2084/2084 2133/2133/2133
f 1958/1958/1958 2133/2133/2133 2007/2007/2007
f 2084/2084/2084 2210/2210/2210 2259/2259/2259
f 2084/2084/2084 2259/2259/2259 2133/2133/2133
f 2336/2336/2336 2462/2462/2462 2511/2511/2511
f 2336/2336/2336 2511/2511/2511 2385/2385/2385
f 2210/2210/2210 2336/2336/2336 2385/2385/2385
f 2210/2210/2210 2385/2385/2385 2259/2259/2259
f 793/793/793 262/262/262 217/217/217
f 793/793/793 217/217/217 791/791/791
f 262/262/262 263/263/263 218/218/218
f 262/262/262 218/218/218 217/217/217
f 791/791/791 217/217/217 172/172/172
f 791/791/791 172/172/172 789/789/789
f 217/217/217 218/218/218 173/173/173
f 217/217/217 173/173/173 172/172/172
f 264/264/264 265/265/265 220/220/220
f 264/264/264 220/220/220 219/219/219
f 219/219/219 220/220/220 175/175/175
f 219/219/219 175/175/175 174/174/174
f 263/263/263 264/264/264 219/219/219
f 263/263/263 219/219/219 218/218/218
f 218/218/218 219/219/219 174/174/174
f 218/218/218 174/174/174 173/173/173
f 131/131/131 130/130/130 174/174/174
f 131/131/131 174/174/174 175/175/175
f 130/130/130 129/129/129 173/173/173
f 130/130/130 173/173/173 174/174/174
f 743/743/743 742/742/742 789/789/789
f 743/743/743 789/789/789 172/172/172
f 129/129/129 743/743/743 172/172/172
f 129/129/129 172/172/172 173/173/173
f 3860/3860/3860 3859/3859/3859 3817/3817/3817
f 3860/3860/3860 3817/3817/3817 3818/3818/3818
f 3859/3859/3859 3858/3858/3858 3816/3816/3816
f 3859/3859/3859 3816/3816/3816 3817/3817/3817
f 3857/3857/3857 3700/3700/3700 3815/3815/3815
f 3815/3815/3815 3700/3700/3700 3698/3698/3698
f 3858/3858/3858 3857/3857/3857 3815/3815/3815
f 3858/3858/3858 3815/3815/3815 3816/3816/3816
f 3650/3650/3650 3651/3651/3651 3772/3772/3772
f 3651/3651/3651 3773/3773/3773 3772/3772/3772
f 3650/3650/3650 3772/3772/3772 3815/3815/3815
f 3650/3650/3650 3815/3815/3815 3698/3698/3698
f 3772/3772/3772 3773/3773/3773 3816/3816/3816
f 3772/3772/3772 3816/3816/3816 3815/3815/3815
f 3774/3774/3774 3775/3775/3775 3818/3818/3818
f 3774/3774/3774 3818/3818/3818 3817/3817/3817
f 3773/3773/3773 3774/3774/3774 3817/3817/3817
f 3773/3773/3773 3817/3817/3817 3816/3816/3816
f 3700/3700/3700 3580/3580/3580 3578/3578/3578
f 3700/3700/3700 3578/3578/3578 3698/3698/3698
f 3580/3580/3580 3363/3363/3363 3361/3361/3361
f 3580/3580/3580 3361/3361/3361 3578/3578/3578
f 3233/3233/3233 3117/3117/3117 3115/3115/3115
f 3233/3233/3233 3115/3115/3115 3231/3231/3231
f 3231/3231/3231 3115/3115/3115 3015/3015/3015
f 3231/3231/3231 3015/3015/3015 3229/3229/3229
f 3363/3363/3363 3233/3233/3233 3231/3231/3231
f 3363/3363/3363 3231/3231/3231 3229/3229/3229
f 3363/3363/3363 3229/3229/3229 3361/3361/3361
f 2966/2966/2966 3184/3184/3184 3015/3015/3015
f 3015/3015/3015 3184/3184/3184 3229/3229/3229
f 3184/3184/3184 3314/3314/3314 3361/3361/3361
f 3184/3184/3184 3361/3361/3361 3229/3229/3229
f 3435/3435/3435 3650/3650/3650 3434/3434/3434
f 3434/3434/3434 3650/3650/3650 3698/3698/3698
f 3434/3434/3434 3698/3698/3698 3578/3578/3578
f 3314/3314/3314 3435/3435/3435 3434/3434/3434
f 3314/3314/3314 3434/3434/3434 3578/3578/3578
f 3314/3314/3314 3578/3578/3578 3361/3361/3361
f 1415/1415/1415 1318/1318/1318 1316/1316/1316
f 1415/1415/1415 1316/1316/1316 1413/1413/1413
f 1318/1318/1318 1131/1131/1131 1129/1129/1129
f 1318/1318/1318 1129/1129/1129 1316/1316/1316
f 1413/1413/1413 1316/1316/1316 1314/1314/1314
f 1413/1413/1413 1314/1314/1314 1411/1411/1411
f 1316/1316/1316 1129/1129/1129 1127/1127/1127
f 1316/1316/1316 1127/1127/1127 1314/1314/1314
f 911/911/911 793/793/793 791/791/791
f 911/911/911 791/791/791 909/909/909
f 909/909/909 791/791/791 789/789/789
f 909/909/909 789/789/789 907/907/907
f 1131/1131/1131 911/911/911 909/909/909
f 1131/1131/1131 909/909/909 1129/1129/1129
f 1129/1129/1129 909/909/909 907/907/907
f 1129/1129/1129 907/907/907 1127/1127/1127
f 742/742/742 980/980/980 907/907/907
f 742/742/742 907/907/907 789/789/789
f 980/980/980 1078/1078/1078 1127/1127/1127
f 980/980/980 1127/1127/1127 907/907/907
f 1292/1292/1292 1364/1364/1364 1411/1411/1411
f 1292/1292/1292 1411/1411/1411 1314/1314/1314
f 1078/1078/1078 1292/1292/1292 1314/1314/1314
f 1078/1078/1078 1314/1314/1314 1127/1127/1127
f 3117/3117/3117 2893/2893/2893 2891/2891/2891
f 3117/3117/3117 2891/2891/2891 3115/3115/3115
f 2893/2893/2893 2767/2767/2767 2765/2765/2765
f 2893/2893/2893 2765/2765/2765 2891/2891/2891
f 3115/3115/3115 2891/2891/2891 2889/2889/2889
f 3115/3115/3115 2889/2889/2889 3015/3015/3015
f 2891/2891/2891 2765/2765/2765 2763/2763/2763
f 2891/2891/2891 2763/2763/2763 2889/2889/2889
f 2641/2641/2641 2515/2515/2515 2513/2513/2513
f 2641/2641/2641 2513/2513/2513 2639/2639/2639
f 2639/2639/2639 2513/2513/2513 2511/2511/2511
f 2639/2639/2639 2511/2511/2511 2637/2637/2637
f 2767/2767/2767 2641/2641/2641 2639/2639/2639
f 2767/2767/2767 2639/2639/2639 2765/2765/2765
f 2765/2765/2765 2639/2639/2639 2637/2637/2637
f 2765/2765/2765 2637/2637/2637 2763/2763/2763
f 2462/2462/2462 2588/2588/2588 2637/2637/2637
f 2462/2462/2462 2637/2637/2637 2511/2511/2511
f 2588/2588/2588 2714/2714/2714 2763/2763/2763
f 2588/2588/2588 2763/2763/2763 2637/2637/2637
f 2840/2840/2840 2966/2966/2966 3015/3015/3015
f 2840/2840/2840 3015/3015/3015 2889/2889/2889
f 2714/2714/2714 2840/2840/2840 2889/2889/2889
f 2714/2714/2714 2889/2889/2889 2763/2763/2763
f 2011/2011/2011 1885/1885/1885 1883/1883/1883
f 2011/2011/2011 1883/1883/1883 2009/2009/2009
f 1885/1885/1885 1759/1759/1759 1757/1757/1757
f 1885/1885/1885 1757/1757/1757 1883/1883/1883
f 2009/2009/2009 1883/1883/1883 1881/1881/1881
f 2009/2009/2009 1881/1881/1881 2007/2007/2007
f 1883/1883/1883 1757/1757/1757 1755/1755/1755
f 1883/1883/1883 1755/1755/1755 1881/1881/1881
f 1633/1633/1633 1415/1415/1415 1413/1413/1413
f 1633/1633/1633 1413/1413/1413 1631/1631/1631
f 1631/1631/1631 1413/1413/1413 1411/1411/1411
f 1631/1631/1631 1411/1411/1411 1629/1629/1629
f 1759/1759/1759 1633/1633/1633 1631/1631/1631
f 1759/1759/1759 1631/1631/1631 1757/1757/1757
f 1757/1757/1757 1631/1631/1631 1629/1629/1629
f 1757/1757/1757 1629/1629/1629 1755/1755/1755
f 1364/1364/1364 1580/1580/1580 1629/1629/1629
f 1364/1364/1364 1629/1629/1629 1411/1411/1411
f 1580/1580/1580 1706/1706/1706 1755/1755/1755
f 1580/1580/1580 1755/1755/1755 1629/1629/1629
f 1832/1832/1832 1958/1958/1958 2007/2007/2007
f 1832/1832/1832 2007/2007/2007 1881/1881/1881
f 1706/1706/1706 1832/1832/1832 1881/1881/1881
f 1706/1706/1706 1881/1881/1881 1755/1755/1755
f 266/266/266 267/267/267 222/222/222
f 266/266/266 222/222/222 221/221/221
f 221/221/221 222/222/222 177/177/177
f 221/221/221 177/177/177 176/176/176
f 133/133/133 132/132/132 176/176/176
f 133/133/133 176/176/176 177/177/177
f 3866/3866/3866 3865/3865/3865 3823/3823/3823
f 3866/3866/3866 3823/3823/3823 3824/3824/3824
f 3780/3780/3780 3781/3781/3781 3824/3824/3824
f 3780/3780/3780 3824/3824/3824 3823/3823/3823
f 267/267/267 268/268/268 223/223/223
f 267/267/267 223/223/223 222/222/222
f 222/222/222 223/223/223 178/178/178
f 222/222/222 178/178/178 177/177/177
f 134/134/134 133/133/133 177/177/177
f 134/134/134 177/177/177 178/178/178
f 3865/3865/3865 3864/3864/3864 3822/3822/3822
f 3865/3865/3865 3822/3822/3822 3823/3823/3823
f 3779/3779/3779 3780/3780/3780 3823/3823/3823
f 3779/3779/3779 3823/3823/3823 3822/3822/3822
