
# Vertices

v -1.1207371 2.2656872 -5.205597
v -0.86392266 2.2859633 -5.1106114
v -0.83777416 2.2581894 -5.1907954
v -0.6190885 2.2160757 -5.1607084
v -0.022637324 2.2175279 -5.184428
v 0.5738138 2.2160757 -5.1607084
v 0.7973854 2.2633786 -5.1758127
v 1.0558912 2.2602155 -5.2133274
v 1.1391419 2.28349 -5.180444
v -1.3981152 0.7392627 -4.8810363
v -0.49787778 0.7267618 -4.911438
v -0.42687172 0.70829916 -4.9115133
v -0.23911786 0.6688302 -4.9115562
v -0.022637323 0.67034024 -4.9113183
v 0.21092449 0.6879195 -4.918442
v 0.43573824 0.7197233 -4.9104548
v 1.3528403 0.7392626 -4.881036
v -0.61409974 0.90351695 -4.893892
v -0.40367407 0.93093765 -4.9154687
v -0.022637323 0.94972014 -4.926865
v 0.31127208 0.88821536 -4.949276
v 0.3970784 0.9344347 -4.90188
v 0.5921863 0.9154424 -4.894042
v -0.6334441 1.0642804 -4.9108663
v -0.45534134 1.1139231 -4.903929
v -0.022637324 1.1145347 -4.906857
v 0.4216784 1.1078905 -4.9059935
v 0.60523546 1.0641614 -4.908859
v -1.346906 2.356966 -4.95359
v -1.0978442 2.2193694 -4.995602
v -0.9892155 2.230667 -5.010991
v -0.82112473 2.2609913 -4.9539185
v -0.6190885 2.244487 -5.0441365
v -0.022637323 2.2444541 -5.061868
v 0.57381386 2.244487 -5.0441365
v 0.79758096 2.2635026 -4.9551854
v 1.013315 2.2195508 -5.0129814
v 1.2619349 2.3477612 -4.9686832
v 1.3917785 2.3778694 -4.9193153
v -1.7176994 2.4599953 -4.943001
v -1.4850134 2.4309034 -5.0013895
v -1.40841 2.3872337 -4.957273
v -0.87009484 2.381058 -4.927276
v -0.8207181 2.381058 -4.927276
v 0.8003212 2.381058 -4.927276
v 1.2999191 2.3859499 -5.045246
v 1.4161221 2.4103615 -4.9624553
v 1.6724244 2.4599953 -4.9430013
v -1.5084796 0.3561862 -4.709382
v -1.4048047 0.33932632 -4.700586
v -0.24971078 0.327778 -4.7374754
v 0.20443611 0.327778 -4.7374754
v 1.4297216 0.35074112 -4.706541
v -1.5311347 0.4288858 -4.7399077
v -0.33452758 0.5079271 -4.837664
v -0.24451108 0.57454014 -4.7783422
v -0.022637323 0.5732636 -4.7783422
v 0.2702868 0.5219623 -4.8251657
v 1.4858601 0.42888576 -4.7399073
v -1.4983679 0.7110682 -4.8209653
v -1.4438027 0.72351086 -4.8286753
v -1.1139773 0.6846497 -4.7842836
v -0.74327576 0.6846499 -4.784284
v -0.4636983 0.75740784 -4.84958
v -0.32702708 0.6691583 -4.7518206
v -0.2517067 0.69622195 -4.7422156
v -0.02263732 0.6968112 -4.743013
v 0.26948953 0.67356455 -4.750257
v 0.41842362 0.75740784 -4.84958
v 0.6980011 0.6846497 -4.7842836
v 1.0687025 0.6846497 -4.7842836
v 1.4123826 0.7203516 -4.826718
v -1.9666027 0.92018443 -4.6835127
v -1.7625171 0.866055 -4.731384
v -1.5035211 0.893188 -4.7320557
v -1.3612767 0.86130095 -4.798849
v -1.2399284 0.9303339 -4.844903
v -0.5024559 0.81279224 -4.8699594
v -0.3457624 0.84373367 -4.7824974
v -0.022637324 0.8760835 -4.7239466
v 0.27618757 0.8712251 -4.7481594
v 0.40382794 0.8015693 -4.8600984
v 1.2456498 0.9043099 -4.828301
v 1.4482367 0.88671505 -4.7351155
v 1.6451097 0.93329513 -4.7336764
v 1.8292282 0.84834623 -4.69175
v -1.9732653 1.1141394 -4.714101
v -1.7661355 1.1007947 -4.7661715
v -1.5652891 1.0894676 -4.7757454
v -1.3521829 1.1416 -4.8181877
v -1.2289052 1.1204675 -4.8320913
v -0.8431487 1.1634133 -4.8330684
v -0.6348941 1.1492501 -4.8501587
v -0.45903587 1.1527543 -4.848426
v -0.02263732 1.1530985 -4.847943
v 0.43265966 1.1520927 -4.8501363
v 0.60515326 1.1492035 -4.848907
v 0.7978738 1.1634133 -4.8330684
v 1.1252594 1.1619064 -4.8137317
v 1.2412835 1.1220717 -4.829603
v 1.4787428 1.0758536 -4.789596
v 1.6471149 1.102316 -4.7594824
v 1.8661672 1.0913458 -4.731769
v 1.9471406 1.1626426 -4.7026057
v -1.7067521 1.3154364 -4.7489395
v -1.3523594 1.3393974 -4.770624
v -1.1663374 1.2633607 -4.732633
v -0.8419474 1.2486205 -4.781516
v -0.46286944 1.2275878 -4.8720517
v -0.40287858 1.2620474 -4.795586
v -0.022637324 1.2556142 -4.808357
v 0.33348912 1.276613 -4.794365
v 0.3729378 1.253099 -4.809316
v 0.7966726 1.2486204 -4.7815156
v 1.1124823 1.2538489 -4.7314544
v 1.1847255 1.3324604 -4.745653
v 1.3521314 1.3216354 -4.773496
v 1.6614773 1.3154364 -4.7489395
v -1.3558308 1.479441 -4.713388
v -1.2220913 1.4822004 -4.702288
v 1.1356429 1.550002 -4.686067
v 1.2219716 1.4699489 -4.7164874
v 1.3606818 1.483825 -4.7035637
v -0.7131091 1.6507092 -4.695682
v -0.31575453 1.6835157 -4.7051315
v -0.022637323 1.671943 -4.703896
v 0.2704799 1.6835157 -4.705132
v 0.6678344 1.6507092 -4.695682
v -1.2693549 2.359475 -4.8389344
v -0.8715693 2.2548928 -4.7427907
v -0.81918246 2.2561095 -4.7378645
v 0.8002904 2.2554965 -4.7403445
v 1.2240802 2.3594747 -4.8389344
v -2.1144056 2.45762 -4.7772956
v -1.7176766 2.4394531 -4.7857943
v -1.484945 2.4341934 -4.78619
v 1.4396707 2.4341936 -4.7861905
v 1.6724021 2.4394536 -4.785795
v 2.0691311 2.4576197 -4.7772946
v -1.1062305 0.36033484 -4.4923677
v -0.7355288 0.36033484 -4.4923677
v 0.6902541 0.3603348 -4.4923673
v 1.0609556 0.36033484 -4.4923677
v -1.5576258 0.5036709 -4.4953456
v -1.1127665 0.4721297 -4.531794
v -0.7420649 0.4721297 -4.531794
v -0.30039763 0.47149074 -4.5947623
v -0.23787218 0.49609652 -4.626812
v -0.022637323 0.4900044 -4.622265
v 0.22294676 0.48415312 -4.611255
v 0.6967904 0.4721297 -4.531794
v 1.0674918 0.4721297 -4.531794
v 1.4742475 0.50159234 -4.495439
v 1.5925834 0.5080476 -4.49515
v -2.1413105 0.6942689 -4.515042
v -2.043827 0.64664185 -4.553257
v -1.8345423 0.6145744 -4.5840893
v -1.52434 0.6135256 -4.6201367
v -0.022637323 0.74981433 -4.671101
v 1.4445064 0.61306345 -4.62292
v 1.5587867 0.6145918 -4.613716
v 1.7892678 0.6145744 -4.5840893
v 2.0423968 0.66806275 -4.536069
v -2.109353 0.92221045 -4.578939
v -1.9638028 0.9248438 -4.599549
v -1.7419895 0.9190663 -4.618074
v -1.5562526 0.94329387 -4.65391
v 1.4812909 0.9387881 -4.6553884
v 1.5985292 0.9433575 -4.642842
v 1.8798765 0.94619954 -4.595231
v 2.0220187 0.918394 -4.5945683
v 2.1628494 0.8874809 -4.5255837
v -2.1084032 1.0706414 -4.5646234
v -1.9353281 1.0660521 -4.6114798
v -1.7559694 1.0490038 -4.6393757
v -1.5506263 1.0364137 -4.6675944
v 1.4945172 1.0388118 -4.669988
v 1.6196384 1.0348363 -4.6493516
v 1.8900528 1.0660516 -4.6114793
v 2.056293 1.0691026 -4.567079
v 2.1936061 1.1000038 -4.5177555
v -2.209939 1.3137627 -4.536432
v -2.0537853 1.3148901 -4.6276774
v 2.0085104 1.3148901 -4.6276774
v 2.1646645 1.3137627 -4.536432
v -2.0775664 1.4715743 -4.5350294
v -2.0551922 1.4660068 -4.4890532
v -1.7320292 1.4690374 -4.6413717
v -1.3875651 1.4779265 -4.6493387
v -1.2125751 1.4925373 -4.6479
v 1.1261373 1.5452194 -4.62826
v 1.2420901 1.4841694 -4.6582193
v 1.3631008 1.4637021 -4.6471133
v 1.6867546 1.4690374 -4.641372
v 2.0271003 1.4702826 -4.524362
v -2.0158117 1.6038818 -4.4819326
v -1.72764 1.6351879 -4.521965
v -1.5324008 1.6445223 -4.5364256
v -1.3916633 1.7001773 -4.5445013
v -1.1017205 1.6636884 -4.6158943
v -0.71311265 1.7046033 -4.6432424
v -0.35638002 1.6638514 -4.662015
v -0.02263732 1.6579528 -4.6629696
v 0.25879636 1.7224168 -4.6584363
v 0.3489682 1.6214595 -4.6646047
v 0.667838 1.7046033 -4.6432414
v 1.0465055 1.6679287 -4.6138783
v 1.2739869 1.7175807 -4.5564036
v 1.4052843 1.6654837 -4.5472627
v 1.6516187 1.6384159 -4.5176945
v 1.9705368 1.6038818 -4.4819326
v -1.3420186 1.8015642 -4.515339
v -1.2331922 1.8771663 -4.49359
v 1.266807 1.8201615 -4.5139375
v 1.3451456 1.7845612 -4.4903913
v -2.1282086 2.5112615 -4.587156
v -0.8718582 2.3932543 -4.63774
v -0.81895465 2.3932543 -4.63774
v 0.80068237 2.3932543 -4.6377397
v 2.082934 2.5112615 -4.5871553
v -1.4850789 0.33142582 -4.321356
v -1.4041675 0.29796284 -4.322021
v -1.102333 0.3451949 -4.4466476
v -0.7316315 0.3451949 -4.4466476
v -0.2925046 0.29069823 -4.320839
v -0.22411329 0.3794481 -4.326331
v -0.022637323 0.38013682 -4.3285317
v 0.21889122 0.3274728 -4.323115
v 0.68635666 0.34519494 -4.4466476
v 1.0570581 0.3451949 -4.4466476
v 1.3303504 0.29879794 -4.3220773
v 1.4338177 0.32273802 -4.321492
v -2.111861 0.5081167 -4.3582
v -1.8746716 0.4735024 -4.4128075
v -1.5876021 0.4084407 -4.3424225
v -1.3535088 0.47362515 -4.40028
v -1.1055797 0.5268362 -4.4238787
v -0.7348781 0.5268362 -4.423879
v -0.5397746 0.4798713 -4.3975077
v -0.36222565 0.42041773 -4.3174095
v 0.316951 0.42041773 -4.3174095
v 0.45112464 0.49343652 -4.3774095
v 0.6242261 0.49051455 -4.4272475
v 1.060305 0.5268362 -4.423879
v 1.2599541 0.45523697 -4.431401
v 1.4037068 0.4714234 -4.356857
v 1.6131227 0.40854004 -4.3371124
v 1.8293967 0.47350234 -4.412807
v 2.038573 0.5060384 -4.3826203
v 2.1452525 0.5139534 -4.2896247
v -2.2727728 0.6861888 -4.2953744
v -2.2108667 0.6301725 -4.3680553
v -1.3645272 0.5842349 -4.3160186
v -0.52796835 0.5842349 -4.3149967
v 0.48269343 0.5842349 -4.3149967
v 1.3192524 0.5842349 -4.3160186
v 2.1273153 0.5914124 -4.3964763
v 2.198995 0.6616255 -4.3337555
v -2.3107548 0.87932605 -4.351452
v 2.2654803 0.8793259 -4.3514524
v -2.320586 1.0765045 -4.350572
v -2.2495632 1.0538722 -4.361156
v 2.256666 1.0702369 -4.3531485
v -2.287574 1.3144064 -4.4178853
v 2.2422998 1.3144064 -4.4178853
v -2.2951744 1.4895579 -4.327243
v -2.2311401 1.4901348 -4.4063673
v 2.213191 1.4898885 -4.3726015
v -2.0991118 1.7129921 -4.3553486
v -1.9625471 1.6980579 -4.3527875
v -1.7512499 1.7049667 -4.348662
v -1.5554982 1.7148743 -4.380652
v -1.4194727 1.7294176 -4.417706
v -1.0994002 1.7703512 -4.286448
v -0.76554495 1.7699432 -4.3184977
v -0.62695086 1.7497606 -4.341798
v -0.3053934 1.7675668 -4.361107
v -0.022502685 1.762861 -4.3352637
v 0.2601187 1.7675669 -4.361107
v 0.6391748 1.7606791 -4.3354445
v 0.7597171 1.773816 -4.3084493
v 1.0541255 1.7703512 -4.286448
v 1.293915 1.7343163 -4.4022465
v 1.4354784 1.7206519 -4.404026
v 1.639334 1.7133685 -4.3528395
v 1.8425915 1.6990516 -4.3524
v 1.9797847 1.6900264 -4.349877
v 2.1755307 1.6956557 -4.310099
v -2.0677416 1.8156205 -4.2874007
v -1.9493825 1.8355621 -4.2917576
v -1.7466072 1.861619 -4.331469
v -1.5327541 1.8520887 -4.3699584
v -1.4028986 1.8450854 -4.4244576
v -1.2395532 1.8958966 -4.4653788
v -0.68584543 1.7953249 -4.311287
v -0.6327515 1.7960309 -4.340808
v -0.30735058 1.7955468 -4.354437
v -0.022637323 1.7931595 -4.355054
v 0.2620759 1.7955469 -4.354437
v 0.6012825 1.7958474 -4.3331313
v 1.2581147 1.869335 -4.4317327
v 1.4373132 1.8492976 -4.3922224
v 1.6580003 1.8612115 -4.343499
v 1.8236009 1.8453324 -4.297042
v 1.995201 1.8103281 -4.2885246
v -1.0958549 2.1778262 -4.4265556
v -1.0199721 2.158032 -4.4363575
v -0.6190884 2.1565745 -4.4363575
v -0.022637324 2.1551163 -4.4363575
v 0.5738138 2.1565745 -4.4363575
v 1.0086746 2.166895 -4.431968
v -1.3414493 2.3488193 -4.3447237
v -1.0694904 2.217797 -4.4265614
v -1.0199721 2.2151878 -4.436337
v -0.6190884 2.216518 -4.436347
v -0.02263732 2.2178483 -4.4363575
v 0.5738138 2.216518 -4.436347
v 0.99625677 2.2163239 -4.432081
v 1.2490125 2.3429093 -4.349584
v 1.3945036 2.3611407 -4.33459
v -2.134346 2.5346158 -4.3121495
v -1.7180145 2.42183 -4.309376
v -1.432713 2.4045112 -4.3346477
v 1.3874385 2.4045112 -4.3346477
v 1.6727397 2.4218302 -4.309376
v 2.089071 2.534616 -4.3121495
v -2.15158 2.5835352 -4.430893
v 2.1063051 2.5835352 -4.430893
v -2.1337123 0.4390079 -4.2265
v -1.8926482 0.39141387 -4.26979
v -1.4341 0.542009 -4.2315993
v 1.3888254 0.542009 -4.2315993
v 1.8473735 0.39141387 -4.26979
v 2.056658 0.42348146 -4.238958
v 2.1541417 0.47110847 -4.200743
v -2.2956994 0.63294494 -4.1727386
v -1.7646816 0.7037426 -4.1426225
v 1.7194068 0.7037426 -4.1426225
v 2.2504246 0.63294494 -4.1727386
v -2.3501265 0.8715457 -4.171771
v -1.4341 0.90582937 -4.2315993
v 1.3888254 0.90582937 -4.2315993
v 2.304852 0.8715457 -4.171771
v -2.3434298 1.056666 -4.1115746
v 2.2982962 1.0569645 -4.111601
v -2.3522482 1.3085045 -4.2073507
v 2.3069737 1.3085045 -4.2073507
v -2.3584862 1.4972372 -4.1315928
v 2.3132122 1.4972373 -4.1315928
v -2.3065248 1.6932641 -4.1851163
v -1.9638907 1.717542 -4.2408905
v -1.8332359 1.7405024 -4.2657256
v -0.7549919 1.7651795 -4.2195444
v -0.33248654 1.7686204 -4.2569466
v -0.022637323 1.773082 -4.2546916
v 0.28350216 1.7688851 -4.2568007
v 0.64509016 1.760457 -4.2155166
v 0.80858207 1.7729088 -4.227525
v 1.8603567 1.7304128 -4.255239
v 1.9714907 1.6919295 -4.225404
v 2.26125 1.693264 -4.1851163
v -2.2669084 1.8079491 -4.0830374
v -2.1660442 1.8436208 -4.18608
v -1.9715697 1.8442602 -4.2170987
v -1.7640276 1.9036235 -4.161572
v -1.5591482 1.8752303 -4.1938024
v -1.3556342 1.9230126 -4.226886
v -1.2154638 1.8844006 -4.247713
v -0.707494 1.7939707 -4.2478175
v -0.640338 1.7853233 -4.2701607
v -0.3529465 1.8074462 -4.1147513
v -0.02263648 1.8215908 -4.126932
v 0.3031313 1.8074462 -4.1147513
v 0.64915156 1.7923267 -4.252072
v 1.2329414 1.9383147 -4.2246146
v 1.4653566 1.8782707 -4.191589
v 1.6728065 1.8910527 -4.1855106
v 1.8467468 1.8726856 -4.1991353
v 1.9825796 1.8397089 -4.2049046
v 2.20773 1.808882 -4.1093316
v -1.7169799 1.991759 -4.1301785
v -1.5499922 1.9899641 -4.1670203
v 1.5047176 1.9899641 -4.1670203
v 1.6717051 1.9917588 -4.1301785
v -0.8718583 2.324855 -4.255467
v -0.82787365 2.2987697 -4.2554665
v 0.79903847 2.3085191 -4.2554665
v -2.1335273 2.4363036 -4.271346
v 2.0882523 2.4363036 -4.271345
v -1.9007598 0.36589098 -3.9832432
v -1.6702787 0.35264802 -3.9770489
v -1.5116873 0.34829572 -3.9643786
v -1.0442544 0.3102008 -3.8982882
v -0.6735529 0.31020084 -3.8982882
v -0.3364177 0.3681445 -3.9734476
v -0.2073974 0.335947 -3.9174087
v 0.05030279 0.33656386 -3.9197183
v 0.2440558 0.3521544 -3.9450245
v 0.628278 0.31020084 -3.898288
v 0.9989797 0.31020084 -3.8982882
v 1.4664121 0.3482958 -3.964379
v 1.625004 0.35264802 -3.9770489
v 1.8554852 0.36589098 -3.9832432
v -2.3071096 0.57300645 -3.9786355
v -2.1443336 0.42022654 -4.000515
v -1.8647234 0.5627649 -3.9295046
v -1.7654688 0.38893563 -3.9886134
v -1.4282532 0.43193203 -3.9971876
v -0.39245638 0.4577766 -4.005621
v -0.022637323 0.38499367 -3.9769297
v 0.32539213 0.41390863 -3.998358
v 0.36448202 0.4926064 -4.0113873
v 1.3829787 0.431932 -3.9971876
v 1.7194068 0.386629 -3.989698
v 1.8081362 0.5654213 -3.921329
v 2.0508614 0.39634228 -3.9976122
v 2.217378 0.5230824 -3.9882123
v -2.3252628 0.7074865 -3.9981778
v -1.8647234 0.7661386 -3.9683006
v -1.8277687 0.76790154 -3.940276
v -1.3801492 0.6856334 -4.0344024
v -0.54753536 0.7202101 -4.042935
v -0.4602893 0.58612657 -4.0247946
v 0.4753975 0.6789256 -4.0373497
v 1.2980772 0.72913736 -4.04127
v 1.3685389 0.6458334 -4.02812
v 1.8081361 0.76667833 -3.9597213
v 2.2799888 0.70748657 -3.9981778
v -2.3530343 0.90278614 -4.0077724
v -1.8647234 0.9727708 -3.9553006
v -1.8277686 0.9675092 -3.927718
v -1.3879081 0.847457 -4.0406504
v -1.2066263 0.8133318 -4.0532184
v -0.69541353 0.820933 -4.055675
v -0.6299628 0.7954288 -4.0522633
v 0.60645235 0.8039096 -4.0533977
v 1.1363969 0.81800157 -4.0543385
v 1.2150446 0.7949296 -4.0505614
v 1.3855458 0.8744665 -4.037107
v 1.8081362 0.9711601 -3.9468565
v 2.3077598 0.9027861 -4.007772
v -2.3701088 1.1297841 -3.9900424
v -1.8647234 1.1696783 -3.8913212
v -1.429124 1.1455189 -3.9805608
v 1.3838495 1.1455189 -3.9805608
v 1.8194494 1.1696783 -3.8913212
v 2.3227303 1.1289545 -3.9871695
v 2.3413353 1.1362915 -4.0125732
v -2.3753412 1.3071895 -3.8973358
v -1.4286816 1.3038359 -3.892045
v 1.3834068 1.3038359 -3.8920445
v 2.32424 1.303836 -3.8920448
v 2.3490233 1.3180997 -3.91455
v -2.3507905 1.5273578 -4.0373874
v 2.305516 1.5273579 -4.0373874
v -2.3892546 1.7027774 -3.8880038
v -0.6943164 1.7593831 -4.0188107
v -0.6586501 1.7593392 -3.9625063
v -0.35294813 1.7722948 -4.038344
v -0.022396306 1.7660471 -4.0387692
v 0.30312973 1.7722948 -4.038344
v 0.6336225 1.7593702 -4.002629
v 2.34398 1.7027774 -3.8880038
v -2.1564567 1.913771 -3.980145
v -1.9144516 1.9421048 -4.016611
v -1.5421911 1.9615571 -4.0061274
v -0.67590743 1.8224698 -3.967939
v -0.3518769 1.831469 -3.9814832
v -0.021616096 1.8595494 -3.973161
v 0.30420068 1.831469 -3.9814832
v 0.62674755 1.82247 -3.9679618
v 1.4969167 1.9615571 -4.0061274
v 1.8633951 1.9504241 -4.010345
v 2.0560446 1.9511775 -3.9319587
v 2.1632686 1.8784342 -4.0256658
v -1.9280456 1.9954139 -3.9666922
v -1.7379391 2.0055997 -3.9350786
v -1.6055641 2.0110326 -3.978496
v 1.4928229 2.006293 -3.9374251
v 1.6454607 2.0094812 -3.966925
v 1.882771 1.9954138 -3.9666922
v -0.8718582 2.3119087 -4.041163
v -0.8279258 2.263764 -4.0411634
v 0.8017779 2.2847245 -4.041163
v -2.3246217 0.2854011 -3.760615
v -1.8647234 0.29566488 -3.7753646
v -1.8277686 0.23637033 -3.6901562
v -1.372289 0.2800777 -3.7475128
v -1.2365737 0.2648642 -3.74583
v -0.6107243 0.262033 -3.7455325
v -0.39670557 0.29386288 -3.7475312
v 0.31470764 0.2707575 -3.7482882
v 0.4191877 0.28839585 -3.7468824
v 0.58613664 0.2627074 -3.7452407
v 1.2401279 0.26801053 -3.7461462
v 1.3601245 0.2896103 -3.7486463
v 1.8127704 0.28494835 -3.7599645
v 2.2793481 0.2854011 -3.7606153
v -2.3599222 0.47345075 -3.734713
v -1.8077458 0.42590627 -3.7620022
v -1.3340899 0.43382487 -3.745593
v -1.0458516 0.42336148 -3.873691
v -0.6751496 0.4233615 -3.8736908
v -0.55116665 0.43808118 -3.7448363
v 0.5058919 0.43808118 -3.744836
v 0.6298752 0.42336148 -3.873691
v 1.0005766 0.4233615 -3.8736908
v 1.2888151 0.43382478 -3.7455924
v 1.7624717 0.42590627 -3.7620022
v 2.3117442 0.47616574 -3.7349424
v 2.3454561 0.44464746 -3.7322795
v -2.3353004 0.70503205 -3.7743402
v -2.2142572 0.6439785 -3.6788552
v -1.802387 0.6737827 -3.7772896
v 1.757113 0.6737827 -3.7772899
v 2.2753274 0.7010284 -3.762366
v 2.3454561 0.688467 -3.8230104
v -2.3453648 0.9119222 -3.7735438
v -2.2142572 0.8528095 -3.7008455
v -1.8071592 0.8855513 -3.7449176
v 1.7618848 0.8855513 -3.7449179
v 2.27657 0.90071976 -3.7594044
v 2.3454561 0.9485647 -3.8284073
v -2.350422 1.0859334 -3.7548704
v -1.8077439 1.1297792 -3.806274
v 1.7624696 1.1297792 -3.806274
v 2.302475 1.0840279 -3.7535732
v 2.3454561 1.1146755 -3.7744343
v -2.3498333 1.3134482 -3.7457383
v -1.8647234 1.3444889 -3.780383
v -1.8164049 1.2995819 -3.7258806
v 1.7968247 1.3234617 -3.7548628
v 2.296545 1.3235028 -3.758456
v 2.3454561 1.2621455 -3.6808474
v -2.3708293 1.4732176 -3.7890048
v -1.4282509 1.4848953 -3.7622743
v 1.3829763 1.4848953 -3.762274
v 2.3229299 1.4719491 -3.7906532
v 2.3461087 1.4831481 -3.7760987
v -1.0684832 1.7750607 -3.690185
v -0.6794531 1.75486 -3.7334268
v -0.6528416 1.7725806 -3.8503575
v -0.31458807 1.7762806 -3.7668073
v -0.022637319 1.7730199 -3.7557135
v 0.26749185 1.7762806 -3.7668073
v 0.62899756 1.7574406 -3.7504675
v 1.0232086 1.7750607 -3.690185
v -2.3170028 1.8554335 -3.786551
v -2.185276 1.9714999 -3.6923003
v -2.001359 1.9647937 -3.8081088
v -1.763818 1.7840382 -3.7922962
v -1.5591146 1.9489775 -3.8647203
v -1.3114872 1.9805119 -3.7615147
v -1.2127376 1.8970222 -3.7325282
v -0.9418863 1.7862368 -3.7037768
v -0.6906699 1.7916596 -3.7089138
v -0.65879655 1.7918901 -3.7650561
v -0.35316885 1.8415351 -3.8277075
v -0.022794485 1.875455 -3.7957268
v 0.30290893 1.8415351 -3.8277075
v 0.62813973 1.7925186 -3.712617
v 0.82691216 1.7877158 -3.7062242
v 0.96671647 1.7818631 -3.6986856
v 1.2134409 1.9358952 -3.7460241
v 1.5138397 1.9489772 -3.8647199
v 1.7185434 1.7840382 -3.7922962
v 1.9560841 1.9647938 -3.8081088
v 2.2282317 1.8937587 -3.7554295
v -1.9945982 1.9971857 -3.7371905
v -1.739893 2.0280826 -3.7813988
v -1.5616128 1.9896841 -3.7944946
v -1.3562415 1.9981929 -3.7695198
v -0.87185824 2.1235926 -3.7856276
v -0.8322122 2.1027749 -3.7856276
v 0.8005887 2.1099427 -3.7856274
v 1.3109668 1.9981929 -3.7695198
v 1.5163381 1.9896841 -3.7944946
v 1.6748469 2.031899 -3.7722151
v 1.8456827 2.021986 -3.785581
v 1.9718001 1.99016 -3.72796
v -0.87185824 2.3683424 -3.7856276
v -0.81895465 2.3683424 -3.7856274
v 0.80550504 2.3683424 -3.7856278
v -2.3395686 0.11478037 -3.530568
v -1.8647234 0.09420554 -3.541879
v -1.8277686 0.11881214 -3.5283513
v 1.8081362 0.10173856 -3.5377378
v 2.2942948 0.11478037 -3.530568
v -2.3520548 0.31077084 -3.5671668
v -1.8001237 0.27060086 -3.5774584
v 1.7548493 0.27060086 -3.5774584
v 2.3009517 0.31861186 -3.5697093
v 2.3454561 0.25873905 -3.5502965
v -2.3021653 0.49066854 -3.6024606
v -2.1930752 0.5311966 -3.5605063
v -1.8120246 0.46210527 -3.5738986
v 1.7667506 0.46210533 -3.5738986
v 2.1000361 0.53876126 -3.5639777
v 2.1791878 0.5212723 -3.5688531
v -2.2870018 0.7290523 -3.5377047
v -2.1941667 0.7284635 -3.6110759
v 2.10828 0.7098172 -3.5931277
v 2.1661909 0.73202336 -3.606794
v -2.3333821 0.862699 -3.5560234
v -2.19361 0.876989 -3.5954092
v 2.1010911 0.8818821 -3.5974126
v 2.1708264 0.8753776 -3.5903053
v 2.3423462 0.84661305 -3.552215
v -2.2746716 1.0607561 -3.562984
v -2.195615 1.0599872 -3.5637777
v -1.8120248 1.1167531 -3.6150851
v 1.7667505 1.1167531 -3.615085
v 2.1077647 1.058723 -3.5593648
v 2.1667144 1.0603533 -3.5647917
v -2.3420124 1.2842159 -3.5908873
v -2.1982565 1.194854 -3.5234241
v -1.7904575 1.3138032 -3.6095579
v 1.7451835 1.3138032 -3.6095579
v 2.1303241 1.1934177 -3.525063
v 2.2738492 1.269022 -3.5792084
v -2.3656127 1.506399 -3.6261928
v -1.8647234 1.486218 -3.6294565
v -1.8164047 1.4291728 -3.5878792
v -1.4284232 1.5768204 -3.6567688
v 1.3831482 1.5768204 -3.6567686
v 1.7968243 1.4595068 -3.609988
v 2.2972662 1.4606346 -3.6098819
v 2.3398552 1.5451115 -3.6399906
v -2.3986397 1.6688803 -3.5471258
v -1.4274622 1.6745312 -3.5010564
v -0.63418967 1.7611957 -3.5163257
v 0.588915 1.7611957 -3.5163257
v 1.3821876 1.6745311 -3.501057
v 2.3533654 1.6688805 -3.5471258
v -2.3314934 1.8669009 -3.5330803
v -2.0641646 1.9115614 -3.496389
v -2.0365276 1.964711 -3.5890129
v -1.5749698 1.9154552 -3.5989974
v -0.9429025 1.8448455 -3.516095
v -0.7543589 1.8257477 -3.5096002
v -0.63019085 1.8000082 -3.5142126
v -0.32942367 1.8081778 -3.5898187
v -0.023448262 1.8195162 -3.56552
v 0.2796926 1.808178 -3.5898185
v 0.5988953 1.8008173 -3.511904
v 0.82338613 1.852898 -3.5185633
v 0.96723586 1.8202215 -3.511029
v 1.5134864 1.911316 -3.5969033
v 1.5473764 1.9199703 -3.6012814
v 1.9925199 1.9622748 -3.5847676
v 2.2862186 1.8669008 -3.5330799
v -2.0641646 2.025735 -3.496389
v -2.0262184 2.0037274 -3.5588875
v -1.767246 2.0413773 -3.6049578
v -1.5713769 2.005537 -3.5745544
v 1.5240824 2.0034063 -3.5720165
v 1.6117816 2.030727 -3.6036923
v 1.8175483 2.0372922 -3.5934246
v 1.9969016 2.0012522 -3.5539997
v -2.3518279 0.10771979 -3.3385744
v -1.8647234 0.017988808 -3.3493774
v -1.8077475 0.10912393 -3.3260086
v 1.787033 0.069839865 -3.3360817
v 2.302727 0.10423789 -3.3406725
v 2.3454561 0.14311159 -3.3172507
v -2.3392773 0.25226435 -3.4156203
v -2.2112782 0.32522154 -3.349342
v -1.8076012 0.28221616 -3.3749838
v 1.762327 0.28221616 -3.3749833
v 2.2629316 0.26997423 -3.3995311
v -2.3729196 0.45573103 -3.3387156
v -2.2061887 0.45542622 -3.4776618
v 2.256014 0.46909606 -3.404678
v 2.3428185 0.438776 -3.3181837
v -2.2875023 0.69368744 -3.3373113
v -2.208367 0.6862574 -3.3720264
v 2.220715 0.69166756 -3.34675
v -2.2983608 0.88579595 -3.3852367
v -2.1938457 0.92836225 -3.4449277
v 2.084958 0.9297986 -3.4654195
v 2.2144494 0.9024736 -3.4068189
v 2.3377502 0.896779 -3.4779506
v -2.2821176 1.0445278 -3.3573754
v -2.1844962 1.029156 -3.4131196
v 2.0849583 1.0488659 -3.4191618
v 2.188329 1.0319896 -3.389403
v -2.314119 1.3005228 -3.3698845
v -2.1965694 1.2535095 -3.4051304
v -1.812025 1.3067334 -3.4127762
v 1.7667506 1.3067334 -3.4127765
v 2.1087313 1.2385854 -3.408768
v 2.1827538 1.2676882 -3.3976886
v 2.338033 1.2249681 -3.2957482
v -2.3609688 1.4492975 -3.38106
v -1.8077437 1.4986886 -3.4134238
v 1.7624695 1.4986886 -3.4134238
v 2.3138456 1.448269 -3.379854
v 2.3454561 1.465851 -3.4004703
v -2.3499777 1.6574615 -3.3834116
v -1.8647234 1.5859604 -3.4480252
v 1.8194494 1.5859605 -3.448025
v 2.2729514 1.5859604 -3.4480252
v 2.354949 1.7706046 -3.2811673
v -2.2114964 1.9792913 -3.4695396
v -2.0418012 1.9325258 -3.3962607
v -1.1628705 1.8465213 -3.437347
v -0.87185824 1.8987043 -3.3705213
v -0.82780474 1.8786774 -3.3705208
v -0.35362005 1.7950832 -3.3774712
v -0.02264157 1.844908 -3.443522
v 0.3024577 1.7950832 -3.3774712
v 0.8015323 1.8873158 -3.370521
v 1.0503056 1.7893529 -3.413784
v 1.1932039 1.9107565 -3.4638236
v 1.9965264 1.9325258 -3.3962607
v 2.1662219 1.9792913 -3.4695396
v -2.0089455 2.0141509 -3.3492818
v -1.7224482 2.0370238 -3.377881
v -1.5923698 2.0026445 -3.414384
v -1.3786671 2.0099392 -3.4319828
v 1.3108014 2.0014396 -3.4290493
v 1.3561339 2.0184953 -3.4349356
v 1.5862206 2.0129852 -3.4034045
v 1.8336755 2.0384498 -3.3893082
v 1.9779675 2.0114787 -3.3448796
v -0.87192124 2.3472576 -3.3571548
v -0.82390505 2.331485 -3.3419003
v 0.7996875 2.338402 -3.34859
v -2.352129 0.0863826 -3.147356
v -1.8647234 -0.007960085 -3.143969
v -1.8077481 0.08612359 -3.1439688
v 1.7870355 0.045564756 -3.1439688
v 2.303152 0.08304124 -3.1476805
v 2.3454561 0.12122064 -3.1439688
v -2.3174253 0.21987005 -3.221411
v -2.2099059 0.29482308 -3.1746268
v -1.8120248 0.255361 -3.1439688
v 1.7667506 0.255361 -3.1439688
v 2.243612 0.23976456 -3.2089932
v -2.3135567 0.5180534 -3.1983812
v -2.2087293 0.55727506 -3.1738963
v 2.2273352 0.5366501 -3.1855376
v 2.3403711 0.4530466 -3.2532945
v -2.3327599 0.7138453 -3.1629074
v -2.218808 0.58336604 -3.2628794
v 2.2702456 0.7015351 -3.1679378
v 2.3579464 0.76176083 -3.1456063
v -2.3468752 0.8744095 -3.1767924
v 2.2744937 0.8886707 -3.1893852
v 2.3581345 0.8446614 -3.150515
v -2.308693 1.0667214 -3.17505
v -2.2087288 1.0755113 -3.1946232
v 2.2324443 1.0636883 -3.1770165
v 2.3416555 1.1491854 -3.2233446
v -2.375016 1.2454259 -3.2093794
v -2.2086036 1.3256668 -3.179199
v -1.812025 1.3757516 -3.214458
v 1.7667505 1.3757516 -3.2144578
v 2.2067776 1.3035796 -3.1772184
v 2.3431847 1.2414402 -3.233463
v -2.3396409 1.4538758 -3.1998749
v -1.7977086 1.5116088 -3.231569
v 1.7524345 1.511609 -3.231569
v 2.2920742 1.4513899 -3.1984644
v 2.3454561 1.5092866 -3.2312982
v -2.3643436 1.7014531 -3.2648802
v -1.8647234 1.6374494 -3.2474892
v -1.8277686 1.6095912 -3.2439694
v -1.4274622 1.7526573 -3.2779458
v 1.3821877 1.7526573 -3.2779455
v 1.8081361 1.6289209 -3.2464118
v 2.2838573 1.6292284 -3.2464507
v 2.3440335 1.7526573 -3.2779458
v -2.3372054 1.8788477 -3.2769973
v -2.22683 1.9725155 -3.2775707
v -1.9526405 1.9369869 -3.1708362
v -1.6065911 1.933334 -3.269542
v -1.3000658 1.936701 -3.1383111
v -1.1522548 1.8541265 -3.1262882
v -1.0462623 1.9441851 -3.139013
v -0.72603893 1.9773693 -3.149137
v -0.5424107 1.8912444 -3.149112
v -0.23261838 1.8882983 -3.1779287
v -0.023032347 1.835764 -3.2337852
v 0.18734373 1.8882983 -3.1779287
v 0.48470837 1.8900676 -3.1491077
v 0.62845963 1.9389724 -3.149137
v 1.0803082 1.876789 -3.1294904
v 1.2547913 1.936701 -3.1383111
v 1.5613164 1.933334 -3.269542
v 1.8903221 1.9387145 -3.148905
v 1.9551064 1.932148 -3.232266
v 2.2540329 1.911009 -3.2771943
v -1.9303623 2.0310256 -3.157534
v -1.7987812 2.0408454 -3.1889374
v -1.619638 2.016156 -3.2103643
v -1.4024669 2.0238874 -3.1560023
v -0.9541175 1.9904271 -3.148881
v -0.8520385 1.9973325 -3.1496017
v 0.8569523 1.9939374 -3.1492474
v 1.3342662 2.0142972 -3.152757
v 1.3788847 2.0329616 -3.1590729
v 1.5851063 2.017648 -3.206509
v 1.8595129 2.034565 -3.16681
v 1.9551066 2.0407495 -3.232266
v -0.87428457 2.263803 -3.2276864
v -0.83084005 2.265248 -3.22447
v 0.7985072 2.2648177 -3.2254283
v -2.349331 0.10017068 -2.9625902
v -1.8647234 0.017988246 -2.938561
v -1.8077486 0.10911791 -2.9619284
v 1.7870376 0.06982981 -2.951854
v 2.299541 0.09548621 -2.9617064
v 2.3454561 0.1431113 -2.9706872
v -2.3425355 0.21696682 -2.9642084
v -2.2099059 0.30640885 -3.0271196
v -1.8120247 0.27303025 -3.0041034
v 1.7667506 0.27303025 -3.0041034
v 2.24524 0.25204855 -2.9888835
v -2.3091366 0.5518165 -2.9852066
v -2.209094 0.42871323 -2.9362042
v 2.2261727 0.512539 -2.9766169
v 2.3409863 0.5662616 -2.9111142
v -2.3048327 0.68724024 -2.9716153
v -2.2089033 0.648781 -2.944906
v 2.234782 0.67884994 -2.9660985
v 2.3442655 0.59604037 -2.8830588
v -2.3137436 0.85647327 -2.9905548
v -2.2101476 0.9391962 -2.9051197
v 2.2551978 0.86523336 -2.9790816
v 2.3579943 0.81808215 -3.073899
v -2.2921603 1.0182686 -2.9848053
v -2.2097764 1.0400224 -2.9964275
v 2.2224286 1.023885 -2.9899
v 2.3376284 1.0405351 -2.8816895
v -2.2112782 1.3241519 -2.9806314
v -1.8120247 1.3582214 -3.0052047
v 1.7667505 1.3582217 -3.005205
v 2.166004 1.324152 -2.9806309
v -2.3491127 1.4570957 -2.9825268
v -1.7977062 1.489822 -2.971533
v 1.752432 1.4898219 -2.971533
v 2.2990112 1.4535612 -2.983741
v 2.345456 1.4875685 -2.9720526
v -2.3702312 1.710835 -3.023776
v -1.8647234 1.6374495 -3.0404482
v -1.8277687 1.6095909 -3.0439672
v -1.4273661 1.7532269 -3.0136678
v 1.3820916 1.7532269 -3.0136678
v 1.8081361 1.628921 -3.0415256
v 2.283857 1.629228 -3.0414865
v 2.3482115 1.7570089 -3.0137553
v -2.3526373 1.8553026 -3.017161
v -2.2310731 1.9493147 -3.0204303
v -1.7383208 1.9406745 -2.928453
v 1.6433886 1.9425329 -2.9020767
v 1.7847114 1.9372444 -2.9771414
v 2.2651224 1.8879693 -3.0182972
v -1.9164749 2.0089498 -3.0632474
v -1.7528819 2.029531 -2.9343932
v -1.6475793 2.016456 -2.970106
v 1.6205012 2.0196378 -2.9546642
v 1.8236887 2.0171006 -3.044859
v 1.9729393 1.9977543 -3.020618
v -2.3395684 0.114780016 -2.7573705
v -1.8647234 0.09420525 -2.7460597
v -1.8277686 0.118811846 -2.7595873
v 1.808136 0.10173826 -2.750201
v 2.2942946 0.11478 -2.7573705
v -2.3359945 0.31092986 -2.7716303
v -2.2142572 0.32492748 -2.8730245
v -1.8047614 0.26452747 -2.8397057
v 1.7594874 0.2645277 -2.8397055
v 2.2777267 0.3162612 -2.7792065
v 2.3454561 0.20740739 -2.8082926
v -2.3841386 0.525517 -2.825488
v -2.2099059 0.44905782 -2.7710636
v -1.812025 0.4077919 -2.7589705
v 1.7667507 0.40779224 -2.7589705
v 2.2140713 0.4617265 -2.7968895
v 2.3422465 0.53753793 -2.814427
v -2.3460894 0.6411532 -2.8145282
v -2.2061887 0.61268127 -2.696023
v 2.2535703 0.63390326 -2.7734282
v 2.340986 0.62845826 -2.8580961
v -2.3214078 0.89465094 -2.824034
v -2.20783 0.8263159 -2.8751156
v 2.2103212 0.8526901 -2.8504322
v 2.3409863 0.9612679 -2.8322263
v -2.3768387 1.0478091 -2.787597
v -2.2099059 1.1134086 -2.712749
v -1.8120248 1.1762685 -2.7106225
v 1.7667506 1.1762685 -2.7106225
v 2.2439003 1.085118 -2.7519257
v 2.3425303 1.0393205 -2.7872014
v -2.3248637 1.2865356 -2.738226
v -2.2099059 1.2230505 -2.8117108
v -1.8046834 1.3067615 -2.788754
v 1.7594092 1.3067617 -2.7887542
v 2.255536 1.2732524 -2.7536023
v -2.3740366 1.4495233 -2.8032942
v -1.8164164 1.4775333 -2.7879374
v 1.7711422 1.4775336 -2.7879374
v 2.3255446 1.4625965 -2.8165731
v 2.3454561 1.3817074 -2.7344115
v -2.3709455 1.6768321 -2.826244
v -1.8647234 1.5859601 -2.839912
v -1.4279912 1.705711 -2.8228855
v 1.3827168 1.7057109 -2.8228855
v 1.8194494 1.5859603 -2.8399117
v 2.2729514 1.5859601 -2.839912
v 2.344999 1.7101467 -2.8212337
v -2.354168 1.8353218 -2.8264985
v -2.2284908 1.9202222 -2.8297348
v -2.018214 1.9702033 -2.8299217
v -1.7216122 1.9339783 -2.8478796
v -1.6461407 1.9383004 -2.860686
v -1.336829 1.9088993 -2.7349064
v -1.2350073 1.9520382 -2.7188835
v 1.257831 1.923187 -2.7295997
v 1.6317059 1.9365342 -2.855453
v 1.972939 1.9702033 -2.8299217
v 2.2651021 1.8649044 -2.827626
v -1.6991874 2.0347185 -2.8646348
v -1.5603429 2.0462496 -2.847452
v -1.4290878 2.0215926 -2.816563
v -1.1284192 2.0427332 -2.731974
v -0.9642148 2.1393614 -2.744405
v -0.8289555 2.1482408 -2.745332
v -0.5846254 2.0721738 -2.7447345
v -0.42312628 2.015288 -2.7437134
v -0.19335994 2.0074463 -2.773527
v -0.022637323 2.0160472 -2.7277806
v 0.14808531 2.0074463 -2.773527
v 0.39070237 2.0161407 -2.7438629
v 0.6122118 2.1225724 -2.7447343
v 0.85106915 2.1438167 -2.74487
v 1.0831445 2.0427332 -2.731974
v 1.4056151 2.031081 -2.8253865
v 1.645037 2.0376446 -2.8639739
v -2.3526335 0.29363963 -2.6316094
v -1.8647234 0.21590044 -2.5785594
v -1.8077486 0.28451434 -2.6428788
v 1.7870387 0.25493196 -2.6151478
v 2.3037672 0.29209042 -2.6282732
v 2.3454561 0.31006956 -2.66699
v -2.339635 0.48461246 -2.599158
v -2.2142572 0.5164175 -2.6691086
v -1.8047616 0.47956488 -2.610712
v 1.7594875 0.479565 -2.6107118
v 2.280759 0.4891631 -2.6073573
v 2.3454561 0.4446469 -2.5556579
v -2.3444784 0.6631356 -2.5180805
v -2.2099056 0.70717245 -2.6335764
v -1.8046834 0.63110316 -2.5692196
v 1.7594094 0.6311034 -2.5692196
v 2.2583778 0.67911965 -2.5529504
v 2.3454561 0.6026839 -2.4812918
v -2.3408432 0.88682944 -2.5210564
v -2.2112782 0.8758412 -2.6143389
v -1.8120248 0.8528089 -2.587092
v 1.7667507 0.85280895 -2.5870917
v 2.2307096 0.88132894 -2.567753
v -2.340949 1.0733076 -2.5604517
v -2.2142572 1.0572369 -2.635083
v -1.8047616 1.0869089 -2.5724669
v 1.7594874 1.0869092 -2.572467
v 2.2819157 1.070125 -2.5692801
v 2.3454561 1.1146753 -2.5135033
v -2.3528473 1.2576218 -2.6002498
v -1.8647234 1.3444881 -2.5075548
v -1.807746 1.2847058 -2.5799649
v 1.787025 1.3104675 -2.5487616
v 2.305236 1.2573426 -2.599828
v 2.3454561 1.2621449 -2.6070905
v -2.3798277 1.5089945 -2.5760412
v -1.8647234 1.4862175 -2.6584806
v -1.8277687 1.4635006 -2.6749852
v -1.4265887 1.5217453 -2.5320652
v 1.3813136 1.5217452 -2.5320652
v 1.8081361 1.479263 -2.6635332
v 2.283857 1.4795134 -2.6633513
v 2.3616467 1.5247495 -2.5293806
v -2.4007304 1.630978 -2.6701524
v -1.426953 1.628474 -2.671772
v 1.3816783 1.628474 -2.671772
v 2.355456 1.630978 -2.670153
v -1.1077758 2.1379979 -2.4943118
v -0.46284065 2.0699914 -2.5093672
v -0.3709226 2.0717497 -2.5082283
v -0.105672926 2.0524254 -2.5953262
v 0.06039827 2.0524254 -2.595326
v 0.32564795 2.0717494 -2.5082283
v 0.417566 2.0699914 -2.5093672
v 1.0625012 2.1379979 -2.4943118
v -0.97039723 2.2067637 -2.5089862
v -0.83047503 2.2160652 -2.5099576
v -0.62219566 2.187346 -2.509367
v 0.57692075 2.187346 -2.509367
v 0.85787576 2.211234 -2.509453
v -2.42553 0.27171758 -2.3657534
v -1.8647234 0.3754282 -2.4465866
v -1.7540027 0.2650806 -2.3691478
v -1.4305308 0.35704023 -2.3115652
v -0.022637323 0.2650806 -2.3691478
v 1.3852562 0.3570402 -2.311565
v 1.7087281 0.2650806 -2.3691478
v 1.8194494 0.3754282 -2.4465866
v 2.2986476 0.3722358 -2.3139658
v 2.3850374 0.2658277 -2.3687878
v -2.3296192 0.44942442 -2.3386667
v -2.176283 0.38643223 -2.2932696
v -1.8647234 0.5627643 -2.3584332
v -1.8277684 0.48095778 -2.4277167
v -1.4340311 0.39371622 -2.3057306
v 1.3887562 0.3937162 -2.3057306
v 1.802126 0.524416 -2.390911
v 2.1310081 0.38643223 -2.2932696
v 2.2843451 0.4494245 -2.338667
v -2.3505888 0.74712527 -2.4039295
v -1.8647234 0.7661377 -2.319637
v -1.8070624 0.7288796 -2.4266117
v 1.7827032 0.7423939 -2.38781
v 2.301166 0.74432194 -2.3993163
v 2.3454561 0.77424914 -2.4485636
v -2.348202 0.9501313 -2.4117107
v -1.8647234 0.9727702 -2.332637
v -1.8077474 0.95528305 -2.4249413
v 1.7870318 0.9628206 -2.3851552
v 2.2980723 0.9503104 -2.4062507
v 2.3454561 0.9485639 -2.45953
v -2.3868816 1.1521434 -2.3204446
v -1.8647234 1.1696777 -2.3966162
v -1.8277686 1.1577218 -2.422024
v -1.4257114 1.1437176 -2.2791035
v 1.3804368 1.1437176 -2.2791033
v 1.808136 1.1660177 -2.4043946
v 2.2990897 1.1579815 -2.3921106
v 2.3654747 1.1488662 -2.2802153
v -2.4102058 1.2379063 -2.3271894
v -1.425875 1.2364907 -2.3306603
v 1.3806003 1.2364907 -2.3306603
v 2.364931 1.2379063 -2.3271894
v -2.3871038 1.4323816 -2.4390144
v -1.426823 1.4277182 -2.443906
v 1.3815482 1.4277183 -2.4439063
v 2.3138676 1.4339561 -2.434964
v 2.3571548 1.4315187 -2.4412344
v -2.3944712 1.6995685 -2.4391046
v -1.7567629 1.7574464 -2.4458153
v 1.7114884 1.7574464 -2.4458153
v 2.3491967 1.6995685 -2.4391046
v -2.3413544 1.8290457 -2.433843
v -2.1500897 1.9190626 -2.4363296
v -1.4107113 1.9284234 -2.4500844
v 1.3122027 1.8893495 -2.4563117
v 1.4149629 1.964776 -2.4442909
v 2.0279481 1.9493151 -2.4344268
v 2.2417188 1.8577985 -2.4361014
v -1.8890436 1.9876258 -2.4344494
v -1.740559 2.0204358 -2.4344523
v -1.548262 2.0183349 -2.435684
v -1.288366 1.9892504 -2.4656584
v -1.2017919 2.0703413 -2.4724872
v -0.1640339 2.1137152 -2.4437106
v 0.02545858 2.1501594 -2.4477158
v 0.15289558 2.088452 -2.4401004
v 1.201439 2.0282643 -2.4689438
v 1.5029873 2.0183349 -2.4356837
v 1.6952844 2.0204358 -2.4344523
v 1.8437691 1.9876258 -2.4344494
v -0.8310101 2.2684758 -2.475545
v -0.022637323 2.2097273 -2.464033
v 0.7857355 2.2684755 -2.475545
v -2.321045 0.39371622 -2.160068
v -1.4340311 0.39371625 -2.160068
v 1.3887562 0.3937162 -2.160068
v 2.2757704 0.39371622 -2.160068
v -2.3698254 0.6061343 -2.2373712
v -1.7540027 0.66349137 -2.1044972
v -1.4299791 0.6069702 -2.2420208
v 1.3847045 0.6069702 -2.2420208
v 1.708728 0.66349137 -2.1044972
v 2.3245506 0.6061342 -2.237371
v -2.4067743 0.8617754 -2.226003
v -1.4266137 0.8620186 -2.2301493
v 1.3813387 0.8620186 -2.2301493
v 2.3615003 0.86177546 -2.226003
v -2.3989491 1.1505289 -2.2662663
v 2.3262064 1.142404 -2.2624948
v 2.358654 1.1520015 -2.26695
v -2.3931768 1.4369092 -2.2107663
v 2.3174942 1.4163911 -2.2090912
v 2.3628137 1.4469706 -2.2115877
v -2.3849154 1.6816813 -2.2003238
v 2.331895 1.7399118 -2.204927
v 2.346867 1.6273555 -2.1960292
v -2.3427296 1.8139602 -2.2053154
v -2.1769233 1.9085993 -2.2056756
v -1.9412858 1.9745595 -2.205791
v -1.5304432 1.9701426 -2.2068567
v -1.4175344 1.9172652 -2.2081425
v 1.4267551 1.9427863 -2.207522
v 1.8960111 1.9745595 -2.205791
v 2.070189 1.9362488 -2.205768
v 2.2462082 1.847042 -2.205448
v -1.7884638 1.9978626 -2.2057934
v -1.6237042 2.0071223 -2.2094648
v -1.327396 2.035546 -2.2233036
v -1.2211702 2.1334577 -2.233588
v -0.30530137 2.1273885 -2.2212374
v 0.24824446 2.12823 -2.2159095
v 0.36889142 2.1196113 -2.2704687
v 1.2330488 2.0807776 -2.2280545
v 1.5784296 2.0071225 -2.2094648
v 1.7431892 1.9978626 -2.2057934
v -1.1311411 2.1982048 -2.2519875
v -0.97667265 2.2751777 -2.270036
v -0.823493 2.2981029 -2.2449465
v -0.58637494 2.2530918 -2.2704687
v -0.15473005 2.238767 -2.1989105
v -0.000012911646 2.2919424 -2.1989102
v 0.14755741 2.2197094 -2.1989105
v 0.5411003 2.2530918 -2.2704687
v 0.80791277 2.293659 -2.2498105
v 1.0858665 2.1982048 -2.2519875
v -2.1669273 0.37460983 -1.9450772
v 2.1216526 0.37460983 -1.9450772
v -2.3279495 0.38334596 -1.940339
v 2.2826748 0.38334596 -1.940339
v -2.418858 0.91713005 -1.9095316
v 2.3735836 0.91713005 -1.9095316
v -2.3989255 1.1330961 -1.9291698
v 2.3195488 1.1269466 -1.9286108
v 2.36422 1.1350019 -1.9293431
v -2.3800635 1.4162812 -1.9610544
v 2.3034675 1.3953679 -1.9672948
v 2.348782 1.4256243 -1.9582665
v -2.3619158 1.6887575 -1.9109175
v 2.3166416 1.6887574 -1.9109173
v -2.3073363 1.8200363 -1.9062662
v -2.197751 1.8913639 -1.9065486
v -1.9873568 1.957434 -1.9066637
v -1.5417423 1.9623165 -1.9164048
v 1.4419831 1.949674 -1.9200296
v 1.5524046 1.9752965 -1.9126835
v 2.021544 1.9380591 -1.9066523
v 2.234181 1.8417622 -1.9063612
v -1.741666 1.9883385 -1.9072311
v -1.3746961 2.0880566 -1.9406421
v 1.3294214 2.0880566 -1.9406421
v 1.6426035 1.992129 -1.9075129
v 1.8042476 1.980737 -1.9066663
v -1.1923074 2.2406805 -1.969741
v -0.9149915 2.3593879 -1.9926052
v -0.8223252 2.2989025 -1.9987732
v -0.544789 2.3294194 -1.9931184
v -0.33429453 2.182484 -1.9866207
v -0.17547026 2.3211694 -1.9866204
v 0.010248767 2.3539422 -1.9866207
v 0.23421264 2.2375402 -1.9866205
v 0.49951437 2.3294194 -1.9931184
v 0.82831395 2.3323636 -1.9953613
v 1.1008368 2.273204 -1.9749012
v 1.1986758 2.2043214 -1.9639719
v -0.8246793 2.390788 -1.9987732
v -0.022637323 2.4588938 -1.9866205
v 0.7794047 2.3907886 -1.9987732
v -2.3879902 0.69051665 -1.8724235
v 2.3252888 0.62317467 -1.8711685
v 2.3628485 0.7683153 -1.8738734
v -2.3991985 0.99885565 -1.7423961
v 2.3146858 1.1145426 -1.7300965
v 2.3557928 0.99334735 -1.7429824
v -2.3535855 1.3738372 -1.7195233
v 2.308311 1.3738374 -1.7195234
v -2.3625703 1.4207025 -1.7039907
v 2.3172958 1.4207025 -1.7039906
v -1.1504917 2.327862 -1.6920276
v -0.80906564 2.3545759 -1.7022982
v -0.38016424 2.321407 -1.698734
v 0.3348896 2.321407 -1.698734
v 0.7637911 2.354576 -1.7022982
v 1.1052169 2.327862 -1.6920276
v -0.97354484 2.4215703 -1.6982104
v -0.8365113 2.4312935 -1.6974444
v -0.5579312 2.4295306 -1.698734
v -0.20599174 2.437245 -1.698734
v 0.009526674 2.5004349 -1.6987342
v 0.21125221 2.416459 -1.6987339
v 0.5126565 2.4295306 -1.698734
v 0.80906767 2.4300287 -1.6975442
v -2.317444 0.38001797 -1.5884695
v -2.1565976 0.36883867 -1.5942204
v 2.1113229 0.36883867 -1.5942204
v 2.2721696 0.38001797 -1.5884695
v -2.3651197 0.7089771 -1.5060425
v 2.2919588 0.6655854 -1.4861449
v 2.3576257 0.76776373 -1.5329998
v -2.4138422 0.8977513 -1.611155
v 2.3685677 0.8977513 -1.611155
v -2.3835864 1.1129707 -1.5859145
v 2.312975 1.1065401 -1.5819299
v 2.3522267 1.1165023 -1.5881026
v -2.3801649 1.475284 -1.6485597
v 2.3348904 1.475284 -1.6485597
v -2.3477643 1.6860375 -1.601438
v 2.3024902 1.6860377 -1.6014379
v -2.2834597 1.8253032 -1.5915344
v -2.1750169 1.9010991 -1.5918165
v -1.9757711 1.9508787 -1.5918405
v -1.7554559 1.9755039 -1.5954264
v -1.5981115 1.957902 -1.6085172
v 1.4886618 1.9496739 -1.6152661
v 1.6753335 1.9719408 -1.5978748
v 1.8685107 1.9627129 -1.5918417
v 2.0593734 1.9204698 -1.591828
v 2.238186 1.8253032 -1.5915345
v -1.4129475 2.110358 -1.6416703
v 1.3676726 2.110358 -1.6416703
v -1.2613616 2.2540114 -1.6714886
v 1.216087 2.2540114 -1.6714886
v -2.3060713 0.3790164 -1.3094671
v -2.1452265 0.3683161 -1.3161161
v 2.099952 0.3683161 -1.3161161
v 2.260797 0.3790164 -1.3094671
v -2.2453096 0.45903417 -1.3771348
v 2.2000353 0.4590342 -1.377135
v -2.3505383 0.7162559 -1.374992
v -2.232879 0.70715076 -1.2869015
v 2.268532 0.6968791 -1.3650509
v 2.3457477 0.762987 -1.3590009
v -2.3866582 0.8580147 -1.4383277
v 2.3132267 0.8006977 -1.4233388
v 2.3556323 0.8870194 -1.4459128
v -2.351166 1.323221 -1.3022771
v 2.3058913 1.323221 -1.3022771
v -2.3634298 1.4874585 -1.3155993
v 2.3181553 1.4874585 -1.3155993
v -2.3321474 1.6901177 -1.312298
v 2.2868729 1.6901175 -1.3122979
v -2.2858765 1.7917564 -1.3129393
v -2.1660433 1.8810462 -1.3132589
v -1.950257 1.9485297 -1.3133392
v -1.7628596 1.9604752 -1.3224504
v -1.573838 1.9496738 -1.3547533
v 1.528563 1.9496738 -1.3547533
v 1.6898102 1.9599503 -1.325127
v 1.8428487 1.9549655 -1.3149301
v 2.0197744 1.9252264 -1.3133364
v 2.1941571 1.8368667 -1.313128
v -1.4456444 2.1286922 -1.3844562
v 1.4003698 2.1286922 -1.3844562
v -1.2838022 2.2866979 -1.4086479
v -1.1559019 2.3783882 -1.4265518
v 1.1106269 2.3783882 -1.4265518
v 1.2385275 2.2866979 -1.4086479
v -0.9646436 2.4788141 -1.4465443
v -0.81791085 2.5011117 -1.4474368
v -0.569165 2.515106 -1.4470928
v -0.34168598 2.481271 -1.4470927
v -0.16825059 2.5600975 -1.4470928
v 0.12297595 2.5600975 -1.4470928
v 0.23818688 2.5182028 -1.4470928
v 0.4457251 2.4826698 -1.4470927
v 0.8185545 2.4941342 -1.4471575
v -0.022637324 2.6017475 -1.4470929
v -2.3372247 0.567458 -1.2268316
v -2.2089884 0.54946154 -1.1698443
v 2.1796331 0.5516956 -1.1769186
v -2.3412926 0.6471114 -1.1782215
v -2.1728113 0.7451597 -1.1966617
v 2.1075242 0.7713678 -1.2243019
v 2.26196 0.65689117 -1.1619959
v 2.3376446 0.63219583 -1.1997474
v -2.1266744 0.8688096 -1.1856717
v 2.0814002 0.8688096 -1.1856719
v -2.1329346 1.0492755 -1.1616784
v 2.0876603 1.0492755 -1.1616788
v -2.2766154 1.2832991 -1.225891
v -2.2020924 1.1920687 -1.1924459
v 2.187925 1.23015 -1.2064065
v -2.317088 1.4207022 -1.2729229
v 2.2718134 1.4207022 -1.2729234
v -1.6145928 1.9496738 -1.1291518
v 1.5693182 1.9496738 -1.1291518
v -1.479954 2.1366994 -1.1445006
v 1.434679 2.1366994 -1.1445006
v -1.304635 2.3205194 -1.153491
v 1.2593603 2.3205194 -1.153491
v -1.1610591 2.4229202 -1.1650922
v -0.96734315 2.5258653 -1.1822611
v -0.8259319 2.5493543 -1.1844146
v -0.59061867 2.5659842 -1.1824329
v -0.41390356 2.5089252 -1.1824329
v 0.3686289 2.5089252 -1.1824329
v 0.545344 2.5659842 -1.1824329
v 0.82752717 2.5413482 -1.1836461
v 1.1157844 2.4229202 -1.1650921
v -0.29796147 2.5824678 -1.1824329
v -0.18275055 2.6243625 -1.1824329
v -0.022637323 2.6642392 -1.1824329
v 0.19475162 2.6035352 -1.182433
v -2.2944424 0.37481108 -1.024189
v -2.1334734 0.36574867 -1.0302405
v 2.0881987 0.36574867 -1.0302405
v 2.2491677 0.37481108 -1.024189
v -2.3222113 0.5293781 -1.024189
v 2.276937 0.5293781 -1.024189
v -2.336772 0.59773105 -0.9857128
v -2.1782668 0.6892011 -0.97018385
v 2.1167028 0.704727 -0.98480123
v 2.275497 0.60511416 -0.97924685
v -2.1975558 1.139071 -0.910831
v 2.1522808 1.139071 -0.910831
v -2.3333204 1.2856501 -1.012383
v -2.254447 1.2253698 -0.9651151
v 2.2684546 1.270677 -1.0006422
v -2.3519564 1.450748 -1.0003743
v -2.1570125 1.4207022 -0.96588343
v 2.1117377 1.4207022 -0.96588373
v 2.3066819 1.450748 -1.0003743
v -2.3083875 1.6901813 -1.0276216
v -2.2155778 1.7612249 -0.8888246
v -1.7323085 1.7503272 -0.9331987
v 1.6870339 1.7503272 -0.9331987
v 2.125586 1.7557393 -0.8878157
v 2.2470577 1.7053827 -0.9987824
v -2.15111 1.8588592 -0.94449574
v -1.9838678 1.9132388 -0.9470604
v -1.7364088 1.9062697 -0.9685277
v -1.637058 1.8965938 -0.9169376
v 1.6382583 1.8951616 -0.96675175
v 1.8197273 1.9214172 -0.9618942
v 2.0499983 1.887093 -0.9404677
v 2.1802638 1.812572 -0.93899643
v -1.5027087 2.1260705 -0.9108733
v -1.4317813 2.1220565 -0.90121865
v 1.43269 2.1246703 -0.90750504
v -1.364638 2.2817557 -0.8962903
v 1.2854306 2.31082 -0.8917251
v 1.3856779 2.2249546 -0.90521204
v -1.1673757 2.46525 -0.91283107
v -0.96991765 2.5707366 -0.9302228
v -0.42773166 2.5702126 -0.9300351
v 0.382457 2.5702126 -0.9300351
v 0.924643 2.5707364 -0.9302228
v 1.122101 2.46525 -0.91283107
v -0.8201086 2.597631 -0.9338677
v -0.61107844 2.614506 -0.93003505
v -0.31178957 2.6437547 -0.9300351
v -0.19657865 2.6856494 -0.9300351
v -0.022637323 2.6915948 -0.91643775
v 0.20809007 2.665 -0.9300351
v 0.56580377 2.614506 -0.93003505
v 0.774834 2.5976307 -0.93386775
v -2.267742 0.6117655 -0.79123074
v -2.1576314 0.71603936 -0.7071411
v -1.2639203 0.77429116 -0.83890545
v -1.2496816 0.7437844 -0.7299227
v 1.2158442 0.76828945 -0.81746477
v 2.0975 0.74176216 -0.7126916
v 2.1963983 0.6190716 -0.7461211
v -2.1419158 0.87584454 -0.7883818
v -1.2725624 0.78617454 -0.7494488
v 1.2272877 0.7861745 -0.7494488
v 2.0966413 0.87584454 -0.7883818
v -2.195474 1.0721855 -0.7782384
v 2.1057055 0.9896635 -0.8377813
v 2.2014823 1.1672994 -0.7096101
v -2.314415 1.492118 -0.7081038
v -2.2467036 1.5210934 -0.725148
v -1.9428279 1.4854771 -0.7499169
v -0.3194544 1.5195012 -0.6880824
v -0.24900292 1.5175406 -0.6919343
v 0.25543568 1.5189795 -0.68910724
v 1.8975533 1.4854772 -0.74991703
v 2.2500994 1.5002662 -0.71289676
v -2.304229 1.6472964 -0.8034285
v -2.2438345 1.6854292 -0.8333879
v -1.2670175 1.6420826 -0.7953932
v -1.233287 1.6365567 -0.7394049
v 1.210769 1.6402848 -0.7771784
v 2.2343569 1.6628271 -0.81563026
v -1.7723238 1.8022716 -0.8101533
v -1.6374935 1.8128779 -0.7512601
v -0.3180257 1.8395133 -0.7871553
v -0.25529268 1.824964 -0.8008908
v -0.022637323 1.8316046 -0.7811693
v 0.24843723 1.8338743 -0.7924788
v 1.6497957 1.8083488 -0.7764093
v -1.2668927 2.0358646 -0.79714805
v -1.233287 2.0045905 -0.7394049
v 1.2109481 2.0259352 -0.7788148
v -1.3116002 2.3360038 -0.7535086
v 1.262212 2.337981 -0.7599353
v 1.3808666 2.227655 -0.86499435
v -1.1519926 2.4768941 -0.76444364
v -0.99734765 2.4593992 -0.7561255
v -0.8127347 2.558119 -0.7900155
v -0.62502927 2.5749497 -0.7895452
v -0.39729875 2.565092 -0.8378775
v 0.35202414 2.5650918 -0.8378775
v 0.57975465 2.5749497 -0.7895452
v 0.90559757 2.448885 -0.728844
v 1.0633507 2.496017 -0.7997867
v -0.96570027 2.5855792 -0.786296
v -0.7711616 2.6003911 -0.81205404
v -0.62157476 2.624887 -0.78580165
v -0.35966945 2.6200476 -0.78704566
v -0.21073017 2.6659822 -0.7906517
v -0.00081015116 2.7074852 -0.7864741
v 0.19051753 2.662144 -0.78922665
v 0.38259542 2.5849073 -0.78810865
v 0.6279362 2.6047933 -0.8196479
v 0.8214622 2.6012192 -0.786216
v -2.278044 0.3686563 -0.52561545
v -2.116966 0.36141324 -0.5311566
v 2.071691 0.36141324 -0.5311566
v 2.2327695 0.3686563 -0.52561545
v -2.3143182 0.54159576 -0.51781654
v -1.4933422 0.48040855 -0.5101791
v -1.4403063 0.53597444 -0.5939082
v 1.4248971 0.50468445 -0.5467591
v 2.2690437 0.54159576 -0.51781654
v -2.1593952 0.6701134 -0.6714492
v -1.3842288 0.5969152 -0.6578427
v 1.3389542 0.5969152 -0.6578427
v 2.1141205 0.6701134 -0.6714491
v -2.1343925 0.87305987 -0.5211641
v -1.5106468 0.9554284 -0.5419235
v -1.4250237 0.9244695 -0.6400404
v 1.427865 0.9418668 -0.5849036
v 2.0891175 0.87305987 -0.5211641
v -2.2850049 1.1672626 -0.48776424
v -2.1959713 1.0827246 -0.6432242
v -2.051744 1.0318553 -0.54673856
v -0.32053387 1.0552301 -0.5075216
v 0.27525923 1.0552301 -0.5075216
v 2.0064695 1.0318553 -0.54673856
v 2.2030222 1.132408 -0.5518597
v -2.3167074 1.266714 -0.5447822
v 2.2714329 1.266714 -0.5447821
v -2.3090699 1.5636886 -0.48871773
v -1.7665882 1.4996506 -0.6365852
v -0.02263732 1.5259151 -0.67396903
v 1.7213134 1.4996506 -0.6365852
v 2.2637956 1.5636888 -0.48871773
v -2.2833157 1.7071396 -0.52020276
v -2.2591853 1.7497889 -0.5240434
v -1.4946477 1.5815592 -0.51017886
v -1.410239 1.601312 -0.6296769
v 1.3903588 1.5953693 -0.59372526
v 2.2264485 1.7276285 -0.52204776
v -2.1593015 1.8346214 -0.5249774
v -1.9311551 1.9163258 -0.5270278
v -1.7183692 1.9283142 -0.52853185
v -1.4946477 1.8363271 -0.51017886
v -1.3702006 1.9375805 -0.54156905
v -0.43801218 1.954829 -0.48518184
v 0.39273754 1.954829 -0.48518184
v 1.2980856 1.954829 -0.48518184
v 1.3904562 1.8892624 -0.593828
v 1.6730946 1.9283142 -0.52853185
v 1.8250698 1.9214437 -0.52760476
v 2.0374753 1.8755709 -0.525659
v 2.1769037 1.7867111 -0.52439874
v -1.5594307 2.084603 -0.55214286
v -1.4371297 2.1279178 -0.6578425
v -1.1920165 2.061917 -0.56011456
v -0.59053296 2.0640218 -0.5602156
v 0.52988285 2.0365689 -0.55889803
v 0.56240046 2.0946293 -0.56168455
v 1.128419 2.0946293 -0.56168455
v 1.1609399 2.0365689 -0.55889803
v 1.463951 2.1059213 -0.59894234
v 1.5573694 2.0630884 -0.50880986
v -1.484014 2.1842058 -0.6398104
v -1.1129954 2.2875507 -0.56243914
v -0.6884082 2.3367689 -0.5642551
v -0.6517762 2.2467854 -0.560935
v 0.6232967 2.288041 -0.5624572
v 1.0677207 2.2875504 -0.5624391
v 1.4387394 2.1842058 -0.6398104
v -0.9483955 2.4310822 -0.5600929
v -0.7474048 2.4067152 -0.56043935
v 0.70213014 2.4067152 -0.5604393
v 0.8454094 2.4475174 -0.5598592
v 0.9886862 2.4067152 -0.56043935
v -0.26288578 2.6760159 -0.6583878
v -0.22048035 2.6441412 -0.5780024
v 0.18883942 2.6543558 -0.60403365
v -2.2705011 0.3659683 -0.30888283
v -2.109356 0.36053643 -0.31462067
v 2.0640812 0.36053643 -0.31462067
v 2.2252269 0.3659683 -0.30888283
v -2.3042295 0.5320746 -0.3044307
v -2.1338258 0.5348532 -0.35165492
v -1.5370798 0.44137284 -0.37911013
v -1.4576414 0.55352575 -0.30892685
v -0.32372713 0.55352575 -0.30892685
v 0.27845252 0.5535257 -0.30892685
v 1.4144775 0.55054545 -0.31079182
v 2.088551 0.5348532 -0.35165492
v 2.2589548 0.5320745 -0.30443063
v -2.1773224 0.6684148 -0.45143366
v -1.4575336 0.6921305 -0.30921394
v -0.32184148 0.6508032 -0.29909435
v 0.2765668 0.6508032 -0.29909435
v 1.4122591 0.6921305 -0.30921394
v 2.1002872 0.7146979 -0.44240943
v 2.1805422 0.597745 -0.46521258
v -2.1269329 0.8950644 -0.31521586
v -1.943165 0.8432707 -0.3514943
v -1.5400263 0.970533 -0.3688375
v -1.4409639 0.8993735 -0.31196418
v -0.33473337 0.8872213 -0.33938026
v -0.2527348 0.9540407 -0.3473717
v -0.022637323 0.96937937 -0.35530666
v 0.27474797 0.87532806 -0.34427133
v 0.33763233 0.97437054 -0.316385
v 1.4061831 0.90691155 -0.31798896
v 1.8978903 0.8432707 -0.3514943
v 2.081658 0.8950644 -0.31521586
v -2.298491 1.1640455 -0.42406505
v -2.1979475 1.072134 -0.4041877
v -1.8864102 1.0414754 -0.44446874
v -1.5844641 1.0219784 -0.38854012
v -1.3454564 1.1092445 -0.3222754
v -0.41966894 1.0978922 -0.32515728
v -0.24449216 1.0852534 -0.4618642
v -0.022637323 1.0972426 -0.4735226
v 0.19921751 1.0852534 -0.4618642
v 0.37439424 1.097892 -0.32515728
v 1.3001817 1.1092445 -0.32227543
v 1.539189 1.0219784 -0.38854012
v 1.8411357 1.0414754 -0.44446874
v 2.101279 1.0776292 -0.3860091
v 2.2016275 1.1069101 -0.41538966
v -2.333326 1.3249929 -0.41010982
v -2.2459748 1.214394 -0.47112292
v -1.3292867 1.2763962 -0.35210425
v -1.1813406 1.311272 -0.31499496
v -0.8906841 1.3148314 -0.3180866
v -0.6001167 1.3090304 -0.3143304
v -0.45207635 1.2763116 -0.3520839
v 0.40680167 1.2763118 -0.3520839
v 0.5548421 1.3090305 -0.3143304
v 0.84540945 1.3148314 -0.3180866
v 1.1313125 1.3188213 -0.3169195
v 1.2285146 1.2875036 -0.33722618
v 2.240928 1.2653277 -0.44302475
v -1.5383854 1.5682948 -0.37910986
v -1.3016225 1.4845123 -0.39000225
v -1.1919941 1.5062646 -0.3430249
v -0.890684 1.507524 -0.35795093
v -0.5131058 1.4927083 -0.37666157
v -0.4504099 1.4662579 -0.2984854
v 0.44061178 1.4912827 -0.38092655
v 0.55898803 1.494817 -0.35225162
v 0.84540933 1.5075239 -0.35795093
v 1.1289096 1.5089675 -0.35226476
v 1.2431184 1.487306 -0.38090947
v 1.4931107 1.5682948 -0.37910986
v -1.3731887 1.6927136 -0.3857347
v -1.1967218 1.631752 -0.3470967
v -0.89068407 1.6718463 -0.3933803
v -0.53252757 1.6266925 -0.31698403
v -0.4008603 1.7007868 -0.3982087
v 0.31000292 1.7635579 -0.4235582
v 0.39417812 1.6587057 -0.36455473
v 0.57369554 1.6374286 -0.3740602
v 0.8454094 1.6718463 -0.3933803
v 1.1171244 1.6374286 -0.3740602
v 1.2601336 1.6186717 -0.34356192
v 1.3597344 1.7350951 -0.40644732
v -1.5679407 1.9068512 -0.37910986
v -1.3647447 1.8610287 -0.41879004
v -1.1304158 1.8925132 -0.44223934
v -0.95311356 1.9139551 -0.43653327
v -0.7083321 1.9015123 -0.44639865
v -0.52976686 1.8683497 -0.41595685
v -0.35784748 1.8646857 -0.4304913
v 0.30870298 1.8647299 -0.43193212
v 0.44130874 1.8539762 -0.40255773
v 0.6147019 1.899526 -0.44386813
v 0.84540933 1.9053904 -0.4318986
v 1.0671068 1.9064188 -0.4457578
v 1.2355328 1.8548483 -0.40691856
v 1.3896682 1.8611501 -0.4280439
v 1.5447059 1.9723752 -0.37910986
v -1.638444 2.0300546 -0.37944263
v -1.3316197 1.981864 -0.39660692
v -1.1545537 2.0329218 -0.45287216
v -0.89729613 2.0968893 -0.43869984
v -0.85355955 2.148853 -0.4402511
v -0.61979204 2.0394611 -0.4538396
v -0.4497564 1.981864 -0.39660692
v 0.4890568 2.038768 -0.43599537
v 0.58749247 2.0300262 -0.45286128
v 0.84469587 2.1055503 -0.43895832
v 1.1018795 2.0273194 -0.45224616
v 1.2173564 2.0282815 -0.4287365
v 1.5931693 2.0300548 -0.37944266
v -1.3245351 2.375203 -0.34879684
v -1.1067642 2.3109398 -0.45679948
v -0.8902195 2.2775073 -0.43738598
v -0.69647676 2.352917 -0.45240882
v -0.6529176 2.269319 -0.46115282
v 0.6288688 2.3100555 -0.45689192
v 0.84535986 2.2775068 -0.43738598
v 1.0614896 2.3109398 -0.4567995
v 1.2789294 2.3750165 -0.34878412
v -1.3185875 2.408289 -0.3449956
v -1.1596049 2.535247 -0.3689304
v -0.973321 2.4382432 -0.37606734
v -0.7600786 2.410286 -0.45078903
v 0.714804 2.410286 -0.45078903
v 0.9178716 2.4442034 -0.36008477
v 1.0464624 2.473931 -0.40909693
v 1.2733127 2.408289 -0.3449956
v -0.9657002 2.6316493 -0.39082897
v -0.8237826 2.6581843 -0.39193135
v -0.62125564 2.6754184 -0.3913684
v -0.38384196 2.668342 -0.39136836
v -0.14904447 2.6570354 -0.43434143
v 0.052961443 2.6571493 -0.42978874
v 0.22373022 2.7256014 -0.39136842
v 0.39724123 2.6311252 -0.3913684
v 0.57598096 2.6754184 -0.3913684
v 0.8289041 2.6488068 -0.39154458
v -2.157359 0.37865308 -0.092540294
v 2.1120842 0.37865308 -0.092540294
v -2.1738126 0.50408524 -0.23588333
v -1.9696835 0.520325 -0.11972916
v -1.574152 0.4148252 -0.24984385
v -1.4613194 0.55276835 -0.12310354
v -0.31728244 0.54322636 -0.17002125
v 0.27200782 0.54322636 -0.17002127
v 1.5077498 0.440655 -0.2261118
v 1.9244087 0.520325 -0.11972916
v 2.096885 0.46545324 -0.21584451
v 2.1886933 0.5775034 -0.27396604
v -2.1295333 0.69949734 -0.15659156
v -1.9669847 0.6084525 -0.23341696
v -1.4594448 0.7041163 -0.106888376
v -0.3219236 0.70411634 -0.106888376
v 0.27664897 0.70411634 -0.106888376
v 1.4141703 0.7041163 -0.106888376
v 1.9217103 0.6084525 -0.23341696
v 2.0795474 0.7068881 -0.14993052
v 2.1464107 0.601997 -0.2444645
v -2.136716 0.82741106 -0.16148745
v -1.3692538 0.9081457 -0.18358478
v -1.2140126 0.8951213 -0.13367085
v -0.8906842 0.90656865 -0.13028957
v -0.55579424 0.9015051 -0.14063081
v -0.38087535 0.91219544 -0.20485185
v -0.01903243 0.94103044 -0.13666534
v 0.24963874 0.8998993 -0.22297125
v 0.41629884 0.9120024 -0.17885321
v 0.8454094 0.90656865 -0.13028957
v 1.2730249 0.90612 -0.16612041
v 1.4101311 0.8907264 -0.22313394
v 2.0914414 0.827411 -0.16148745
v -1.6006078 1.0646231 -0.24984384
v -1.3732504 1.0600481 -0.23363093
v -1.1942972 1.0948353 -0.21874689
v -0.8906841 1.0965791 -0.22119322
v -0.5866855 1.0940832 -0.2182415
v -0.40984112 1.0662833 -0.24759494
v -0.025109641 0.9835022 -0.09164445
v 0.37433523 1.0657415 -0.24425131
v 0.5452993 1.1043606 -0.22560874
v 0.8454094 1.0965791 -0.22119321
v 1.2846613 1.074088 -0.24561447
v 1.4493695 1.0202379 -0.17967564
v 1.5786905 1.0924448 -0.24984385
v -2.3240333 1.3249929 -0.11636692
v -1.3851259 1.2790147 -0.1308354
v -1.1882188 1.2032644 -0.25339052
v -0.89068407 1.194828 -0.26276213
v -0.59333074 1.2030977 -0.25379008
v -0.39794147 1.2819614 -0.13216554
v 0.32417053 1.25001 -0.12190613
v 0.3822912 1.3151776 -0.1428311
v 0.5480561 1.2030978 -0.2537901
v 0.8454094 1.194828 -0.26276213
v 1.21481 1.2471159 -0.18820679
v 1.3618624 1.2701272 -0.13904198
v 2.2787588 1.3249929 -0.11636692
v -2.3024762 1.5283346 -0.18557292
v -1.5754577 1.5515823 -0.2498436
v -1.3213623 1.4217584 -0.23368433
v -0.48284617 1.4472378 -0.2454161
v -0.44084394 1.3991908 -0.22219464
v 0.4163026 1.4229081 -0.23365732
v 1.2760876 1.4217582 -0.23368432
v 1.5301831 1.5515823 -0.2498436
v 2.2572014 1.5283346 -0.18557292
v -2.2710397 1.7154222 -0.22491127
v -2.253889 1.7654209 -0.22694626
v 2.2201855 1.7316889 -0.22557333
v -2.1462734 1.8367567 -0.22779098
v -1.935032 1.9013104 -0.22957249
v -1.7357519 1.9450428 -0.24125563
v -1.6097015 1.8976257 -0.24984361
v 1.5301831 1.8024971 -0.24984358
v 1.6356621 1.9454387 -0.24558641
v 1.8359482 1.9100301 -0.23015198
v 1.9981959 1.8781098 -0.22854115
v 2.1488135 1.8100332 -0.2274956
v -1.6765767 2.0027137 -0.2519966
v 1.6313022 2.0027137 -0.2519966
v -1.4892005 2.2407634 -0.0961271
v 1.4439255 2.2407634 -0.0961271
v -2.1759505 0.3582395 0.03163234
v 2.0520544 0.3538297 0.030434525
v 2.2130327 0.36285883 0.032887083
v -2.2960958 0.5108488 0.032158915
v -2.1839128 0.52531755 -0.044751648
v -1.4613196 0.5573782 0.073885836
v -0.32004946 0.5573782 0.073885836
v 0.27477482 0.5573782 0.073885836
v 1.416045 0.5573782 0.073885836
v 2.108705 0.51044136 -0.07366113
v 2.228884 0.5274899 0.02330224
v -2.170367 0.62043804 -0.040950675
v -1.4070122 0.71998113 -0.02071532
v -0.37663907 0.72083396 -0.025603972
v 0.27811772 0.7009389 0.088445075
v 0.35559577 0.7298878 -0.07750511
v 1.3352237 0.7298877 -0.07750511
v 1.412702 0.7009389 0.088445075
v 2.110507 0.6490778 -0.06057631
v 2.1375246 0.59602684 -0.024222678
v -2.1886551 0.9564185 -0.06984002
v -1.3600416 0.9240631 0.008469623
v -1.2174938 0.89452434 0.040273137
v -0.89068407 0.89710397 0.043116856
v -0.5541891 0.9052038 0.037592772
v -0.32642832 0.9127192 -0.0023810875
v -0.035696983 0.94299924 0.026908306
v 0.26372403 0.9181845 -0.0064267246
v 0.4512952 0.8996736 0.028977605
v 0.8454094 0.89710397 0.043116853
v 1.2044367 0.8988878 0.035889927
v 1.3582308 0.9494226 -0.021060249
v 2.1433804 0.9564185 -0.06984002
v -2.2906802 1.0841259 -0.029360328
v -2.226383 1.0176963 -0.056779478
v -1.379396 1.0492867 -0.0131524755
v -0.48620546 1.0039523 0.06966923
v -0.38873607 1.0521827 -0.0024589153
v -0.03840039 1.004703 0.0028817614
v 0.30274907 1.0474608 0.031000476
v 0.38495293 1.0518073 -0.023293138
v 1.2981259 1.0584174 -0.010713291
v 1.3702787 1.040115 -0.015602511
v 2.2268806 1.0649867 -0.037260123
v 7.0298853 0.9961147 -0.0687955
v -1.348744 1.2058107 -0.05769128
v -0.43263 1.2058107 -0.05769128
v 0.38735533 1.2058107 -0.05769128
v 1.3034695 1.2058107 -0.05769128
v -1.6043538 2.1329591 0.09159179
v 1.5590792 2.1329591 0.09159179
v -1.3081666 2.418375 0.10437601
v -1.1596049 2.5357246 0.10523132
v -0.96513444 2.4717162 0.10385176
v 0.91985977 2.4717162 0.10385175
v 1.1143304 2.5357246 0.10523132
v 1.2628536 2.417991 0.10436698
v -0.9657002 2.633791 0.10488128
v -0.8284757 2.6660252 0.10486465
v -0.62125564 2.6958826 0.104873374
v -0.391245 2.7129967 0.10487337
v 0.28596994 2.7456555 0.104873374
v 0.40191203 2.682547 0.104873374
v 0.57598096 2.6958826 0.104873374
v 0.83080703 2.654877 0.10487035
v -0.21603368 2.7956655 0.104873374
v -0.022637323 2.8238955 0.104873374
v 0.17075905 2.7956655 0.104873374
v -1.4602689 0.5535943 0.20905794
v -0.32110015 0.5535943 0.20905794
v 0.2758255 0.5535943 0.20905794
v 1.4149941 0.5535943 0.20905794
v -2.1414742 0.6773564 0.21375094
v -1.3980926 0.66769934 0.22333701
v -0.37475926 0.66180664 0.22298767
v 0.27838984 0.62952256 0.21632925
v 0.35388386 0.6772233 0.2261672
v 1.3356243 0.6361514 0.28867856
v 1.383313 0.6642148 0.19588023
v 2.0961998 0.6773565 0.21375094
v -2.160978 0.80274576 0.25635326
v -1.3938283 0.84590596 0.23493579
v -1.23794 0.9352012 0.20310374
v -0.890684 0.9145491 0.2192734
v -0.5433268 0.93581754 0.20761938
v -0.38778257 0.8460109 0.23386288
v -0.026461538 0.9796991 0.19604823
v 0.33318198 0.84059036 0.30495554
v 0.40182745 0.8802735 0.19808446
v 0.8454094 0.91454923 0.2192734
v 1.2471316 0.90288854 0.20914163
v 1.3547595 0.8433233 0.24064241
v 2.1157036 0.80274576 0.25635326
v -1.463587 1.1115712 0.2490586
v -1.3798642 1.0757905 0.21655032
v -1.2541118 0.9820127 0.2910498
v -0.5004873 1.0237744 0.2110921
v -0.32109132 1.0954212 0.21606594
v -0.26104686 1.1440738 0.25709966
v -0.035578433 1.0394874 0.18665175
v 0.26545364 1.0920165 0.21619873
v 0.4052802 1.0806402 0.21934614
v 1.2353392 1.0237421 0.21724617
v 1.378848 1.0958223 0.2260424
v 7.0308456 1.0556979 0.17824578
v -0.3059151 1.253892 0.29253545
v -0.26049462 1.2097738 0.2842495
v 0.25614163 1.248976 0.29075006
v 7.3373537 1.2847675 0.31734678
v -1.6870772 2.0293088 0.2527004
v 1.6418024 2.0293088 0.2527004
v -0.42638215 2.658455 0.21698025
v 0.37898985 2.6572404 0.21874626
v -2.2240243 0.54646105 0.47338998
v -1.6583617 0.41187018 0.3868506
v -1.3627717 0.53979445 0.51433444
v -0.89068407 0.53183943 0.51619536
v -0.41860482 0.53979445 0.51433444
v 0.37333024 0.53979445 0.51433444
v 0.8454094 0.53183943 0.51619536
v 1.3174971 0.53979445 0.51433444
v 1.6130872 0.41187018 0.3868506
v 2.1787498 0.54646105 0.47338998
v -2.1355932 0.681181 0.46428278
v -1.3741903 0.630252 0.4128204
v -0.4071824 0.630252 0.4128204
v 0.3619078 0.630252 0.4128204
v 1.3289156 0.630252 0.4128204
v 2.0903184 0.6811811 0.46428275
v -2.2257 0.90349245 0.4291061
v -1.3602011 0.85972685 0.4352436
v -0.89068407 0.9769306 0.37496862
v -0.4699826 0.8390552 0.45542222
v -0.40039828 0.85943854 0.42756894
v 0.31592968 0.94880486 0.421799
v 0.4020744 0.8411208 0.4457811
v 0.84540945 0.97693056 0.37496862
v 1.2992518 0.8551731 0.43771905
v 1.3514276 0.87033165 0.42947933
v 2.1804254 0.90349245 0.42910606
v -2.3166642 1.1347036 0.50047165
v -1.3636328 1.044984 0.41053122
v -1.2621797 0.99163777 0.36898178
v -0.89068407 0.986719 0.47585136
v -0.4963569 0.99963146 0.42622405
v -0.3528085 1.0950135 0.37962872
v -0.018736478 1.0829862 0.47233725
v 0.28394046 1.1023054 0.37018302
v 0.42480174 1.0230304 0.41895887
v 0.8454095 0.98671913 0.47585142
v 1.2652402 1.0279999 0.41369307
v 1.3900406 1.0605698 0.38956997
v 2.27139 1.1347036 0.50047165
v -2.3240333 1.3094151 0.4520743
v -1.7057841 1.2499412 0.3868506
v -1.6583617 1.1934465 0.3868506
v -0.3193962 1.251897 0.3540258
v 0.27400285 1.2511861 0.35467038
v 1.6318531 1.2158028 0.38685063
v 2.2787588 1.3094151 0.4520743
v 7.3374295 1.2877253 0.32153374
v -2.30388 1.4587375 0.41909197
v -1.6596674 1.4867349 0.3868509
v 1.6143926 1.4867349 0.3868509
v 2.2586052 1.4587375 0.41909197
v -2.2737987 1.6755469 0.3918088
v -2.2382717 1.735256 0.39149097
v -1.6596674 1.7312908 0.3868509
v 1.6143926 1.7312908 0.3868509
v 2.2056189 1.7140431 0.3916039
v -2.1302845 1.827822 0.39046773
v -1.960355 1.8841561 0.38868618
v -1.7572819 1.9136504 0.38707054
v 1.6885662 1.9153966 0.38701534
v 1.7918067 1.905112 0.38747963
v 2.0463853 1.8431102 0.39006788
v -1.4736055 2.2737765 0.3672039
v 1.4283305 2.2737765 0.3672039
v -0.33853868 2.6382143 0.3808356
v -0.19148001 2.6358068 0.46224937
v 0.033310585 2.6351745 0.47445077
v 0.26459315 2.6375437 0.40330127
v -2.1803339 0.35162815 0.5846342
v 2.0556507 0.347003 0.5834899
v 2.2166226 0.3563788 0.5858095
v -2.2785208 0.5081909 0.57828104
v 2.2332466 0.5081909 0.578281
v -2.1667335 0.61010367 0.54927695
v -1.3196067 0.74819916 0.54491025
v -0.890684 0.7091971 0.55500704
v -0.47209477 0.76048934 0.5421293
v -0.4153548 0.69178796 0.55807084
v 0.39029557 0.7162651 0.5523912
v 0.8454093 0.70919704 0.55500704
v 1.274332 0.7481992 0.54491025
v 2.1214592 0.61010367 0.54927695
v -2.304794 0.95464957 0.5550845
v -1.3127987 0.910807 0.57974195
v -0.89068407 0.9067905 0.5738464
v -0.46814674 0.8780233 0.57646483
v 0.4228721 0.8780233 0.57646483
v 0.8454093 0.9067903 0.57384634
v 1.2675242 0.91080695 0.579742
v 2.2595198 0.95464957 0.5550845
v -1.3043423 0.9872781 0.56140196
v -0.47703236 0.9872781 0.56140196
v -0.021622818 1.0992209 0.5538854
v 0.4317577 0.9872781 0.56140196
v 1.2590677 0.9872781 0.56140196
v -1.5815688 2.1645117 0.56775975
v 1.5362939 2.1645117 0.56775975
v -1.1301249 2.5573232 0.6684295
v 1.0848502 2.5573232 0.6684295
v -0.9547385 2.63882 0.668115
v -0.8259081 2.6682212 0.6680996
v -0.62223065 2.698344 0.6681074
v -0.3935945 2.6942887 0.6427733
v -0.25004655 2.7763982 0.5743044
v 0.28132564 2.7479298 0.59821695
v 0.37333885 2.6762722 0.67162186
v 0.57695574 2.698344 0.66810733
v 0.8221568 2.6587129 0.6681046
v -0.126908 2.7848463 0.56616646
v 0.029898427 2.7883964 0.5686096
v -2.2015746 0.5709011 0.79251796
v 2.1562998 0.5709011 0.79251796
v -2.1481714 0.68192077 0.78735834
v 2.1028967 0.6819208 0.7873584
v -0.120195635 0.91451836 0.820345
v 0.016713722 0.9145184 0.79960704
v -0.09421401 1.0082642 0.839312
v -0.019531861 1.0155315 0.84238404
v -0.06498595 1.3650138 0.85437113
v -0.03420204 1.365014 0.8543711
v -0.07008587 1.4403805 0.854371
v -0.024561495 1.4543984 0.85437125
v -2.5162816 1.9781551 0.90744525
v 2.471007 1.9781551 0.90744543
v -2.607682 2.0596051 0.8628905
v -1.6881278 2.0440474 0.7660505
v 1.6428531 2.0440474 0.7660505
v 2.5007808 1.9992125 0.89341974
v 2.5853539 2.082093 0.8515232
v -2.5660105 2.21807 0.8770619
v -1.4282011 2.3035853 0.88528204
v 1.2532899 2.3733308 0.85036284
v 1.3990551 2.2949083 0.8896265
v 2.4955142 2.2330816 0.89197785
v 2.5595767 2.194952 0.8540922
v -1.2810237 2.4233518 0.77054423
v -1.2494305 2.454057 0.7431359
v -0.9343765 2.4892178 0.7709884
v 0.8891018 2.4892178 0.77098835
v 1.228808 2.430271 0.7644192
v -0.3481145 2.644904 0.8156159
v -0.23579136 2.6341944 0.9204843
v 0.27121302 2.6392834 0.8402544
v 0.35928136 2.6755564 0.80109113
v -2.2423368 0.53713524 1.0152762
v -1.6664494 0.41455734 0.9496976
v 1.6211747 0.41455734 0.9496976
v 2.1970623 0.53713524 1.0152762
v -2.1858342 0.6773824 0.99114245
v 2.0905473 0.67291737 1.0150707
v 2.1552112 0.6786905 0.9841324
v -0.19944735 0.9426101 0.98083633
v -0.012980415 0.9382477 0.9706621
v 0.20552167 0.95806307 1.0129695
v -2.3178456 1.1696142 1.0998939
v -0.19439371 1.0193998 1.0479606
v -0.0044851825 1.0673462 1.0560809
v 0.2025082 0.99086237 1.0666368
v 2.2725716 1.1696142 1.0998939
v -2.3126602 1.3700135 1.0307277
v -1.682197 1.2602676 0.94998324
v 1.6369221 1.2602676 0.94998336
v 2.267386 1.3700135 1.0307277
v -2.3089674 1.4048454 1.0170938
v -1.667755 1.4189432 0.9496979
v 0.6393899 1.4713217 0.9778528
v 0.8538617 1.4469417 0.99351066
v 1.0232834 1.454182 0.9900161
v 1.2060624 1.4924008 1.0002952
v 1.6224803 1.4189432 0.9496979
v 2.2636929 1.4048454 1.0170938
v -2.2747016 1.6650182 0.95503867
v -2.2379875 1.7283428 0.95471203
v -1.667755 1.6840447 0.9496979
v 0.5146493 1.6689748 1.0196807
v 0.60230976 1.6935643 1.0402454
v 0.8451059 1.6780782 1.0422326
v 1.0247225 1.6744859 1.0563537
v 1.2599849 1.6972799 1.0600915
v 1.6224804 1.6840447 0.9496979
v 2.2057526 1.7058517 0.954828
v -2.4818838 1.9754363 0.971444
v -2.364597 1.9745473 1.014994
v -2.1308496 1.8662492 1.0047123
v -2.007193 1.8613045 1.0012631
v -1.7648346 1.89345 0.9501625
v 0.5297315 1.8506421 1.0701659
v 0.6022041 1.8496304 1.0686623
v 0.847789 1.8321445 1.0805572
v 1.0093553 1.8336248 1.0872363
v 1.232994 1.8630252 1.087215
v 1.6973903 1.896911 0.95004535
v 1.7966048 1.8802874 0.9507078
v 2.0347772 1.8578726 1.0053904
v 2.201595 1.9682168 1.0675932
v 2.4012806 1.9759096 0.980879
v -2.5697858 2.042383 1.0079226
v -2.3599558 2.0374713 1.0163163
v -2.1728134 1.990778 1.0915278
v -1.677549 2.0474033 1.1116458
v -1.54438 2.1720202 1.0542212
v 0.68575037 2.0141258 1.0891542
v 0.8355897 2.053242 1.1059161
v 1.0620195 2.0243769 1.1055849
v 1.499105 2.17202 1.0542212
v 1.6322746 2.0474033 1.1116458
v 2.0894656 1.9827087 1.1016661
v 2.2726142 2.0616543 1.0329847
v 2.4390028 2.006122 1.0056924
v 2.57174 2.0790658 1.0007174
v -2.5416617 2.2248702 1.0157254
v -2.3936367 2.2493978 0.99683064
v -1.5624636 2.1835802 1.0058111
v -1.4308099 2.2797122 0.97972625
v 1.4432139 2.2375963 0.9911543
v 2.3012812 2.226518 1.0259178
v 2.3937335 2.254194 0.9920233
v 2.5568917 2.2053015 0.9729768
v -1.2903491 2.391281 1.0451174
v -1.2163707 2.4482443 1.0229986
v -0.90383095 2.4823318 1.0222799
v 0.85855633 2.4823318 1.0222799
v 1.0848502 2.5297291 1.0185995
v 1.197018 2.4261546 1.0283355
v -0.9579964 2.6144462 1.002657
v -0.83306515 2.6422873 1.012309
v -0.62223065 2.6744156 1.0182778
v -0.38265997 2.6594121 0.9989746
v -0.1491778 2.6451137 0.9773364
v 0.03505536 2.6423147 0.9780398
v 0.2620152 2.6615994 0.9817254
v 0.40232277 2.6585417 1.0148301
v 0.57695574 2.6744156 1.0182778
v 0.825183 2.6338742 1.0093645
v -2.1613479 0.34567297 1.2130889
v 2.0341487 0.34339842 1.2097249
v 2.1952844 0.3478722 1.2163415
v -2.2941556 0.5390082 1.2299398
v -1.8069391 0.40049037 1.255857
v -1.6552602 0.41038927 1.1948766
v 1.6099855 0.41038927 1.1948766
v 1.7616645 0.40049037 1.255857
v 2.2488813 0.5390082 1.2299398
v -2.2943316 0.6916751 1.2849221
v -2.220613 0.67754275 1.195068
v 2.1192508 0.68494505 1.222489
v 2.222781 0.68573666 1.2481405
v -2.3039181 0.8825568 1.2165813
v 2.2586436 0.8825568 1.2165813
v -0.14624484 1.1323674 1.1490163
v 0.023217427 1.1298673 1.1485982
v 0.20619918 1.0769153 1.1390688
v -1.7054721 1.2494913 1.1960362
v -1.6557429 1.2830166 1.1948764
v -0.26564407 1.355981 1.2335509
v -0.1484256 1.2840204 1.1881815
v 0.041382384 1.280305 1.182649
v 0.19333775 1.3061547 1.2169744
v 1.6355001 1.2661413 1.1954603
v -0.27298757 1.510047 1.2848665
v -0.13573721 1.4335058 1.2333919
v 0.022404889 1.4706986 1.2451438
v 0.20092866 1.4923174 1.2782587
v 0.86766344 1.5673004 1.1711704
v 0.9840086 1.5777528 1.1767147
v -1.6565658 1.6649518 1.1948766
v -0.14394 1.631838 1.2999939
v 0.034061246 1.6375738 1.3014205
v 0.15262075 1.6259586 1.3039565
v 0.69554144 1.7222648 1.1487964
v 0.77476084 1.6894768 1.205576
v 1.0404472 1.6964215 1.2052696
v 1.1593963 1.7490532 1.1470215
v 1.6112912 1.6649518 1.1948766
v -2.4879456 1.9775722 1.1325766
v -2.3312752 1.9734668 1.1886629
v -2.1211069 1.94679 1.1970695
v -2.014196 1.8552579 1.179763
v -1.7673253 1.8846987 1.2434348
v 0.6838075 1.896933 1.1371746
v 0.85818905 1.8426459 1.2151165
v 1.0306666 1.8571402 1.1860139
v 1.1888492 1.877363 1.1385632
v 1.7010393 1.9177896 1.2370702
v 1.7735478 1.8157967 1.2535424
v 1.9986663 1.8863487 1.1840854
v 2.2005856 1.9683706 1.2011089
v 2.40276 1.9764338 1.1510782
v -2.499094 2.0871973 1.1559001
v -2.373307 2.0574124 1.1680106
v -2.174737 1.9910753 1.1975588
v -1.6738119 2.044233 1.1840397
v -1.5768895 2.115359 1.1904588
v 0.67245585 2.014935 1.139595
v 0.8466912 2.0515838 1.1525341
v 1.04718 2.0342143 1.15518
v 1.4756817 2.1783626 1.1898091
v 1.6264389 2.0420914 1.1849087
v 2.0890381 1.982576 1.1912553
v 2.2392402 2.0443351 1.1703169
v 2.421623 2.075771 1.1620202
v -2.4778183 2.2095106 1.1273979
v -2.4335828 2.195355 1.1512347
v -1.4055766 2.280729 1.2028756
v 1.360302 2.280729 1.2028756
v 2.4111743 2.2026722 1.1389132
v -1.1516566 2.4411316 1.2525843
v -0.9492883 2.5508258 1.3166085
v -0.836518 2.495938 1.2432623
v 0.804023 2.5021584 1.2515742
v 1.0911652 2.4487038 1.2432445
v 1.1682118 2.4079077 1.2909865
v -0.9664268 2.586044 1.1944978
v -0.83294994 2.6181908 1.198769
v -0.54818624 2.6400273 1.2240694
v -0.3211868 2.6261659 1.2475797
v -0.16684224 2.624992 1.2698987
v 0.050127257 2.622731 1.2881706
v 0.27591217 2.6261659 1.2475797
v 0.41883692 2.6320422 1.2353845
v 0.58942544 2.6482437 1.212426
v 0.82495725 2.609133 1.1976085
v -1.8230004 0.3963954 1.4069792
v 1.7777258 0.3963954 1.4069792
v -2.2328548 0.6713108 1.3272314
v 2.1875803 0.6713108 1.3272314
v -0.31189263 1.3217479 1.4671743
v 0.26661795 1.3217479 1.4671743
v -1.9679229 1.3952001 1.5185539
v -1.6853749 1.4416386 1.4741553
v -0.31101197 1.489919 1.3930365
v -0.14393921 1.5734438 1.340733
v 0.077326536 1.5705963 1.3394918
v 0.25102833 1.5007726 1.3869758
v 1.6401001 1.4416385 1.4741553
v 1.9226482 1.3952001 1.5185539
v -1.8920901 1.6370275 1.4497075
v -1.6957884 1.6299596 1.4468069
v -1.6469926 1.7079155 1.4654033
v -0.31180564 1.6975319 1.3956659
v -0.14394014 1.6567317 1.3654157
v 0.01156875 1.6545314 1.3508627
v 0.24106714 1.6865648 1.3884571
v 0.52595884 1.7726843 1.4394618
v 0.6270185 1.735473 1.4182719
v 0.8060142 1.7098842 1.4047706
v 1.0260655 1.7108688 1.4126246
v 1.2340267 1.737215 1.4433333
v 1.456567 1.770751 1.501304
v 1.6148459 1.6659697 1.4540374
v 1.8281407 1.689453 1.4648513
v -1.9057745 1.8544699 1.4673997
v -1.8161596 1.8360298 1.3916625
v -1.5701325 1.8611852 1.5082583
v -1.4265622 1.8559538 1.5091305
v -0.27087963 1.9470503 1.494274
v -0.14046258 1.9349408 1.4863666
v 0.05963029 1.932257 1.4911497
v 0.21309592 1.9362456 1.4884175
v 0.51444745 1.8087492 1.4994115
v 0.6440959 1.882899 1.4458814
v 0.84088045 1.8398682 1.4874657
v 1.0631407 1.8508179 1.4810871
v 1.2067584 1.8734918 1.4644405
v 1.4435894 1.8564281 1.508248
v 1.5789272 1.895247 1.5012876
v 1.7869648 1.8357173 1.4004843
v -1.6701322 1.993295 1.3997359
v -1.6482432 2.0205317 1.4868563
v -0.27065128 2.007904 1.5014871
v -0.13580395 2.0201693 1.4989953
v 0.07151156 2.011951 1.500292
v 0.21638319 2.017705 1.499833
v 0.68398553 2.0124967 1.4488937
v 0.83420074 2.0482216 1.4587375
v 1.0368787 2.0351174 1.45472
v 1.1392266 2.0157092 1.5193665
v 1.6131507 2.0078616 1.4463296
v -1.4991981 2.1849513 1.3214419
v -1.3443569 2.2842844 1.4244297
v 1.2990824 2.2842844 1.4244297
v 1.4539235 2.1849513 1.3214419
v -1.1173127 2.409317 1.4556837
v -0.9709718 2.467308 1.436032
v -0.76436156 2.4810271 1.4302905
v -0.65888155 2.4606285 1.5175859
v 0.66505814 2.470295 1.4583118
v 0.8407441 2.4832754 1.4927278
v 1.004682 2.4457707 1.4059678
v -0.8216314 2.5814047 1.3506916
v -0.5626788 2.611538 1.3925488
v -0.32137114 2.6083326 1.420715
v -0.16559677 2.6043699 1.442052
v 0.05111663 2.6036658 1.4476458
v 0.2760965 2.6083326 1.4207151
v 0.4319011 2.611995 1.404193
v 0.60662526 2.611061 1.3803982
v 0.77635646 2.5814047 1.3506916
v -2.3201537 0.27806467 1.704699
v -2.2335494 0.32017386 1.7064916
v -2.0564673 0.332013 1.7050184
v 2.0111926 0.332013 1.7050184
v 2.23029 0.2997452 1.7056218
v -2.2424746 0.5039872 1.7090074
v -1.8041844 0.39463416 1.676517
v 1.7589095 0.39463416 1.6765171
v 2.1972 0.5039872 1.7090074
v -2.276508 0.67489475 1.6241928
v -2.2313774 0.6556133 1.653536
v 2.2036018 0.6630895 1.6421583
v -1.7479922 1.1707785 1.6918924
v 1.7027174 1.1707785 1.6918924
v -2.0053732 1.307109 1.6284053
v -1.7134619 1.2752619 1.5684874
v -0.31159788 1.2102683 1.5720615
v 0.26632327 1.2102683 1.5720615
v 1.6681873 1.2752619 1.5684874
v 1.9600985 1.307109 1.6284055
v -1.9616809 1.445495 1.6464789
v 0.8302829 1.5008782 1.5274714
v 0.989605 1.5170304 1.5370114
v 1.916406 1.445495 1.6464789
v -2.071315 1.7713162 1.6811978
v -1.8841221 1.6488717 1.5907155
v -1.8219553 1.6924305 1.6524835
v -1.513149 1.7653624 1.6174572
v -1.4407663 1.7725657 1.6954907
v 0.80731297 1.6881853 1.5750262
v 1.0012231 1.6718624 1.5773531
v 1.4565668 1.7664878 1.6296476
v 1.8283216 1.6562469 1.6011739
v 2.02604 1.771316 1.6811978
v -2.0965543 1.8363433 1.690134
v -1.9448159 1.8146625 1.6365222
v -1.7946328 1.8421606 1.5975051
v -1.5900658 1.8595706 1.6055434
v -1.427082 1.8769319 1.5727099
v -0.3266312 1.8919753 1.5905795
v -0.16671959 1.9077346 1.5964099
v 0.052177303 1.9333522 1.6039991
v 0.25621927 1.8898478 1.5925817
v 0.5022623 1.8742181 1.6169161
v 0.55637044 1.9421997 1.6350541
v 1.2778891 1.8841437 1.6436826
v 1.4446846 1.8861166 1.5731767
v 1.5897275 1.8444616 1.6266538
v 1.7976164 1.798701 1.6323651
v 2.0058992 1.8400555 1.640754
v -1.6192293 1.997347 1.7051331
v -1.4469284 2.1752477 1.5417901
v -0.26745328 2.043223 1.5599895
v -0.1880848 2.0321655 1.6065178
v 0.08264282 2.0245364 1.6016994
v 0.18023458 2.0370402 1.6026022
v 0.6641715 2.0058928 1.656578
v 0.83813924 2.055017 1.6588753
v 1.0225002 2.0392628 1.6736478
v 1.1489741 1.9968106 1.6566392
v 1.4016532 2.1752477 1.5417902
v 1.5739546 1.997347 1.7051331
v -1.2563556 2.273577 1.6162078
v 1.211081 2.273577 1.6162078
v -0.9531724 2.42878 1.5732604
v -0.7444432 2.467895 1.6318859
v -0.5426354 2.475924 1.6648937
v -0.37762415 2.4820313 1.6821156
v -0.16210452 2.558664 1.5940506
v 0.051409 2.557346 1.5986514
v 0.2853308 2.5278592 1.6639675
v 0.46738228 2.4719636 1.6715025
v 0.67824066 2.4709733 1.6345143
v 0.8484304 2.4384305 1.5902016
v 1.0003053 2.4035847 1.5759597
v -2.3208966 0.2780985 1.8521657
v -2.2297657 0.3270538 1.8538971
v -2.0616508 0.3215603 1.8593599
v 2.016376 0.3215603 1.85936
v 2.2181022 0.308998 1.8532585
v -2.1339264 0.52011454 1.8969295
v -0.31211364 0.55552685 1.8782207
v 0.266839 0.55552685 1.8782207
v 2.0674872 0.52383196 1.9048342
v 2.197249 0.5010399 1.8563695
v -2.281451 0.7082892 1.760258
v -2.2216587 0.7298789 1.7357361
v -0.33661363 0.6334398 1.9108107
v 0.291339 0.63343984 1.9108107
v 2.2228715 0.71309334 1.7548014
v -2.2981853 0.83730894 1.8422112
v -2.233057 0.8526446 1.8488808
v -1.8134471 0.8349039 1.9181708
v -0.3383982 0.9053729 1.8471339
v 0.29312354 0.9053729 1.8471339
v 1.7681726 0.8349039 1.9181708
v 2.2333548 0.8419138 1.8442142
v -2.3107808 1.0431852 1.9021127
v -2.1753986 1.0314822 1.9048078
v -2.0544875 1.173719 1.7319854
v -1.7932453 1.0071797 1.853019
v -0.33095497 1.0630691 1.7675127
v 0.28568035 1.0630691 1.7675127
v 1.7479706 1.0071797 1.853019
v 2.0222113 1.1002768 1.8104727
v 2.2466347 1.0443224 1.9026815
v -2.2819002 1.2588624 1.9163636
v -2.2454116 1.2722329 1.908972
v -2.0306482 1.2806265 1.8135493
v 1.9853737 1.2806265 1.8135493
v 2.234494 1.2596436 1.9159317
v -2.3082929 1.4517403 1.9038935
v -2.2471435 1.4447409 1.9088349
v 2.247446 1.4499577 1.905152
v -2.278735 1.6575155 1.8804002
v -2.2242327 1.7055134 1.8462249
v -1.7711108 1.710829 1.7745911
v -1.5188098 1.766088 1.7757301
v -1.4519986 1.7715348 1.7572306
v 1.4565668 1.7674712 1.7710315
v 1.7258362 1.7108288 1.7745912
v 2.0929203 1.7340829 1.7787523
v 2.202728 1.6876788 1.8620175
v -2.1623774 1.8004035 1.7604711
v -1.7444351 1.8542329 1.8026428
v -1.5251175 1.8350405 1.7967297
v -1.4416758 1.8448147 1.7720557
v -0.37217993 1.9266946 1.8413721
v -0.18949844 1.9170413 1.7944429
v 0.062573224 1.9390343 1.8126967
v 0.26193574 1.921814 1.8242528
v 0.5111518 1.9178587 1.8250928
v 0.60849965 1.941635 1.87175
v 0.8333106 1.9742066 1.9125913
v 1.0387276 1.965796 1.8950324
v 1.2350239 1.9057753 1.8424205
v 1.4565665 1.8343729 1.8018398
v 1.6766896 1.8605494 1.7934182
v 1.7419759 1.8090361 1.7994941
v 2.1171026 1.8004035 1.7604711
v -1.3255571 2.1485832 1.8322878
v -0.1926628 1.9934275 1.7488735
v 0.09096228 1.9888433 1.7361717
v 0.16626607 1.9949613 1.7531232
v 0.6972255 1.989256 1.8068845
v 0.8475483 2.0120442 1.8162137
v 1.0234905 2.001334 1.8053612
v 1.2802825 2.1485834 1.8322879
v -1.121759 2.2601109 1.8155843
v 1.0764841 2.2601109 1.8155842
v -0.7732891 2.4098754 1.7825108
v -0.600957 2.4213593 1.8320397
v -0.33726114 2.4685597 1.7580107
v -0.15568708 2.4748638 1.7680994
v 0.02866278 2.4821522 1.7786065
v 0.2817622 2.4681594 1.7599274
v 0.3534328 2.4422143 1.8143743
v 0.5927772 2.418067 1.825191
v 0.78349733 2.4084537 1.7559929
v -2.3226151 0.27656847 2.0191967
v -2.1848934 0.32185304 2.020038
v 2.0235999 0.31678137 2.01813
v 2.2177467 0.30624214 2.020171
v -2.1286507 0.42732453 1.955093
v -1.8182411 0.53586173 1.9443425
v 1.7729664 0.5358617 1.9443424
v 2.06345 0.41550276 1.9436996
v 2.1982214 0.49546131 2.0207596
v -2.2767768 0.7800163 2.020672
v -2.1570208 0.6034051 2.0329704
v -1.8202356 0.59840685 1.9686449
v 1.774961 0.59840685 1.9686449
v 2.0794516 0.5894561 2.0368178
v 2.2228339 0.712036 2.0206923
v -2.2909093 0.90586525 2.020706
v -2.1008132 0.8402975 2.0024843
v 2.0555387 0.8402975 2.002484
v 2.2456346 0.90586525 2.020706
v -2.3040526 1.0441744 2.0207522
v -2.0573645 1.060126 2.0295572
v 2.0120897 1.060126 2.0295572
v 2.258778 1.0441744 2.0207522
v -2.3152528 1.2736456 1.9504858
v -2.214556 1.2993733 1.9332044
v 2.1890514 1.2943223 1.9365973
v -2.308426 1.4484131 2.021169
v 2.263152 1.4484131 2.021169
v -2.2917717 1.6775649 2.038737
v -1.7097975 1.7324345 2.037474
v 1.6645229 1.7324345 2.037474
v 2.2464974 1.677565 2.0387373
v -1.7003914 1.81483 2.0028052
v -1.555545 1.8708469 1.9721352
v -0.40092066 1.9202757 2.0335047
v -0.022637323 1.9577984 2.0748549
v 0.355646 1.9202756 2.0335045
v 0.6586629 1.9071869 2.0103576
v 0.8430448 1.906606 2.0634966
v 1.0269024 1.8937744 2.0557768
v 1.18512 1.8788695 1.9767853
v 1.4801152 1.8726501 1.9506906
v 1.6173301 1.8495126 2.0254595
v -1.1750797 2.1331403 2.0514474
v 1.129805 2.1331403 2.0514474
v -0.94286245 2.2595384 1.989218
v -0.82229024 2.260216 2.0620208
v 0.8362554 2.2598832 2.026251
v -0.39694142 2.418749 1.929126
v -0.18485758 2.415219 1.9532591
v -0.024534134 2.4364333 1.9518533
v 0.13958295 2.415219 1.9532591
v 0.3516668 2.418749 1.929126
v -2.3227556 0.30250943 2.2474585
v -2.1833532 0.33290645 2.2821355
v -2.0305855 0.31103882 2.2469969
v 2.0430615 0.32020298 2.271977
v 2.2359083 0.31228957 2.2356796
v -2.3193686 0.44340262 2.2646575
v -2.2192585 0.4588766 2.2358701
v 2.2174914 0.45215172 2.2483807
v -2.3260455 0.6713215 2.2202132
v -2.235744 0.67160755 2.2373364
v -1.6949843 0.6652235 2.3171012
v 1.6497093 0.6652235 2.3171012
v 2.2371495 0.6714597 2.2284849
v -2.3220725 0.88561106 2.2091224
v -2.251585 0.88565254 2.2729433
v 2.2500265 0.88562685 2.233362
v -2.310699 1.058484 2.2503219
v 2.265424 1.058484 2.2503219
v -2.3127763 1.2246981 2.2501392
v -2.2462857 1.243187 2.2787356
v 2.2631643 1.2259041 2.2520046
v -2.3084254 1.4176658 2.2712402
v 2.2631516 1.4176658 2.2712402
v -2.2946494 1.6360854 2.2283852
v -2.2444417 1.758398 2.141005
v -1.6316864 1.7485255 2.2287953
v 1.5864117 1.7485254 2.2287953
v 2.2264385 1.6919618 2.1884673
v -2.1299653 1.839311 2.2250032
v -1.9363171 1.8829976 2.2408404
v -1.7659805 1.8743627 2.2408404
v -1.578622 1.877649 2.1675324
v -1.4088414 1.8587977 2.1743128
v -0.44618696 1.8902141 2.258761
v 0.4009123 1.8902141 2.258761
v 1.3225052 1.9248244 2.2987223
v 1.42092 1.8575289 2.1498199
v 1.6583575 1.8686236 2.2099051
v 1.7929267 1.8810139 2.2408404
v 2.0299127 1.8558939 2.2313569
v -0.9794182 2.1280959 2.2381945
v 0.8619381 2.1275299 2.2879047
v 0.99790865 2.1285958 2.194295
v -0.6829284 2.260999 2.1461694
v -0.45472756 2.263373 2.2276545
v -0.22566581 2.2617211 2.2655976
v -0.024686843 2.3036706 2.2386537
v 0.18039115 2.2617211 2.2655976
v 0.40945292 2.263373 2.2276545
v 0.6376537 2.260999 2.1461694
v -2.3288546 0.2942158 2.4738655
v -2.1630404 0.33656666 2.4216015
v -1.6949843 0.26071665 2.4962714
v -1.3665372 0.2915965 2.4841783
v -0.022637323 0.26071665 2.4962714
v 1.3212625 0.29159656 2.4841785
v 1.6497095 0.26071665 2.4962714
v 2.1150267 0.335532 2.4193244
v 2.2815073 0.29525787 2.4736307
v -2.3141308 0.47130784 2.434995
v -2.2058313 0.44858786 2.4150152
v -1.8115687 0.5250378 2.5003383
v -1.3665373 0.4507793 2.424646
v 1.3212624 0.45077923 2.4246457
v 1.7662948 0.5250381 2.5003383
v 2.2138598 0.45977032 2.4248488
v -2.3269255 0.68224055 2.402285
v -2.2314684 0.66238475 2.3835049
v -1.8115686 0.71626997 2.4638588
v -1.3665372 0.66848016 2.388863
v 1.3212626 0.66848016 2.388863
v 1.7662945 0.71626997 2.4638586
v 2.2333639 0.67219645 2.392785
v -2.325182 0.8985209 2.4250944
v -2.2580712 0.8869297 2.3882945
v -1.8115686 0.910566 2.4760833
v -1.3665376 0.8868215 2.3898048
v 1.3212626 0.88682145 2.3898048
v 1.7662945 0.9105661 2.476083
v 2.2507293 0.89348143 2.4090946
v -2.3406937 1.1500598 2.432585
v -1.3665375 1.1562116 2.473158
v 1.3212626 1.1562117 2.473158
v 2.2954195 1.1500598 2.432585
v -2.3366985 1.2242621 2.4297645
v -2.247689 1.2138449 2.4489927
v -1.3665376 1.2027861 2.49266
v 1.3212626 1.2027862 2.4926598
v 2.2854152 1.2235587 2.4310627
v -2.3006444 1.436968 2.4528422
v 2.2553701 1.4369681 2.4528425
v -2.3007808 1.6363682 2.4021654
v -1.5083313 1.7208555 2.4768028
v 1.4630566 1.7208555 2.4768026
v 2.2555065 1.6363683 2.4021657
v -1.4790089 1.8318295 2.441414
v -1.1842849 1.8484591 2.444668
v -0.6196971 1.8385279 2.5064397
v -0.022637324 1.914864 2.354105
v 0.5744224 1.8385279 2.5064397
v 1.1241592 1.8216052 2.4214017
v 1.1513536 1.8707786 2.4640062
v 1.4337342 1.8318295 2.4414144
v -0.7511051 2.1263065 2.3953786
v -0.50553966 2.1267483 2.4901543
v 0.46026498 2.1267483 2.4901543
v 0.70583016 2.1263065 2.3953786
v -0.022194292 2.2744079 2.423053
v -2.2946978 0.27370298 2.645057
v -1.8115686 0.27388412 2.6452758
v 1.7662947 0.27388427 2.6452756
v 2.2494235 0.2737031 2.6450565
v -2.325302 0.48906186 2.655144
v -1.7544475 0.484803 2.6430526
v 1.7091731 0.4848033 2.6430526
v 2.2800274 0.48906207 2.655144
v -2.316035 0.6938376 2.6265633
v -2.2377267 0.7191965 2.6915493
v -1.7618535 0.7274631 2.6421697
v 1.7165793 0.72746336 2.6421692
v 2.1329794 0.73127854 2.7058468
v 2.2583516 0.69853956 2.6401987
v -2.3241875 0.88384897 2.6252098
v -2.2378235 0.8904204 2.7042758
v -1.7618535 0.8770645 2.6515722
v 1.7165792 0.87706494 2.651572
v 2.1329794 0.8649164 2.7142546
v 2.2645988 0.887804 2.6425655
v -2.311635 1.0571198 2.629432
v -1.7904412 1.0780144 2.5739992
v 1.7091795 1.0478599 2.638312
v 1.7662945 1.095718 2.5362422
v 2.2663608 1.0571198 2.6294322
v -2.3085296 1.3141997 2.599054
v -1.8003175 1.2457364 2.6580043
v -1.3665376 1.3363625 2.580511
v 1.3212626 1.3363625 2.580511
v 1.7165976 1.1966841 2.7176216
v 1.7662945 1.2600919 2.640557
v 2.2632554 1.3141999 2.599054
v -2.315387 1.485619 2.6366465
v -2.2590485 1.4982032 2.5887423
v -1.3665376 1.4369016 2.6888015
v 1.3212628 1.4369018 2.6888015
v 2.2623544 1.4884958 2.630745
v 2.3396292 1.4477941 2.6822093
v -2.3235004 1.6867485 2.6126738
v -2.2523181 1.7773669 2.5543492
v -1.6949843 1.6361382 2.5452917
v -1.3418562 1.7159091 2.656237
v 1.2965815 1.7159092 2.656237
v 1.6497093 1.6361382 2.5452917
v 2.2365327 1.7398261 2.5785115
v -2.09822 1.8237588 2.692757
v -1.3224677 1.809614 2.6654263
v -0.9922115 1.8545206 2.590782
v -0.71975094 1.840583 2.5726097
v -0.61762583 1.8543924 2.5240088
v -0.022637323 1.891566 2.5762208
v 0.6404885 1.8456413 2.5588512
v 0.8229147 1.8327521 2.5891562
v 0.980785 1.8622586 2.5894337
v 1.2771928 1.8096138 2.665426
v 2.0529451 1.8237585 2.692757
v -0.26154855 2.1267483 2.5402398
v -0.023967836 2.1271663 2.6233342
v 0.21627392 2.1267483 2.5402398
v -0.021297844 2.182498 2.657561
v -2.3050756 0.096506335 2.8714497
v -1.8003492 0.104317024 2.8757007
v 1.7165976 0.17244405 2.9130065
v 1.7662945 0.08445227 2.8648226
v 2.2598016 0.09650647 2.8714492
v -2.319647 0.29149053 2.831528
v -2.1782537 0.37541664 2.8733027
v -1.7618532 0.3291239 2.8296516
v 1.7165793 0.3291241 2.829652
v 2.1329794 0.37541693 2.8733027
v 2.274373 0.29149073 2.8315284
v -2.2942882 0.43819854 2.7489574
v -2.1631608 0.502398 2.8421307
v -1.7690257 0.47859004 2.78795
v 1.7237515 0.47859034 2.78795
v 2.1062016 0.50073653 2.8430812
v 2.1930897 0.4859464 2.8089786
v -2.3340325 0.7377214 2.854764
v -2.1625612 0.70145786 2.8102922
v -1.7690256 0.5997483 2.7309372
v 1.7237517 0.5997483 2.7309372
v 2.1078508 0.70289844 2.8104498
v 2.2035384 0.70811313 2.8238857
v -2.3374536 0.83996713 2.8505893
v -2.1622536 0.8733984 2.8106391
v 2.1066556 0.8719695 2.8105571
v 2.194983 0.8705482 2.8203819
v -2.3037024 1.1427028 2.7603323
v -2.1635268 1.0423298 2.8551993
v -1.7647345 1.0744702 2.7808988
v 1.7194605 1.0744705 2.780899
v 2.1058872 1.0423385 2.8532965
v 2.1956341 1.0806676 2.8226178
v -2.3227212 1.2667432 2.8385231
v -1.7646724 1.3276124 2.8303246
v 1.7091806 1.3022712 2.8487778
v 1.7397692 1.3781372 2.7935328
v 2.2774472 1.2667437 2.8385239
v -2.3472512 1.514715 2.768508
v -2.261394 1.4855196 2.723388
v -1.8226409 1.3997136 2.7778563
v -1.3665376 1.541214 2.843091
v 1.3212628 1.5412141 2.8430912
v 1.777367 1.399714 2.7778563
v 2.2962115 1.5131848 2.7662022
v 2.341861 1.5172527 2.7709162
v -2.3223474 1.6928238 2.8491392
v -2.2590194 1.7697406 2.7214777
v -1.3526471 1.7029737 2.7609906
v -1.1678932 1.704151 2.829708
v -0.96770173 1.6390477 2.9164817
v 0.92242694 1.6390477 2.9164817
v 1.1226183 1.7041509 2.829708
v 1.3073725 1.7029738 2.7609906
v 2.2481592 1.7327192 2.8071132
v 2.3433821 1.5893946 2.9048889
v -2.1043208 1.8413011 2.8509564
v -1.9402277 1.859374 2.8150856
v -1.8589252 1.8645524 2.8848395
v -1.4034529 1.825232 2.8057745
v -1.1434319 1.7984484 2.8436384
v -0.86430943 1.9042312 2.785262
v -0.5577451 1.8648939 2.881027
v -0.29470327 1.8384684 2.8972735
v -0.022637323 1.851543 2.8866262
v 0.2494286 1.8384684 2.8972735
v 0.48148152 1.828638 2.8593023
v 0.5436333 1.9013535 2.902874
v 0.8190349 1.9042312 2.7852623
v 1.0981572 1.7984483 2.843638
v 1.2566664 1.8159896 2.9062617
v 1.3947914 1.8285655 2.76953
v 1.8290708 1.8638284 2.8637903
v 2.0519903 1.8422654 2.8461528
v -0.07507655 2.027931 2.8914802
v -0.018463923 2.086146 2.8224385
v -2.3215857 0.10584789 3.0557165
v -1.7904624 0.053224657 3.0561984
v 1.7091649 0.12224434 3.073892
v 1.7662945 0.012785556 3.0458317
v 2.2763114 0.105847955 3.055716
v -2.320578 0.22300236 2.993265
v -2.2283561 0.27311218 3.0355084
v -1.7647345 0.25688356 3.020688
v 1.7194606 0.25688383 3.0206883
v 2.1272984 0.28663245 3.0438988
v 2.2451897 0.24299161 3.0107653
v -2.3346696 0.45237398 3.057582
v -2.186682 0.5083653 3.0248153
v 2.1066525 0.4981444 2.9933448
v 2.2554562 0.46892104 3.053837
v -2.311668 0.7206549 3.0582557
v -2.2244446 0.66864485 3.0374324
v 2.1066525 0.6765161 3.0006394
v 2.2012157 0.6783698 3.0440006
v -2.3219905 0.83369315 3.015958
v -2.189828 0.90045226 2.9943032
v 2.1042597 0.9124893 2.9546804
v 2.1986372 0.8797665 3.0295026
v -2.3282862 1.1104238 3.0933905
v -2.163796 1.0791508 2.9887168
v 2.0982456 1.0806491 2.9824986
v 2.2266762 1.0943934 3.050898
v -2.31823 1.3349754 3.0038903
v -2.1750891 1.2011886 3.0029986
v -1.7647345 1.2568543 2.986715
v 1.7194605 1.2568544 2.9867146
v 2.1128192 1.1921287 2.9999208
v 2.2409337 1.2950027 3.008064
v -2.319247 1.4444668 3.0081744
v -1.8003184 1.4661735 2.9614081
v 1.7165977 1.3944994 2.9898922
v 1.7662947 1.4871473 2.953073
v 2.2739732 1.4444671 3.0081747
v -2.375148 1.6625706 3.1072614
v -2.0945327 1.7796493 3.0098917
v -1.1733718 1.6991178 2.937638
v -0.9768783 1.7212281 3.020988
v -0.75952417 1.7139288 3.0611796
v 0.71424955 1.7139289 3.0611796
v 0.9228335 1.7277033 3.0138376
v 1.0576928 1.6974407 2.9865134
v 2.0492582 1.7796493 3.0098917
v 2.3226275 1.6787258 3.096456
v 2.3386242 1.6430615 3.1203103
v -2.1118834 1.841566 2.9981768
v -1.9367938 1.8610862 3.022646
v -1.8001535 1.8586913 3.0071251
v -1.6236118 1.8360993 3.0235198
v -1.4052094 1.8062108 3.001955
v -1.1874332 1.8004107 3.0792391
v -0.931277 1.791982 3.0017166
v -0.628965 1.7864461 3.096003
v -0.31926608 1.9013538 2.9738235
v -0.068504125 1.9008598 3.095155
v 0.0035401238 1.9255835 3.0875793
v 0.27399144 1.9013538 2.9738235
v 0.5836903 1.7864462 3.096003
v 0.86155295 1.7911798 2.993096
v 1.0449508 1.8015372 3.0442507
v 1.2141303 1.7936351 3.1158564
v 1.3599347 1.8062108 3.001955
v 1.5783371 1.8360993 3.0235198
v 1.7697297 1.8592187 3.0095835
v 2.0607624 1.8424459 2.9992068
v -2.320255 0.09367667 3.2295268
v -1.790465 0.030128872 3.2389767
v 1.709163 0.1013921 3.238977
v 1.7662946 -0.011614201 3.238977
v 2.2749805 0.09367681 3.2295263
v -2.2997084 0.28333753 3.1703029
v -2.1739528 0.26705024 3.210686
v -1.7690254 0.23063582 3.238977
v 1.7237515 0.23063584 3.2389772
v 2.123634 0.2553062 3.2198105
v 2.2385604 0.28572777 3.1723914
v -2.3251832 0.49673262 3.1872108
v -2.2096212 0.52041256 3.2098439
v 2.1066523 0.51768327 3.210249
v 2.2025044 0.5148491 3.2040598
v -2.3291857 0.71164805 3.2311118
v -2.2364762 0.6400757 3.243161
v 2.265394 0.697352 3.233518
v -2.326542 0.8368611 3.2311542
v -2.2357843 0.8740588 3.2225018
v 2.263562 0.8441176 3.229467
v -2.335837 1.1083862 3.194043
v -2.2179036 1.0100461 3.2241685
v 2.1066527 1.019063 3.2284396
v 2.2259738 1.0497139 3.2114878
v -2.3067462 1.3565989 3.2239745
v -2.2062607 1.2814277 3.2190716
v -1.7690254 1.2947916 3.238977
v 1.7237517 1.2947918 3.238977
v 2.1236339 1.2706928 3.232176
v 2.2331426 1.3290646 3.217091
v -2.3143888 1.4499334 3.1933098
v -1.783656 1.4812082 3.174057
v 1.7067171 1.4195489 3.2108345
v 1.7662946 1.5355624 3.1416368
v 2.2691145 1.4499333 3.19331
v -2.3472567 1.6639643 3.1439133
v -2.1034412 1.7700076 3.2472293
v -1.7048345 1.7730471 3.3051705
v -1.3665376 1.6297033 3.121698
v -1.2196907 1.7727634 3.3115475
v -0.8759253 1.692759 3.1276565
v -0.8163293 1.6929921 3.1505847
v -0.6029892 1.7011576 3.205406
v -0.32895187 1.6830106 3.2774014
v -0.13437225 1.7548729 3.2704134
v 0.015437463 1.7378558 3.2329955
v 0.28367725 1.6830105 3.2774014
v 0.533382 1.709795 3.1383975
v 0.58423 1.6917449 3.2784255
v 0.79457843 1.6929001 3.1415346
v 1.2740254 1.6757224 3.182768
v 1.6595594 1.7730471 3.3051705
v 2.0581665 1.7700077 3.2472293
v 2.3019826 1.6639643 3.1439133
v -2.10591 1.8348743 3.2188454
v -1.9512422 1.8448955 3.2198923
v -1.7522721 1.8367302 3.2338228
v -1.5847894 1.8062788 3.2701044
v -1.37158 1.7859138 3.2238119
v -1.111934 1.783067 3.2265408
v -0.91477567 1.809475 3.2020843
v -0.8099229 1.800133 3.1917086
v -0.60636353 1.7931697 3.2119098
v -0.3506622 1.7877102 3.2171016
v -0.07957122 1.7970371 3.2988997
v -0.014616586 1.7899071 3.2269664
v 0.30538756 1.7877103 3.2171016
v 0.5610889 1.7931697 3.2119098
v 0.8164612 1.8047491 3.1968355
v 1.0666593 1.783067 3.2265408
v 1.3174108 1.7854058 3.2244427
v 1.3426883 1.7868491 3.2226496
v 1.6813943 1.834258 3.2367382
v 1.8356603 1.84241 3.2385068
v 2.054056 1.8352605 3.215832
v -2.3182278 0.09597583 3.4078975
v -1.7904669 0.053215355 3.421757
v 1.7091615 0.12224915 3.40406
v 1.7662946 0.0127853565 3.4321213
v 2.2729535 0.09597584 3.407897
v -2.2938745 0.21228287 3.4362323
v -2.1739526 0.30330825 3.4161787
v -1.7690257 0.2720647 3.4340723
v 1.7237517 0.2720648 3.434072
v 2.123634 0.293232 3.42195
v 2.2203836 0.24415584 3.4265409
v -2.3294773 0.49784255 3.4679487
v -2.2201388 0.5462012 3.35466
v 2.1066525 0.5407181 3.3652463
v 2.2311144 0.5236237 3.4076977
v -2.3098545 0.6816232 3.3906841
v -2.2189107 0.68892854 3.4420457
v 2.1066525 0.66127795 3.4653459
v 2.2071214 0.6890768 3.4243817
v -2.31788 0.87435395 3.417266
v -2.2196991 0.8825617 3.427284
v 2.1066525 0.88718504 3.4559748
v 2.2107797 0.87961614 3.4216235
v -2.319901 0.99449235 3.4786787
v -2.1995876 1.0001539 3.3493366
v 2.1066525 0.99904037 3.3462343
v 2.1966476 0.99890286 3.3842187
v -2.312684 1.3407853 3.4564252
v -2.1739528 1.2242942 3.4347677
v -1.7618474 1.2971376 3.449709
v 1.7165731 1.2971379 3.4497087
v 2.123634 1.2362909 3.435044
v 2.2552247 1.3260787 3.4542296
v -2.3227258 1.4758896 3.3780031
v -1.7919495 1.4879076 3.3864317
v 1.7165974 1.4155949 3.4058995
v 1.7602601 1.5205679 3.3776393
v 2.2774518 1.4758894 3.3780026
v -2.3675783 1.6206256 3.378431
v -2.0729198 1.7646616 3.3828878
v -1.9944113 1.7522247 3.4585078
v -1.7211584 1.7647843 3.355769
v -1.5408094 1.764857 3.5054703
v -1.3665376 1.6174189 3.3778944
v -1.0911357 1.7621951 3.3893538
v -0.92192954 1.7653192 3.5022628
v -0.33358493 1.687388 3.4344609
v -0.10448192 1.7454222 3.3975093
v 0.020121248 1.7286315 3.442985
v 0.25627783 1.6901118 3.4322135
v 0.8766548 1.7653193 3.5022626
v 1.0458611 1.762195 3.3893538
v 1.3212628 1.6174189 3.3778944
v 1.4955349 1.764857 3.5054703
v 1.6758837 1.7647843 3.355769
v 1.9111313 1.7473963 3.5011744
v 1.9923425 1.7583771 3.4133751
v 2.3223035 1.6206256 3.378431
v -2.0729198 1.8391881 3.382888
v -1.988514 1.8153504 3.4461315
v -1.7313688 1.8177915 3.416013
v -0.92641187 1.788125 3.3503366
v -0.80916244 1.7859046 3.3996363
v -0.5949189 1.8007349 3.420744
v -0.32316938 1.8059338 3.4078224
v -0.15797473 1.7937986 3.3974261
v -0.005950907 1.8119061 3.3677936
v 0.22663106 1.804514 3.422796
v 0.54964405 1.8007348 3.4207437
v 0.80303955 1.786684 3.3831697
v 1.6637734 1.8167883 3.4064372
v 1.8450533 1.8223906 3.434832
v 1.9631345 1.8139037 3.4497662
v -2.3050756 0.09650593 3.6065042
v -1.8003638 0.104290836 3.6022668
v 1.7165976 0.17244348 3.5649474
v 1.7662947 0.0844517 3.6131306
v 2.2598016 0.09650592 3.6065042
v -2.319883 0.27496278 3.6201053
v -2.2377279 0.34908918 3.598406
v -1.7589258 0.30245382 3.6293206
v 1.7136518 0.30245382 3.6293206
v 2.1329794 0.37541637 3.6046515
v 2.2627573 0.28797513 3.6151118
v -2.3418088 0.5256789 3.5731325
v -2.2112412 0.49144462 3.6759043
v -1.7690256 0.47859004 3.6900034
v 1.7237517 0.47859007 3.6900032
v 2.119185 0.49455333 3.655366
v 2.2441008 0.5072521 3.6318603
v -2.3199008 0.6084223 3.5315268
v -2.1700451 0.7110418 3.7038784
v 2.1066525 0.7110418 3.7038784
v 2.2146695 0.65512675 3.6099684
v -2.3340323 0.9160137 3.5942717
v -2.1700451 0.857347 3.6978097
v 2.1066525 0.857347 3.69781
v 2.2682562 0.90776825 3.6088238
v -2.3259249 1.0801125 3.6275284
v -2.2112422 1.0958456 3.6343105
v -1.7690257 1.1053215 3.6505728
v 1.7237515 1.1053215 3.650573
v 2.1191852 1.0773907 3.6247947
v 2.2466671 1.0905782 3.6324043
v -2.3168986 1.2765691 3.617744
v -2.1782537 1.1969838 3.5529623
v -1.766447 1.2744018 3.6090674
v 1.716579 1.2487781 3.5904539
v 1.7397692 1.378137 3.6844208
v 2.1329794 1.1969838 3.5529623
v 2.271624 1.2765694 3.6177442
v -2.3324327 1.5091798 3.5979526
v -1.8226409 1.4470817 3.6139348
v -1.3665378 1.5567505 3.5840223
v -1.0200562 1.5748127 3.7073603
v 0.9747815 1.5748127 3.7073607
v 1.3212628 1.5567504 3.5840223
v 1.777367 1.4470817 3.6139348
v 2.2871587 1.5091801 3.5979528
v -2.27884 1.6739872 3.5955145
v -2.18124 1.7609395 3.5875964
v -2.0057662 1.7714964 3.6969142
v -1.7211038 1.7250701 3.63835
v -1.619238 1.7416686 3.677692
v -1.290022 1.7122276 3.6068287
v -1.188957 1.5893435 3.599915
v -0.79529256 1.7649733 3.5450277
v -0.6085248 1.776412 3.6071472
v -0.022637323 1.6674789 3.5314255
v 0.64132595 1.77163 3.581179
v 0.7745698 1.7634696 3.536862
v 1.061676 1.5817972 3.6549652
v 1.1941832 1.6273595 3.587977
v 1.4425963 1.7141328 3.6950114
v 1.6108674 1.735544 3.6673331
v 1.8109254 1.7337329 3.5822067
v 2.06206 1.7653857 3.6336384
v 2.2335653 1.6739872 3.5955145
v -2.1170807 1.785539 3.6233113
v -1.7604048 1.7960691 3.5786726
v -1.6475644 1.7939233 3.59631
v -0.3562608 1.7884612 3.6061013
v -0.18335824 1.7874523 3.6321502
v 0.026171321 1.7899414 3.6175425
v 0.2567033 1.786891 3.6297042
v 1.63651 1.7945099 3.5728939
v 1.790963 1.7976027 3.5927427
v 2.0718057 1.785539 3.6233113
v -2.3102314 0.29014927 3.801732
v -1.8115685 0.27388367 3.8326774
v 1.7662945 0.27388367 3.8326774
v 2.2649572 0.29014924 3.8017318
v -2.3197196 0.4792978 3.7975392
v -1.7544359 0.48480386 3.8348799
v 1.7091615 0.48480386 3.8348794
v 2.2744455 0.4792979 3.797539
v -2.3120193 0.6956143 3.8497066
v -2.1782537 0.665513 3.759561
v -1.7642704 0.6844235 3.8058236
v 1.7189964 0.68442357 3.805824
v 2.1329794 0.66551304 3.7595615
v 2.2667449 0.69561416 3.8497057
v -2.3115723 0.8888155 3.8418677
v -2.2377272 0.94083256 3.7579088
v -1.7618533 0.8770516 3.8263173
v 1.7165791 0.87705165 3.8263173
v 2.1329794 0.86491585 3.763699
v 2.251946 0.91307044 3.8167362
v -2.3255415 1.0749946 3.7903059
v -2.1782537 0.9922645 3.7223208
v -1.7589271 1.0514001 3.7722204
v 1.7136527 1.0514001 3.7722206
v 2.1329794 0.99226445 3.722321
v 2.2802675 1.0749944 3.7903059
v -2.3489692 1.2977662 3.8427076
v -1.953572 1.3717792 3.909104
v -1.8003407 1.2457657 3.819985
v -1.3665376 1.3446363 3.86762
v 1.3212628 1.3446363 3.86762
v 1.7165976 1.1966838 3.7603319
v 1.7975942 1.2847092 3.8532016
v 2.3036945 1.2977662 3.8427074
v -2.368278 1.4456557 3.7714102
v -2.2441869 1.526539 3.8822694
v -2.0073104 1.4557109 3.8268454
v -1.8312683 1.570515 3.876051
v -1.3665377 1.4370363 3.771834
v -1.1520439 1.5359286 3.8363569
v -0.9058098 1.5784557 3.7836883
v 0.8605351 1.5784559 3.783688
v 1.1067692 1.5359286 3.8363569
v 1.3212627 1.4370362 3.771834
v 1.8808771 1.4421611 3.8921533
v 1.9765545 1.4792767 3.8016071
v 2.3209007 1.4468321 3.7725701
v 2.337474 1.4413922 3.7775943
v -2.1475744 1.7259526 3.7805798
v -1.9836038 1.6518245 3.7919567
v -1.6949831 1.6330029 3.8755012
v -1.6269008 1.7182037 3.8972085
v -1.4325296 1.6614647 3.897006
v -1.2209963 1.6472087 3.8286865
v -0.87343377 1.681479 3.8446734
v -0.7858534 1.7076441 3.864756
v -0.5708785 1.7210194 3.8898604
v -0.29663736 1.7232714 3.9156861
v -0.17595294 1.7326368 3.9008536
v 0.06281093 1.7334502 3.8992863
v 0.2513627 1.7232715 3.9156864
v 0.5256039 1.7210194 3.8898604
v 0.7039339 1.7122215 3.8767643
v 0.8222422 1.6898293 3.8425333
v 1.1757216 1.6472087 3.828686
v 1.3872552 1.6614647 3.897006
v 1.6482903 1.6347773 3.875953
v 1.8721083 1.6600538 3.7988238
v 2.040538 1.6783417 3.7836926
v -2.38696 0.30693975 4.0252404
v -2.2166283 0.30349976 4.006725
v -1.6949834 0.30440313 4.00448
v -1.3665358 0.30440313 4.00448
v -0.022637323 0.3000417 4.007538
v 1.3212613 0.30440313 4.00448
v 1.6497083 0.30440313 4.00448
v 2.190879 0.30949426 4.014743
v 2.3443863 0.2880623 4.0056047
v -2.3266466 0.47481576 4.0516343
v -2.2622352 0.3923302 4.043641
v -1.8115689 0.52503735 3.977615
v -1.3665369 0.4833214 4.052291
v 1.3212616 0.48332137 4.052291
v 1.7662945 0.52503735 3.977615
v 2.2362175 0.46587798 4.0377593
v 2.37243 0.4294504 4.090338
v -2.3081834 0.6796333 4.048089
v -1.8115687 0.71626943 4.0140953
v -1.3665371 0.65268326 4.0800624
v 1.3212619 0.65268326 4.0800624
v 1.7662946 0.71626943 4.0140953
v 2.262909 0.6796333 4.048089
v -2.3308594 0.92816776 4.068297
v -1.8115686 0.91056544 4.0018706
v -1.3665373 0.9234249 4.073772
v 1.3212626 0.9234249 4.073772
v 1.7662945 0.9105655 4.0018706
v 2.2855847 0.9281672 4.0682955
v -2.3425 1.1489371 3.971033
v -1.8115687 1.0957175 3.9417117
v -1.3665375 1.1775305 3.9821155
v 1.3212626 1.1775305 3.9821155
v 1.7662946 1.0957174 3.9417112
v 2.2972257 1.1489371 3.9710333
v -2.3756018 1.2079935 3.9956152
v -1.9078757 1.3456703 3.9799256
v -1.7693119 1.2911161 4.0506754
v -1.5936092 1.2805438 4.066861
v -1.2494081 1.1814117 4.081796
v 1.2041335 1.1814117 4.081796
v 1.5034966 1.2676339 4.0448866
v 1.646272 1.277398 4.0604086
v 1.8046435 1.3268712 4.032891
v 2.3098903 1.1988546 3.9834623
v 2.3853698 1.2326072 4.028346
v -2.1496227 1.5774542 3.9736917
v -1.9421932 1.4615424 3.9985754
v -1.7892781 1.483495 4.035587
v -1.6163267 1.4657001 4.0365148
v -1.1135461 1.5014956 3.96798
v -0.93283206 1.4933265 4.04629
v -0.85971636 1.5136708 4.030925
v 0.84840494 1.5017167 4.0419564
v 1.0516363 1.4953241 3.9873753
v 1.5235438 1.4366709 4.045348
v 1.6206983 1.4983536 4.03765
v 1.8157228 1.4531933 4.009399
v 2.0196452 1.493648 4.009907
v -2.11808 1.6201518 4.0370665
v -2.0084095 1.6205864 4.084236
v -1.6281922 1.6701208 4.071631
v -1.1846972 1.6180277 3.945087
v -0.9315223 1.6060117 4.0329065
v -0.76782155 1.6295495 4.101487
v -0.5346025 1.6553857 4.1154127
v -0.30325517 1.688728 4.020513
v -0.16790673 1.6858344 4.086608
v 0.027822323 1.6802316 4.0798206
v 0.25798053 1.6887281 4.0205135
v 0.48932788 1.6553857 4.1154127
v 0.6601051 1.6456558 4.104294
v 0.82733506 1.6119391 4.0585637
v 1.039431 1.6055576 3.9838169
v 1.1679634 1.620739 3.941887
v 1.5829177 1.6701208 4.071631
v 1.8361753 1.7167971 3.9586825
v 2.0370054 1.6144159 4.063527
v -2.207541 0.35859764 4.2681093
v 2.1622665 0.3585976 4.2681093
v -2.3903348 0.5377799 4.1603317
v 2.24663 0.49039486 4.1951838
v 2.4055924 0.5669203 4.1388993
v -2.310725 0.6386536 4.203213
v -1.6949832 0.70891 4.1493816
v 1.6497083 0.70891 4.1493816
v 2.2654502 0.6386536 4.203213
v -2.3780541 0.90036803 4.197345
v -2.2294729 0.84355766 4.259961
v 2.2544034 0.8634614 4.2390227
v 2.3529582 0.91935706 4.1747937
v -2.3738344 1.0837302 4.2070837
v 2.2795203 1.097185 4.1906285
v 2.3724942 1.0716759 4.2218266
v -2.3312044 1.2462815 4.133014
v 2.28593 1.2462815 4.133014
v -2.0958269 1.5389136 4.168126
v -1.9948009 1.5313506 4.237196
v -1.816562 1.5522506 4.2549286
v -1.569085 1.4892836 4.2353687
v -1.450452 1.4034956 4.2596135
v -1.2124103 1.5256802 4.2605705
v -0.9769434 1.5077007 4.299128
v -0.8225542 1.5259259 4.3188753
v 0.87008166 1.5149707 4.3070054
v 1.1671357 1.5256802 4.2605705
v 1.4383818 1.4372804 4.2061753
v 1.64146 1.5222384 4.314149
v 1.8228548 1.5585889 4.2287073
v 2.019499 1.5347726 4.202616
v 2.199928 1.461859 4.1261444
v -1.9661348 1.5879109 4.1655083
v -1.8608574 1.6079211 4.1886163
v -1.358519 1.5831101 4.2086987
v -0.68741566 1.5816147 4.3167925
v -0.6460934 1.5842867 4.3191366
v 0.6196902 1.5830666 4.3180666
v 1.3132445 1.5831101 4.2086987
v 1.8502386 1.6008086 4.182676
v 1.9666564 1.5835154 4.141793
v -2.176496 0.31742954 4.4554744
v 2.0800474 0.34454837 4.4812465
v 2.2169604 0.27199396 4.4122963
v -2.401982 0.43639526 4.458034
v -2.1866407 0.52076167 4.426978
v -1.2329253 0.40002602 4.493268
v -0.92962253 0.5519317 4.493893
v 0.8274576 0.5771612 4.493991
v 0.99331343 0.5003865 4.4937534
v 1.1967436 0.3953041 4.493239
v 2.0577936 0.56790626 4.430304
v 2.1843126 0.49653524 4.4252696
v 2.3567076 0.43639526 4.458034
v -2.3717413 0.77240366 4.4838676
v -2.1064582 0.7040838 4.4340234
v -0.66541517 0.6311694 4.494148
v -0.48110214 0.6448589 4.494239
v -0.34458694 0.6463162 4.4942923
v -0.12288279 0.64764684 4.4943385
v 0.02760241 0.6478067 4.494345
v 0.27563354 0.6465732 4.4943
v 0.3915154 0.6453275 4.494258
v 0.62014055 0.6311694 4.494148
v 2.0611837 0.7040838 4.434023
v 2.3216038 0.7728551 4.475753
v 2.3433607 0.77083594 4.5120554
v -2.4132278 0.87806183 4.332731
v -2.1712022 0.8697516 4.3872786
v 2.097478 0.93389636 4.4341564
v 2.1629493 0.78628224 4.3262787
v 2.3679528 0.8780618 4.332731
v -2.3409524 1.0273297 4.4495068
v -2.1459737 1.0724769 4.463099
v 2.100699 1.0724769 4.4630985
v 2.2866647 1.0349519 4.4365816
v 2.3424115 0.9878079 4.516522
v -2.186089 1.3237178 4.392504
v -1.9601505 1.3767732 4.4915624
v -1.7499596 1.3153437 4.390812
v -1.5702279 1.3550842 4.447915
v -1.3309039 1.2793399 4.4831924
v 1.285629 1.2793399 4.4831924
v 1.47523 1.3700348 4.5110335
v 1.6316078 1.3195145 4.390135
v 1.77863 1.3418295 4.3969812
v 1.9914241 1.3761593 4.49857
v 2.181639 1.3058294 4.3495
v -2.131923 1.4705945 4.3214254
v -1.9496318 1.4262475 4.436002
v -1.7453341 1.4525279 4.383566
v -1.5783231 1.4512993 4.4270983
v -1.3669065 1.4381075 4.502473
v -1.1607975 1.4243637 4.513488
v 1.1155227 1.4243636 4.513488
v 1.223666 1.4677343 4.4857063
v 1.4918122 1.4230813 4.4654727
v 1.6172322 1.4801985 4.3824177
v 1.8648856 1.4277132 4.414569
v 1.9778546 1.4229459 4.4556503
v -0.5005086 1.5937003 4.3273973
v -0.25295964 1.5925293 4.334843
v -0.022637323 1.5884212 4.3387523
v 0.20768501 1.5925294 4.3348436
v 0.455234 1.5937004 4.3273973
v -2.3513117 0.31626716 4.6784844
v -2.1434557 0.2810497 4.5855765
v -2.0170825 0.31374323 4.6691236
v 2.0071704 0.30249038 4.650032
v 2.2871253 0.31040272 4.6583796
v -2.0863419 0.49867523 4.6530614
v 2.041067 0.49867523 4.653061
v -2.3442175 0.68331283 4.68059
v -2.1089478 0.65208244 4.5937333
v -1.9858029 0.650169 4.6761575
v -1.8149545 0.66583496 4.625977
v 1.797839 0.6677463 4.636211
v 2.010028 0.6436035 4.6393814
v 2.2355728 0.6390373 4.6164656
v -2.1223466 0.9188576 4.5836964
v -1.9815919 0.8803834 4.6523957
v -1.7506669 0.86025465 4.7019057
v 1.7053922 0.8602547 4.701906
v 1.9363176 0.8803835 4.6523957
v 2.0770721 0.9188575 4.583696
v -2.1359382 1.0658607 4.602734
v 2.0771306 1.075797 4.6051354
v 2.1431153 1.0273478 4.593428
v -2.1215787 1.2867618 4.546947
v -1.9261017 1.3381609 4.6027737
v -1.8415455 1.3160129 4.640296
v -1.4854058 1.3389766 4.5872374
v -1.4307007 1.29026 4.6762195
v -1.1153876 1.3543394 4.6522684
v -0.8887967 1.3315109 4.6895313
v -0.7253541 1.3559365 4.7155538
v 0.68007946 1.3559365 4.7155538
v 0.8435217 1.3315109 4.6895313
v 1.0701128 1.3543395 4.6522684
v 1.4130048 1.3148189 4.631359
v 1.8438616 1.331039 4.615354
v 1.9870162 1.3288034 4.584468
v -1.962118 1.3808899 4.533258
v -1.5062587 1.4132546 4.5629807
v -1.4512184 1.4490217 4.5487757
v -1.2345243 1.410995 4.6003356
v -0.93208086 1.4055406 4.5467877
v -0.7603008 1.4275689 4.571116
v -0.5953614 1.4771773 4.596969
v -0.4417328 1.4884098 4.606379
v -0.18270876 1.4841378 4.6145616
v -0.022637323 1.4864639 4.6191697
v 0.13743412 1.4841378 4.6145616
v 0.4579686 1.4839123 4.602611
v 0.64220375 1.4516965 4.583464
v 0.8868062 1.4055406 4.5467877
v 1.1892498 1.410995 4.6003356
v 1.4484105 1.4214246 4.5597353
v 1.9168433 1.3808899 4.533258
v -2.343257 0.3183342 4.744872
v -1.9445127 0.3284824 4.793905
v -1.808374 0.32845712 4.755978
v -1.4403881 0.26602712 4.818549
v -1.163023 0.2680777 4.877484
v -0.9389284 0.26785493 4.883442
v -0.8311303 0.26623914 4.8390555
v -0.5864913 0.26623914 4.877229
v -0.3056624 0.26623914 4.896317
v -0.022637323 0.26623914 4.9044967
v 0.26038778 0.26623914 4.896317
v 0.5412167 0.26623914 4.877229
v 0.82877153 0.2670063 4.856144
v 1.0308479 0.2680777 4.8916717
v 1.3951135 0.26602712 4.818549
v 1.6955241 0.34139106 4.9089093
v 1.7992098 0.32651162 4.7401385
v 2.2979825 0.31833422 4.7448726
v -2.096043 0.5559475 4.7306075
v -1.9401169 0.5060408 4.858505
v -1.4403881 0.39527026 4.818549
v -1.163023 0.40793446 4.877484
v -0.94061255 0.42229593 4.8844266
v -0.82975364 0.42143565 4.8390555
v -0.5864913 0.42143565 4.877229
v -0.3056624 0.4214354 4.896317
v -0.022637323 0.4214354 4.9044967
v 0.26038778 0.4214354 4.896317
v 0.5412167 0.42143565 4.877229
v 0.8267412 0.4219048 4.8558054
v 1.0336634 0.4147333 4.891212
v 1.3951135 0.39527026 4.818549
v 1.8948421 0.5060409 4.8585052
v 2.0507681 0.5559475 4.7306075
v -2.3171859 0.6744217 4.724703
v -2.2206724 0.67808145 4.7903743
v -1.9324117 0.6198823 4.8364344
v -1.6682354 0.67214394 4.7296605
v -1.3800589 0.7237419 4.8313046
v -1.1949116 0.7694953 4.8956013
v 1.1879377 0.7566298 4.8807635
v 1.4091852 0.7102136 4.807662
v 1.6229608 0.67214394 4.7296605
v 1.8648155 0.60254186 4.8387046
v 2.0305717 0.6828863 4.823926
v 2.244682 0.68015593 4.745477
v -2.3102677 0.8702919 4.764309
v -2.169564 0.8690374 4.8717227
v -1.9913703 0.90493524 4.783244
v -1.810901 0.86929244 4.756876
v -1.6094022 0.89072824 4.7953973
v -1.448805 0.84728706 4.8710337
v -1.1859884 0.90672237 4.8945436
v 1.1306605 0.85254526 4.8968606
v 1.1444529 0.92687345 4.8936815
v 1.4085722 0.8684352 4.8585453
v 1.6129408 0.88334215 4.777421
v 1.8937594 0.8818758 4.7899714
v 1.9968044 0.90583223 4.801622
v 2.2341332 0.8741349 4.7920704
v -1.9874444 1.0267195 4.824621
v -1.7993313 1.1532214 4.9014835
v 1.703758 1.1745371 4.8978715
v 1.8122984 1.12854 4.9056664
v 1.9421698 1.0267195 4.824621
v -1.9869723 1.1838282 4.776659
v -1.7810891 1.2471881 4.787319
v -1.5365088 1.2097641 4.900184
v -1.3678943 1.2450223 4.7986393
v -1.1482636 1.2665789 4.834631
v -0.7509129 1.2448071 4.8943954
v 0.62377083 1.2528135 4.9096594
v 0.7934967 1.236215 4.878015
v 1.0706774 1.2928673 4.8046403
v 1.3043296 1.2331687 4.823814
v 1.3684367 1.260372 4.768954
v 1.7074883 1.2418455 4.7968383
v 1.81435 1.2620008 4.7609267
v 1.9416976 1.1838282 4.776659
v -0.5674485 1.4167811 4.7299004
v -0.41516313 1.4334325 4.7392273
v -0.16405489 1.4321878 4.74741
v 0.05682938 1.4318807 4.749429
v 0.44174868 1.425575 4.734826
v 0.5430349 1.4144999 4.7286224
v -2.1990564 0.29422674 4.9720917
v -1.4960439 0.35729712 4.988246
v -1.3797156 0.32225773 4.9818
v -0.022637323 0.2869182 4.9788275
v 1.2874023 0.32378662 5.0074506
v 1.389107 0.3206577 4.9523077
v 2.0888069 0.29955614 4.978827
v 2.1585 0.29383972 4.971603
v -1.7177795 0.47299075 4.9691625
v -1.4398286 0.48625597 5.0592594
v -1.2039372 0.4749367 5.112643
v -0.087006755 0.4175242 4.9882283
v -0.008485588 0.44227642 4.9931636
v 1.1586621 0.47493666 5.1126432
v 1.394554 0.48625597 5.0592594
v 1.6725045 0.47299075 4.9691625
v -1.8207339 0.6376904 4.988836
v -1.4342781 0.68380183 4.9546647
v -1.2159088 0.70678544 5.1201005
v -0.02263732 0.75204384 5.008115
v 1.1706342 0.7067855 5.1201005
v 1.3913265 0.6771651 4.98754
v 1.6646096 0.61282545 4.9725084
v 1.7977166 0.6426831 4.9921145
v -1.9229226 0.83966154 4.996613
v -1.7976038 0.8852149 4.9451404
v -1.5916463 0.9099888 5.0537205
v -1.4609824 0.9452879 5.101759
v -1.1246064 0.8397765 4.93368
v 1.0793318 0.8397765 4.93368
v 1.4172274 0.9476645 5.080453
v 1.6449648 0.8967236 5.017279
v 1.7978272 0.86619794 4.9534173
v -1.7337321 1.0920577 4.977374
v -1.4990867 1.1080688 5.0094285
v -1.2823361 1.154097 5.003673
v -1.1782656 1.1388078 5.0685596
v -0.99735236 1.1066756 5.0873
v -0.7654626 1.0974927 5.0846143
v -0.61577237 1.1654795 5.0528765
v 0.6611882 1.0978137 5.097453
v 0.8724442 1.1129773 5.075178
v 1.1106349 1.1336176 5.071217
v 1.1975703 1.1528577 5.0287876
v 1.4538121 1.1080688 5.009429
v 1.6884575 1.0920577 4.977374
v -1.5144004 1.1838703 4.9547544
v -1.3164696 1.1980814 4.933838
v -1.2414887 1.1969796 4.968418
v -1.0133594 1.1865495 4.9705954
v -0.5006026 1.2837559 4.9752355
v -0.36735594 1.2675458 5.0285683
v -0.10999308 1.2741308 5.041372
v 0.019589387 1.284145 5.0308347
v 0.2957956 1.2844696 5.0104885
v 0.4436194 1.2696604 4.997933
v 1.0232015 1.2129613 4.951655
v 1.2148155 1.1949564 4.9643474
v 1.4691259 1.1838703 4.9547544
v -2.1673884 0.3013545 5.162615
v -2.0170825 0.30074057 5.2650023
v 2.0270643 0.30096588 5.2343044
v 2.163261 0.30152327 5.1225796
v -1.1038641 0.5515937 5.1610126
v -0.07061878 0.5121869 5.198533
v 0.020266376 0.5136979 5.2165375
v 1.0585893 0.5515937 5.1610126
v -1.1424797 0.72977346 5.168908
v -0.9703863 0.656182 5.2118144
v -0.7590373 0.6772312 5.254913
v -0.51086056 0.7221954 5.298594
v -0.3460158 0.70483935 5.310853
v -0.06652591 0.59719086 5.243366
v -0.010250483 0.61453 5.246375
v 0.27690533 0.7049478 5.312689
v 0.39713562 0.7099398 5.3033004
v 0.61707026 0.7052845 5.2781086
v 0.81586486 0.680002 5.236653
v 1.0355505 0.707281 5.183234
v 1.1700932 0.69956505 5.151737
v -1.3750727 0.8165416 5.1768513
v -1.1029072 0.86418074 5.174708
v -0.93119776 0.84393877 5.2472944
v -0.5774569 0.91852844 5.293979
v -0.02263732 0.9541742 5.2968516
v 0.43835315 0.9177069 5.308275
v 0.6065177 0.91917926 5.2826524
v 0.8701511 0.8362925 5.2526774
v 1.0500362 0.8656982 5.1784554
v 1.3297981 0.81654155 5.176851
v -1.1243318 1.019582 5.1730638
v -0.9713819 1.0665281 5.163667
v -0.7642936 1.057862 5.185822
v -0.55830866 1.0775845 5.1809473
v -0.3663188 1.0899763 5.223433
v -0.12047811 1.1282117 5.2118587
v 0.015684055 1.1055788 5.244275
v 0.2561676 1.0923377 5.2337103
v 0.42621228 1.0835102 5.2019634
v 0.68833023 1.0765785 5.171684
v 0.87493366 1.05305 5.1804056
v 1.0347161 1.0333239 5.1713
v -0.021313978 1.200122 5.1542983
v -1.8209599 0.3002639 5.323373
v -1.4403881 0.30072588 5.4144273
v -1.1630229 0.30257648 5.4733624
v -0.9411709 0.3185375 5.480635
v -0.83093256 0.35098028 5.4349337
v -0.5864913 0.35110793 5.473108
v -0.30566242 0.35108057 5.4921956
v -0.07406142 0.37136292 5.4471326
v -0.011788716 0.35386997 5.4891434
v 0.26038778 0.35108057 5.4921956
v 0.5412167 0.35110793 5.473108
v 0.8292721 0.33877704 5.4525266
v 1.0319402 0.3024482 5.4873724
v 1.3951136 0.30072594 5.414428
v 1.7756855 0.30026388 5.3233733
v -0.08010709 0.48404598 5.361679
v -0.002957821 0.44464704 5.394528
v -0.31560823 0.74920946 5.32866
v -0.09484281 0.6961265 5.3286934
v -0.0013465545 0.7120763 5.363195
v 0.25328517 0.7464811 5.3297663
v 0.34775984 0.7625428 5.3237395
v -0.33289057 0.88545126 5.3360605
v -0.10098339 0.88732773 5.347071
v -0.009055623 0.89722216 5.366618
v 0.2660766 0.88625723 5.3378706
v 0.3477598 0.8832658 5.331008
v -0.10098339 1.0233042 5.3261056
v -0.006384413 1.0425241 5.329433

# uv indices

vt 2.7923007 0.72046995
vt 2.9762776 0.63056564
vt 2.9743252 0.68650544
vt 2.7868998 0.5762576
vt 2.752147 0.568801
vt 2.7868998 0.5762576
vt 2.9747665 0.67385733
vt 2.7973573 0.7298243
vt 2.7769318 0.6920481
vt 2.9147215 0.18353847
vt 2.8883355 0.15813576
vt 2.8087685 0.23766746
vt 2.399545 0.58292824
vt 2.3878837 0.5723794
vt 2.4017484 0.58343196
vt 2.8826008 0.16707294
vt 2.9147215 0.18353845
vt 0.6133787 0.55585927
vt 2.0475566 0.6381846
vt 2.060185 0.6228734
vt 2.421742 0.5842148
vt 1.5231694 0.63323367
vt 0.6138764 0.56180245
vt 0.76861465 0.82409453
vt 0.7918502 0.7533461
vt 0.83793396 0.73478013
vt 0.7901132 0.7620599
vt 0.7667566 0.8240708
vt 2.8155599 0.5119069
vt 2.815279 0.5309202
vt 2.850292 0.60145366
vt 2.9591823 0.70550853
vt 2.776039 0.75108814
vt 2.7453103 0.7706514
vt 2.776039 0.7510881
vt 2.9598963 0.6700296
vt 2.8139095 0.5644484
vt 2.83042 0.48399177
vt 2.7818165 0.5753005
vt 2.8861651 0.7034617
vt 2.8613613 0.701759
vt 2.8947442 0.42794582
vt 2.9499655 0.629812
vt 2.9537978 0.70029
vt 2.951867 0.6647813
vt 2.8734946 0.74178356
vt 2.8815928 0.5073964
vt 2.8861656 0.7034618
vt 2.9287834 0.16382658
vt 2.9057517 0.13622904
vt 2.8617237 0.15744469
vt 2.8617237 0.15744469
vt 2.9225204 0.15632242
vt 2.9230275 0.16410054
vt 2.8683605 0.16738072
vt 2.39156 0.590308
vt 2.379713 0.580146
vt 2.7679 0.25649008
vt 2.9230275 0.16410054
vt 2.1903908 0.39117828
vt 2.064669 0.25254676
vt 2.6290386 0.31693247
vt 2.719698 0.23098542
vt 0.59765947 0.5002215
vt 1.5904703 0.57734996
vt 2.4044404 0.57334304
vt 2.3965883 0.56276816
vt 1.7231152 0.5766969
vt 0.59765947 0.5002215
vt 2.7196982 0.23098534
vt 2.6290383 0.3169326
vt 2.0965214 0.28766933
vt 0.62260395 0.792332
vt 0.6458081 0.7860873
vt 1.2548287 0.6372795
vt 0.54235196 0.52790695
vt 0.6010925 0.62457967
vt 0.593024 0.5026605
vt 2.1732244 0.6091344
vt 2.4173107 0.5571025
vt 2.4159493 0.574167
vt 1.1032784 0.6029482
vt 0.5730944 0.5793276
vt 1.0559986 0.66549754
vt 1.2558198 0.46282378
vt 0.6329272 0.7846208
vt 0.62962955 0.7555974
vt 0.6451084 0.83528274
vt 0.9858556 0.6133726
vt 0.7047414 0.6841849
vt 0.70873046 0.7713044
vt 0.76584494 0.5433371
vt 0.7675598 0.8368029
vt 0.7944097 0.6821236
vt 0.8367709 0.7345856
vt 0.7893136 0.7257316
vt 0.76588136 0.836755
vt 0.76584494 0.5433371
vt 0.7339348 0.5551813
vt 0.70365036 0.7663172
vt 0.7676746 0.8094897
vt 1.0115345 0.55229706
vt 0.6280996 0.83213204
vt 0.635102 0.68593323
vt 0.68018806 0.574724
vt 0.7169477 0.5776288
vt 0.9093298 0.6412646
vt 1.0295604 0.659451
vt 0.806004 0.536308
vt 0.86651796 0.4893793
vt 0.8937545 0.48856655
vt 0.251863 0.10694001
vt 0.9943535 0.59005547
vt 1.0295604 0.65945107
vt 0.9106481 0.6389957
vt 0.8548324 0.6300882
vt 0.71259713 0.5761701
vt 0.68018806 0.574724
vt 0.72109294 0.47068998
vt 0.75296813 0.60627955
vt 0.736093 0.60282594
vt 0.73716027 0.59844863
vt 0.7189417 0.37385345
vt 0.7774886 0.63679916
vt 0.68877995 0.38296315
vt 0.6386783 0.34599644
vt 0.6887798 0.38296312
vt 0.77748865 0.6367992
vt 2.8504446 0.7258456
vt 2.9298255 0.60679775
vt 2.944944 0.7136718
vt 2.9378216 0.6633231
vt 2.8504443 0.72584546
vt 2.8085697 0.45487344
vt 2.8885913 0.542401
vt 2.882173 0.719008
vt 2.8821728 0.719008
vt 2.8885906 0.5424009
vt 2.8085701 0.45487377
vt 2.5795114 0.32716912
vt 2.6938837 0.22469002
vt 2.6938834 0.22469005
vt 2.5795114 0.32716912
vt 0.32242364 0.09818432
vt 2.57447 0.3462131
vt 2.714891 0.22581944
vt 0.59764385 0.44039977
vt 1.2635081 0.6150366
vt 1.3086721 0.6269169
vt 0.92202055 0.5254744
vt 2.714891 0.22581944
vt 2.57447 0.3462131
vt 0.325991 0.099897
vt 0.31491202 0.094578
vt 0.55823964 0.386712
vt 0.44104952 0.42902356
vt 0.46299005 0.4279735
vt 0.43206155 0.32193857
vt 2.4058468 0.55797654
vt 0.3826525 0.2258605
vt 0.54604006 0.5435747
vt 0.46299002 0.42797354
vt 0.49375737 0.4099934
vt 0.7040653 0.7341449
vt 1.1109892 0.5619169
vt 0.643949 0.8026689
vt 1.1545893 0.52087367
vt 0.66125375 0.80620676
vt 1.6690257 0.21991913
vt 1.5040789 0.37906894
vt 0.67684287 0.78361285
vt 0.69411564 0.57591945
vt 0.8632911 0.71589607
vt 1.5352856 0.34520122
vt 0.64259595 0.817278
vt 1.0362071 0.60339344
vt 0.7361104 0.7719481
vt 1.4889876 0.3461412
vt 1.535292 0.3451985
vt 0.8972497 0.7485239
vt 0.68434095 0.5439737
vt 0.6243966 0.488037
vt 0.641496 0.575019
vt 0.641496 0.57501906
vt 0.6243965 0.488037
vt 0.69998723 0.42669654
vt 0.81288 0.139151
vt 0.7191657 0.3720696
vt 0.72176135 0.20578201
vt 1.2217492 0.8182748
vt 1.4132632 0.91114587
vt 0.82577693 0.4057833
vt 0.7228272 0.20442186
vt 0.7191658 0.37206966
vt 0.7216892 0.37142003
vt 0.80842394 0.11767999
vt 1.9121524 0.52345705
vt 2.2417998 0.6396974
vt 1.8677382 0.50939626
vt 0.7660931 0.4388624
vt 0.66161 0.34335697
vt 0.95165 0.5617946
vt 0.91763675 0.539863
vt 0.52683526 0.29512754
vt 1.2854544 0.7713318
vt 0.66161025 0.343357
vt 0.7704262 0.4499696
vt 1.6006546 0.45398796
vt 2.0238295 0.55971926
vt 2.0370417 0.57138216
vt 0.80842394 0.11768001
vt 1.3790141 0.31418595
vt 0.72493494 0.056718
vt 1.0568295 0.1862423
vt 2.349269 0.7039703
vt 2.8298519 0.5004434
vt 2.9157462 0.6325185
vt 2.9341161 0.709849
vt 2.92474 0.6703793
vt 2.8298519 0.5004434
vt 2.9206362 0.13210523
vt 2.897196 0.10378007
vt 2.5762467 0.32264236
vt 2.6866436 0.22351497
vt 2.8678775 0.129044
vt 0.4795324 0.19775984
vt 0.49309197 0.21343297
vt 1.8782388 0.15751722
vt 2.6866431 0.22351497
vt 2.5762465 0.32264236
vt 2.8711507 0.075202465
vt 2.9290583 0.14067303
vt 0.3414513 0.097393595
vt 0.29615843 0.07381995
vt 0.32552153 0.078685105
vt 2.8824356 0.08962677
vt 2.5300007 0.3847169
vt 2.7391853 0.21754932
vt 2.902545 0.087937325
vt 2.8552353 0.159231
vt 2.8552353 0.159231
vt 2.8958776 0.10594318
vt 2.8592563 0.10798989
vt 2.530001 0.3847169
vt 2.8647301 0.060224213
vt 2.1662455 0.11373981
vt 0.31903338 0.074734874
vt 0.2961585 0.073819965
vt 0.27583563 0.070968956
vt 0.52571243 0.171599
vt 0.7865091 0.29777503
vt 0.70757675 0.25642353
vt 2.92872 0.1668
vt 2.8712878 0.16179998
vt 2.8712883 0.16180001
vt 2.92872 0.1668
vt 0.53241044 0.18156648
vt 0.7916692 0.2952006
vt 0.7909253 0.31923136
vt 0.79092544 0.31923145
vt 1.0736635 0.3315045
vt 1.3561485 0.33703154
vt 1.1327887 0.33246666
vt 0.6113399 0.399942
vt 0.61134 0.399942
vt 0.7000474 0.47047055
vt 0.7384576 0.3390658
vt 0.7218108 0.3960172
vt 0.82333225 0.09830328
vt 2.1803453 0.65787864
vt 2.1211088 0.6824941
vt 2.0756786 0.68138635
vt 2.0167806 0.5903647
vt 0.128423 0.400014
vt 0.11289549 0.46778008
vt 0.245713 0.838284
vt 0.1472923 0.64863926
vt 0.7781176 0.71645206
vt 0.14729232 0.6486393
vt 0.16382787 0.6241202
vt 0.09968952 0.4179739
vt 0.128423 0.400014
vt 1.612303 0.3969391
vt 2.093957 0.6526795
vt 2.0979311 0.6881054
vt 2.2254488 0.6940095
vt 1.8862373 0.52497375
vt 0.83803695 0.09885799
vt 0.8236465 0.08025021
vt 1.9410077 0.56463397
vt 1.9312893 0.58828336
vt 2.0412867 0.65684074
vt 1.60373 0.4444989
vt 0.5185632 0.18414217
vt 0.23580414 0.83485574
vt 0.23916504 0.84000164
vt 0.24156469 0.8741603
vt 0.24213293 0.9028222
vt 0.24156477 0.8741605
vt 0.23827136 0.83863384
vt 0.77334595 0.21141165
vt 1.9540976 0.59755296
vt 1.9238112 0.5916524
vt 2.1253006 0.65126735
vt 1.4374709 0.3496824
vt 2.7829223 0.5294045
vt 2.7921457 0.48616004
vt 2.7919242 0.4700096
vt 2.7905705 0.6239234
vt 2.7919242 0.4700096
vt 2.7883642 0.5038912
vt 2.8199728 0.45067438
vt 2.851482 0.251496
vt 2.8472342 0.252782
vt 2.8181522 0.255921
vt 2.775918 0.25700104
vt 2.8181522 0.255921
vt 2.8490834 0.25222206
vt 2.8369398 0.4098178
vt 2.7845976 0.53585756
vt 2.75312 0.2861979
vt 2.8378177 0.44772056
vt 2.9169502 0.26217204
vt 2.9169502 0.26217204
vt 2.8378177 0.44772062
vt 2.75312 0.2861979
vt 2.7140439 0.26984775
vt 2.7140443 0.26984784
vt 0.32662237 0.0794823
vt 0.29857802 0.053712007
vt 1.899032 0.47821
vt 1.899032 0.670026
vt 0.298578 0.053712
vt 0.27319 0.056013998
vt 0.519945 0.1643925
vt 0.7727701 0.2917375
vt 2.103392 0.42678398
vt 2.103392 0.42678398
vt 0.77277005 0.29173747
vt 0.7707242 0.31784618
vt 1.9667212 0.47821003
vt 1.966721 0.670026
vt 0.7707241 0.31784615
vt 1.3262079 0.31933326
vt 1.3230035 0.31914717
vt 0.58804697 0.39818797
vt 0.58804697 0.39818797
vt 0.66231835 0.5451212
vt 0.6623183 0.5451212
vt 0.746621 0.5713126
vt 1.9396904 0.6121889
vt 2.0812712 0.73870194
vt 0.36308104 0.54682577
vt 1.3957993 0.7111205
vt 0.01631 0.41467503
vt 1.3942475 0.670113
vt 0.6346434 0.6639969
vt 0.10496794 0.40570992
vt 2.0932107 0.70207405
vt 1.5751488 0.43359047
vt 0.74662095 0.57131255
vt 0.71647495 0.674516
vt 0.76480424 0.1948491
vt 1.7457997 0.55932575
vt 2.055523 0.49853048
vt 2.08384 0.2748091
vt 0.40608916 0.256203
vt 0.14501998 0.394508
vt 0.35617995 0.83276594
vt 0.23011902 0.8408341
vt 2.4415927 0.9327979
vt 2.731732 0.9439288
vt 2.5869453 0.8896516
vt 0.34855556 0.83567345
vt 0.15306802 0.39148265
vt 1.5989357 0.1120765
vt 2.001252 0.517735
vt 2.0472908 0.6561797
vt 1.3959435 0.4087631
vt 0.73845893 0.580585
vt 1.9514492 0.22828919
vt 2.1597795 0.20594539
vt 2.1597805 0.20594537
vt 1.9514488 0.2282892
vt 2.8582568 0.5937866
vt 2.8993633 0.69812953
vt 2.8845217 0.6604564
vt 2.7623212 0.53611434
vt 2.7623208 0.5361142
vt 0.3041685 0.026944928
vt 0.337686 0.042298
vt 0.27007538 0.17251542
vt 2.5159898 0.29268602
vt 2.6186874 0.20584671
vt 0.49892807 0.16396396
vt 0.5130105 0.1712348
vt 0.52216226 0.18455827
vt 0.50646275 0.1671228
vt 2.6186874 0.20584673
vt 2.5159898 0.29268605
vt 0.27007592 0.17251472
vt 0.337686 0.042298
vt 0.30416852 0.026944928
vt 0.7591223 0.49038494
vt 0.34142062 0.20885867
vt 1.3120731 0.17450303
vt 2.3082042 0.298482
vt 0.23730512 0.3653821
vt 0.48826718 0.15856232
vt 2.572623 0.0028739998
vt 0.492871 0.161447
vt 0.48461202 0.156272
vt 0.2373051 0.3653821
vt 2.3497696 0.29682148
vt 1.2176456 0.22586441
vt 0.25997967 0.033710796
vt 0.6623972 0.4272332
vt 0.7771905 0.46850303
vt 1.318495 0.18058251
vt 1.249206 0.353522
vt 0.2763272 0.3215338
vt 0.45903277 0.13929258
vt 0.47467393 0.14955698
vt 0.46334034 0.14211941
vt 0.3819482 0.08456672
vt 0.17839403 0.5412528
vt 1.2017972 0.23352581
vt 0.868576 0.46850294
vt 0.66827065 0.5446032
vt 1.322785 0.1914765
vt 1.282453 0.37367
vt 0.096505545 0.7660728
vt 0.394959 0.09491699
vt 0.442005 0.127778
vt 0.44791326 0.13194111
vt 0.4464401 0.13090307
vt 0.39758798 0.09683699
vt 0.39100948 0.09197664
vt 0.016503228 0.9517811
vt 1.1886423 0.24725285
vt 0.7375328 0.5446031
vt 0.52028894 0.5630491
vt 1.3238001 0.20650001
vt 0.03687947 0.7080612
vt 0.03687945 0.7080616
vt 1.2316607 0.20650002
vt 0.5072702 0.6018451
vt 0.649212 0.3643119
vt 0.3553253 0.48119196
vt 0.034390002 0.519327
vt 0.03439 0.5193269
vt 0.29336098 0.5068055
vt 0.556915 0.39786303
vt 0.71390176 0.6419121
vt 0.7139019 0.6419122
vt 0.696405 0.65713704
vt 2.4805803 0.83351356
vt 2.49502 0.87512213
vt 2.461027 0.9327251
vt 2.747866 0.94422704
vt 2.606379 0.88957953
vt 2.8701797 0.8816075
vt 0.696405 0.657137
vt 0.3644588 0.44335732
vt 1.931391 0.11819748
vt 2.6125844 0.14436825
vt 2.4959311 0.85324365
vt 2.4802713 0.9331194
vt 2.7677896 0.9442691
vt 2.6256225 0.8899728
vt 2.88142 0.875239
vt 2.612584 0.14436823
vt 2.368414 0.13604254
vt 0.24008799 0.356582
vt 0.48194852 0.5253315
vt 2.380689 0.1797177
vt 2.639972 0.1385925
vt 2.6228175 0.14240581
vt 2.607058 0.13865551
vt 2.6354487 0.14172602
vt 2.3806915 0.17971751
vt 2.834229 0.6058317
vt 2.8773491 0.69392145
vt 2.8599293 0.65833604
vt 1.22381 0.30063653
vt 1.3013971 0.17580624
vt 1.135121 0.34871098
vt 2.902562 0.07205592
vt 2.8688867 0.016915062
vt 2.9109862 0.015104692
vt 2.8664832 0.11200547
vt 2.857069 0.123886995
vt 2.8875687 0.07212534
vt 2.9095898 0.015173793
vt 2.8690066 0.021623053
vt 2.945291 0.13013303
vt 1.2508296 0.20705591
vt 1.2992096 0.30063647
vt 1.454442 0.5423357
vt 1.1944772 0.50078243
vt 2.9322119 0.1306709
vt 2.5223086 0.27315924
vt 2.6059754 0.20399523
vt 2.875039 0.12660243
vt 2.875039 0.12660243
vt 2.6059754 0.2039952
vt 2.5223083 0.2731593
vt 2.932212 0.1306709
vt 1.2122556 0.50078243
vt 1.5963722 0.5560091
vt 1.29997 0.42191702
vt 1.4817909 0.6394402
vt 1.232108 0.88810503
vt 1.2648628 0.7799605
vt 1.2455752 0.7799606
vt 1.5532359 0.68837863
vt 1.3178208 0.46950656
vt 1.6730038 0.70956653
vt 1.2476736 0.8607976
vt 1.294075 0.8257742
vt 1.2773218 0.8257741
vt 1.6312015 0.7486882
vt 1.3190409 0.520326
vt 1.4858983 0.7040776
vt 1.3083845 0.51107144
vt 1.1319077 0.51107144
vt 1.5967122 0.7164462
vt 1.308591 0.552828
vt 1.1376933 0.50628847
vt 1.3206073 0.2247095
vt 1.3253428 0.55248165
vt 1.1946578 0.35513315
vt 1.3574892 0.4910639
vt 1.290376 0.581705
vt 0.44055602 0.5394902
vt 0.74347234 0.92507404
vt 0.7434725 0.92507416
vt 0.36156654 0.49253783
vt 0.6740205 0.67826474
vt 0.121186 0.33748803
vt 0.7912589 0.83137584
vt 2.529669 0.870888
vt 0.76423454 0.89099604
vt 0.9558734 0.91679376
vt 0.8006739 0.88017935
vt 1.274977 0.8454222
vt 0.121186 0.33748803
vt 0.5833467 0.5919337
vt 0.24715698 0.330733
vt 2.668737 0.12682907
vt 2.020713 0.406656
vt 2.6209807 0.13314892
vt 0.15517898 0.342769
vt 0.141365 0.340622
vt 0.13828449 0.41746268
vt 0.29172876 0.8220694
vt 2.5514178 0.8589494
vt 2.524899 0.93290585
vt 2.8092537 0.9442304
vt 2.6702514 0.8897599
vt 0.4074363 0.8315954
vt 0.1750998 0.5219327
vt 0.115255 0.338736
vt 0.14895584 0.34180185
vt 2.6209805 0.13314892
vt 2.020713 0.406656
vt 2.668737 0.12682907
vt 0.47233644 0.505685
vt 2.345628 0.15245429
vt 2.6393116 0.12477749
vt 2.619671 0.1287779
vt 0.160293 0.34328002
vt 2.77172 0.54167104
vt 2.8601635 0.71276236
vt 2.8247278 0.64421326
vt 0.160293 0.34328002
vt 2.619671 0.12877795
vt 2.6385453 0.12450985
vt 2.653713 0.123332575
vt 2.1998212 0.16646984
vt 2.8195245 0.6462409
vt 2.871319 0.738462
vt 2.8401604 0.68298525
vt 1.2147708 0.30810308
vt 1.292965 0.18733999
vt 1.100295 0.365988
vt 1.2650985 0.24203093
vt 1.2569187 0.30810297
vt 1.475316 0.5326305
vt 1.1833268 0.7775565
vt 1.2118429 0.77755654
vt 1.5908884 0.56083524
vt 1.2643163 0.3856688
vt 1.7906578 0.52899235
vt 1.7224464 0.25446093
vt 1.2299926 0.95001304
vt 1.2299925 0.950013
vt 1.8996631 0.021479381
vt 1.7035971 0.2935766
vt 1.8661801 0.39824516
vt 1.8972362 0.14516683
vt 1.9299624 0.10692424
vt 1.8827671 0.16161455
vt 1.829892 0.5164265
vt 1.9286506 0.21295519
vt 1.9502444 0.19750398
vt 1.9092176 0.25009072
vt 1.7636948 0.70213836
vt 1.9291824 0.21032985
vt 1.8460528 0.34660584
vt 1.3000251 0.81081206
vt 1.3000251 0.81081206
vt 1.9481401 0.29408816
vt 1.8199235 0.37018913
vt 1.5125554 0.7830421
vt 1.9435167 0.36896133
vt 1.3110086 0.46030003
vt 1.0602843 0.46029997
vt 1.9443655 0.36788252
vt 1.6119325 0.71652335
vt 0.9487069 0.65392685
vt 1.3125398 0.244962
vt 1.3271075 0.5656157
vt 0.816852 0.955229
vt 0.816852 0.955229
vt 1.1946676 0.37255427
vt 1.3452606 0.5152608
vt 0.7990846 0.7667148
vt 0.6840584 0.723793
vt 0.81668395 0.940988
vt 0.15184902 0.83298707
vt 0.151849 0.832987
vt 0.816684 0.94098794
vt 0.6840582 0.72379297
vt 0.5653776 0.58570224
vt 2.7026522 0.091071
vt 2.671816 0.10525484
vt 2.6048508 0.10475469
vt 0.13602471 0.39169198
vt 0.26131362 0.75082123
vt 0.16214642 0.8289071
vt 1.74057 0.913842
vt 1.913396 0.93027234
vt 1.8353657 0.8857029
vt 0.176269 0.8174169
vt 0.19066265 0.547546
vt 0.113652 0.31841993
vt 2.5896678 0.103724
vt 2.621413 0.105879
vt 2.674969 0.103804685
vt 0.5653775 0.5857022
vt 2.68917 0.091850005
vt 2.469612 0.121535204
vt 2.6427264 0.108625606
vt 2.1559875 0.14716959
vt 2.0290349 0.15913196
vt 2.6226704 0.10747924
vt 2.650191 0.10699595
vt 2.4424286 0.122932844
vt 1.3298007 0.39021024
vt 1.2908825 0.2010785
vt 1.0940739 0.5430426
vt 1.261293 0.36120045
vt 1.3459781 0.39326385
vt 1.2187082 0.363191
vt 1.6281155 0.570561
vt 1.1899979 0.7252449
vt 1.1599511 0.8986708
vt 1.1763858 0.8986708
vt 1.5090806 0.6151252
vt 1.7311555 0.58184683
vt 1.257923 0.41874704
vt 1.5444212 0.5209027
vt 1.7270839 0.5766277
vt 1.7148191 0.40961927
vt 1.2432181 0.43671158
vt 1.5742407 0.41769418
vt 1.6900451 0.4536625
vt 1.5763156 0.32868862
vt 1.887096 0.23685771
vt 1.6317011 0.4246262
vt 1.7427219 0.7093571
vt 1.7686381 0.3127908
vt 1.7337773 0.30646887
vt 1.8737563 0.30298042
vt 1.7147925 0.38022205
vt 1.7270672 0.6463118
vt 1.7400851 0.43668726
vt 1.2734196 0.75029284
vt 1.2734195 0.75029296
vt 1.8891038 0.40197292
vt 1.711848 0.549109
vt 1.6684351 0.786545
vt 1.4734713 0.7745932
vt 1.3187476 0.5632117
vt 1.0986027 0.56321174
vt 1.5222932 0.7849658
vt 1.2356778 0.621667
vt 0.9501512 0.51718295
vt 1.2992425 0.2659845
vt 1.2562186 0.2659845
vt 1.3707204 0.41494048
vt 0.63261914 0.65585804
vt 0.24876802 0.30723202
vt 2.6833215 0.07932895
vt 0.25645193 0.3610292
vt 2.7047331 0.522158
vt 2.8291686 0.7355653
vt 2.6568112 0.9332754
vt 2.8913243 0.9446144
vt 2.8021626 0.8901293
vt 2.777906 0.6476489
vt 0.33232623 0.3935227
vt 0.14278099 0.312349
vt 2.683321 0.07932895
vt 0.24876802 0.30723202
vt 2.2970645 0.115477
vt 2.6383202 0.09008953
vt 2.6268797 0.094806656
vt 0.16069399 0.3079665
vt 0.158142 0.307813
vt 0.16326301 0.30812103
vt 2.6332817 0.09216722
vt 2.6520963 0.08887365
vt 2.2150848 0.121619865
vt 2.5702581 0.6156702
vt 2.4376063 0.62592655
vt 2.499758 0.6211207
vt 1.3481728 0.37974095
vt 1.2927359 0.2183435
vt 1.0690131 0.5631279
vt 1.2633849 0.37977523
vt 1.3131632 0.38207477
vt 1.1848259 0.359
vt 1.6499552 0.54469126
vt 1.1696391 0.63015246
vt 1.117086 0.95536
vt 1.117086 0.95536005
vt 1.4725648 0.57625407
vt 1.6519078 0.37700325
vt 1.2090795 0.4084016
vt 1.4913162 0.36887768
vt 1.7106386 0.57640517
vt 1.5798355 0.596928
vt 1.3176029 0.24004199
vt 1.6506001 0.5656089
vt 1.3277923 0.70302296
vt 1.5328634 0.6392013
vt 1.6414475 0.6325526
vt 1.3274999 0.65086484
vt 1.6150981 0.5380669
vt 1.2124236 0.50061655
vt 1.5014597 0.511519
vt 1.6553427 0.76379204
vt 1.6463257 0.786577
vt 1.1973715 0.6478406
vt 1.2363108 0.716708
vt 1.236311 0.71670794
vt 1.3112601 0.6837512
vt 1.6523712 0.78695184
vt 1.4975411 0.7907207
vt 1.2778996 0.6192676
vt 1.1546384 0.6192676
vt 1.5233101 0.8006305
vt 1.2026352 0.63023007
vt 0.8929683 0.6640332
vt 1.2806914 0.28645602
vt 1.3314371 0.549284
vt 0.816372 0.922676
vt 0.81637204 0.922676
vt 1.2028533 0.36691767
vt 1.3172184 0.48806244
vt 0.68715596 0.788789
vt 0.5448906 0.57885706
vt 0.249499 0.286931
vt 2.6697664 0.049035814
vt 2.6080427 0.06866785
vt 0.14767301 0.27778703
vt 0.6508968 0.49236935
vt 0.11072901 0.27709904
vt 0.25518197 0.709069
vt 0.14262775 0.81427777
vt 0.11403299 0.8805409
vt 1.231691 0.9195739
vt 0.11403299 0.8805409
vt 0.1232546 0.8339705
vt 0.24871168 0.7111685
vt 0.5028425 0.43336603
vt 0.14767298 0.277787
vt 2.6080427 0.06866785
vt 2.6635838 0.04903288
vt 2.6870832 0.049044
vt 0.44346625 0.4786225
vt 2.4933696 0.06979002
vt 2.6453266 0.07180062
vt 2.4239378 0.090031706
vt 0.16216725 0.27907097
vt 0.099928 0.27812
vt 0.1788715 0.4934435
vt 0.1400579 0.38757688
vt 0.159333 0.278854
vt 0.16440201 0.27924204
vt 2.4564226 0.087015
vt 2.516596 0.07255008
vt 2.676504 0.056363
vt 1.5216185 0.41464147
vt 1.440517 0.29705775
vt 1.470471 0.34048855
vt 1.3252283 0.36758444
vt 1.2992636 0.23804899
vt 1.0510328 0.584237
vt 1.2605476 0.40013036
vt 1.222317 0.36812186
vt 1.150966 0.363373
vt 1.5619924 0.5260844
vt 1.1435403 0.62594455
vt 1.088161 0.93864906
vt 1.0881611 0.93864894
vt 1.3828601 0.5688327
vt 1.5417335 0.38003805
vt 1.1607249 0.37081808
vt 1.3944106 0.3539786
vt 1.6066653 0.58383954
vt 1.608991 0.39994645
vt 1.1727293 0.41906717
vt 1.5028214 0.4021951
vt 1.5984629 0.589156
vt 1.5697818 0.5527931
vt 1.1746447 0.45283598
vt 1.5497588 0.53247905
vt 1.3038077 0.7732171
vt 1.5568426 0.4669255
vt 1.183803 0.47047567
vt 1.4439031 0.46285638
vt 1.5681379 0.7093219
vt 1.1678317 0.6914457
vt 1.188736 0.70119
vt 1.188736 0.70118994
vt 1.1678314 0.6914451
vt 1.3647317 0.7498933
vt 1.2372621 0.63093096
vt 1.1401706 0.63093084
vt 1.3700322 0.76775557
vt 1.1519744 0.6261159
vt 0.85413265 0.6558678
vt 1.2571986 0.30508953
vt 1.3134168 0.58373195
vt 0.8160301 0.90220404
vt 0.81603 0.90220404
vt 1.2246705 0.39039266
vt 1.300548 0.4881231
vt 0.65847075 0.75077873
vt 0.5187052 0.5617599
vt 0.24892698 0.259732
vt 2.6366768 0.032843675
vt 2.6307266 0.036055505
vt 2.6476579 0.026914798
vt 0.42496458 0.45681337
vt 1.4808332 0.15721932
vt 2.5268936 0.046166256
vt 2.307049 0.079177834
vt 2.4415312 0.06074307
vt 2.4792686 0.06230941
vt 0.226156 0.26110107
vt 1.3552746 0.30841634
vt 1.310907 0.2589605
vt 1.031031 0.49839306
vt 1.2738534 0.33225986
vt 1.1164148 0.30841625
vt 1.4731565 0.537446
vt 1.102498 0.883695
vt 1.059978 0.8463438
vt 1.1043899 0.8463438
vt 1.4317913 0.5865588
vt 1.1192641 0.37603703
vt 1.5886878 0.56846315
vt 1.1011957 0.62789947
vt 1.0470021 0.8866491
vt 1.047002 0.886649
vt 1.2506931 0.60800153
vt 1.5851167 0.57084894
vt 1.5818869 0.55946934
vt 1.0909839 0.45233303
vt 1.405423 0.51646256
vt 1.5908914 0.59533846
vt 1.5066626 0.535945
vt 1.145151 0.4716122
vt 1.2788396 0.48079693
vt 1.5609546 0.6881193
vt 1.5447254 0.7057094
vt 1.1115917 0.64425075
vt 1.107253 0.71392304
vt 1.107253 0.7139229
vt 1.3245661 0.675699
vt 1.5452245 0.704081
vt 1.4341602 0.7516065
vt 1.1317854 0.65489084
vt 1.1603576 0.6837752
vt 1.1363287 0.6837752
vt 1.3332993 0.7234811
vt 1.3214539 0.6753122
vt 1.2363997 0.6354442
vt 1.1004521 0.6354442
vt 1.246469 0.6896672
vt 1.105474 0.605579
vt 0.78519 0.6474593
vt 1.2293855 0.32071447
vt 0.815722 0.886975
vt 0.815722 0.88697505
vt 1.3260745 0.3207145
vt 1.3502264 0.41509646
vt 0.63830864 0.72880507
vt 0.50340164 0.5533451
vt 0.248084 0.23938604
vt 0.22543497 0.240866
vt 2.6240737 0.010673704
vt 2.610018 0.016322
vt 0.4099462 0.34333658
vt 0.953478 0.573697
vt 0.55954456 0.40673956
vt 2.6157613 0.014013947
vt 0.22543502 0.240866
vt 0.41443843 0.44394878
vt 1.3925307 0.1406841
vt 1.4146055 0.13331915
vt 0.162687 0.24365199
vt 0.3178775 0.31724045
vt 0.093731 0.23337902
vt 0.17093801 0.448817
vt 0.23529074 0.66755307
vt 0.08085559 0.8385369
vt 0.069484994 0.88282603
vt 0.10911617 0.80593354
vt 0.069484994 0.88282603
vt 0.105617054 0.8098832
vt 0.244206 0.664863
vt 0.13247219 0.3414822
vt 0.3178775 0.3172405
vt 0.16519946 0.24444984
vt 1.6857576 0.11308833
vt 1.38746 0.415242
vt 1.3277941 0.27976248
vt 1.0403169 0.62420815
vt 1.2392958 0.44102255
vt 1.216383 0.41729295
vt 1.0917192 0.39619604
vt 1.4477735 0.54492885
vt 1.0859652 0.84525806
vt 1.0398519 0.8051117
vt 1.0783005 0.8051117
vt 1.3802851 0.58827657
vt 1.070055 0.422551
vt 1.3626814 0.5973013
vt 1.0836086 0.640734
vt 1.0475818 0.7730972
vt 1.0857141 0.7730973
vt 1.2536856 0.6205401
vt 1.055595 0.453462
vt 1.4028618 0.67394173
vt 1.0906289 0.69183683
vt 1.0503538 0.77345306
vt 1.0503535 0.77345294
vt 1.2362225 0.6834922
vt 1.4273615 0.68354505
vt 1.11359 0.7690029
vt 1.0944767 0.71210873
vt 1.0961894 0.7121088
vt 1.3774353 0.7009794
vt 1.0621451 0.55350906
vt 1.3564788 0.6393198
vt 1.1645821 0.33926103
vt 1.1869421 0.6528849
vt 1.2735696 0.48614347
vt 1.3313819 0.64315933
vt 1.0805161 0.58228505
vt 0.82688653 0.6278531
vt 1.1981461 0.3323485
vt 1.255009 0.634119
vt 0.815374 0.86020803
vt 0.8153741 0.86020803
vt 1.2835265 0.42473194
vt 1.2712026 0.46901712
vt 0.6206609 0.70925456
vt 0.6414866 0.7372675
vt 0.815578 0.87382686
vt 0.815578 0.87382704
vt 0.6414866 0.7372676
vt 0.10707 0.206303
vt 0.21795698 0.6458479
vt 0.056701686 0.8409096
vt 0.11552493 0.77246195
vt 0.11552494 0.77246207
vt 0.056701697 0.8409093
vt 0.217957 0.6458479
vt 0.10707 0.206303
vt 0.090946 0.20789897
vt 0.14967 0.3805142
vt 0.23784497 0.6398739
vt 0.23784497 0.6398739
vt 0.11431394 0.2765875
vt 1.3544061 0.30174506
vt 1.349721 0.29914752
vt 2.3963108 0.20718549
vt 0.6839691 0.40334105
vt 2.486335 0.002874
vt 0.68396914 0.4033411
vt 2.3963106 0.20718552
vt 1.2057395 0.2991475
vt 0.6550197 0.34347093
vt 1.4360864 0.29651627
vt 1.0000833 0.38594556
vt 0.743578 0.430285
vt 1.3761766 0.31589705
vt 1.0635045 0.5881829
vt 0.267694 0.376896
vt 0.267694 0.37689596
vt 1.2395225 0.44353607
vt 0.743578 0.430285
vt 0.79725146 0.38594526
vt 1.3140203 0.4581776
vt 1.2917843 0.32895848
vt 1.07364 0.69233227
vt 1.2119163 0.5192215
vt 1.1355382 0.4546692
vt 1.049275 0.487006
vt 1.2799189 0.49237287
vt 1.0955194 0.3375125
vt 1.1178448 0.66340363
vt 1.3293544 0.490114
vt 1.1909176 0.4884247
vt 1.051505 0.521073
vt 0.76878494 0.5343857
vt 1.129938 0.34101948
vt 1.179555 0.6501381
vt 0.28902492 0.3266538
vt 0.28902492 0.3266538
vt 1.3539526 0.43565246
vt 1.1802094 0.45692372
vt 0.49808306 0.41557673
vt 0.34669054 0.68676454
vt 0.515671 0.48744193
vt 0.515671 0.48744196
vt 0.38236088 0.40292487
vt 0.44880754 0.68469906
vt 0.54325336 0.5426337
vt 0.54325336 0.5426337
vt 0.49505144 0.5298588
vt 0.4647293 0.50377476
vt 0.5445457 0.6430324
vt 2.015163 0.3059
vt 2.015163 0.3059
vt 0.54454577 0.64303243
vt 0.40117553 0.42716607
vt 0.23703259 0.19852169
vt 0.29845047 0.26419076
vt 0.47510383 0.34144357
vt 0.161492 0.204297
vt 0.22836503 0.199002
vt 0.32388017 0.31278324
vt 0.208637 0.200467
vt 0.19270398 0.20169802
vt 0.17243923 0.20321263
vt 0.95292497 0.54631203
vt 0.529935 0.37620252
vt 0.14214367 0.7031641
vt 0.17313468 0.6411645
vt 0.09224924 0.7907824
vt 0.76561695 0.4709842
vt 0.17243922 0.2032126
vt 0.19270398 0.20169802
vt 0.20863698 0.20046702
vt 2.7076578 0.71335685
vt 0.163235 0.641415
vt 2.707658 0.7133569
vt 0.3436 0.38859603
vt 0.267816 0.38934103
vt 0.267816 0.38934097
vt 0.3436 0.388596
vt 0.6060466 0.43176848
vt 2.09499 0.274273
vt 0.267161 0.35788402
vt 0.26716104 0.35788402
vt 2.09499 0.274273
vt 0.6060467 0.4317685
vt 0.5940523 0.43700686
vt 0.26665872 0.3360168
vt 0.2666587 0.3360168
vt 0.59405226 0.437007
vt 0.4525197 0.7455441
vt 0.74292195 0.532115
vt 0.4619727 0.3915896
vt 0.4350918 0.6999845
vt 0.45436308 0.45713142
vt 0.46432748 0.48786572
vt 0.5195054 0.6401406
vt 0.51968604 0.64631206
vt 0.51933694 0.634383
vt 0.388598 0.413626
vt 0.23803693 0.17412497
vt 0.21230198 0.17614599
vt 0.16799 0.17908601
vt 0.560583 0.34890753
vt 0.3710972 0.26694283
vt 0.21230198 0.176146
vt 0.230989 0.174708
vt 0.31692222 0.2935284
vt 0.196066 0.177363
vt 0.17864725 0.17897701
vt 0.950734 0.520222
vt 0.5268251 0.35044253
vt 0.08656868 0.7789441
vt 0.060101934 0.81286365
vt 0.20962697 0.6212329
vt 0.75490326 0.4417899
vt 0.17864725 0.17897697
vt 0.19606598 0.177363
vt 0.10624701 0.18002802
vt 0.088133 0.182
vt 1.9700115 0.63052094
vt 0.23134197 0.614422
vt 0.1775668 0.6127171
vt 0.16486208 0.6119769
vt 0.18201502 0.61299306
vt 0.231342 0.614422
vt 1.5380725 0.5275741
vt 0.106247 0.180028
vt 0.706962 0.430187
vt 0.7069619 0.43018702
vt 0.707002 0.44709
vt 0.707002 0.44709
vt 0.70511806 0.503964
vt 0.70511806 0.503964
vt 0.52989113 0.6923196
vt 0.7076061 0.5319089
vt 0.53524256 0.4189256
vt 0.437549 0.6956425
vt 0.45988822 0.45656
vt 0.46495086 0.4912172
vt 0.54280597 0.55119234
vt 0.5428061 0.55119246
vt 0.36969048 0.39804053
vt 0.2381725 0.14262016
vt 0.21493898 0.144486
vt 0.4179563 0.25380042
vt 0.6219212 0.34219226
vt 0.173655 0.147928
vt 0.22351019 0.1438159
vt 0.30639502 0.26851767
vt 0.18893239 0.14644518
vt 0.94841105 0.489794
vt 0.94841105 0.489794
vt 0.18327184 0.14687367
vt 0.20028302 0.145586
vt 0.2859251 0.22434466
vt 0.15419596 0.3332297
vt 2.6291785 0.70257455
vt 0.223577 0.58492905
vt 0.19836399 0.59225696
vt 0.17701831 0.58858985
vt 0.16600962 0.58846503
vt 0.19179244 0.5909363
vt 0.22357698 0.584929
vt 0.8115686 0.43133023
vt 0.103870995 0.14998402
vt 0.5233665 0.32132852
vt 2.675608 0.74080026
vt 0.15305299 0.58550805
vt 2.6756077 0.74080026
vt 0.70067996 0.4807406
vt 0.70033395 0.47274196
vt 0.70101315 0.48844105
vt 1.5416023 0.20467773
vt 0.6382357 0.6067987
vt 1.5988169 0.17920946
vt 0.5076853 0.80729276
vt 0.53039473 0.6265206
vt 1.7359239 0.095664
vt 1.735924 0.095664
vt 0.101428 0.119876
vt 2.6771364 0.77568203
vt 0.199368 0.55875
vt 0.19936799 0.55875003
vt 2.6771367 0.775682
vt 0.101428 0.119876
vt 0.08038 0.12066999
vt 1.9079298 0.6527757
vt 0.22008002 0.55242294
vt 0.1771684 0.55573505
vt 0.16050498 0.5547601
vt 0.18334702 0.55603105
vt 0.22008 0.55242306
vt 1.5590423 0.5507559
vt 0.6700959 0.447398
vt 0.670004 0.430476
vt 0.670004 0.430476
vt 0.670096 0.447398
vt 1.1961507 0.3216236
vt 1.8304411 0.068396
vt 0.62326354 0.550337
vt 0.6335445 0.5621585
vt 0.6335445 0.5621585
vt 0.4832204 0.76938075
vt 0.5752838 0.5930918
vt 0.5007056 0.40947378
vt 0.462815 0.6155
vt 0.462815 0.6155
vt 0.6224309 0.3620214
vt 0.622431 0.36202133
vt 0.29841626 0.24530913
vt 0.23287998 0.109978996
vt 0.21135545 0.11166487
vt 0.18811306 0.113679275
vt 0.31074804 0.17408973
vt 0.486404 0.2520934
vt 0.18445481 0.1141493
vt 0.204743 0.112159
vt 0.22523691 0.11058929
vt 0.29841626 0.24530914
vt 0.94772696 0.458151
vt 0.94772696 0.458151
vt 0.52074856 0.290259
vt 0.52074856 0.290259
vt 0.64081705 0.447612
vt 0.640784 0.43067804
vt 0.640784 0.430678
vt 0.640817 0.44761202
vt 1.856295 0.054751996
vt 1.856295 0.054752
vt 0.5883877 0.6200239
vt 0.549863 0.778945
vt 0.5953291 0.6215485
vt 0.5627642 0.66504824
vt 0.5741321 0.6835577
vt 0.569846 0.76917
vt 0.57630044 0.6402451
vt 0.5196892 0.7855311
vt 0.5196892 0.7855312
vt 0.42783675 0.6150489
vt 0.42783675 0.61504894
vt 0.6708733 0.2344406
vt 0.6708733 0.23444057
vt 0.33602002 0.363656
vt 0.23061669 0.08082251
vt 0.206601 0.082789995
vt 0.18696232 0.08498731
vt 0.626102 0.2823537
vt 0.626102 0.2823537
vt 0.18406884 0.08543725
vt 0.200071 0.08338456
vt 0.218879 0.081882
vt 0.26910728 0.17310116
vt 0.947186 0.430922
vt 0.947186 0.430922
vt 0.519752 0.26239654
vt 0.099259004 0.09165299
vt 0.099259 0.091653004
vt 0.51975197 0.26239648
vt 0.076527 0.09387301
vt 0.20556672 0.43392646
vt 0.21760902 0.52481204
vt 0.19122186 0.5279986
vt 0.170935 0.52701604
vt 0.170935 0.52701604
vt 0.183903 0.52730405
vt 0.20879987 0.5265963
vt 0.16720232 0.33228397
vt 0.15615089 0.5269799
vt 0.5896625 0.532062
vt 1.844976 0.028805
vt 1.4704607 0.17894861
vt 0.54005414 0.71260446
vt 0.5390623 0.78458786
vt 0.54308593 0.78948194
vt 0.5378235 0.7494337
vt 0.54424 0.60471
vt 0.9266058 0.56683975
vt 0.9266056 0.5668399
vt 1.6060758 0.14139189
vt 1.6060756 0.14139192
vt 0.545891 0.846423
vt 0.542049 0.834238
vt 0.5439261 0.84019125
vt 1.735924 0.041707
vt 1.735924 0.041707
vt 0.5709905 0.23424
vt 0.5709905 0.23424
vt 0.94768596 0.405533
vt 0.947686 0.40553293
vt 0.61919034 0.2784171
vt 0.6191902 0.2784171
vt 0.097329 0.064008
vt 0.074132994 0.065838
vt 0.19078292 0.3749114
vt 0.21702601 0.496567
vt 0.19789402 0.49926004
vt 0.197894 0.49926
vt 0.21702598 0.496567
vt 0.1521036 0.27241504
vt 0.097329006 0.064008
vt 0.18364301 0.49842903
vt 0.170736 0.49842602
vt 0.1550779 0.49870294
vt 0.17715259 0.49842754
vt 0.610845 0.447631
vt 0.61078894 0.43070403
vt 0.61078906 0.43070397
vt 0.610845 0.447631
vt 0.56862503 0.52802503
vt 0.568625 0.528025
vt 0.5198737 0.6897611
vt 0.51729405 0.78156364
vt 0.5191104 0.7839139
vt 0.51896155 0.7011391
vt 0.5122371 0.83031
vt 0.5122371 0.83031
vt 0.49578965 0.7945448
vt 0.518349 0.840873
vt 0.5000836 0.8033629
vt 0.39500475 0.609551
vt 1.7359239 0.0032749998
vt 1.735924 0.003275
vt 0.39500472 0.6095509
vt 0.5630099 0.2617201
vt 0.3935522 0.38819507
vt 3.7288027 0.8935639
vt 3.7288032 0.89356405
vt 0.787244 0.737073
vt 0.5198909 0.2690441
vt 0.48773235 0.37564838
vt 0.48603553 0.396806
vt 0.7712509 0.4076876
vt 0.43166727 0.47098112
vt 1.0438005 0.5241383
vt 0.35690385 0.25125965
vt 0.51882106 0.42328924
vt 0.48469615 0.36131144
vt 0.65528524 0.5459641
vt 0.24478139 0.78938675
vt 0.54417443 0.61185104
vt 0.57108736 0.48333496
vt 0.5173861 0.4494731
vt 0.6637379 0.54175735
vt 0.095466 0.037554994
vt 0.072015 0.039151
vt 0.19746998 0.470853
vt 0.19746998 0.470853
vt 0.07201501 0.039151
vt 0.09546602 0.037555005
vt 0.18675755 0.34525412
vt 0.217252 0.469836
vt 0.18309 0.47108993
vt 0.170009 0.471573
vt 1.8498236 0.4451808
vt 0.17645644 0.47133482
vt 0.217252 0.469836
vt 0.18675755 0.34525403
vt 0.49797606 0.7688161
vt 0.48894387 0.78597
vt 3.067682 0.41521597
vt 3.08051 0.4132763
vt 3.0711284 0.41469482
vt 0.48954073 0.7892033
vt 0.49312958 0.7715067
vt 0.497984 0.80282
vt 3.0784578 0.41767082
vt 3.0784578 0.41767082
vt 0.497984 0.80282
vt 0.49791715 0.8246197
vt 0.503712 0.814438
vt 0.49123806 0.83635503
vt 0.40947104 0.6504779
vt 0.47792086 0.77322286
vt 3.7386243 0.8586906
vt 3.5833828 0.84796005
vt 3.700027 0.6835485
vt 3.6144164 0.80421716
vt 3.7386243 0.85869074
vt 0.4216684 0.67235047
vt 0.5709892 0.48538333
vt 0.7029139 0.5950962
vt 3.0671103 0.5174158
vt 3.071749 0.51720005
vt 3.0686202 0.51734567
vt 0.61214614 0.51961046
vt 3.7179813 0.886242
vt 3.7041988 0.88469803
vt 3.581345 0.880464
vt 3.7000127 0.683538
vt 3.8462298 0.48941997
vt 3.6273382 0.80414
vt 3.7095716 0.88529986
vt 3.0630732 0.56285757
vt 3.068424 0.5603791
vt 3.0651383 0.5619008
vt 0.97051454 0.5309663
vt 0.8699925 0.51966935
vt 3.6835315 0.9257061
vt 0.4786144 0.4974481
vt 1.6685433 0.6272315
vt 0.18545964 0.32418424
vt 0.218315 0.450649
vt 2.773539 0.8858764
vt 2.7735386 0.88587636
vt 0.218315 0.450649
vt 0.6608844 0.46880737
vt 1.6265649 0.6614607
vt 0.62698275 0.71107167
vt 1.6266384 0.7879741
vt 0.73454213 0.81954354
vt 0.6364065 0.77147675
vt 1.447573 0.7771664
vt 0.6049299 0.7758535
vt 1.2596462 0.8067882
vt 0.5914936 0.73420674
vt 1.9007806 0.87293476
vt 0.6999304 0.7065711
vt 0.558515 0.447952
vt 0.558422 0.43103397
vt 0.558422 0.43103397
vt 0.558515 0.447952
vt 0.48274148 0.6338461
vt 3.109516 0.38344103
vt 3.099035 0.389271
vt 3.1049366 0.38598803
vt 0.48274148 0.6338461
vt 0.485062 0.781667
vt 3.0908637 0.39589503
vt 3.0908637 0.395895
vt 0.485062 0.78166705
vt 1.0511743 0.8045678
vt 3.1014407 0.43891168
vt 3.0900955 0.43463847
vt 3.0965745 0.43707928
vt 1.0511742 0.8045679
vt 0.467564 0.839435
vt 0.483753 0.82618994
vt 3.7528725 0.8125057
vt 3.586979 0.7995939
vt 3.586979 0.7995939
vt 3.7528722 0.8125057
vt 0.4736432 0.83446133
vt 0.4375139 0.6237737
vt 0.43751416 0.6237741
vt 0.40942076 0.767247
vt 3.717081 0.853147
vt 3.8442564 0.520638
vt 3.717081 0.853147
vt 0.40942073 0.76724696
vt 0.64187557 0.6503979
vt 0.744824 0.7211809
vt 3.0995657 0.5126329
vt 3.0851455 0.5139676
vt 3.0894833 0.513566
vt 0.6873909 0.6816924
vt 0.74161506 0.734716
vt 0.73591477 0.7603416
vt 0.518991 0.7688434
vt 3.0972643 0.54252404
vt 3.404525 0.5013414
vt 3.5379388 0.470603
vt 3.5384858 0.470159
vt 3.6144948 0.46904406
vt 3.0868158 0.54804647
vt 0.518991 0.7688434
vt 0.73455393 0.76663387
vt 0.73954487 0.7438384
vt 0.7435209 0.7265499
vt 0.90153563 0.77513623
vt 1.6746429 0.6805911
vt 3.6064482 0.48927554
vt 3.5459485 0.4901395
vt 3.5449903 0.48665798
vt 3.5481746 0.49308193
vt 3.6056454 0.4929925
vt 3.6080415 0.48560646
vt 1.1928027 0.75581527
vt 0.6254321 0.7833489
vt 1.3335156 0.8200853
vt 3.5978105 0.5142963
vt 3.5553293 0.5226075
vt 3.5541508 0.509671
vt 3.5552382 0.51515824
vt 3.5983572 0.5138522
vt 1.3335156 0.8200853
vt 3.5989802 0.5320819
vt 3.5679414 0.52940905
vt 3.5683792 0.5290538
vt 3.6090977 0.52604324
vt 3.589796 0.53738666
vt 0.307264 0.891372
vt 0.31786716 0.896965
vt 0.31528956 0.9505007
vt 0.535772 0.44805804
vt 0.535695 0.431154
vt 0.53569496 0.431154
vt 0.535772 0.44805798
vt 0.45709413 0.6420894
vt 3.77255 0.76412594
vt 3.1254902 0.37994
vt 3.4932601 0.58359
vt 3.42935 0.582792
vt 3.42935 0.582792
vt 3.4787931 0.5755791
vt 3.77255 0.764126
vt 0.45709416 0.64208937
vt 0.46212986 0.78094715
vt 3.4948714 0.59098804
vt 3.5367477 0.6976386
vt 3.536748 0.6976386
vt 3.4948719 0.59098804
vt 0.4611393 0.7871342
vt 0.46364236 0.7714998
vt 1.4316835 0.6378263
vt 3.739228 0.78592396
vt 3.1219332 0.44210798
vt 3.4826424 0.5822318
vt 3.4432971 0.62061137
vt 3.6981215 0.683183
vt 3.8408413 0.582651
vt 3.4995751 0.65932894
vt 3.2376845 0.43833113
vt 3.4444304 0.56738806
vt 3.739228 0.78592396
vt 1.4316835 0.6378264
vt 0.4970789 0.18172158
vt 0.4791077 0.42032063
vt 3.7324228 0.8065059
vt 3.11912 0.447982
vt 3.5240686 0.33504224
vt 3.2847075 0.32888845
vt 3.699708 0.68333846
vt 3.841766 0.566124
vt 3.699708 0.68333846
vt 3.2849066 0.32872665
vt 3.524415 0.33476102
vt 3.1191201 0.447982
vt 3.7324228 0.8065059
vt 0.48331216 0.36336735
vt 0.4856093 0.3341135
vt 0.507089 0.7267459
vt 0.48306552 0.50735176
vt 3.6364396 0.35311228
vt 3.7032096 0.23369922
vt 3.6382697 0.2342656
vt 3.5736332 0.2255448
vt 3.5157976 0.33114645
vt 3.516345 0.33070242
vt 3.5736332 0.2255448
vt 3.6382701 0.23426566
vt 3.702337 0.23464914
vt 3.6554646 0.31969705
vt 0.4982154 0.6457087
vt 3.1153069 0.512156
vt 3.6359549 0.3712103
vt 3.7119832 0.27766934
vt 3.6355648 0.27852204
vt 3.5339708 0.33588997
vt 3.5154212 0.24395
vt 3.5253487 0.3511873
vt 3.5644984 0.26894563
vt 3.635565 0.278522
vt 3.7059886 0.27894327
vt 3.6489975 0.35665724
vt 3.1153069 0.512156
vt 3.6463585 0.39748552
vt 3.713992 0.30417186
vt 3.635265 0.31575698
vt 3.538692 0.29784366
vt 3.5207868 0.4106609
vt 3.52124 0.43346554
vt 3.52246 0.37618354
vt 3.5661862 0.301348
vt 3.6352649 0.315757
vt 3.703267 0.30626297
vt 3.670646 0.35734802
vt 3.6389592 0.41421375
vt 2.6113968 0.5839102
vt 3.6873798 0.40299928
vt 3.6953158 0.36638457
vt 3.6526194 0.37113523
vt 3.5922408 0.36725903
vt 3.5506043 0.3623823
vt 3.521734 0.4350657
vt 3.5217242 0.43740368
vt 3.5409377 0.3598059
vt 3.5814943 0.36759695
vt 3.6367211 0.3683518
vt 3.691247 0.36940023
vt 3.730287 0.36049414
vt 3.614796 0.4434227
vt 1.8632213 0.6470612
vt 1.6891477 0.83041424
vt 3.7445388 0.39078397
vt 3.7008793 0.40400806
vt 2.6850984 0.43111044
vt 1.8728826 0.48629496
vt 3.5730202 0.4070555
vt 3.532171 0.39199403
vt 3.5515893 0.4058369
vt 3.5757883 0.40489164
vt 2.5626864 0.43942738
vt 3.699132 0.4026755
vt 3.7263124 0.40377018
vt 1.6891477 0.83041424
vt 0.94795555 0.43647355
vt 3.681581 0.46083432
vt 3.3325982 0.47117582
vt 3.6020823 0.471249
vt 3.591952 0.453274
vt 3.5968885 0.46203306
vt 3.3325963 0.47117558
vt 3.6815815 0.46083438
vt 0.927037 0.4377408
vt 0.41656172 0.32781345
vt 0.875639 0.9403441
vt 1.5426575 0.4711283
vt 3.6113691 0.485789
vt 3.6113687 0.485789
vt 1.0758879 0.46872935
vt 2.1194053 0.7373803
vt 0.41649935 0.32870346
vt 0.85253894 0.94295293
vt 0.95014805 0.78801686
vt 0.970646 0.939135
vt 0.94236267 0.93913496
vt 0.49742115 0.9165555
vt 0.46452105 0.93555105
vt 0.9286819 0.9391351
vt 0.9493529 0.93913496
vt 0.97064614 0.939135
vt 0.9150982 0.84256625
vt 3.57883 0.621189
vt 3.57883 0.621189
vt 2.2677891 0.72700375
vt 3.6220853 0.64410335
vt 3.1411362 0.377889
vt 3.232788 0.588673
vt 3.6478183 0.6407687
vt 3.6478183 0.6407687
vt 3.1582978 0.41735822
vt 3.6220853 0.64410335
vt 3.6905499 0.6941863
vt 0.44383702 0.76907504
vt 0.79390836 0.6269894
vt 3.743624 0.760884
vt 3.2309537 0.623263
vt 3.2296538 0.62170094
vt 3.2296538 0.62170094
vt 3.2309537 0.623263
vt 3.743624 0.760884
vt 0.8250516 0.6140328
vt 0.440424 0.774054
vt 0.4643347 0.223377
vt 3.2625053 0.53235173
vt 3.2159991 0.8962536
vt 3.1975832 0.93243223
vt 3.1878579 0.7202878
vt 3.27694 0.49929094
vt 3.561754 0.67678785
vt 3.5101278 0.6596602
vt 3.1925924 0.5328053
vt 3.1975837 0.9324324
vt 3.249228 0.6242657
vt 3.2656555 0.65869385
vt 0.46433464 0.22337699
vt 3.135264 0.45412597
vt 3.3404257 0.41675326
vt 3.6415787 0.41924512
vt 3.6127028 0.34570587
vt 3.5719717 0.3209055
vt 3.2061408 0.34369355
vt 3.3875806 0.7353286
vt 3.23652 0.35967296
vt 3.5807114 0.24544452
vt 3.6127026 0.3457059
vt 3.4274848 0.38366112
vt 3.1961126 0.57993436
vt 3.1350129 0.45739
vt 0.47695395 0.7203311
vt 3.7611372 0.20240071
vt 3.7045302 0.20342588
vt 3.641318 0.205094
vt 3.5797107 0.19616584
vt 3.526138 0.18095505
vt 3.523287 0.1707473
vt 3.529101 0.19156684
vt 3.5797112 0.19616584
vt 3.641318 0.205094
vt 3.726182 0.2037301
vt 3.7664042 0.2015597
vt 0.47695395 0.7203311
vt 0.3684762 0.7430386
vt 3.130864 0.5112591
vt 3.7469406 0.24361016
vt 3.530729 0.23634702
vt 3.5246954 0.2189518
vt 3.5276728 0.2275385
vt 3.7469409 0.2436101
vt 3.1308641 0.511259
vt 0.36847624 0.7430386
vt 0.66772044 0.6802434
vt 0.71409 0.715996
vt 0.68280643 0.69187516
vt 0.7110309 0.7292583
vt 0.7056901 0.7521282
vt 0.29066613 0.74959534
vt 2.3898997 0.59896845
vt 3.1285973 0.540697
vt 0.7216506 0.72037435
vt 0.704385 0.75772613
vt 0.7083558 0.74072516
vt 0.712336 0.7236369
vt 0.70292455 0.78004175
vt 0.70292455 0.78004175
vt 2.334143 0.894606
vt 2.334143 0.894606
vt 0.49973118 0.44172335
vt 0.499555 0.431325
vt 0.499842 0.448259
vt 0.43379378 0.5811873
vt 2.4847105 0.6715583
vt 3.1905937 0.587726
vt 3.1892853 0.586173
vt 3.1892853 0.586173
vt 3.1905937 0.587726
vt 3.5860927 0.62213606
vt 0.42660823 0.65065306
vt 0.41901183 0.77538294
vt 3.23306 0.54327875
vt 3.1898901 0.57607657
vt 3.1856794 0.61671394
vt 3.1927629 0.5483368
vt 3.2618258 0.49646494
vt 3.186981 0.618266
vt 0.420742 0.778975
vt 0.41753703 0.772321
vt 0.46268597 0.079275
vt 3.109724 0.7194005
vt 3.1849244 0.87542677
vt 3.1277227 0.91558224
vt 3.0776083 0.729127
vt 3.545207 0.5248741
vt 3.4661376 0.6979068
vt 3.596188 0.5750046
vt 3.130895 0.57784235
vt 3.1277227 0.9155823
vt 3.1695325 0.83988744
vt 3.1067686 0.7333556
vt 0.46268597 0.079275
vt 0.4602635 0.2637891
vt 0.45978004 0.08627399
vt 3.349627 0.77833384
vt 3.1682928 0.117199995
vt 3.376232 0.41942063
vt 3.3624377 0.7408751
vt 3.3447223 0.3689725
vt 3.383323 0.43365481
vt 3.3827434 0.7825735
vt 3.3146982 0.77386194
vt 0.46013913 0.21810786
vt 3.2988043 0.65759665
vt 3.7543538 0.18126501
vt 3.5426922 0.163962
vt 3.5426922 0.16396202
vt 3.7543538 0.18126501
vt 2.313361 0.90220505
vt 2.313361 0.90220505
vt 0.56083024 0.3265174
vt 0.8756391 0.8838571
vt 0.893514 0.44329903
vt 0.796674 0.443299
vt 0.8756391 0.8838571
vt 0.55375504 0.3285902
vt 0.852539 0.883899
vt 0.95046526 0.7288389
vt 0.9706461 0.88001806
vt 0.9432447 0.88001794
vt 0.936097 0.88001794
vt 0.94990903 0.880018
vt 0.9706461 0.88001806
vt 0.91618526 0.78221565
vt 0.9223721 0.880018
vt 0.899332 0.880018
vt 0.9223721 0.880018
vt 3.160187 0.587345
vt 3.158879 0.585801
vt 3.158879 0.585801
vt 3.160187 0.587345
vt 0.40663916 0.5427043
vt 3.230941 0.451175
vt 3.1399078 0.48630503
vt 3.1570895 0.60270303
vt 3.1303368 0.42145756
vt 3.2378645 0.41298497
vt 3.1972005 0.5300863
vt 0.40663916 0.54270416
vt 0.43260905 0.055859003
vt 3.2847416 0.31127694
vt 3.1936867 0.8357993
vt 3.129151 0.8723922
vt 3.0707693 0.7711425
vt 3.151064 0.19563073
vt 3.310284 0.7343071
vt 3.13724 0.214658
vt 3.1236603 0.42634073
vt 3.129151 0.87239224
vt 3.1892974 0.8155402
vt 3.3047209 0.2273822
vt 0.43260905 0.055859003
vt 3.1652806 0.7084359
vt 3.1590338 0.69473225
vt 3.1991644 0.76919335
vt 3.188632 0.18572956
vt 3.2997062 0.42732903
vt 3.3340693 0.6340119
vt 3.3095703 0.74883443
vt 3.311185 0.47169888
vt 3.1982386 0.14523165
vt 3.1628625 0.68643165
vt 3.161804 0.706889
vt 3.3150673 0.75472623
vt 3.3267193 0.673586
vt 3.3248415 0.65502506
vt 3.3264108 0.6720496
vt 3.3425012 0.6548696
vt 2.295706 0.90874904
vt 2.295706 0.90874904
vt 0.42237186 0.870758
vt 0.4226884 0.9751353
vt 0.3665463 0.7590091
vt 3.217046 0.382781
vt 3.4297621 0.65054
vt 3.773559 0.6529939
vt 3.4311554 0.5851255
vt 3.4311557 0.5851255
vt 3.773559 0.65299404
vt 3.4297621 0.65054
vt 3.217046 0.382781
vt 0.3665463 0.7590092
vt 0.3860541 0.45983216
vt 3.2431548 0.35578617
vt 3.1109884 0.3536188
vt 3.1109884 0.3536188
vt 3.276131 0.292332
vt 0.3860541 0.45983216
vt 0.41201 0.0639389
vt 3.333079 0.5960417
vt 3.1303911 0.83528805
vt 3.511092 0.5255905
vt 3.23715 0.13713592
vt 3.2611918 0.08012731
vt 3.3543954 0.31428006
vt 3.1303904 0.8352879
vt 3.3917587 0.76413524
vt 3.266678 0.4058346
vt 0.41201 0.0639389
vt 0.417863 0.687219
vt 3.200206 0.72738725
vt 3.2139692 0.8407242
vt 3.131152 0.8130298
vt 3.0848982 0.6795051
vt 3.2569234 0.2269526
vt 3.23605 0.76205647
vt 3.2624707 0.27827793
vt 3.1310189 0.51289344
vt 3.131152 0.8130297
vt 3.2068994 0.76144016
vt 3.192331 0.70518124
vt 0.417863 0.687219
vt 0.418986 0.706218
vt 3.2094731 0.48110807
vt 3.209984 0.47447902
vt 3.3185267 0.6684244
vt 3.3183727 0.6685095
vt 3.209782 0.4771023
vt 0.418986 0.706218
vt 3.341156 0.65582
vt 0.30133122 0.7163322
vt 3.2073338 0.5088899
vt 3.2073338 0.5088899
vt 0.30133122 0.7163322
vt 0.56241953 0.6338866
vt 0.6511436 0.7002568
vt 3.205124 0.537582
vt 3.2051241 0.537582
vt 0.6196223 0.6766772
vt 0.64776605 0.71489
vt 0.64340216 0.7334013
vt 0.75402385 0.72644514
vt 1.1655576 0.7280787
vt 0.37123832 0.7291217
vt 0.64675695 0.71918416
vt 2.315916 0.93240905
vt 2.315916 0.93240905
vt 0.4443362 0.88139313
vt 0.45507482 0.9007901
vt 0.4566841 0.9304399
vt 0.4472994 0.96094555
vt 0.4417694 0.44425333
vt 0.44158897 0.433089
vt 0.44186202 0.449987
vt 0.37515333 0.58418965
vt 0.3751533 0.5841897
vt 0.357571 0.766947
vt 3.6831162 0.7632718
vt 3.759602 0.68858194
vt 3.7710474 0.7079018
vt 3.4876904 0.445558
vt 3.55424 0.50717247
vt 3.7596033 0.688582
vt 3.6722364 0.7603628
vt 0.357571 0.76694685
vt 0.40772605 0.41131645
vt 3.7813308 0.95029885
vt 3.7309694 0.8847509
vt 3.7842574 0.8351992
vt 3.7842567 0.8351992
vt 3.7309701 0.88475096
vt 3.781333 0.9502991
vt 0.40772605 0.4113165
vt 3.4975705 0.874032
vt 3.4049416 0.81419855
vt 3.2141669 0.7665688
vt 3.404942 0.81419855
vt 3.4975708 0.8740321
vt 2.294833 0.941134
vt 2.294833 0.941134
vt 0.872127 0.816762
vt 0.87212604 0.816762
vt 0.85123307 0.8168001
vt 0.94870013 0.6617757
vt 0.97076195 0.8129191
vt 0.8495726 0.8261066
vt 0.926423 0.824094
vt 0.9354175 0.82138944
vt 0.7965759 0.8642987
vt 0.9707621 0.8129191
vt 0.91760325 0.71220577
vt 0.911754 0.82506293
vt 0.90683097 0.82483035
vt 0.33304903 0.758401
vt 0.33304903 0.758401
vt 0.3572512 0.392649
vt 0.35725126 0.392649
vt 3.1174326 0.32822847
vt 3.0691195 0.326539
vt 3.1017833 0.31002682
vt 3.0781813 0.30633602
vt 3.091677 0.2328905
vt 3.0803695 0.23291957
vt 3.0915146 0.2179334
vt 3.0791276 0.21448286
vt 2.3092923 0.453911
vt 2.309292 0.45391104
vt 2.3329895 0.47061318
vt 2.273294 0.949346
vt 2.273294 0.949346
vt 2.308409 0.44573176
vt 2.3419232 0.48009807
vt 2.291577 0.54411113
vt 0.8545568 0.3988697
vt 0.503652 0.243064
vt 0.88240725 0.41215566
vt 2.2914548 0.5667358
vt 2.291751 0.5117601
vt 0.9643913 0.37527144
vt 0.54863393 0.3205714
vt 0.8919339 0.409026
vt 0.79825497 0.409026
vt 0.8369862 0.35989237
vt 0.6966622 0.84280014
vt 0.59691596 0.8726482
vt 0.62456775 0.9143694
vt 0.94483006 0.7970759
vt 0.310628 0.750142
vt 3.284104 0.38772804
vt 3.284104 0.38772804
vt 0.310628 0.750142
vt 0.3379611 0.35775083
vt 0.33403876 0.38794193
vt 0.33851293 0.35350242
vt 3.6388588 0.6271474
vt 3.5744228 0.580002
vt 3.8170238 0.7229122
vt 0.355592 0.677568
vt 3.645423 0.6114777
vt 3.165968 0.22912447
vt 3.8861368 0.76834387
vt 0.355592 0.677568
vt 0.2347175 0.7385686
vt 3.2764962 0.48695326
vt 3.276496 0.48695323
vt 0.2347175 0.7385686
vt 0.2853149 0.63825095
vt 3.2750278 0.50556695
vt 3.6903322 0.05255395
vt 3.785399 0.43573487
vt 3.720616 0.3129645
vt 3.5779405 0.051600955
vt 3.275028 0.505567
vt 0.2853149 0.63825095
vt 0.50535697 0.6188
vt 0.5938594 0.68597895
vt 3.2726333 0.53667
vt 3.736982 0.052925825
vt 3.7923925 0.29288918
vt 3.429133 0.76784295
vt 3.737655 0.79653335
vt 3.6689315 0.12466573
vt 3.2726333 0.53667
vt 0.56242573 0.6621187
vt 2.3441086 0.40726292
vt 2.367942 0.39115715
vt 1.2794303 0.5651926
vt 1.4736544 0.52147806
vt 0.74587274 0.716356
vt 3.7727835 0.052828014
vt 3.8538117 0.5217283
vt 3.6843762 0.8298684
vt 3.9013538 0.77384746
vt 3.9059284 0.4392085
vt 1.2245994 0.72586375
vt 0.33379617 0.7123306
vt 1.4489812 0.5234291
vt 2.4323413 0.34883973
vt 2.3319883 0.41440612
vt 2.3572307 0.44849092
vt 2.2766802 0.43605468
vt 2.490333 0.33965507
vt 0.95842814 0.4623037
vt 1.4651557 0.51376617
vt 3.8143027 0.06310183
vt 3.843392 0.06637437
vt 3.8871768 0.06579888
vt 1.4651122 0.51438975
vt 0.9583744 0.4630784
vt 2.4946532 0.33333603
vt 2.27496 0.44342926
vt 2.3471127 0.41799045
vt 2.3471708 0.4839932
vt 2.2883537 0.56535906
vt 2.2291298 0.5239719
vt 0.8529685 0.40962946
vt 1.5531445 0.52139443
vt 1.2032824 0.4662782
vt 2.2266054 0.53876626
vt 2.2459538 0.5292691
vt 2.3056056 0.5607902
vt 2.831927 0.6282586
vt 0.8697845 0.3826887
vt 0.89036506 0.39611602
vt 0.799824 0.39611596
vt 0.8721261 0.77504605
vt 1.2660578 0.3778219
vt 0.85162103 0.7769461
vt 0.94936544 0.62077427
vt 0.97076213 0.7712029
vt 0.9422635 0.7729957
vt 0.8036335 0.81109744
vt 0.77716863 0.8237221
vt 0.9334287 0.7747894
vt 0.9499579 0.77161294
vt 0.970762 0.771203
vt 0.92092043 0.66888624
vt 0.3758149 0.4446543
vt 0.375908 0.43327
vt 0.37577 0.450158
vt 0.33424863 0.5843469
vt 3.320651 0.38867185
vt 3.313362 0.389256
vt 3.313362 0.389256
vt 3.320651 0.38867185
vt 0.33424866 0.584347
vt 0.32448924 0.48962185
vt 0.31840798 0.33075646
vt 0.337531 0.016283
vt 0.3216864 0.437179
vt 0.3502428 0.64610183
vt 0.35024276 0.6461019
vt 3.2887723 0.32235342
vt 3.1560576 0.18379323
vt 3.8665762 0.7560975
vt 3.3058798 0.48805448
vt 3.3055785 0.49032974
vt 3.8547616 0.76082754
vt 3.4521916 0.6154901
vt 3.4495432 0.6574325
vt 3.7095847 0.7311308
vt 3.3057034 0.4893842
vt 3.8509893 0.7642977
vt 3.4588377 0.62371516
vt 3.498385 0.6701291
vt 3.7658472 0.7447759
vt 3.8761647 0.93213236
vt 3.8740168 0.9460379
vt 3.302026 0.53644806
vt 3.038828 0.1520689
vt 3.0256023 0.068058744
vt 3.0474436 0.037282467
vt 3.9016943 0.90225506
vt 3.8729408 0.90294516
vt 3.871072 0.8850562
vt 3.8867266 0.80324656
vt 3.302026 0.53644806
vt 2.4527442 0.3926615
vt 2.4823148 0.38882327
vt 2.502657 0.36511087
vt 2.5060308 0.3445242
vt 1.8748196 0.5868384
vt 3.8456824 0.43944752
vt 3.8743846 0.86823255
vt 3.8758738 0.780316
vt 3.9080243 0.31754547
vt 1.5661606 0.596232
vt 2.206784 0.5696903
vt 2.5001712 0.34973827
vt 2.495133 0.3783823
vt 2.4549236 0.39443523
vt 2.3274126 0.48802477
vt 2.37642 0.4478805
vt 2.5351744 0.3552965
vt 1.1944146 0.45546958
vt 2.3765755 0.6859082
vt 3.8141897 0.047529176
vt 3.845635 0.044935472
vt 3.882854 0.045060642
vt 3.669161 0.963647
vt 1.1429399 0.44330877
vt 2.5334098 0.347692
vt 2.4131093 0.4207315
vt 2.3458505 0.473705
vt 2.267941 0.551043
vt 2.258809 0.54472804
vt 2.260356 0.814546
vt 2.260356 0.814546
vt 2.2635295 0.54799235
vt 1.1078315 0.4199766
vt 0.8505831 0.7395439
vt 0.8869069 0.38476303
vt 0.8078349 0.4189122
vt 0.7400525 0.37044603
vt 2.6838884 0.63974327
vt 0.852625 0.754091
vt 0.9520534 0.59973145
vt 0.9611607 0.7465821
vt 0.934898 0.743886
vt 0.916511 0.7412269
vt 0.909715 0.73948866
vt 0.934898 0.743886
vt 0.951925 0.745339
vt 0.972248 0.748074
vt 0.92813826 0.6398204
vt 3.3387682 0.3893599
vt 3.3387682 0.3893599
vt 0.33295032 0.4017395
vt 0.33295032 0.4017395
vt 3.8984094 0.74526805
vt 3.8984094 0.74526805
vt 3.879509 0.589956
vt 3.8749788 0.6161583
vt 3.8796751 0.7473064
vt 3.0458364 0.17019759
vt 3.0318642 0.06392451
vt 3.821997 0.6982327
vt 3.8749793 0.6161583
vt 3.879509 0.589956
vt 3.7412019 0.63758534
vt 3.7642 0.64964736
vt 3.5864744 0.705411
vt 3.7541335 0.805263
vt 3.032804 0.13538021
vt 3.188485 0.23093815
vt 3.661388 0.7020264
vt 3.4048147 0.20197107
vt 3.4713855 0.036294464
vt 3.4247737 0.026504513
vt 3.3652918 0.026503904
vt 3.3262882 0.06327154
vt 3.8470824 0.36647278
vt 3.6645036 0.6922688
vt 3.6309013 0.67857283
vt 0.6312727 0.5472215
vt 1.8851303 0.54988694
vt 3.4332314 0.35753652
vt 3.346166 0.2281168
vt 3.1115363 0.38588923
vt 3.441052 0.27042186
vt 3.3016746 0.39860898
vt 3.3830805 0.3755026
vt 3.307486 0.36057138
vt 3.4314973 0.14340493
vt 3.414654 0.06885391
vt 3.3552222 0.07225549
vt 3.3681457 0.17417513
vt 3.3955731 0.28720245
vt 3.469361 0.51431054
vt 1.499169 0.53878456
vt 3.7228978 0.957032
vt 2.2211204 0.785084
vt 3.1955566 0.37649608
vt 3.4467027 0.23921034
vt 3.307872 0.21842091
vt 3.3890119 0.3528937
vt 3.4001837 0.24994086
vt 3.4017386 0.20751059
vt 3.3769028 0.19736595
vt 3.428243 0.367239
vt 2.6762865 0.83719885
vt 2.24445 0.8036541
vt 2.238106 0.825428
vt 2.238106 0.825428
vt 2.24445 0.8036541
vt 2.6029525 0.6748401
vt 0.8638112 0.36453214
vt 0.8862407 0.4353499
vt 0.877781 0.37067
vt 0.8241574 0.40331802
vt 0.9553793 0.4205449
vt 1.132784 0.4134143
vt 0.988419 0.5794765
vt 0.9646156 0.72674435
vt 0.93491995 0.7232599
vt 0.91636306 0.7207181
vt 0.9068974 0.71995306
vt 0.93492 0.72326005
vt 0.95348203 0.7252281
vt 0.97429705 0.728063
vt 0.988419 0.5794765
vt 0.19224349 0.42967436
vt 0.20368773 0.43978122
vt 0.324841 0.432154
vt 0.324841 0.432154
vt 0.19881247 0.43547574
vt 0.3240255 0.46683
vt 3.3699524 0.39124894
vt 3.369952 0.39124885
vt 0.3240255 0.46683
vt 0.32212567 0.552153
vt 0.32405928 0.50740373
vt 0.3230551 0.53064054
vt 3.908391 0.6062481
vt 3.908391 0.6062481
vt 3.8906405 0.58306
vt 3.8935273 0.61174893
vt 3.9125407 0.74152505
vt 3.9125402 0.7415249
vt 3.8935273 0.61174893
vt 3.8906405 0.58306
vt 3.87601 0.577989
vt 3.8203034 0.92783296
vt 3.8171449 0.957464
vt 3.8760102 0.57798904
vt 0.50908303 0.689785
vt 3.6510015 0.6553577
vt 3.4419467 0.72949594
vt 3.88372 0.3808914
vt 3.9070961 0.2832903
vt 3.8205068 0.8869226
vt 3.8141208 0.87856084
vt 3.8874543 0.36529508
vt 3.6156046 0.6679107
vt 0.509083 0.68978494
vt 0.6123709 0.5507373
vt 1.2854203 0.5491707
vt 3.2439988 0.6616438
vt 3.584665 0.55818635
vt 3.6684208 0.28655076
vt 3.546304 0.82688826
vt 3.8797295 0.349239
vt 3.7964509 0.44269395
vt 3.6260102 0.72303337
vt 3.3172963 0.34251598
vt 3.3319478 0.34256047
vt 3.4546776 0.34333587
vt 3.678914 0.31798944
vt 3.46186 0.69382596
vt 3.372625 0.5963792
vt 0.61724925 0.54909825
vt 2.198147 0.7916651
vt 2.221874 0.813013
vt 3.8592458 0.30771098
vt 3.877366 0.31423065
vt 3.869689 0.29152042
vt 3.8783662 0.32354584
vt 3.3516748 0.34313035
vt 3.379534 0.34645754
vt 3.4082072 0.3447431
vt 3.4288309 0.34587255
vt 2.221874 0.8130129
vt 2.198147 0.7916651
vt 2.218694 0.8372349
vt 2.218694 0.8372349
vt 1.5171307 0.5357334
vt 1.0616922 0.3611655
vt 0.91281617 0.41575435
vt 0.8096483 0.42046142
vt 0.91594696 0.70261
vt 0.9081533 0.7020622
vt 0.721065 0.5145665
vt 0.8439949 0.39292175
vt 0.8693065 0.37453958
vt 1.6058348 0.42487353
vt 2.228385 0.86244106
vt 0.1769776 0.43258613
vt 0.23821452 0.44508076
vt 0.309352 0.43179896
vt 0.309352 0.43179902
vt 0.21732378 0.4408183
vt 3.311087 0.61165804
vt 3.8109806 0.73054516
vt 3.8109803 0.7305452
vt 3.8126445 0.6360064
vt 0.30860794 0.46590087
vt 0.30680257 0.5528711
vt 0.31048253 0.54924273
vt 3.9763756 0.73044616
vt 3.9763746 0.73044604
vt 0.30728742 0.552393
vt 0.29248533 0.59448576
vt 0.29370365 0.5715171
vt 3.9478476 0.59526306
vt 3.94957 0.73007107
vt 3.94957 0.73007107
vt 3.9478476 0.59526306
vt 0.29269686 0.5904975
vt 0.2806707 0.6205844
vt 2.4892828 0.5755979
vt 3.906442 0.57781607
vt 3.92997 0.5985991
vt 3.933217 0.73227096
vt 3.933217 0.73227096
vt 3.9299695 0.598599
vt 3.9155717 0.5745103
vt 0.28139278 0.6144268
vt 0.22177811 0.61277753
vt 0.15565827 0.67915165
vt 3.8989499 0.56719095
vt 3.8989499 0.567191
vt 0.2172606 0.61731243
vt 0.446943 0.42402044
vt 0.6519566 0.27317688
vt 0.47685683 0.4020106
vt 0.4917725 0.571549
vt 0.6060594 0.6324192
vt 3.423246 0.736883
vt 3.8293288 0.35347512
vt 3.9246757 0.3076842
vt 3.8545449 0.34136498
vt 3.423246 0.7368829
vt 0.58174336 0.5768346
vt 0.56898975 0.61435586
vt 0.5894082 0.5722793
vt 2.1224315 0.5367529
vt 3.6063342 0.3860175
vt 3.9217365 0.26280245
vt 3.4544985 0.9075204
vt 3.6344974 0.3286457
vt 3.624798 0.5548847
vt 3.5070949 0.656919
vt 3.330133 0.31117722
vt 3.3471563 0.3086774
vt 3.3809109 0.3056413
vt 3.4118195 0.30901974
vt 3.4426956 0.31438628
vt 3.676946 0.31703737
vt 2.1671534 0.5764781
vt 3.91918 0.524842
vt 0.5894082 0.5722793
vt 2.1919832 0.8293122
vt 3.9174707 0.2894747
vt 3.9151106 0.271359
vt 3.9182603 0.29553548
vt 3.3594642 0.32064554
vt 3.3823323 0.3216327
vt 3.4089308 0.32373363
vt 2.191984 0.8293123
vt 2.1985326 0.8535273
vt 2.198533 0.8535274
vt 2.208925 0.8922443
vt 2.4578469 0.76905966
vt 1.0549546 0.34179187
vt 1.0031805 0.33963618
vt 1.9452312 0.49312204
vt 1.0547318 0.34159625
vt 3.6434457 0.100215994
vt 2.3812819 0.80880976
vt 2.2110097 0.8871929
vt 0.15966871 0.43576702
vt 0.23895903 0.44389883
vt 0.293043 0.43113497
vt 0.20073852 0.4426053
vt 2.9656396 0.5984169
vt 3.898412 0.6224243
vt 3.8984113 0.6224243
vt 3.7928388 0.6399431
vt 0.2914822 0.46417236
vt 0.288478 0.49374104
vt 2.9307902 0.5382562
vt 3.971551 0.5937511
vt 3.971551 0.5937511
vt 3.971623 0.5612366
vt 0.28931847 0.48664904
vt 0.28638 0.506806
vt 3.9469595 0.5636542
vt 3.9469597 0.56365407
vt 0.28638 0.506806
vt 0.28357098 0.521171
vt 3.9261672 0.557122
vt 3.9261672 0.55712205
vt 0.28357098 0.521171
vt 0.8836343 0.26057485
vt 0.95590305 0.36090657
vt 0.93047047 0.32559758
vt 0.94675404 0.051558
vt 0.9467538 0.05155799
vt 0.8838166 0.5481256
vt 3.669532 0.6145185
vt 3.669532 0.6145185
vt 0.8838169 0.5481257
vt 3.3981361 0.762818
vt 3.0856907 0.77179784
vt 3.4032867 0.937924
vt 3.3981695 0.989129
vt 3.4032867 0.937924
vt 3.3553298 0.2863139
vt 3.3834112 0.28065753
vt 3.4110122 0.28196272
vt 3.4360023 0.29258874
vt 3.109999 0.7914029
vt 3.1373131 0.70010245
vt 2.1697698 0.847455
vt 2.16977 0.847455
vt 2.1815088 0.874248
vt 2.1744173 0.8876379
vt 2.1779015 0.88105917
vt 2.194529 0.934398
vt 2.192053 0.95720196
vt 3.5548792 0.7691394
vt 2.192053 0.95720196
vt 2.194529 0.934398
vt 0.11231204 0.3480956
vt 0.22354287 0.4650218
vt 0.26985392 0.42726934
vt 0.2347613 0.45159608
vt 0.1582976 0.38390657
vt 0.23991483 0.14410867
vt 0.38988286 0.62902206
vt 0.32844815 0.43037578
vt 0.34436825 0.26351503
vt 0.5213689 0.7084321
vt 2.0987403 0.419481
vt 2.0987403 0.419481
vt 0.43291667 0.4860949
vt 0.2609886 0.32471716
vt 0.8870125 0.90548986
vt 0.49197564 0.53900784
vt 0.2491845 0.44506437
vt 0.24918458 0.4450643
vt 0.6830217 0.19123605
vt 0.923384 0.020929
vt 0.6933969 0.1838849
vt 0.920938 0.045293003
vt 0.9209381 0.045292996
vt 0.9086177 0.22960576
vt 0.7984795 0.510346
vt 2.8169053 0.637599
vt 2.8169043 0.63759905
vt 0.85329497 0.3706226
vt 0.72530574 0.3320259
vt 0.7040204 0.33287433
vt 0.6859676 0.33504784
vt 1.685012 0.5738534
vt 3.0298817 0.80825645
vt 3.372731 0.93171996
vt 3.3727307 0.93172014
vt 2.13625 0.8246579
vt 3.025687 0.78095865
vt 0.680103 0.33868155
vt 0.69362104 0.33414346
vt 0.7191855 0.3320701
vt 2.1512582 0.8699761
vt 2.146366 0.87805
vt 2.1555796 0.8628461
vt 2.1662242 0.90312403
vt 2.158353 0.92800194
vt 2.154519 0.9527249
vt 3.4554703 0.6746295
vt 2.154519 0.9527249
vt 2.1583533 0.928002
vt 2.1662242 0.90312403
vt 0.93786144 0.36501122
vt 1.231012 0.8286473
vt 2.206053 0.21976441
vt 0.22046013 0.65139496
vt 2.22521 0.002874
vt 0.2204601 0.651395
vt 2.206053 0.21976441
vt 1.4391674 0.9187129
vt 0.9154049 0.3667888
vt 0.6674388 0.26219466
vt 0.7791559 0.9342949
vt 1.2825998 0.22391087
vt 0.54378957 0.9365773
vt 0.5437895 0.9365772
vt 1.2186244 0.22391078
vt 0.7540244 0.60964495
vt 0.6070141 0.26276293
vt 0.7650347 0.9472396
vt 1.29809 0.23151219
vt 0.54376775 0.9498569
vt 0.5437678 0.949857
vt 1.2031348 0.23151213
vt 0.7197081 0.60265476
vt 0.7208748 0.30104285
vt 0.7498067 0.96034384
vt 1.3109076 0.2451314
vt 0.543655 0.963005
vt 0.543655 0.963005
vt 1.1903173 0.24513139
vt 0.79786885 0.59099144
vt 0.9151918 0.57463646
vt 0.8976504 0.30119807
vt 0.8976505 0.30119804
vt 0.9151922 0.57463783
vt 0.99840873 0.4406669
vt 0.75321406 0.7244202
vt 0.68562347 0.7839506
vt 0.68562347 0.7839506
vt 0.9728271 0.4702716
vt 0.9351596 0.14242204
vt 0.93515974 0.14242205
vt 0.88510954 0.39932305
vt 2.7584493 0.6156259
vt 2.7584493 0.61562586
vt 0.8851094 0.39932305
vt 2.145053 0.48647064
vt 3.0724173 0.83754104
vt 3.339128 0.909051
vt 3.3600361 0.989416
vt 3.339128 0.909051
vt 3.3476415 0.8366569
vt 2.7674117 0.838521
vt 2.1450534 0.48647064
vt 2.1358087 0.8955151
vt 2.1265352 0.9223089
vt 2.1265352 0.9223089
vt 2.1358092 0.895515
vt 3.035348 0.66730624
vt 1.2008117 0.31566373
vt 1.2580295 0.22553684
vt 1.2431949 0.22553682
vt 1.3017751 0.3156637
vt 1.3511553 0.54134345
vt 1.2312765 0.65512687
vt 1.2253875 0.6551269
vt 1.4912325 0.5413434
vt 1.5858389 0.67314976
vt 1.4989114 0.78559214
vt 1.2835484 0.8093101
vt 1.2659897 0.80931014
vt 1.244056 0.870715
vt 1.6592691 0.6738712
vt 1.6118835 0.7051046
vt 1.492711 0.80631083
vt 1.2978107 0.7848748
vt 1.2710724 0.78487474
vt 1.251291 0.85088
vt 1.6789016 0.70975447
vt 1.3063108 0.6064412
vt 1.3167889 0.34488344
vt 1.202199 0.6207253
vt 1.1815934 0.2639122
vt 1.4493672 0.6064411
vt 0.9779706 0.60968244
vt 1.3224304 0.35069275
vt 0.653627 0.867695
vt 0.653627 0.8676949
vt 1.317849 0.7881969
vt 1.1781232 0.28667498
vt 1.0581969 0.60968256
vt 0.90102607 0.56032944
vt 1.0975571 0.37204853
vt 0.65354514 0.8791359
vt 0.65354514 0.8791359
vt 0.9176739 0.5384429
vt 0.89332986 0.62548465
vt 0.8672279 0.631889
vt 0.795936 0.46684742
vt 2.026513 0.400298
vt 2.684056 0.69154066
vt 2.6840563 0.69154066
vt 2.026513 0.400298
vt 0.8281675 0.54146343
vt 2.0909257 0.21189852
vt 1.2905995 0.37651348
vt 2.9296336 0.8625348
vt 3.3296173 0.8972107
vt 3.336259 0.91047996
vt 3.329778 0.989944
vt 3.3313086 0.90118223
vt 3.3266957 0.87693155
vt 2.8037343 0.8596937
vt 1.2905995 0.3765135
vt 2.090926 0.21189852
vt 2.1215503 0.94867194
vt 3.4624832 0.5539997
vt 2.1215503 0.94867194
vt 3.03369 0.615344
vt 1.2173399 0.30673257
vt 1.2296736 0.33492303
vt 1.184738 0.98634
vt 1.2649994 0.23995076
vt 1.2569005 0.30673262
vt 1.5143133 0.53623074
vt 1.197379 0.911271
vt 1.2045237 0.8649305
vt 1.218468 0.8649303
vt 1.1973789 0.911271
vt 1.5702757 0.5362309
vt 1.688309 0.662189
vt 1.7940491 0.21923947
vt 1.244843 0.94235003
vt 1.2448431 0.94235003
vt 1.7931396 0.13859998
vt 1.7716459 0.2636899
vt 1.7663395 0.6875826
vt 1.8812782 0.19836554
vt 1.2698292 0.920115
vt 1.269829 0.92011505
vt 1.882218 0.17819734
vt 1.8468617 0.3167907
vt 1.7612895 0.71449935
vt 1.9178314 0.23959285
vt 1.9296318 0.23630452
vt 1.85764 0.36115995
vt 1.5561985 0.7736705
vt 1.8345833 0.37118727
vt 1.3007376 0.7711125
vt 1.2745193 0.7711127
vt 1.8143116 0.40607896
vt 1.7761286 0.5001718
vt 1.3789881 0.73200256
vt 1.3241925 0.54310215
vt 1.178643 0.6138556
vt 1.0317729 0.472569
vt 1.4592595 0.73200274
vt 0.95793116 0.71771884
vt 1.423281 0.802613
vt 1.3125402 0.24496202
vt 0.6534393 0.89362127
vt 0.6534392 0.8936214
vt 1.2429199 0.24496199
vt 1.0038534 0.72733045
vt 0.8866141 0.61573005
vt 0.84536844 0.54746306
vt 0.77606565 0.39196467
vt 3.987153 0.356417
vt 2.8089168 0.73551726
vt 3.2647622 0.85331494
vt 3.2647617 0.85331506
vt 2.8089163 0.7355173
vt 3.987153 0.356417
vt 0.823163 0.5022223
vt 0.87979007 0.601273
vt 2.5355847 0.16186266
vt 2.4003012 0.17878012
vt 2.7502265 0.14435591
vt 0.6416031 0.28066647
vt 1.6629777 0.46162888
vt 2.087696 0.8826811
vt 2.6856081 0.9176607
vt 3.2865088 0.9531959
vt 3.286668 0.989465
vt 3.286509 0.95319605
vt 3.2918084 0.9225261
vt 2.076003 0.9127682
vt 2.087696 0.8826809
vt 1.6629784 0.461629
vt 0.628177 0.270619
vt 0.6450621 0.28325504
vt 2.447529 0.17029189
vt 2.5859928 0.16012695
vt 3.013744 0.559393
vt 3.19348 0.54054993
vt 1.4154156 0.41403922
vt 1.2014517 0.3563465
vt 1.2145805 0.69505036
vt 1.275137 0.25712207
vt 1.4166967 0.41403946
vt 1.5968609 0.58003306
vt 1.380306 0.6674548
vt 1.1602585 0.9020781
vt 1.175846 0.90207803
vt 1.1801447 0.8042321
vt 1.6108354 0.5608953
vt 1.7282602 0.5898627
vt 1.3755985 0.38701704
vt 1.2418875 0.43617
vt 1.6534381 0.5251821
vt 1.7123556 0.66787755
vt 1.5848243 0.35368365
vt 1.2402474 0.476279
vt 1.6394969 0.413126
vt 1.7173986 0.702603
vt 1.6791313 0.34392473
vt 1.7484616 0.31470963
vt 1.650664 0.44776043
vt 1.6720265 0.77673197
vt 1.7091552 0.35397062
vt 1.7434355 0.40136334
vt 1.6598227 0.60566497
vt 1.5390699 0.796777
vt 1.7481838 0.45007443
vt 1.2780455 0.72412425
vt 1.2497672 0.7241244
vt 1.7253381 0.50507516
vt 1.63166 0.7260812
vt 1.3265944 0.62577194
vt 1.3070931 0.3872235
vt 1.2780621 0.721814
vt 1.1898836 0.33826882
vt 1.4285501 0.6257718
vt 0.87235934 0.5799612
vt 2.789133 0.124112
vt 3.9896839 0.313518
vt 3.0784824 0.63812566
vt 3.2595668 0.8893183
vt 3.2595665 0.88931835
vt 3.4754956 0.69689703
vt 2.5053408 0.2942919
vt 2.789133 0.124112
vt 0.870528 0.581109
vt 0.874571 0.578575
vt 2.3456573 0.15365016
vt 2.7641618 0.122082576
vt 2.3349159 0.15705168
vt 0.661926 0.254391
vt 0.638146 0.25909
vt 0.61437124 0.25315452
vt 1.5396078 0.4152657
vt 2.9159775 0.5966388
vt 2.068957 0.941974
vt 3.010468 0.5095899
vt 2.8984292 0.5780237
vt 2.068957 0.941974
vt 2.9159768 0.5966387
vt 2.0653877 0.50109243
vt 0.60325617 0.25870156
vt 0.62084 0.24886501
vt 0.63814604 0.25909004
vt 0.661926 0.254391
vt 2.4203424 0.1499771
vt 2.3856916 0.15073644
vt 1.4502776 0.4078411
vt 1.1910862 0.3748892
vt 1.2054818 0.7033077
vt 1.2803646 0.2787019
vt 1.4141842 0.4078408
vt 1.618353 0.60228163
vt 1.1686671 0.6381008
vt 1.117086 0.95536
vt 1.117086 0.95536
vt 1.1579723 0.72558683
vt 1.5433604 0.5646318
vt 1.6912309 0.5940458
vt 1.4153807 0.30752572
vt 1.1931143 0.4405637
vt 1.525095 0.3585088
vt 1.4727502 0.6918959
vt 1.7278006 0.35619485
vt 1.5285053 0.6270184
vt 1.5150331 0.72393274
vt 1.7224417 0.41213733
vt 1.550394 0.65902394
vt 1.6459385 0.7689882
vt 1.4399333 0.39351973
vt 1.1890241 0.55330503
vt 1.5485762 0.5395365
vt 1.5456772 0.82797045
vt 1.2644905 0.69800913
vt 1.2208312 0.71018296
vt 1.2208309 0.71018285
vt 1.1985027 0.7003664
vt 1.4945086 0.7886229
vt 1.2478249 0.6247974
vt 1.2918051 0.43692034
vt 1.1289229 0.60268503
vt 1.2055887 0.3638574
vt 1.3000568 0.62479734
vt 0.80754226 0.6630692
vt 2.803576 0.08986158
vt 2.705874 0.091502994
vt 0.653273 0.91638905
vt 0.61356694 0.229034
vt 0.29488266 0.56030566
vt 0.149958 0.706416
vt 2.9148307 0.7269379
vt 1.4810623 0.8044182
vt 3.3967862 0.5020893
vt 3.3204315 0.7759092
vt 1.4810622 0.8044181
vt 3.248812 0.9127257
vt 2.3490825 0.41222277
vt 0.20271474 0.65216655
vt 0.6357446 0.6129508
vt 2.7058742 0.091503
vt 2.8035755 0.08986158
vt 0.8075422 0.6630692
vt 2.3732567 0.12175277
vt 2.7662866 0.09851673
vt 2.0960398 0.13692296
vt 0.6548079 0.22874098
vt 0.63147193 0.23558739
vt 0.603285 0.23933099
vt 0.5044724 0.3273545
vt 0.15587011 0.6906348
vt 0.13542 0.68665993
vt 1.7631283 0.62063575
vt 3.408866 0.48998097
vt 3.1818588 0.51832885
vt 1.7631283 0.6206357
vt 0.13542001 0.68666005
vt 0.33374578 0.5052695
vt 0.60328496 0.23933099
vt 0.6306192 0.23551185
vt 0.633487 0.23576598
vt 1.600257 0.16794357
vt 2.7588937 0.09636112
vt 2.4092233 0.12025251
vt 1.3784726 0.3800234
vt 1.1864886 0.39523423
vt 1.194583 0.70907396
vt 1.2797538 0.30333337
vt 1.2827529 0.3800235
vt 1.4664747 0.59798855
vt 1.1311688 0.6331545
vt 1.0762354 0.92694694
vt 1.0762355 0.92694694
vt 1.12432 0.7163657
vt 1.3722214 0.53856146
vt 1.6071936 0.5758694
vt 1.4782041 0.27586272
vt 1.158261 0.44574302
vt 1.561068 0.40331978
vt 1.6164631 0.6310994
vt 1.4385257 0.35465187
vt 1.1357529 0.47285277
vt 1.5283519 0.43645886
vt 1.5950056 0.6870139
vt 1.4441622 0.38862985
vt 1.13786 0.52365017
vt 1.5232766 0.47243974
vt 1.570377 0.7160096
vt 1.2669095 0.42640594
vt 1.1625359 0.5488029
vt 1.3754337 0.4700909
vt 1.4166895 0.77561736
vt 1.1567183 0.6662221
vt 1.1915597 0.67827
vt 1.1579728 0.67827004
vt 1.1616579 0.6926212
vt 1.3649312 0.75462955
vt 1.2498242 0.59454584
vt 1.2611887 0.48297098
vt 1.1918029 0.6801563
vt 1.1948074 0.43844122
vt 1.2597692 0.59454584
vt 0.82086104 0.69649297
vt 2.80737 0.059201
vt 2.780595 0.054070514
vt 2.732281 0.080758
vt 0.648763 0.203734
vt 0.6531281 0.936259
vt 0.59820795 0.222845
vt 0.5776007 0.21337542
vt 1.3063265 0.5147157
vt 3.0356822 0.47569922
vt 3.272786 0.4487055
vt 1.4885592 0.5288246
vt 0.5776007 0.21337543
vt 0.59820795 0.22284499
vt 0.653128 0.9362589
vt 0.64876294 0.203734
vt 2.732281 0.080758
vt 2.7742014 0.046771593
vt 2.7919285 0.060287487
vt 0.8208611 0.6964929
vt 2.797991 0.065772
vt 2.5625234 0.08018683
vt 2.7371938 0.07699218
vt 0.581138 0.229008
vt 0.26047972 0.5560412
vt 0.13431542 0.6641211
vt 0.10548101 0.66847306
vt 1.4579225 0.59127676
vt 2.7193034 0.48210812
vt 0.1008635 0.6675802
vt 0.13431542 0.6641211
vt 0.36161867 0.45296493
vt 2.7323873 0.07867928
vt 2.7621481 0.067791365
vt 2.4649198 0.087292574
vt 1.3577147 0.3070432
vt 1.2055106 0.40558302
vt 1.047665 0.928506
vt 1.2727388 0.32947195
vt 1.1165255 0.30704316
vt 1.4476441 0.5115475
vt 1.3163753 0.7111364
vt 1.047333 0.7829567
vt 1.1193526 0.78295654
vt 1.091806 0.865528
vt 1.4250664 0.51233345
vt 1.5780326 0.5763791
vt 1.1840073 0.56534684
vt 1.037341 0.85463405
vt 1.0373409 0.8546339
vt 1.0933714 0.6321979
vt 1.4669836 0.5444499
vt 1.5829961 0.6014026
vt 1.0821159 0.48404297
vt 1.082116 0.484043
vt 1.3302631 0.54218554
vt 1.5444938 0.6875667
vt 1.08348 0.5169411
vt 1.08348 0.516941
vt 1.4733901 0.66125053
vt 1.4948038 0.7323245
vt 1.1951967 0.6481091
vt 1.107253 0.713923
vt 1.107253 0.713923
vt 1.1175022 0.6542276
vt 1.4370558 0.7077923
vt 1.3727547 0.7165568
vt 1.150983 0.75003093
vt 1.1798252 0.67177117
vt 1.1360058 0.68410593
vt 1.116284 0.63411903
vt 1.150983 0.75003093
vt 1.3114121 0.7165575
vt 0.99191093 0.572908
vt 1.2137659 0.32653153
vt 0.6530069 0.95290595
vt 0.6875836 0.19829616
vt 0.68758374 0.19829622
vt 0.653007 0.952906
vt 1.341695 0.32653153
vt 1.0546353 0.5729081
vt 0.7966608 0.35523346
vt 0.7159691 0.186885
vt 0.695768 0.17840901
vt 2.7311933 0.03298788
vt 1.6244074 0.11298458
vt 0.6232146 0.19385795
vt 0.7785202 0.22398458
vt 0.2513183 0.5460974
vt 0.133698 0.6443821
vt 3.421408 0.4575553
vt 0.14234227 0.6469627
vt 0.3614065 0.431214
vt 0.68791705 0.2040887
vt 0.7023373 0.20978506
vt 0.641771 0.183009
vt 2.2289658 0.069486216
vt 2.756778 0.030367825
vt 0.7074609 0.18331516
vt 0.7966607 0.35523343
vt 0.70821697 0.18474801
vt 2.64617 0.055185538
vt 2.4308355 0.061591078
vt 0.107180744 0.64614224
vt 0.08911728 0.64601964
vt 0.077166915 0.64976376
vt 0.10036934 0.64439297
vt 2.6335595 0.054387458
vt 2.5524318 0.059895076
vt 0.708217 0.18474798
vt 1.4405901 0.36673844
vt 1.2520201 0.3675903
vt 1.249204 0.36759028
vt 1.1742666 0.3667385
vt 1.4080814 0.53569955
vt 1.0493383 0.70547533
vt 1.1527878 0.70547533
vt 1.323502 0.53569895
vt 1.3570476 0.61591506
vt 1.0876848 0.8138826
vt 1.0455364 0.7832047
vt 1.0587068 0.7832047
vt 1.0876845 0.81388247
vt 1.3017619 0.61591554
vt 1.3859475 0.65196466
vt 1.2769666 0.7381088
vt 1.0697409 0.7339092
vt 1.0819762 0.7339091
vt 1.0996131 0.78482205
vt 1.354028 0.65611976
vt 1.3959466 0.67834526
vt 1.11359 0.769003
vt 1.1107138 0.70027333
vt 1.1043497 0.7002732
vt 1.11359 0.76900303
vt 1.3321466 0.67834485
vt 0.8841509 0.569406
vt 2.046796 0.26263204
vt 1.1698155 0.46362126
vt 0.533206 0.92125607
vt 0.533206 0.92125607
vt 1.097288 0.694985
vt 1.4107423 0.40914473
vt 0.8601397 0.5694059
vt 0.7662675 0.661356
vt 0.82754 0.375305
vt 2.1238997 0.44757238
vt 2.1615057 0.488685
vt 0.5370344 0.92569995
vt 0.85337377 0.22118828
vt 0.8036134 0.20023075
vt 0.8036135 0.20023072
vt 0.85337377 0.22118828
vt 0.53703445 0.92569995
vt 2.1254396 0.45304567
vt 2.1287212 0.45081243
vt 0.7764111 0.6691801
vt 0.63849 0.479327
vt 0.70979935 0.16696227
vt 1.3428442 0.3140666
vt 2.029614 0.300677
vt 0.6543409 0.16076201
vt 0.63351905 0.161066
vt 0.6133 0.17165855
vt 0.56521 0.176654
vt 0.3611485 0.38591135
vt 0.126352 0.614278
vt 0.09619054 0.6134142
vt 0.08405112 0.6185679
vt 0.07773901 0.61988306
vt 0.09619054 0.6134143
vt 0.126352 0.614278
vt 0.27277318 0.47679517
vt 0.56433237 0.17710494
vt 0.61329997 0.17165859
vt 0.63351905 0.161066
vt 1.851388 0.28254494
vt 1.276889 0.30163187
vt 1.047856 0.2442043
vt 2.6739767 0.43023965
vt 1.1057407 0.55175316
vt 2.1393106 0.21327469
vt 0.599649 0.921583
vt 2.144102 0.0028740002
vt 0.599649 0.921583
vt 2.1393106 0.21327467
vt 1.6044077 0.52444047
vt 2.5977402 0.40899795
vt 1.28813 0.54735684
vt 2.9708908 0.475542
vt 1.287556 0.40064412
vt 0.5884678 0.9215278
vt 0.58846784 0.92152786
vt 1.2136675 0.40064415
vt 1.1396182 0.5611597
vt 2.505753 0.4622321
vt 0.88321954 0.54140335
vt 1.2369875 0.41697288
vt 0.578097 0.92147696
vt 0.578097 0.921477
vt 1.2642368 0.4169728
vt 0.8151593 0.5414034
vt 1.4054614 0.6259762
vt 1.1089796 0.427667
vt 0.561746 0.92139703
vt 0.561746 0.921397
vt 1.392245 0.42766702
vt 1.3930033 0.6259718
vt 0.80769527 0.5637379
vt 1.1445496 0.43205294
vt 0.545437 0.92131704
vt 0.545437 0.921317
vt 1.3566744 0.43205297
vt 0.8138752 0.5637378
vt 2.979496 0.6665602
vt 2.1785827 0.41429782
vt 2.0895054 0.37200212
vt 2.1527328 0.47543848
vt 2.1702647 0.500193
vt 2.1702647 0.500193
vt 2.166247 0.4391811
vt 2.1128132 0.46578452
vt 2.1007113 0.31423172
vt 2.9769516 0.67206746
vt 2.9823709 0.6603378
vt 0.7124699 0.137071
vt 2.0938482 0.32521257
vt 2.2430193 0.3136691
vt 2.2152448 0.4198403
vt 0.8616454 0.2124583
vt 0.6836392 0.17453864
vt 1.0996704 0.21823077
vt 0.74782264 0.17908461
vt 0.8590662 0.21007188
vt 2.2677915 0.3225882
vt 2.241618 0.42014104
vt 2.140096 0.27072132
vt 1.7952268 0.54254967
vt 0.68815964 0.32763225
vt 1.64282 0.41383314
vt 0.6524321 0.14142801
vt 0.60690624 0.15705638
vt 0.57585967 0.1509334
vt 0.37611687 0.34090313
vt 0.12001798 0.590471
vt 0.0946906 0.60208076
vt 0.07861421 0.5988856
vt 0.06994196 0.5982792
vt 0.09469058 0.60208076
vt 0.12001798 0.590471
vt 0.23612823 0.48589483
vt 0.5688517 0.15012105
vt 0.59705716 0.15358885
vt 0.6102506 0.15749921
vt 0.6524321 0.14142801
vt 0.679859 0.15189302
vt 1.259232 0.3976841
vt 2.2579982 0.47125167
vt 2.257997 0.4712516
vt 1.4940915 0.44344303
vt 0.515031 0.39190617
vt 2.4962924 0.4961981
vt 0.35719955 0.27316302
vt 2.099416 0.282155
vt 2.099416 0.282155
vt 0.35719955 0.27316302
vt 2.0228536 0.6268311
vt 2.6411245 0.750894
vt 1.675694 0.5494525
vt 2.6806474 0.7685209
vt 2.4633906 0.6019736
vt 1.9154655 0.5063607
vt 2.8842099 0.6754059
vt 0.49585637 0.400064
vt 0.49585637 0.40006396
vt 1.0653628 0.5154483
vt 2.1495981 0.5693816
vt 2.1286972 0.5767238
vt 1.4221503 0.28592262
vt 2.190661 0.454046
vt 0.605283 0.122089006
vt 0.579094 0.11990099
vt 0.56222093 0.12030599
vt 0.57334983 0.120038874
vt 0.605283 0.122089006
vt 2.1871023 0.4587198
vt 1.7909343 0.47824237
vt 2.1791954 0.6073111
vt 1.6102216 0.5152539
vt 0.34145296 0.45037147
vt 2.2511067 0.5688207
vt 1.5451895 0.42712873
vt 0.6221921 0.12759604
vt 0.34316495 0.34716403
vt 0.134995 0.570028
vt 0.23006405 0.4682484
vt 0.6221921 0.12759604
vt 1.8259408 0.47185314
vt 2.515579 0.7055149
vt 2.5925543 0.4650042
vt 2.424658 0.4535934
vt 2.8738518 0.48412198
vt 2.437866 0.4638766
vt 0.77260226 0.3855766
vt 0.96045095 0.22313386
vt 0.9595282 0.18950652
vt 0.959405 0.182984
vt 0.9597954 0.20214427
vt 0.96053845 0.22568221
vt 1.225008 0.298433
vt 0.66300315 0.40668774
vt 2.4378657 0.46387658
vt 2.674247 0.70488507
vt 1.9714322 0.5107982
vt 0.95937896 0.160525
vt 0.959651 0.141152
vt 0.95991904 0.12684245
vt 0.960366 0.103605
vt 0.9604829 0.097613014
vt 0.9599354 0.12597907
vt 0.959738 0.13650733
vt 0.95937896 0.160525
vt 1.971434 0.51079875
vt 2.6731567 0.7065162
vt 2.678286 0.698842
vt 2.6840281 0.7358685
vt 2.5020359 0.62180924
vt 2.3989637 0.5331331
vt 2.636163 0.73720115
vt 2.6840281 0.7358685
vt 2.2235153 0.517312
vt 0.43535054 0.13664837
vt 0.4353507 0.13664842
vt 2.0915785 0.5001185
vt 2.936962 0.610286
vt 0.4073733 0.46452618
vt 1.4064267 0.51580167
vt 2.375658 0.40737984
vt 2.2603133 0.35864943
vt 2.205605 0.4360048
vt 2.2056048 0.43600482
vt 2.033406 0.39990303
vt 2.3481786 0.39985648
vt 2.3831027 0.3796013
vt 0.054905754 0.34077924
vt 0.5319014 0.5080189
vt 0.045347005 0.36204296
vt 2.3296585 0.6274743
vt 2.3683765 0.431839
vt 1.9877546 0.44974303
vt 0.61706924 0.09309939
vt 0.596506 0.09407401
vt 0.596506 0.094073996
vt 0.6089501 0.09712101
vt 1.8185257 0.4276141
vt 2.1627514 0.4555909
vt 2.448775 0.59596354
vt 1.4857291 0.4961261
vt 0.11996099 0.568335
vt 0.09520063 0.56351113
vt 0.07229901 0.554402
vt 0.09520065 0.5635113
vt 0.11996101 0.568335
vt 2.4430435 0.43571126
vt 2.389909 0.47701147
vt 2.9007738 0.43588373
vt 2.556995 0.453471
vt 2.4738247 0.43859944
vt 0.82479626 0.41003108
vt 0.8247963 0.41003105
vt 2.667916 0.66404307
vt 1.3898205 0.42149207
vt 1.9373785 0.4368261
vt 1.9547337 0.5481437
vt 2.10002 0.57527274
vt 1.4212645 0.31782857
vt 1.9522173 0.5273673
vt 1.878719 0.49905294
vt 2.8751318 0.633253
vt 0.8732533 0.31376356
vt 0.8732532 0.31376353
vt 2.8751316 0.6332528
vt 1.8787166 0.49905255
vt 0.44662267 0.36636445
vt 0.46977302 0.38812566
vt 0.37555948 0.29956552
vt 0.3448615 0.44986457
vt 1.8916099 0.54601234
vt 2.4019752 0.5618488
vt 2.0328286 0.39663965
vt 2.0899823 0.44033936
vt 0.589853 0.078395
vt 0.56542 0.075956
vt 0.547719 0.075874
vt 0.547719 0.075874
vt 0.56542 0.075956
vt 0.589853 0.078395
vt 2.0608053 0.4180318
vt 2.1478655 0.5541102
vt 0.8712945 0.49936372
vt 2.089187 0.475211
vt 2.152047 0.51165587
vt 1.4613007 0.42137995
vt 0.603687 0.084232
vt 0.571624 0.092424996
vt 0.55294 0.09258301
vt 0.23406321 0.4301816
vt 0.12100201 0.536512
vt 0.09513798 0.530191
vt 0.078898996 0.52538896
vt 0.095138 0.53019106
vt 0.12783614 0.5378492
vt 0.44505596 0.20486142
vt 0.571624 0.092424996
vt 0.603687 0.08423201
vt 1.9742739 0.48842123
vt 2.089187 0.475211
vt 2.3847182 0.43473825
vt 0.92203593 0.335009
vt 2.576223 0.41036054
vt 2.8055577 0.454268
vt 2.782509 0.44993702
vt 2.7638876 0.44949916
vt 2.754929 0.45276046
vt 2.7345998 0.449955
vt 2.711264 0.44855297
vt 2.687745 0.447951
vt 2.711264 0.44855297
vt 2.7346 0.449955
vt 2.758496 0.451505
vt 2.7752883 0.44889432
vt 2.8055584 0.454268
vt 0.9255499 0.31209502
vt 2.5101683 0.41083097
vt 2.384718 0.43473822
vt 0.6664364 0.4971987
vt 0.9041031 0.3314254
vt 2.8739583 0.39471704
vt 2.8412437 0.388569
vt 2.8150117 0.3878452
vt 2.8019369 0.39257804
vt 2.7732449 0.388596
vt 2.7401233 0.386605
vt 2.6853156 0.39855698
vt 2.7401233 0.386605
vt 2.7732449 0.388596
vt 2.8069217 0.3908307
vt 2.8313262 0.38713732
vt 2.8739583 0.39471704
vt 0.9041033 0.33142534
vt 0.6664364 0.4971986
vt 2.6616042 0.65493554
vt 2.6390693 0.6413747
vt 1.5300553 0.32088533
vt 0.8867279 0.306259
vt 0.88265014 0.2870753
vt 0.876185 0.273056
vt 0.8772079 0.27479583
vt 0.884183 0.291088
vt 0.8867279 0.306259
vt 1.405672 0.21413895
vt 2.0545597 0.54176366
vt 2.654962 0.65045375
vt 2.9081597 0.590652
vt 2.8804343 0.59152144
vt 0.7235478 0.1749785
vt 2.3157425 0.52899575
vt 2.0219622 0.5053257
vt 2.790675 0.658936
vt 0.86654824 0.27436695
vt 0.87020266 0.27295804
vt 0.8651891 0.27489102
vt 2.3479357 0.57523817
vt 2.059491 0.5150512
vt 1.5627356 0.3185528
vt 1.5468694 0.35671058
vt 2.9022508 0.59034836
vt 0.723023 0.46636054
vt 0.2545262 0.30091703
vt 0.07541 0.28819197
vt 0.4619265 0.31565148
vt 0.72302294 0.4663605
vt 0.509358 0.41657194
vt 1.6214994 0.43799692
vt 2.038442 0.492517
vt 2.0152788 0.44397238
vt 0.5904966 0.05816739
vt 0.5487585 0.053478647
vt 0.54 0.052936
vt 0.558158 0.054061
vt 0.58818865 0.061276592
vt 1.9666048 0.43444666
vt 2.0654082 0.46103802
vt 1.8258536 0.42781118
vt 1.0080237 0.46857372
vt 0.509358 0.416572
vt 0.2263674 0.42255
vt 0.12120299 0.521174
vt 0.095798 0.514796
vt 0.08950468 0.5130026
vt 0.12862258 0.5224879
vt 0.33563548 0.30148497
vt 2.3520381 0.3101771
vt 0.92619 0.284458
vt 1.6867322 0.35419244
vt 2.091973 0.002874
vt 1.5633893 0.19282342
vt 1.9345802 0.88019085
vt 2.0919728 0.21763399
vt 2.3827333 0.32110006
vt 0.9145971 0.307065
vt 0.913979 0.27746403
vt 0.9044183 0.2432667
vt 2.6727896 0.39715886
vt 2.6485772 0.4132126
vt 0.90441805 0.24326666
vt 0.913979 0.277464
vt 0.91459703 0.307065
vt 2.2003076 0.5264888
vt 1.8068017 0.647756
vt 1.743377 0.126314
vt 2.640352 0.47699934
vt 1.743377 0.126314
vt 1.501019 0.5349256
vt 1.0214272 0.28023678
vt 2.550888 0.59971994
vt 2.8393815 0.60080105
vt 1.156959 0.27485022
vt 1.7015327 0.3870794
vt 0.84412897 0.288518
vt 2.7450998 0.68232095
vt 2.7450998 0.68232095
vt 1.1459202 0.2510988
vt 1.677642 0.41860226
vt 1.6177942 0.35837826
vt 0.46184403 0.30100352
vt 0.23142615 0.26573637
vt 2.0200093 0.543412
vt 0.73607165 0.33051935
vt 0.38574177 0.092224486
vt 0.42927164 0.0677827
vt 0.5336441 0.0353
vt 0.4136481 0.06847871
vt 0.4787004 0.058539983
vt 0.6283993 0.28040296
vt 1.3649199 0.4222308
vt 0.23142616 0.26573637
vt 0.46184403 0.30100355
vt 1.0128809 0.41434658
vt 2.1943712 0.50613075
vt 1.8238219 0.4205268
vt 0.5753769 0.041857004
vt 0.25570562 0.35604215
vt 0.123512246 0.48600736
vt 0.7060359 0.5301969
vt 0.7575753 0.53765166
vt 0.12077938 0.48744953
vt 0.23553905 0.37635753
vt 0.5814485 0.044476684
vt 2.0148304 0.47288677
vt 1.012881 0.41434658
vt 2.942295 0.37188023
vt 2.9228203 0.36401823
vt 2.9299555 0.3662127
vt 2.9476676 0.37523586
vt 0.8944574 0.22998212
vt 0.99360055 0.7694981
vt 1.0590612 0.76577693
vt 0.8944572 0.22998211
vt 0.9445724 0.24495286
vt 0.8829687 0.22403547
vt 0.8787623 0.19845527
vt 0.87164146 0.1811597
vt 0.7979077 0.08884547
vt 0.19052607 0.9702593
vt 1.4492813 0.68762106
vt 0.78592855 0.07515491
vt 0.8489736 0.14819893
vt 0.87489957 0.1934942
vt 0.8797142 0.21175925
vt 0.9374341 0.23069337
vt 0.8877824 0.2584924
vt 2.75622 0.63212305
vt 1.1331693 0.21929066
vt 1.7748489 0.44994763
vt 0.7035897 0.19590469
vt 2.5758202 0.51710993
vt 0.6988737 0.18720292
vt 0.7073259 0.2027986
vt 2.0083807 0.5029016
vt 1.1055766 0.22171716
vt 2.7562206 0.63212293
vt 0.39766455 0.23106475
vt 0.13295843 0.20522922
vt 0.26908934 0.14969325
vt 0.21789858 0.11074609
vt 0.37005728 0.1731356
vt 0.35333434 0.17699192
vt 0.9189086 0.28921226
vt 0.42335686 0.15820715
vt 0.28100443 0.15993264
vt 0.19800587 0.13276625
vt 0.17385998 0.20278746
vt 0.33977008 0.22466025
vt 1.3970435 0.50861776
vt 2.8992298 0.36010292
vt 2.8591027 0.349486
vt 2.8279023 0.34452814
vt 2.8023183 0.3456673
vt 2.7902443 0.3501306
vt 2.7637956 0.34593675
vt 2.73407 0.34129885
vt 2.6103756 0.37251443
vt 2.6494265 0.36056826
vt 2.73407 0.34129882
vt 2.7637959 0.34593678
vt 2.7948906 0.34861675
vt 2.8181236 0.3436803
vt 2.8591027 0.349486
vt 2.89923 0.36010295
vt 1.1814075 0.71933216
vt 2.0683203 0.52103555
vt 0.7205091 0.049651712
vt 0.658759 0.21217826
vt 1.6631478 0.3203001
vt 0.70363426 0.033196162
vt 0.78445256 0.114788994
vt 0.71495557 0.060838565
vt 0.68611103 0.01464364
vt 1.9998844 0.35969678
vt 0.68960154 0.036234647
vt 0.7723151 0.11662302
vt 0.58356655 0.0203525
vt 1.8588215 0.3524146

# normals

vn -0.91457677 0.20766765 -0.34702098
vn -0.96412444 -0.0037024657 -0.26542473
vn 0.6444313 -0.638311 -0.42103124
vn -0.35316464 0.2898204 -0.8895386
vn 0.49389303 0.7344361 -0.4654818
vn -0.6873559 0.29332438 -0.66445667
vn -0.2568418 -0.7401516 -0.6214563
vn 0.7967282 0.46605986 -0.3847236
vn 0.42080855 -0.9071185 -0.0075001526
vn -0.046670888 0.4034886 -0.91379356
vn -0.052641556 -0.3110778 -0.9489254
vn 0.35757583 0.07215865 -0.9310922
vn 0.11554433 -0.0663507 -0.9910839
vn 0 -0.4640515 -0.88580817
vn -0.001504791 -0.24156672 -0.97038305
vn -0.07090755 -0.19187927 -0.9788535
vn 0.046670895 0.4034887 -0.9137936
vn -0.21796958 -0.6036224 -0.7668959
vn -0.12772092 0.29591706 -0.9466364
vn -0.0039574974 0.31937546 -0.94762003
vn -0.09275609 -0.1398391 -0.9858201
vn 0.22073768 0.25119892 -0.94242984
vn 0.13562033 -0.61091894 -0.77999043
vn -0.09267394 0.100851886 -0.99057585
vn -0.038891334 0.24772684 -0.96804905
vn 0 0.11222194 -0.9936832
vn 0.044484366 0.22820777 -0.9725957
vn 0.079944424 0.09434183 -0.9923248
vn -0.85685426 -0.41611287 -0.30438617
vn -0.86293817 0.39854228 -0.31064734
vn -0.93854433 -0.13189001 0.31896663
vn 0.8363572 -0.45201832 -0.31013873
vn -0.3309497 0.24726033 0.91067815
vn 0.14775045 0.16185285 0.97569126
vn -0.3842038 -0.2273599 0.8948156
vn -0.10671393 -0.76985997 -0.6292279
vn 0.9927354 -0.0034959833 0.12026703
vn 0.4578156 -0.87086475 -0.17888343
vn 0.20089743 -0.9785874 -0.04479942
vn -0.13340792 0.8063524 -0.57619274
vn -0.28870744 -0.8659306 -0.40842646
vn 0.25629094 0.96445906 -0.06429344
vn -0.7064523 0.7043336 -0.06956468
vn 0.7063462 0.70443904 -0.06957509
vn 0.0074923197 0.99513006 -0.09828567
vn -0.39599904 0.9131978 -0.096199766
vn -0.1702748 0.97510767 -0.14202634
vn 0.38694203 -0.004699097 -0.92209214
vn -0.04137599 -0.20694888 -0.9774765
vn 0.6182082 -0.35819387 -0.699654
vn -0.030322643 -0.8543861 -0.51875323
vn 0.030322643 -0.8543861 -0.51875323
vn -0.1518552 -0.26393116 -0.95251256
vn -0.1119643 -0.4512971 -0.88532203
vn 0.22443005 -0.35770765 -0.90646374
vn -0.17599016 -0.90254956 -0.39297807
vn 0 -0.85839164 -0.512995
vn -0.10669766 -0.5566732 -0.8238511
vn 0.11196427 -0.45129707 -0.8853219
vn -0.550559 -0.23151195 -0.80205166
vn 0.26534346 -0.46835402 -0.84275573
vn -0.01998063 0.84168893 -0.539593
vn -0.019988997 0.84168446 -0.5395996
vn -0.49453726 -0.6247422 -0.6042599
vn -0.042827554 -0.45825338 -0.88778913
vn 0.31103116 0.88575816 0.34451726
vn 0.00024449074 0.9505058 0.3107067
vn -0.171535 -0.14219442 -0.9748623
vn 0.49453726 -0.6247422 -0.6042599
vn 0.019984443 0.8416869 -0.539596
vn 0.01998414 0.841687 -0.5395958
vn -0.055796947 -0.4380434 -0.89722055
vn -0.6388355 0.21891215 -0.73754096
vn -0.17969614 0.030726193 -0.98324215
vn -0.31644586 -0.15582049 -0.9357254
vn 0.124390826 -0.66383404 -0.7374629
vn -0.11186644 -0.49292153 -0.86285245
vn -0.43000743 -0.6468229 -0.6298521
vn 0.6343907 -0.6191398 -0.46283293
vn -0.040791802 -0.8217821 -0.5683399
vn -0.768025 -0.51775026 -0.37692463
vn 0.3719557 -0.6008461 -0.70755416
vn -0.0047466275 -0.5849981 -0.8110208
vn 0.31323895 -0.20057435 -0.92825174
vn -0.11033995 -0.18278064 -0.97694236
vn 0.21203013 0.08078698 -0.97391826
vn -0.3374469 -0.37496638 -0.86344075
vn -0.16038322 -0.11888691 -0.9798689
vn -0.2685395 -0.08650338 -0.95937675
vn -0.104637 -0.121440254 -0.987068
vn -0.089722596 0.32422942 -0.94171387
vn -0.06473218 -0.77065545 -0.63395566
vn -0.0057953233 0.9970224 -0.07689484
vn 0.016500952 -0.31553861 0.94876915
vn 0 0.8228721 0.56822664
vn -0.004779211 0.9589775 0.2834421
vn 0.006743879 0.9963349 -0.08527164
vn 0.021608146 -0.7662926 -0.6421284
vn 0.034587245 -0.7421305 -0.6693623
vn 0.08541946 0.31545123 -0.94508946
vn 0.38367566 -0.172318 -0.9072483
vn 0.13936506 -0.2655667 -0.95396626
vn 0.3265034 -0.4202142 -0.8466495
vn 0.3628539 0.14911129 -0.9198385
vn -0.1961998 0.3181997 -0.9274992
vn -0.034733843 0.37247393 -0.9273924
vn 0.20670669 0.6937582 -0.6899072
vn -0.13656852 0.6893466 -0.7114424
vn 0.00792325 0.33436114 -0.9424117
vn -0.18221541 0.5055218 -0.8433536
vn 0.00028010175 0.3900193 -0.92080665
vn 0.50252295 -0.009295248 -0.8645139
vn 0.04947652 0.5425845 -0.8385428
vn 0.036221523 0.68275183 -0.72975194
vn -0.28849468 0.62474704 -0.725577
vn -0.48408994 0.36640072 -0.7946115
vn 0.1363524 0.31577784 -0.9389848
vn 0.1918092 0.30771476 -0.9319447
vn -0.13599807 0.48900598 -0.86161345
vn 0.58431 -0.1653076 -0.7945157
vn -0.48959452 -0.6850923 -0.53939396
vn -0.31724334 0.41654402 -0.851967
vn 0.11146205 0.4795961 -0.87038136
vn -0.014449815 -0.25758687 -0.9661471
vn -0.024054077 0.24655195 -0.968831
vn -0.00039034925 0.20199014 -0.97938746
vn 0.024054075 0.24655202 -0.968831
vn 0.28949094 -0.43975317 -0.8501836
vn -0.17855787 -0.83988506 0.5125527
vn -0.91494536 -0.387781 0.11180735
vn 0.8969676 -0.4217072 0.132711
vn -0.089898415 -0.9532158 0.2886139
vn -0.6549283 -0.2080486 0.72648793
vn -0.52331614 -0.2574352 -0.81232226
vn -0.6042728 0.574406 0.55218834
vn -0.57501334 0.41821656 0.7031746
vn 0.5887149 -0.30985066 0.7465972
vn 0.4943583 -0.07834031 -0.865721
vn 0.5238059 -0.7738238 -0.3561237
vn -0.017690767 -0.8970293 -0.44161692
vn -0.017690381 -0.89700973 -0.4416566
vn 0.01769046 -0.8969594 -0.44175893
vn 0.017689997 -0.8969886 -0.4416998
vn 0.32716948 -0.7588474 -0.56312585
vn 0.008183124 -0.7037108 -0.7104394
vn 0.008198329 -0.70368373 -0.71046615
vn -0.51453197 -0.81744933 -0.25890806
vn -0.07423844 -0.87586254 -0.4768159
vn -0.0020865658 -0.81877595 -0.5741095
vn 0.43079525 -0.84547573 -0.31557286
vn -0.008183194 -0.70370275 -0.7104474
vn -0.008183285 -0.7036941 -0.7104559
vn -0.5282526 -0.6923839 -0.49148118
vn 0.059403114 -0.782641 -0.6196324
vn -0.6133287 -0.4089191 -0.6757316
vn -0.32159352 -0.5635887 -0.7608847
vn -0.15529828 -0.618493 -0.7702914
vn 0.3207255 -0.65612346 -0.68310845
vn 0.009722407 0.15736827 -0.98749214
vn -0.5243652 -0.6212766 -0.5822856
vn 0.09780188 -0.62791204 -0.7721149
vn 0.1552983 -0.6184931 -0.7702914
vn 0.50889826 -0.4872668 -0.70964324
vn -0.3773072 0.16841203 -0.9106463
vn -0.53185004 0.12415505 -0.83768797
vn 0.030599788 0.999493 -0.0087999385
vn -0.8543463 0.49570274 -0.15611325
vn 0.4759153 0.8791102 -0.025883004
vn -0.26583657 -0.957136 -0.114985384
vn 0.85486937 -0.099310026 -0.5092503
vn 0.18180065 0.22179297 -0.9579961
vn 0.69702554 -0.19908972 -0.68885314
vn -0.3114706 -0.19855194 -0.929281
vn -0.8182604 0.46984208 -0.33120722
vn -0.013799506 -0.9998643 -0.008999677
vn -0.21961957 -0.97061986 -0.09830702
vn 0.21428418 -0.97587174 -0.041912254
vn -0.62924093 0.71238226 -0.31075287
vn 0.8428863 0.34985065 -0.4088365
vn 0.22837554 -0.23859344 -0.9438844
vn 0.75734526 0.02736632 -0.6524411
vn -0.66058916 0.15059754 -0.73548794
vn -0.38091153 0.26330796 -0.88632685
vn 0.39919364 0.3245948 -0.8574863
vn 0.65750796 0.18880229 -0.72940874
vn -0.22218817 0.8276446 -0.5153997
vn -0.12260476 -0.9379364 -0.3244126
vn -0.21704298 0.47844276 -0.85087305
vn 0.4511714 -0.76800716 -0.45454305
vn 0.3582196 0.11748318 -0.92621624
vn -0.06939386 0.22435775 -0.97203296
vn -0.75164306 -0.23693973 -0.61554235
vn -0.41940907 -0.8473094 -0.32582614
vn 0.21709721 0.47845867 -0.8508503
vn 0.3290627 0.52747804 -0.7832526
vn -0.14224145 0.7010696 -0.6987623
vn -0.11127671 0.39716712 -0.9109751
vn 0.0206744 0.16742237 -0.9856684
vn -0.27621636 0.33789515 -0.89973956
vn -0.050565034 0.44863608 -0.8922829
vn 0.034744013 0.63036036 -0.7755247
vn -0.15997764 0.53700507 -0.8282709
vn 0.06696634 0.70013404 -0.71086407
vn 0.00054527074 0.82515544 -0.5649054
vn 0.20164327 0.11901328 -0.97220165
vn -0.04019979 0.6379104 -0.76906055
vn -0.12285064 0.35130864 -0.9281648
vn 0.18084194 0.42369384 -0.8875696
vn 0.17322221 0.36107937 -0.9163055
vn 0.07435429 0.32454762 -0.9429424
vn 0.14224145 0.7010696 -0.69876236
vn -0.5854198 0.21037684 -0.78295934
vn -0.027199412 0.68938506 -0.7238843
vn 0.36601406 0.533586 -0.7624433
vn 0.4567832 0.17067434 -0.87305176
vn -0.11876017 0.9823786 -0.14432071
vn -0.70696187 0.7072446 0.003181328
vn 0.70696175 0.7072445 0.0031813274
vn 0.020792777 0.999775 0.0041969544
vn -0.109099515 0.662569 -0.7410127
vn -0.8693017 -0.49094287 0.057354666
vn 0.566306 -0.8209976 -0.07252961
vn 0.024965888 -0.9945825 -0.10090799
vn 0.024965754 -0.99457765 -0.100956276
vn 0.24848144 -0.96674395 -0.060522784
vn -0.15402037 -0.9685367 -0.19548558
vn -0.017800463 -0.9868258 -0.1608042
vn -0.042843767 -0.99339443 -0.10645102
vn -0.024965711 -0.99457765 -0.10095626
vn -0.02496576 -0.9945773 -0.10095876
vn -0.99124587 -0.11811378 -0.058997784
vn 0.6963562 -0.7173244 0.023106096
vn -0.45601067 -0.70803356 -0.53920573
vn -0.13816474 -0.80455923 -0.5775768
vn 0.21007763 -0.9024706 -0.3760508
vn 0.084770694 -0.8963016 -0.43526694
vn -0.99584943 -0.029671561 0.08604304
vn -0.99584943 -0.029671675 0.08604368
vn -0.04861995 -0.88669854 -0.45978436
vn 0.79886144 0.578672 0.16419207
vn -0.7988746 0.5786815 0.16409478
vn -0.36616394 -0.61210793 -0.7008908
vn 0.15373054 -0.9101063 -0.38480315
vn 0.99584943 -0.029671675 0.08604368
vn -0.22180279 -0.89101475 -0.3961014
vn 0.123973124 -0.8224127 -0.55521876
vn 0.10100172 -0.9183437 -0.38267925
vn 0.13581151 -0.8054754 -0.5768576
vn 0.42123678 -0.713984 -0.55927306
vn 0.6763275 -0.60622466 -0.41841707
vn -0.8871942 -0.32859787 -0.32389793
vn -0.7590749 -0.43739733 -0.4821709
vn -0.015499503 0.96636903 0.25669178
vn 0.016600644 0.96663755 0.25560993
vn -0.016600644 0.96663755 0.25560993
vn 0.0154995015 0.96636903 0.25669178
vn 0.68101466 -0.48581046 -0.5479118
vn 0.8380481 -0.37260664 -0.39854696
vn -0.92178375 -0.21030064 -0.3257122
vn 0.9202531 -0.21221456 -0.32878447
vn -0.96996874 -0.07365561 -0.23180941
vn 0.8472827 -0.42077821 0.32412592
vn 0.9678217 -0.08434847 -0.23707916
vn -0.89318573 0.09239853 -0.44009304
vn 0.8839473 0.09600514 -0.45762447
vn -0.8447475 0.34466255 -0.40940148
vn -0.691373 0.3125598 -0.6513908
vn 0.7479524 0.30400467 -0.59004086
vn 0.4171476 0.6189008 -0.6655446
vn -0.21208163 0.15593463 -0.9647309
vn -0.2642747 -0.3259703 -0.90769064
vn -0.38344935 -0.32330546 -0.8651244
vn -0.3754853 0.73965347 -0.5585011
vn 0.39918226 0.91645914 -0.027498774
vn -0.1209651 0.98979294 -0.07534881
vn -0.07109702 -0.014899375 -0.99735814
vn -0.008580521 0.66321313 -0.7483814
vn 0.05051546 0.7906667 -0.6101593
vn 0.008902915 0.66388303 -0.7477835
vn 0.25484595 0.7466974 -0.6144074
vn 0.0146434875 0.99989 0.0023365875
vn -0.3769077 0.92621887 0.0077001564
vn 0.9513274 -0.24686243 0.18448626
vn 0.2393508 0.27094853 -0.9323615
vn 0.4086192 -0.25926325 -0.8751074
vn 0.30074513 0.07791378 -0.95051664
vn -0.12723379 0.08407879 -0.98830277
vn 0.5518968 0.53889686 -0.6363963
vn 0.8134222 -0.11390775 -0.5704117
vn -0.19440205 -0.17249678 -0.9656359
vn -0.18269527 0.24066 -0.95326036
vn -0.29707894 0.4552185 -0.839357
vn -0.27711567 -0.0017499528 -0.9608349
vn 0.5599823 0.8049907 -0.19598421
vn -0.23817566 0.8673375 -0.43703294
vn -0.34907192 0.8783981 -0.3264437
vn -0.1462808 0.988463 -0.03927759
vn -0.045920134 0.9670323 0.25047898
vn -0.16229758 0.98664653 0.01371579
vn 0.11753191 0.80296004 -0.58433
vn -0.06369516 0.74680805 -0.6619824
vn 0.29110464 0.32140163 -0.9010877
vn 0.17694153 0.31800905 -0.93143004
vn 0.117912166 -0.28250447 -0.95199156
vn -0.51470965 -0.062783994 -0.8550628
vn -0.4881028 -0.87270504 0.011900069
vn -0.63591874 -0.576917 0.512615
vn 0.0039999327 -0.093798414 0.9955832
vn -0.6548079 -0.5457066 0.5229063
vn -0.65250045 -0.54980046 0.52150035
vn 0.60267967 -0.72836226 0.325984
vn -0.68453044 -0.5310199 0.49943563
vn 0.51210326 0.85510546 0.08090052
vn 0.004200119 0.99762845 0.06870196
vn -0.6491785 0.5463819 0.52918255
vn 0.64948595 0.5466881 0.5284886
vn 0.00009999941 0.092699446 0.9956941
vn 0.13802123 0.8865484 0.4415678
vn -0.37392804 0.11560638 0.9202244
vn 0.18660259 -0.98141354 0.044800613
vn -0.17535585 0.39198908 0.903103
vn -0.7439993 0.23512705 0.6254441
vn 0.18889262 0.9809616 0.045098234
vn 0.46978346 0.69187564 0.5482807
vn 0.10927368 -0.9514098 0.28788638
vn 0.0065413914 0.9658987 0.25883746
vn 0.042110927 0.98876053 0.14345485
vn 0.50401527 0.8192615 -0.27345815
vn -0.36152637 -0.9078501 -0.21238387
vn -0.09789938 -0.9767937 -0.19049875
vn 0 0 -1
vn 0 0 -1
vn 0.09789936 -0.9767937 -0.19049874
vn 0.43601927 -0.8764388 -0.20430905
vn 0.6883637 -0.6809641 -0.24988683
vn -0.9164067 -0.31860483 -0.24225976
vn -0.9999845 -0.000899986 0.0054999148
vn 0.9999845 -0.000899986 0.0054999148
vn 0.91548145 -0.32164812 -0.2417356
vn -0.9699014 -0.16635478 -0.17781247
vn 0 0 -1
vn 0 0 -1
vn 0.9684486 -0.16014844 -0.19094458
vn -0.93184364 0.36272037 0.010073575
vn 0.952818 0.29116914 -0.085781336
vn -0.9704962 0.024199905 -0.23989907
vn 0.9781754 0.010899726 -0.20749477
vn -0.8874132 0.37678608 -0.26557517
vn 0.88806427 0.37301472 -0.26870432
vn -0.79386824 0.45833522 -0.39962736
vn 0.025182737 -0.92645025 0.3755739
vn 0.86437804 -0.09993689 0.49281147
vn -0.12932213 0.9908588 -0.038400624
vn 0.058806263 0.9883005 -0.14072643
vn 0 1 0
vn 0.052258763 0.9899902 -0.13110438
vn 0.31975925 0.9456733 -0.058788024
vn 0.014557826 0.9997848 -0.0147797875
vn 0.014605407 -0.80062765 0.5989841
vn -0.9107615 0.07302727 -0.4064241
vn 0.8436739 0.4025926 -0.35515288
vn -0.71938705 0.6513884 -0.24119571
vn -0.5405349 0.7240366 -0.4284776
vn -0.31266537 0.7196211 -0.6199885
vn -0.20601574 0.87686837 -0.43434933
vn -0.1443666 0.8706633 0.47021675
vn 0.16511177 0.90140784 -0.4002522
vn 0.6791171 0.7335185 -0.027400693
vn -0.3593777 0.9314463 -0.05705663
vn 0.010599774 0.9998788 0.011399759
vn 0.47304067 0.6824655 -0.5572013
vn 0.5470615 0.5227709 -0.6537846
vn 0.47304088 0.68246543 -0.5572012
vn 0.32396832 0.9241933 -0.20226492
vn -0.51012176 0.858597 -0.050861955
vn 0.5532569 -0.5478074 -0.6275458
vn 0.31040326 0.70636284 -0.6361614
vn 0.24352655 0.88548535 -0.39574042
vn 0.4782894 0.6241995 -0.6177494
vn 0.7061746 0.61964446 -0.34257576
vn -0.070262335 0.9920558 -0.104348056
vn -0.04424735 0.9987367 0.023815783
vn 0.04424556 0.9987369 0.023812665
vn 0.070306346 0.99204993 -0.10437395
vn -0.9876152 0.14563863 0.058357295
vn 0.99286515 -0.117507614 -0.020269008
vn -0.74051654 0.3009438 -0.6008894
vn -0.82476074 -0.3678524 0.42948163
vn 0.515315 -0.79802585 0.31241816
vn -0.08310657 -0.9946972 -0.060586374
vn -0.038300972 -0.99332523 -0.108802766
vn 0.24166663 -0.71575755 0.65520096
vn -0.21371193 -0.77291435 0.59743655
vn -0.21371199 -0.77291447 0.5974366
vn -0.44404098 -0.8863649 -0.13109182
vn -0.060449075 -0.99225074 -0.10855589
vn -0.001170052 -0.99436253 -0.10602762
vn 0.23914362 -0.96350044 -0.12032083
vn 0.213712 -0.77291447 0.59743655
vn 0.21371199 -0.77291447 0.59743655
vn -0.24167024 -0.71576226 0.6551946
vn 0.038300972 -0.99332523 -0.10880276
vn 0.083106555 -0.9946972 -0.060586385
vn -0.9638952 -0.24021529 0.11490241
vn -0.49221286 -0.5772546 0.65153944
vn 0.054503195 -0.3085181 -0.9496558
vn -0.6771928 -0.73192364 -0.07548189
vn 0.8602386 -0.36566064 0.3553613
vn -0.81088924 -0.56831944 -0.13954125
vn 0 -0.9972134 -0.07460101
vn 0.77682394 -0.6123189 -0.14700453
vn 0.83611566 -0.53211004 -0.1333025
vn -0.8602386 -0.3656607 0.3553613
vn 0.70701194 -0.70552754 -0.048632696
vn -0.34005192 -0.29062632 -0.89437187
vn 0.3055969 -0.7941883 0.5252385
vn 0.81624436 -0.37351474 0.44071746
vn -0.9889606 -0.052820325 0.13844526
vn 0.05450201 -0.06280231 -0.99653673
vn 0.87190884 -0.030700311 -0.48870495
vn 0.8263034 -0.50750524 0.24425629
vn -0.7621278 -0.63757896 -0.11249085
vn -0.82863724 -0.54692453 -0.11930538
vn 0.7814683 -0.6133462 -0.11451615
vn -0.7671169 -0.6233519 -0.15153944
vn -0.6530345 -0.18319346 0.7348375
vn -0.5142779 0.1388349 -0.8463114
vn 0.9747777 -0.18855754 0.11939153
vn -0.8257499 -0.045142267 0.56222713
vn 0.29131162 0.42721704 -0.85593414
vn 0.87190104 0.0918001 -0.48100054
vn 0.13153084 -0.26839465 0.9542871
vn 0.17108206 -0.97808355 -0.11867354
vn -0.02390051 -0.9941212 -0.10560226
vn -0.47767097 -0.8713842 -0.111892946
vn 0.37187722 -0.9214175 -0.11268184
vn -0.017399319 -0.99416095 -0.10649582
vn -0.36829397 -0.920439 -0.1309643
vn 0 -0.03258642 0.9994689
vn -0.51426584 0.3449137 -0.7852167
vn 0.8359213 -0.076541334 0.5434862
vn -0.6353378 -0.33812195 0.69427615
vn 0.29138446 0.62666655 -0.7227615
vn 0 -0.42407835 0.9056255
vn 0 -0.42407838 0.9056256
vn -0.054500207 0.4251016 -0.9035034
vn 0.5163595 -0.32090658 0.7939722
vn 0.97816116 -0.2009661 0.053043637
vn -0.5340947 -0.4299698 0.72792083
vn 0 -0.53876996 0.84245294
vn 0 -0.53876996 0.8424529
vn 0.40343136 -0.5050816 0.7629782
vn 0.8079352 -0.3304144 0.48792127
vn -0.9471062 -0.28967884 -0.13811627
vn 0.9482528 -0.28164563 -0.14660329
vn -0.95448434 0.2588957 -0.14809754
vn -0.9854977 0.16845088 0.020456178
vn 0.98307925 0.16639648 -0.076598376
vn -0.00000014987147 0.97633946 -0.21624349
vn 0.12892613 0.9520007 -0.27761978
vn -0.00000014987147 0.97633946 -0.21624349
vn 0.901162 0.43170184 -0.039249267
vn 0.9595642 0.24199097 -0.14379464
vn -0.46518698 0.86017203 -0.20905755
vn -0.07306323 0.5760597 -0.81413573
vn 0.6718387 0.35735914 -0.6487891
vn -0.027144892 0.99731565 -0.06800607
vn -0.33225694 0.93276566 0.13983479
vn -0.38685682 0.90403503 0.18183115
vn -0.33225694 0.93276566 0.13983479
vn -0.34673956 0.92783725 0.13743964
vn -0.6718391 0.3573592 -0.6487885
vn 0.0026801694 0.8255889 -0.56426585
vn 0.35091096 0.92082876 -0.17010532
vn 0.56361616 0.7970228 -0.21700622
vn -0.075005464 0.9908004 -0.11264459
vn 0.37555382 0.9082704 -0.18440236
vn 0.28012592 0.9462779 -0.16151609
vn -0.5547238 0.83147365 0.03054754
vn -0.05632393 0.9791141 -0.19535384
vn 0.07501333 0.99079806 -0.11266031
vn -0.9607555 0.27227125 0.053076863
vn 0.90560406 -0.3005779 -0.29922244
vn 0.4083988 0.4352631 -0.8023444
vn -0.1921176 -0.6364409 -0.7470166
vn 0.29347342 -0.38689947 -0.87417513
vn 0.87189233 -0.35699677 -0.33519703
vn 0.034694757 -0.99630105 -0.078617595
vn 0.09720454 -0.9585112 -0.2679693
vn -0.14706863 -0.9550877 -0.25725144
vn 0.9725217 -0.18357646 0.14318249
vn -0.9819644 0.10286769 0.1586319
vn -0.29951674 -0.94946724 -0.09381741
vn 0.10326207 -0.9567041 -0.2721289
vn -0.34559754 -0.907695 -0.23801705
vn 0.7765738 -0.6235422 0.09015764
vn -0.3282521 -0.5171624 -0.7904389
vn 0.29681182 -0.53200155 -0.7930177
vn -0.9244787 0.18399876 0.33389163
vn 0.94715625 -0.17188376 -0.27083397
vn -0.5251901 0.8138778 0.24855202
vn 0.35434103 -0.19463146 0.9146371
vn 0.35434097 -0.19463147 0.9146372
vn 0.31447822 0.9179726 0.24172255
vn -0.31447825 0.9179726 0.24172257
vn -0.35434094 -0.19463147 0.91463715
vn -0.354341 -0.19463149 0.91463715
vn 0.5251802 0.81388575 0.24854735
vn -0.94715625 -0.17188376 -0.27083397
vn 0.9347582 0.17685531 0.30813837
vn 0.9778566 0.11214004 0.17669527
vn -0.8077485 -0.00020805337 0.58952725
vn -0.13609871 0.93089116 0.3389968
vn 0.9598837 0.23981966 0.14529192
vn -0.96636945 0.090358205 0.24076027
vn 0.7607516 0.025900971 0.648526
vn 0.97818637 0.038915373 0.20405206
vn -0.9440888 0.026523195 0.32862285
vn -0.18802573 0.5444484 0.81744874
vn 0.84485185 0.056436572 0.532015
vn -0.8204106 -0.030766113 0.5709466
vn 0.8504589 0.05798261 0.5228362
vn 0.9778479 -0.03918383 0.20561641
vn -0.8514728 -0.20632267 0.48210484
vn 0.94721085 0.13650668 -0.29009926
vn -0.94721085 0.13650669 -0.2900993
vn 0.8582038 -0.20514926 0.4705316
vn 0.9778546 -0.089080386 0.18938039
vn -0.74177605 0.5223098 -0.42066702
vn 0.054497853 0.63647497 -0.76936966
vn 0.94658077 0.20557325 -0.24844418
vn -0.4798049 0.5592704 -0.6760206
vn 0.61434406 0.611209 -0.49900398
vn 0.9778485 -0.13339423 0.16130215
vn -0.5840654 -0.27231792 0.76466364
vn 0 -0.7385285 0.67422235
vn 0 -0.7385285 0.6742223
vn 0.47847402 -0.17114304 0.86126226
vn 0.76248693 -0.48050103 0.43328106
vn 0.45918387 0.8880688 -0.021999229
vn -0.99387765 0.04270172 0.10190074
vn 0.97994834 0.19810978 -0.02130105
vn 0.0072737224 0.99991745 -0.010589822
vn 0 0.9990785 -0.04291817
vn 0.007934252 0.99963814 -0.025701724
vn 0.9837038 0.12391118 0.13027962
vn -0.45918387 0.8880688 -0.021999229
vn -0.73467624 0.6607906 -0.15364464
vn -0.4089955 0.90399003 -0.12459863
vn -0.047872372 0.83824503 -0.5431882
vn -0.99998605 -0.0008999874 0.0051999274
vn -0.645823 0.76126724 0.05817894
vn 0.52580285 0.84760445 0.071400374
vn 0.6587274 0.7523314 0.008700362
vn -0.08103283 0.9867221 -0.14075944
vn -0.27797037 0.9598988 0.03642226
vn 0.82221323 0.5540266 0.1304604
vn -0.085966386 0.99527967 -0.045036368
vn -0.09596839 0.9935994 -0.059583783
vn -0.085966386 0.99527967 -0.045036368
vn 0.42225114 0.89778566 0.12523943
vn -0.0042832554 0.9800259 -0.19882427
vn 0.2527993 0.9662974 -0.048599865
vn -0.5887398 0.8068834 -0.04821487
vn 0.6458247 0.7612659 0.058178596
vn 0.99998605 -0.0008999874 0.0051999274
vn 0.04787501 0.8382248 -0.54321915
vn 0.6414177 0.7531261 -0.14623396
vn 0.18312243 0.7902705 -0.58475524
vn 0.41830155 0.8813331 -0.21971749
vn 0.11927438 0.73596185 -0.66643363
vn 0.20789067 0.97515625 0.076496564
vn -0.91722035 -0.39730883 0.029200647
vn 0.7772306 -0.48890424 -0.3960876
vn 0.11166284 -0.99184877 -0.061378095
vn -0.11299982 0.99269843 -0.042199932
vn -0.119369276 0.7359536 -0.6664259
vn -0.13065512 0.97353536 -0.18750522
vn -0.3002733 0.94458014 -0.1326812
vn -0.13495961 0.8765576 -0.46198776
vn -0.7070951 0.7070244 0.011525651
vn 0.70709515 0.7070244 0.011525651
vn 0.19905233 0.9798587 0.015973296
vn -0.60727596 -0.6085502 -0.51076674
vn 0.054498564 -0.87497705 -0.48108736
vn 0.8719065 -0.42910323 -0.23590179
vn -0.51428556 -0.6401657 -0.5706998
vn 0.4746697 -0.7709946 -0.4245655
vn -0.810282 0.41692826 0.41184196
vn 0.9971002 -0.052705325 -0.054895464
vn -0.9971001 -0.052705325 -0.05489546
vn 0.8088413 0.45364833 0.37413776
vn 0.9781918 0.16804217 0.122076534
vn -0.9413825 0.07017659 0.3299609
vn -0.048015073 -0.8866867 -0.45987102
vn 0.6448772 0.69777936 0.31182912
vn -0.64905864 0.48491347 0.5861585
vn -0.8282391 -0.48180833 -0.28614786
vn 0.7706748 -0.17167786 0.6136669
vn -0.8787968 -0.45589197 0.14099178
vn 0.41309488 0.9099347 -0.037031945
vn -0.9929281 -0.01901373 0.11718487
vn 0.90616906 0.4173842 -0.06817703
vn -0.99652785 0.021063225 -0.08055151
vn 0.670069 -0.74221593 0.011097011
vn -0.99076486 -0.0069922134 -0.13541055
vn 0.9520502 -0.30594072 0.00080610503
vn 0.9995257 -0.027795222 0.013256361
vn -0.8300334 0.29196614 -0.47518438
vn 0.42161113 0.3968406 -0.81532913
vn 0.8400926 0.21298495 0.49888057
vn -0.649122 -0.40760025 0.64226365
vn -0.95799935 0.07623656 -0.27645135
vn 0.92762214 0.11291134 -0.3560453
vn -0.6299377 -0.54963875 0.5487037
vn 0.000000026270785 0.7069972 -0.70721626
vn 0.94975954 0.22813244 -0.21427137
vn -0.9497596 0.22813243 -0.21427135
vn -0.7674263 0.4434604 -0.46303314
vn 0.8287002 -0.39822838 0.3932812
vn -0.97579515 -0.088646404 0.19991429
vn 0.05449782 0.8077677 -0.5869765
vn 0.9465819 0.26088658 -0.18952817
vn 0 -0.8095915 0.5869939
vn 0 -0.8095915 0.5869939
vn -0.62263876 0.7204827 -0.30532855
vn 0.5112396 0.69564617 -0.5046885
vn 0.5169135 -0.6982286 0.49525478
vn -0.7726434 -0.60247564 0.20011337
vn 0 -0.90719986 0.42069992
vn -0.96772826 -0.0067001954 0.25190735
vn 0.96772826 -0.0067001954 0.25190735
vn 0.000099999976 -0.90719986 0.42069995
vn 0.7702572 -0.5553349 0.31353953
vn -0.7778467 0.6250117 -0.06568884
vn -0.9994943 0 -0.03179982
vn -0.34267634 0.9323956 0.11494076
vn 0.994964 0 0.100232616
vn -0.19342192 0.9253381 -0.32609415
vn 0.23998104 0.9395693 -0.2441694
vn -0.41916993 0.9008285 -0.11315781
vn -0.08088399 0.9965664 0.01769657
vn -0.24665828 0.9689842 0.01515018
vn -0.08984429 0.99582815 -0.015945567
vn 0.2668837 0.9600519 -0.08410496
vn -0.012658798 0.94599944 -0.32392102
vn 0.35418767 0.9022685 -0.24589144
vn -0.99581414 0 0.091401294
vn 0.99588746 0 -0.09059887
vn 0.48454574 0.86881685 0.10184608
vn 0.78326386 0.61871797 -0.06071113
vn -0.70180374 0.7097699 -0.06081303
vn 0.2833795 0.81556135 -0.50453514
vn 0.5646962 0.80009663 -0.20239468
vn 0.17056346 0.93621254 -0.30726895
vn -0.39231613 0.86275965 -0.31895745
vn 0.22791651 0.9597924 -0.16386823
vn -0.06493382 0.9941239 -0.08661118
vn -0.24807727 0.8392889 -0.48378885
vn -0.91119856 -0.39964896 -0.09998896
vn 0.054502577 -0.96714574 -0.24831174
vn 0.94710994 -0.310825 -0.07981548
vn -0.7504923 -0.64951825 -0.12201344
vn 0.9066696 -0.4078161 -0.10787165
vn 0.97785985 0.20268713 0.052039
vn -0.9360981 0.34742898 0.05489376
vn 0.90729713 -0.30350262 -0.29102948
vn 0.7045168 -0.3180916 -0.6344081
vn -0.76368654 0.6027551 0.23123413
vn 0.86477643 0.49716252 0.07064847
vn -0.90297586 0.15550496 -0.40056545
vn 0.00000027375043 0.87138855 -0.49059355
vn 0.53698 0.005866262 -0.8435747
vn 0.99023503 0.06729774 -0.12208796
vn -0.66230804 -0.52684516 -0.5327122
vn 0.14581972 0.49912348 0.8541735
vn 0.89347607 -0.4267471 -0.13995485
vn -0.983883 0.15037055 -0.09676269
vn 0.28589746 -0.569053 0.7710002
vn -0.7919711 -0.36614498 0.4885895
vn 0.88773143 -0.23012213 0.3987188
vn 0.8538682 0.50538117 0.12449535
vn -0.9517428 0.22931337 0.20396337
vn 0.30039957 -0.25183177 0.9199679
vn -0.7125051 -0.16679442 0.6815541
vn 0.45376077 -0.10198055 0.88526905
vn -0.83339334 -0.27785787 -0.47775576
vn 0.13160475 0.9908027 0.031465903
vn 0.85385525 0.43997282 0.27812824
vn -0.6491466 -0.6665885 0.36642644
vn -0.90628725 0.38158682 0.18175502
vn 0.8394236 0.48261863 -0.24989429
vn 0.91207373 -0.054498434 -0.4063883
vn -0.95842886 -0.26480818 -0.10625796
vn 0.9472081 0.29810384 -0.11802888
vn -0.94720817 0.29810387 -0.11802889
vn 0.9420272 -0.33548847 0.0056726323
vn 0.9778566 -0.19456777 0.07707161
vn -0.6217587 0.7771665 -0.09709933
vn 0.29139405 0.95158064 -0.097898
vn -0.31078684 0.94566005 -0.095595956
vn 0.054499272 0.92838764 -0.3675951
vn 0.96182394 -0.06090152 -0.26680663
vn -0.45100272 0.8915054 -0.04260026
vn 0.9791146 0 -0.20330909
vn 0.23597892 0.9668196 -0.09784579
vn -0.9994106 -0.03310035 -0.009100097
vn 0.97714776 -0.18064183 -0.11203022
vn -0.08538885 0.9797016 0.18136586
vn 0.46794555 0.8675132 0.16866456
vn -0.08538885 0.9797016 0.18136586
vn -0.005877526 -0.86958855 -0.4937419
vn 0.15025334 0.9676754 -0.20255408
vn -0.64398 0.7636763 0.04569858
vn -0.97911453 0 -0.20330934
vn 0.4509179 0.8914354 -0.04490178
vn 0.16604148 0.94448036 -0.28352624
vn 0.14980431 0.979927 -0.131536
vn 0.36267534 0.7436095 -0.56170404
vn 0.32622018 0.94525445 -0.008627159
vn -0.4965021 0.8659036 -0.06080026
vn -0.108294785 0.99345225 -0.036398247
vn -0.24798423 0.9130933 -0.3236731
vn -0.045607984 0.9802219 -0.19257419
vn -0.04570359 0.9528584 -0.2999537
vn -0.73207945 0.65244126 -0.19590835
vn 0.7921923 0.5333382 -0.29661733
vn 0.13232267 0.94662094 -0.29393786
vn -0.9510786 -0.28239068 -0.12531969
vn 0.29139665 -0.92078936 -0.259297
vn 0.92022055 -0.3857197 -0.066441074
vn -0.7510412 -0.6594899 -0.031783592
vn 0.9340684 -0.3570875 0.0021857333
vn 0.9778437 0.20933656 0
vn -0.68875223 0.65066457 0.31977493
vn 0.70905656 -0.69248724 0.13304211
vn 0.7837982 -0.62101555 0
vn -0.646064 0.76328325 0
vn 0.7295261 0.6670201 0.15124801
vn -0.7798453 -0.4510469 0.43404838
vn 0.18526544 0.98072565 0.06208025
vn 0.7861271 -0.057183072 0.61541396
vn 0.9516635 -0.046883605 0.30354345
vn -0.9557877 -0.28781542 0.06026589
vn 0.55458486 0.64218247 -0.5291856
vn 0.9904697 -0.12765971 0.051700268
vn 0.8411416 -0.5384828 0.050171416
vn -0.98682475 0.12145278 -0.10689364
vn 0.9953751 0.055794552 -0.078200504
vn 0.9678116 0.2500333 -0.028705375
vn -0.9861073 0.1660987 0.0019363549
vn 0.170662 -0.97006595 0.17276125
vn 0.95895797 -0.27459276 0.07069967
vn 0.9961796 -0.08459444 0.02167995
vn -0.9269181 0.08907534 0.3645386
vn 0.63773006 -0.41445583 -0.6492509
vn 0.7737672 0.62542033 0.10066627
vn -0.64617777 -0.7571777 0.09558321
vn 0.72549653 0.291383 0.6234988
vn 0.99385905 0.037388902 0.10414515
vn -0.8536999 -0.43084005 0.2925291
vn 0.9905728 0.13590363 -0.017191881
vn -0.9905728 0.13590363 -0.017191881
vn 0.8772723 -0.37586695 0.29852524
vn 0.9778524 -0.20764704 0.026216635
vn -0.96866107 -0.23367919 0.08420038
vn 0.29140916 0.94602966 0.14180444
vn 0.87186587 0.48588097 -0.061397605
vn 0 -0.98719794 0.15949966
vn 0 -0.98719794 0.15949968
vn -0.34005544 0.9329933 -0.11783767
vn 0.4500645 0.88937944 0.08028791
vn 0.46844244 -0.87089425 0.14867684
vn -0.77965724 0.62603915 -0.014473576
vn -0.46350658 0.88591266 0.017900253
vn -0.92033005 0 0.39114276
vn 0.9871774 0 0.15962736
vn 0.67920095 0.72930104 0.08250013
vn -0.5761188 0.7686979 -0.27783173
vn -0.5252892 0.7933836 -0.30759367
vn 0.3509086 0.86132103 -0.36740896
vn -0.3226079 0.92876476 -0.18253803
vn 0.013600367 0.96312594 -0.26870725
vn -0.0535577 0.99147046 -0.118818864
vn -0.011299802 0.96268314 -0.27039525
vn 0.5158192 0.85498935 -0.05407114
vn -0.362989 0.8610303 -0.3561824
vn 0.55527276 0.7827638 -0.28098586
vn -0.67662007 0.73122174 0.08660257
vn -0.9871774 0 0.15962736
vn -0.91703546 0 -0.39880553
vn 0.91735125 0 0.3980788
vn 0.6626903 0.74869096 -0.017415032
vn 0.018511264 0.9932481 -0.11452291
vn 0.21873781 0.97424906 -0.054703545
vn 0.19505863 0.90587103 -0.37596503
vn 0.31042826 0.95054257 0.010157057
vn -0.26450607 0.90242076 -0.34010783
vn 0.041299686 0.9387929 -0.34199744
vn 0.11587587 0.9294106 -0.35038352
vn -0.60129505 0.7971936 0.054099556
vn -0.10209666 0.9945674 -0.020299338
vn -0.17410135 0.93141824 -0.3196075
vn -0.10976283 0.9786594 -0.17371805
vn 0.75541955 0.5782877 0.30809838
vn -0.8903115 -0.39459565 0.22724384
vn 0.8820546 -0.14438328 0.4484787
vn -0.36915693 0.1332826 0.9197602
vn -0.8785705 -0.4606404 0.12619126
vn 0.546796 -0.8157941 0.18839864
vn 0.92020977 -0.39015418 0.031524096
vn -0.6386545 -0.7694889 0.0026984569
vn 0.8746643 -0.4691961 0.121726185
vn 0.97785985 0.2026872 -0.052039005
vn -0.6607555 0.7230756 -0.20140482
vn 0.49801198 -0.8607233 0.10554381
vn 0.8085971 -0.5658139 -0.16132392
vn -0.6460755 0.7392948 -0.18981495
vn 0.74188364 0.6438489 -0.18726262
vn -0.93066597 -0.3403034 0.13436696
vn 0.22522984 0.57328063 0.78779495
vn 0.51325154 -0.6861881 0.51547927
vn 0.9424451 -0.19145066 -0.27412406
vn -0.989939 -0.053695373 0.13091145
vn 0.19357175 0.598274 -0.77755916
vn 0.9488469 0.2336079 -0.2124074
vn 0.99641126 0.059400674 -0.06030068
vn -0.9560026 -0.03166157 0.29164466
vn 0.2763633 -0.568589 -0.77480954
vn 0.9751791 -0.10726306 0.19370158
vn 0.76014006 0.0045667663 0.64974314
vn -0.6105326 0.7858079 -0.098772325
vn 0.31119457 -0.7861707 -0.5339416
vn 0.6260625 0.6870615 -0.36877126
vn 0.92538285 0.2759949 -0.25979516
vn 0.25537792 0.5184256 0.8160986
vn 0.6535734 0.5394336 0.53089845
vn -0.6491486 -0.73676395 -0.18916911
vn 0.553407 -0.8212729 -0.13874988
vn -0.7134557 -0.66463476 -0.22190472
vn 0.99070925 0.13172515 0.03381903
vn -0.99070925 0.13172518 0.03381904
vn 0.7876326 -0.58408135 -0.19617338
vn 0.9781862 -0.20120381 -0.0516616
vn -0.9562572 -0.27172646 0.10833622
vn 0.05450181 0.99063295 0.12520416
vn 0.87186587 0.48588094 0.061397597
vn -0.0001000043 -0.9947429 -0.1024044
vn 0 -0.9947429 -0.10240441
vn -0.34005612 0.93299305 0.117837675
vn 0.45007044 0.8414707 0.29893756
vn 0.68382263 -0.72520363 -0.08041308
vn -0.7905788 0.610594 0.046476826
vn -0.3180073 0.94242173 0.10350239
vn -0.8058229 0 -0.5921566
vn 0.7794301 0 -0.6264892
vn 0.7734984 0 0.6337981
vn 0.64102924 0.7635463 0.07796546
vn -0.16988929 0.9847994 0.036162615
vn -0.20045467 0.9782462 -0.05340622
vn 0.3256726 0.6024687 -0.72867614
vn -0.1047329 0.81870896 -0.5645765
vn 0.0932025 0.9946694 0.044116028
vn 0.24289462 0.9619787 0.12489722
vn -0.4773235 -0.7718159 0.42007437
vn 0.29140082 -0.93180275 0.21640064
vn 0.8719065 -0.42910323 0.23590179
vn -0.5142856 -0.8248823 0.2346901
vn 0.4746748 -0.7716126 0.42343593
vn -0.80318445 0.26548296 -0.5333044
vn 0.18440287 -0.898614 -0.39810622
vn 0.93199503 -0.32917875 -0.1517455
vn -0.9017867 0.37875322 -0.20815098
vn 0.7839724 0.380263 -0.49070084
vn 0.9778552 0.18340419 -0.100807495
vn -0.97589046 -0.17808002 -0.12619562
vn 0.08172738 0.266988 0.9602281
vn 0.69032776 0.52743834 -0.49523363
vn -0.64609337 0.5563949 -0.5224827
vn 0.80402905 -0.25114062 -0.5389486
vn 0.99959636 -0.011868169 0.025812346
vn -0.700828 0.49308917 0.51546407
vn 0.00010135817 0.197289 0.98034537
vn 0.51472294 0.38686907 0.76510954
vn 0.93772316 0.3124866 0.1517474
vn -0.6911118 -0.51200897 0.510109
vn 0.118588164 -0.034752525 -0.99233514
vn 0.5203168 -0.67372024 -0.5247584
vn 0.9643903 -0.25866437 0.05517444
vn -0.9986469 0.03942365 -0.033912614
vn -0.12343091 -0.9718363 0.20074598
vn 0.50138324 -0.81556135 0.28891957
vn -0.6461439 -0.48647988 -0.58807766
vn 0.9788906 -0.07639741 -0.18956946
vn 0.9999924 -0.001107496 0.0037617069
vn -0.6053498 -0.5062087 -0.614251
vn 0.09601712 -0.49026176 0.8662703
vn 0.7397598 -0.1563626 0.6544511
vn -0.84220684 -0.43618852 -0.3169026
vn 0.74567604 -0.45467937 -0.48706675
vn -0.99124837 0.12234259 0.04958703
vn 0.94633853 0.3019146 0.115286775
vn -0.94633853 0.3019146 0.115286775
vn 0.9793508 0.18272495 0.08650844
vn 0.97785497 -0.16930918 -0.123021185
vn -0.86951804 -0.49389336 0.0028002255
vn 0.054499272 0.9283877 0.36759514
vn 0.0000999999 -0.93929905 -0.34309965
vn 0 -0.93929905 -0.34309968
vn -0.3107911 0.7547785 0.5776835
vn 0.054499272 0.92838764 0.3675951
vn 0.7514224 -0.5985464 -0.27768043
vn -0.81320095 0.5784176 0.0643229
vn -0.36401933 0.92874944 0.070103735
vn -0.23460034 0.96530133 0.11470015
vn -0.41594023 0 0.9093919
vn 0.7139986 0 0.70014715
vn 0.29828322 0.9544575 0.0061628693
vn -0.75176567 0.60597235 -0.26008815
vn 0.08698943 0.99045604 -0.106909364
vn -0.29707453 0 0.9548543
vn 0.24099714 0.9636886 0.11499864
vn 0.669239 0.7392765 0.074762315
vn -0.12529033 0.971344 0.20197345
vn 0.35019898 0.93370616 0.07452193
vn 0.5809764 0.80646724 0.109895535
vn -0.58882827 0.75870633 -0.27865008
vn -0.25640473 0.9164169 -0.30730563
vn 0.025500864 0.9513323 -0.30711043
vn 0.37477893 0.86830324 -0.3249467
vn -0.53927726 0.835784 -0.10317471
vn 0.025600811 0.9636308 -0.26600844
vn 0 0.9272793 -0.3743703
vn -0.018400405 0.96072096 -0.276906
vn 0.27346304 0.94612235 -0.17340879
vn -0.34929773 0.88009423 -0.32159787
vn 0.116576105 0.9432355 -0.31099328
vn 0.5880501 0.76268655 -0.26926968
vn -0.33904 0.937767 0.07513254
vn -0.00532374 0.9745269 0.22420715
vn -0.9366232 -0.15632953 0.31352502
vn 0.54761547 -0.6099172 0.5728162
vn 0.9201832 -0.23573767 0.31255525
vn -0.6779655 -0.63071996 0.37756494
vn 0.9098338 -0.31194696 0.27366322
vn 0.97785485 0.15256432 -0.14326158
vn -0.90371203 0.39364627 -0.16836627
vn -0.03179916 -0.6889818 -0.7240808
vn 0.9438741 -0.16796069 -0.28441328
vn -0.9017979 0.23155302 -0.36488876
vn 0.81984496 0.4671558 -0.33108866
vn 0.9778566 0.11214004 -0.17669524
vn -0.7633719 0.15779027 -0.626391
vn -0.20035104 -0.9138562 -0.3531661
vn 0.898925 -0.1226614 -0.42058048
vn -0.84217256 0.16662036 -0.5128188
vn 0.73837715 0.19339204 -0.646064
vn 0.977848 0.06466741 -0.19907644
vn -0.7694143 -0.010565973 -0.63866264
vn -0.20801462 -0.83355904 -0.5117707
vn 0.6687751 -0.19614615 -0.71712375
vn -0.64908284 -0.04774839 -0.7592176
vn 0.6833927 0.00074936816 -0.73005056
vn -0.853661 -0.38477132 -0.35101843
vn -0.08759795 -0.99597675 -0.018899558
vn 0.8834211 -0.44811517 -0.13696702
vn -0.90193206 -0.18390046 -0.39076737
vn 0.83848256 -0.409732 -0.35925856
vn 0.97785467 -0.0890804 -0.18938039
vn -0.9581616 0.28618255 -0.0050994647
vn 0.29138353 0.38717812 0.8747507
vn 0.9471325 0.20452458 0.24720351
vn -0.56281674 0.5268715 0.63690174
vn 0.99403995 0.019995362 -0.107166596
vn 0.9778485 -0.13339426 -0.16130215
vn -0.9519256 -0.26382923 -0.15566583
vn 0.29140422 0.5925085 0.7510109
vn 0.8718944 0.39619744 0.28779817
vn 0 -0.7577016 -0.6526013
vn 0 -0.7577015 -0.6526013
vn -0.5142463 0.5635768 0.6464765
vn 0.28486726 0.7749411 0.56419575
vn 0.6157404 -0.51185775 -0.5990539
vn -0.5389019 -0.66433257 -0.5179257
vn 0 -0.844792 -0.5350949
vn 0 -0.84471816 -0.5352115
vn 0.5091486 -0.7174754 -0.4753912
vn -0.54171324 0.8015195 -0.25320616
vn 0.3258296 0.90781677 -0.26401457
vn -0.49381167 0.86878616 -0.036886323
vn -0.15183656 0.9064532 -0.39406618
vn 0.15183656 0.9064532 -0.3940662
vn 0.5295842 0.84187025 -0.1039
vn -0.3258187 0.90783846 -0.26395375
vn 0.5296821 0.8057727 -0.26489103
vn -0.26539695 0.92288965 -0.27899688
vn 0.05149943 0.95858943 -0.28009692
vn 0.36179128 0.8871787 -0.28639308
vn -0.3664921 0.88358074 -0.29149365
vn 0.15977746 0.9474992 -0.27697727
vn -0.6798205 -0.47028732 -0.56273794
vn 0.054502565 -0.5349252 0.84313965
vn -0.3161447 -0.94862366 -0.012867089
vn 0 0.54768777 -0.8366829
vn 0 -0.9998079 -0.019600155
vn 0 0.54768765 -0.83668286
vn 0.31614473 -0.9486237 -0.01286709
vn -0.054499652 -0.5349965 0.8430946
vn 0.3631414 0.90240127 -0.23194851
vn 0.5924861 -0.6286423 -0.5037551
vn -0.6602801 -0.625059 0.416331
vn -0.048997756 -0.99835426 -0.029798634
vn 0.29140574 -0.53111047 0.79561573
vn 0.8735418 -0.20723946 0.4404278
vn 0 -0.2177716 -0.9759997
vn 0 -0.21777163 -0.9759998
vn -0.50057113 -0.29839844 0.8126419
vn 0.048997756 -0.99835426 -0.029798636
vn 0.68878573 -0.66170377 0.2961796
vn -0.8444939 -0.050400015 0.53318834
vn 0.29139754 -0.31659734 0.9026925
vn 0.9684152 -0.013255141 0.24899064
vn -0.74328315 -0.18302076 0.6434543
vn 0.84431326 -0.051464397 0.53337276
vn 0.9778515 0.013136499 -0.20888725
vn -0.8920617 -0.065761864 0.44710308
vn 0.054501493 0.18710512 0.9808268
vn 0.94710904 0.060158793 0.31522262
vn -0.6780857 -0.01912486 0.73473394
vn 0.8207067 0.10697205 0.5612463
vn 0.97784793 -0.039183825 -0.20561641
vn -0.93824446 -0.28842816 -0.19106646
vn 0.054500204 0.4251016 0.9035035
vn 0.87189156 0.20849796 0.44309568
vn 0 -0.23983862 -0.97081274
vn 0 -0.23983862 -0.97081274
vn -0.34005177 0.40036893 0.8509227
vn 0.59207106 0.19814426 0.7811471
vn 0.3473788 -0.4338946 -0.8313022
vn -0.53350556 -0.40940276 -0.7401089
vn 0 -0.51130104 -0.85940176
vn 0 -0.51130104 -0.8594017
vn 0.5335056 -0.4094028 -0.74010885
vn -0.49687412 -0.6564854 -0.5675764
vn 0 -0.52829236 -0.8490626
vn 0 -0.52829236 -0.84906256
vn 0 -0.99883705 -0.048212867
vn 0.5635084 -0.5303831 -0.6333657
vn -0.9695604 0.24117056 0.04230094
vn -0.99998605 -0.0008999874 0.0051999274
vn 0.99998605 -0.0008999874 0.0051999274
vn 0.96893996 0.24478216 0.035172526
vn -0.72890884 0.6832083 0.043800533
vn -0.3419618 0.9396085 0.014068687
vn 0.430482 0.8999982 0.0684724
vn -0.06968907 0.99630064 -0.05028417
vn -0.5962791 0.7925722 0.12759554
vn 0.28481507 0.9584506 0.015900843
vn 0.59009683 0.8062026 0.04269809
vn -0.20000558 0.9795271 0.022900634
vn -0.09070093 0.9949102 0.043900453
vn 0.3319211 0.9371048 0.107995234
vn -0.74257463 0.6212787 -0.25019142
vn -0.6387765 0.72887325 -0.24639092
vn -0.33146676 0.8548249 -0.39925462
vn 0.1948191 0.8672071 -0.4582546
vn 0.2698179 0.9180642 -0.29044202
vn 0.6974034 0.6725474 -0.2476057
vn -0.2287215 0.9699258 0.08324854
vn 0.10140433 0.9929424 0.06150263
vn 0.19150524 0.9810268 0.030200828
vn 0.05648438 0.99839884 -0.0030683388
vn 0 0.8631718 -0.5049103
vn -0.056484357 0.99839884 -0.0030683388
vn 0 -1 0
vn 0 -1 0
vn 0 -1 0
vn 0 -1 0
vn -0.6986546 0.0050776186 -0.71544117
vn -0.9999845 -0.000899986 0.0054999148
vn 0 0.19859622 -0.98008144
vn 0 0.19859624 -0.98008144
vn 0.9999845 -0.000899986 0.0054999148
vn 0.6986544 0.00507765 -0.7154412
vn -0.5681144 -0.007925453 -0.8229113
vn -0.000050560586 -0.06492132 -0.9978904
vn 0 -0.064921305 -0.9978904
vn 0.5306278 -0.13821949 -0.8362593
vn -0.632128 -0.7740811 -0.03482247
vn 0 0.9989276 0.04630128
vn 0.50146616 -0.86428785 -0.03922215
vn -0.98934996 0.13587059 0.052210465
vn 0 0.9517501 0.30687413
vn 0.9895202 0.13586989 0.04887806
vn -0.96949196 0.23730947 0.061397582
vn 0.95848763 0.27799642 0.06339917
vn 0.98906004 0.13489456 0.059697594
vn -0.7350321 0.6779296 0.011800516
vn -0.4019077 0.9155902 0.0128350835
vn -0.19319354 0.98086715 0.0239992
vn 0.41550472 0.90651023 0.07480085
vn -0.22934854 0.9650245 -0.12699246
vn -0.1336217 0.99088925 -0.016847512
vn 0.19369951 0.9806975 0.026699932
vn 0.30669227 0.95167595 0.0158996
vn 0.60763675 0.79239565 0.05372774
vn -0.12580101 0.99120796 0.04100033
vn 0.14006321 0.9868707 0.08042697
vn -0.73150533 0.63660467 -0.24420176
vn -0.63719416 0.7309932 -0.24419774
vn -0.43203753 0.8939233 0.119351484
vn 0.61477107 0.75406045 0.23119117
vn -0.31390932 0.90982455 -0.2714411
vn 0.6870978 0.68310285 -0.24752203
vn -0.1381246 0.98711747 0.08075157
vn 0.12649924 0.99109405 0.041599747
vn -0.51220787 0.82081264 -0.25280386
vn -0.26620352 0.93001217 -0.25340328
vn 0.07611782 0.97620803 -0.20303677
vn 0.37248755 0.87967056 -0.29569012
vn -0.40592834 0.8306142 -0.3811853
vn 0.1345272 0.91131026 -0.38912222
vn 0.56421214 0.7462162 -0.3533076
vn -0.37269357 0.88038486 -0.29329497
vn 0.043336425 0.975782 -0.21440995
vn 0.54159546 0.8022933 -0.2509979
vn -0.055602487 -0.99824464 -0.020400913
vn 0.05560248 -0.99824464 -0.020400913
vn -0.7391804 -0.67337996 0.013102321
vn 0.7391804 -0.67337996 0.013102321
vn -0.9991845 -0.037199423 0.015699755
vn 0.9991845 -0.037199423 0.015699755
vn -0.99950004 -0.01570039 0.027443152
vn 0 0.9986261 0.05240137
vn 0.9049242 -0.42555955 0.0033358727
vn -0.9860436 0.15473242 0.061448686
vn 0 0.9973516 -0.07273187
vn 0.9868888 0.15214308 0.05387846
vn -0.9664775 0.24975115 0.059545033
vn 0.9589091 0.28208342 0.030370126
vn -0.73732114 0.67391926 0.046801336
vn -0.4573783 0.88918555 0.01242069
vn -0.20020144 0.9794071 0.026100188
vn -0.079288475 0.99660534 -0.022159906
vn 0.40545532 0.9077603 -0.10759729
vn -0.26381075 0.96303916 0.05440221
vn 0.2720367 0.9619714 0.024638876
vn 0.642279 0.7656468 0.035531506
vn 0.006518316 0.99772745 0.06706226
vn -0.7324319 0.6512283 -0.19860864
vn 0.72962964 0.65562665 -0.19440788
vn -0.066820994 0.99587476 0.06138879
vn 0.13109592 0.99086916 0.031499024
vn -0.57499045 0.79237485 -0.20378439
vn -0.083975 0.95650446 -0.27936968
vn 0.9999884 -0.00029999658 -0.0047999453
vn 0.32400197 0.8996054 -0.2928018
vn -0.034069575 0.93158376 -0.36192676
vn -0.4044241 0.8252591 -0.39419338
vn 0.10921239 0.9201524 -0.37602147
vn 0.24833739 0.88694257 -0.3894373
vn -0.34439594 0.88528955 -0.3124963
vn 0.053196374 0.972259 -0.22777782
vn 0.5176907 0.8246851 -0.2277959
vn 0.639304 0.74310476 -0.19770125
vn -0.04463373 0.9913364 -0.12353109
vn 0 0.9204485 -0.39086404
vn 0.044683054 0.9913281 -0.12357966
vn -0.9824168 -0.18524405 0.02327808
vn 0.97785646 -0.20669079 0.032798536
vn 0.9863769 -0.1619962 0.028599327
vn -0.9092508 0.16564469 0.38187012
vn 0 0.9980514 0.062396955
vn 0.91788656 0.10250778 0.38337502
vn -0.42522362 -0.90500677 0.012153021
vn 0.4252233 -0.9050072 0.0121245235
vn -0.9200504 -0.05999676 0.38717914
vn 0.9216538 -0.08679564 0.378181
vn -0.5220939 0.83309036 -0.18269786
vn -0.017616088 -0.16638719 0.9859032
vn 0.080276795 0.91644615 -0.3920231
vn -0.0802768 0.91644615 -0.39202312
vn 0.017614763 -0.1663872 0.9859032
vn 0.5216978 0.8382965 -0.15839934
vn -0.29871067 0.9209329 -0.25030893
vn -0.32689855 0.868899 0.3716877
vn 0.2581919 0.91177136 -0.31939
vn -0.38024887 0.84132373 -0.384168
vn 0.11549121 0.9155185 -0.38534093
vn 0.44711643 0.8072297 -0.3853142
vn -0.25199598 0.9138853 -0.31829485
vn 0.3198511 0.9300275 0.18095374
vn -0.54546446 -0.83804274 0.01236601
vn -0.06499806 -0.99787027 -0.005499836
vn 0.06499806 -0.99787027 -0.005499836
vn 0.54546446 -0.83804274 0.01236601
vn -0.97125083 -0.036213476 0.23528817
vn 0.8835472 0.12830685 0.45042405
vn 0.9803439 -0.1971088 0.008600386
vn -0.9991113 -0.03830043 0.017600197
vn 0.9991365 -0.038301397 0.016100587
vn -0.15851273 0.65828604 0.73588943
vn 0 0.9980476 0.062458746
vn 0.19016118 0.46856868 0.8627179
vn -0.9976716 0.055598423 0.039498884
vn 0.99773645 0.05420198 0.03980146
vn -0.97111434 0.23583668 0.03630421
vn 0.9708607 0.23566808 0.04347606
vn -0.6963632 0.7144566 0.068044364
vn -0.43800282 0.89850575 0.029000184
vn -0.18464668 0.98238325 0.028787367
vn 0.018991368 0.99726117 0.07148038
vn -0.020310763 0.9996334 0.01790263
vn 0.27039066 0.9621397 -0.0342939
vn -0.059748903 0.9968587 0.05198859
vn 0.14129697 0.9894787 0.031099332
vn 0.33276498 0.9426002 0.027790733
vn 0.703394 0.71023494 0.028340802
vn -0.74796855 0.64867276 -0.14059408
vn 0.74872106 0.64801824 -0.13960393
vn -0.6365814 0.75837797 -0.14009592
vn 0.6465158 0.74731827 -0.15340377
vn -0.665679 -0.74594396 0.020955266
vn -0.064799204 -0.9978877 -0.0045999438
vn 0.064799204 -0.9978877 -0.0045999438
vn 0.6656789 -0.7459439 0.02095526
vn -0.91197723 0.08569785 0.40118995
vn 0.9119773 0.08569786 0.40119004
vn -0.7844362 0.391923 0.480683
vn -0.38208413 0.8989627 0.21419112
vn 0.9481687 0.29366502 0.121396326
vn 0.17540257 0.7141625 0.6776472
vn 0.0033594992 0.62974375 0.7767957
vn -0.4321068 0.69761103 0.571509
vn 0.29683632 0.4971362 0.8153182
vn -0.44124797 -0.8916632 -0.10117729
vn 0.44124794 -0.89166325 -0.101177305
vn -0.9946318 0.09366816 0.04397226
vn 0.9946318 0.09366816 0.043972258
vn -0.9706633 0.23358038 0.057035826
vn 0.96824765 0.24109067 0.06612018
vn -0.7655382 0.6391319 0.07390369
vn -0.48770502 0.87199736 0.04200548
vn -0.14809416 0.9883609 0.034798622
vn 0.023562802 0.9988476 0.04181291
vn -0.4949554 0.86546886 -0.077348605
vn 0.4949554 0.8654689 -0.077348605
vn -0.047095805 0.9982272 0.03639314
vn 0.112902604 0.99292946 0.03665985
vn 0.26150653 0.964824 0.027000675
vn 0.651633 0.7568258 0.050884098
vn -0.76103145 0.6344262 -0.1354056
vn 0.7603875 0.6336895 -0.14229766
vn -0.6357274 0.7575327 -0.1483064
vn -0.5280935 0.8356897 -0.15079816
vn 0.52788925 0.83198303 -0.17069651
vn 0.6566925 0.7398915 -0.14599834
vn -0.36481497 0.9131374 -0.18190745
vn -0.06755184 0.9732443 -0.21961863
vn 0.17759301 0.9480627 -0.26388967
vn -0.27054608 0.9085618 -0.31830844
vn -0.26019394 0.91467863 -0.30929285
vn 0.2638044 0.9144152 -0.3070051
vn 0.44050956 0.8428182 -0.30920666
vn -0.060303695 0.95652336 -0.2853534
vn 0.14116381 0.9677731 -0.20853771
vn 0.06360398 0.92341024 -0.37850776
vn -0.93622065 -0.34720767 0.054201193
vn -0.9119773 0.08569786 0.40119
vn 0.9505046 -0.048921313 0.30683473
vn -0.4673803 0.82350683 0.32154638
vn -0.8172079 0.5673381 0.101483524
vn 0.95609367 0.28589812 0.06439958
vn 0.36238444 0.8888619 0.2803607
vn 0.930065 0.21423721 0.29846525
vn -0.99005747 0.035533596 0.13610098
vn 0.9902501 0.034579646 0.13494077
vn -0.9381964 -0.07284989 0.33834952
vn 0.93853223 -0.07834081 0.3361842
vn -0.6678673 -0.7380638 -0.0959953
vn -0.8785067 -0.47230366 -0.07180056
vn 0.7870383 -0.61104023 -0.08485625
vn -0.8815517 -0.40322363 0.2455144
vn 0.8815517 -0.40322363 0.2455144
vn -0.43390426 0.8979527 -0.07354021
vn 0.43390423 0.8979527 -0.0735402
vn -0.7624345 0.6309286 -0.1436065
vn 0.76258534 0.6310879 -0.14209726
vn -0.65238774 0.7450861 -0.13869739
vn 0.6547908 0.74238956 -0.141798
vn -0.5273763 0.8359624 -0.15179318
vn -0.37800363 0.91070884 -0.16650161
vn -0.10067358 0.98003286 -0.17146505
vn 0.11790105 0.9764087 -0.18090163
vn -0.11824939 0.9669144 -0.22603907
vn 0.11830362 0.96690804 -0.22603762
vn -0.1279978 0.9734833 -0.18959673
vn 0.16705585 0.9684145 -0.18511043
vn 0.5333123 0.83351934 -0.14430334
vn -0.43420896 0.8696179 -0.23500486
vn -0.26070473 0.93451685 -0.2423044
vn -0.06325722 0.95362085 -0.29428864
vn 0.348508 0.90609646 -0.239857
vn -0.66061145 -0.7505793 0.014941644
vn -0.056298453 -0.99837255 -0.00909975
vn 0.056298453 -0.99837255 -0.009099751
vn 0.66061145 -0.7505793 0.014941644
vn -0.90499866 -0.4171994 0.08319988
vn 0.9139028 -0.39610124 0.08880027
vn -0.6030625 0.781656 0.15915178
vn -0.77893037 0.6195145 0.09731057
vn 0.85052574 0.50918376 0.13167337
vn 0.5824074 0.7984688 0.1524769
vn -0.897775 -0.43398783 -0.07519789
vn 0.897775 -0.43398783 -0.07519789
vn -0.5686498 -0.8135755 -0.12137681
vn -0.73789877 -0.66659886 -0.10559983
vn 0.60667104 -0.78606117 -0.118566625
vn -0.99332595 0.103675984 0.050544046
vn -0.8815517 -0.40322363 0.2455144
vn 0.88155174 -0.40322363 0.2455144
vn 0.9938344 0.09821755 0.051443648
vn -0.93399185 0.35098353 0.066857174
vn -0.2672381 0.557865 0.78572935
vn -0.83310264 0.47870156 -0.2771009
vn 0.8331026 0.47870153 -0.27710086
vn 0.2531084 -0.16690555 -0.9529317
vn 0.89897686 0.3964756 0.18613929
vn -0.56623197 0.8070083 -0.16768692
vn -0.14828116 0.9677317 -0.20373528
vn -0.30798703 0.9493014 -0.06301441
vn -0.47761714 0.46557674 -0.74506384
vn 0.5021672 0.847822 -0.17036988
vn 0.074252695 0.9965662 0.036639486
vn 0.41119117 0.8845722 -0.22012214
vn 0.7211932 0.68152815 -0.1240951
vn -0.7253307 0.54541755 0.42001814
vn 0.06773216 0.00920356 -0.9976611
vn 0.64874923 0.5446841 -0.5314544
vn -0.77898043 0.561311 0.27949873
vn 0.8023307 0.49545088 0.33285716
vn 0.7291 0.65761703 0.18961312
vn -0.545603 0.83000463 -0.115800634
vn -0.29660854 0.94692725 -0.12390356
vn -0.08776664 0.9794504 -0.18158725
vn 0.08776664 0.9794504 -0.18158725
vn 0.34839743 0.9330931 -0.08919935
vn 0.54281 0.82901525 -0.13450249
vn -0.11714008 0.98066795 -0.15674385
vn 0.08480061 0.98790723 -0.12980095
vn -0.4377884 0.87977666 -0.18529509
vn -0.26320297 0.94901067 -0.17350195
vn -0.042753696 0.8174551 0.57440335
vn 0.34130466 0.92228127 -0.18140633
vn -0.08599671 0.98346233 -0.15939392
vn 0.112183794 0.9837389 -0.14025967
vn -0.45699164 0.88208383 0.114397906
vn -0.94087183 0.3351594 0.049278624
vn 0.99747646 0 0.070998326
vn 0.51939034 0.059198905 0.8524842
vn -0.9513624 0.017412037 0.30758163
vn 0.988659 0.1463716 0.033594534
vn 0.50358087 0.8578547 0.10242842
vn -0.9990165 -0.043800715 -0.0069001135
vn 0.9855572 0.1558217 0.06630712
vn -0.98555416 0.15585467 0.066273384
vn 0.9996914 -0.023999797 0.0063999463
vn -0.9029459 -0.4230543 -0.07558848
vn 0.9754223 -0.217705 -0.03400078
vn 0.760689 -0.6378909 -0.12019826
vn -0.8172362 0.38399553 0.42973542
vn -0.10582296 -0.5456637 -0.83129585
vn -0.9131456 0.3975249 0.090216346
vn 0.10799731 0.3375916 0.9350768
vn -0.10293917 0.48494673 0.86846423
vn 0.021339007 0.42194328 0.9063711
vn 0.91314584 0.39752474 0.09021578
vn 0.98276824 0.16743608 0.078306206
vn -0.97439325 0.22164673 0.037823603
vn -0.6816738 0.19338816 -0.7056357
vn 0.9387753 -0.004822865 -0.34449637
vn 0.589189 -0.02239958 0.8076848
vn -0.99635595 -0.013629586 0.08419679
vn 0.96063834 0.22874129 -0.15764257
vn -0.7273235 0.5922736 0.3467169
vn -0.098500185 0.37420064 0.92210174
vn 0.184907 0.16830638 0.96823674
vn -0.014625405 0.24174446 0.97022974
vn 0 0.21569154 0.97646165
vn -0.0773074 0.11543889 0.9903017
vn 0.45523423 0.47154373 0.7552539
vn 0.96162933 0.008156358 -0.27423084
vn 0.56279045 0.5121913 0.6487889
vn -0.8887413 0.3195662 -0.32865852
vn -0.8324514 0.47849083 -0.27941212
vn 0.7535898 0.5621361 -0.34074253
vn 0.7870046 0.5909517 0.17720015
vn -0.5183418 0.80252844 -0.29541466
vn -0.0031600392 -0.8247948 0.5654233
vn -0.01112588 0.099101506 0.99501514
vn 0.0061996807 0.09919489 0.9950487
vn 0.042870995 0.08195208 0.9957139
vn -0.04621103 0.08147862 0.9956032
vn -0.005999699 0.09919501 0.9950499
vn -0.030006032 -0.9568987 0.28886792
vn 0.35213515 0.6484634 0.67490447
vn -0.36000597 0.8523965 -0.37923056
vn -0.0720885 0.96878785 0.23717783
vn 0.06254259 0.80090785 -0.59551245
vn -0.32461107 0.86215836 -0.38898674
vn 0.21826531 0.8241961 0.5225525
vn 0.0051400308 0.9536063 -0.3010127
vn -0.08618303 0.9634189 0.25376454
vn 0.23151861 0.92761064 -0.29315144
vn -0.071824744 0.7483277 0.6594292
vn 0.19859827 0.7848239 -0.587035
vn -0.6531998 -0.75707793 0.012769988
vn -0.045202155 -0.99894744 -0.007800371
vn 0.045202155 -0.99894744 -0.007800371
vn 0.6531998 -0.75707793 0.012769988
vn -0.8035251 0.5909591 0.07151691
vn 0.9283594 -0.00029998692 0.37168375
vn 0.82412076 0 0.5664142
vn -0.8881667 -0.00016995492 0.45952135
vn 0.81074977 0.58112746 0.070538305
vn -0.80630195 0.5893014 0.051000126
vn 0.69637686 0 0.7176763
vn -0.6963769 0 0.7176762
vn 0.8201874 0.5719912 0.0108998325
vn -0.9913792 -0.119287804 -0.054201968
vn 0.8861167 0.42016944 0.19558829
vn 0.8626765 0.16778567 0.47711354
vn -0.85305154 0.3651678 0.37276748
vn 0.99121755 -0.12260892 -0.04954824
vn -0.75208855 -0.50213546 0.42687547
vn -0.8741086 -0.48080468 -0.069000676
vn -0.92419 0.32749927 0.19651239
vn -0.21870776 0.30611083 0.92653286
vn 0.15129425 0.47338197 0.867767
vn 0.92419 0.32749933 0.19651245
vn 0.8418913 -0.5073817 0.18380107
vn -0.9615977 -0.02208744 0.27357292
vn 0.9615984 -0.02205271 0.27357325
vn -0.9897271 0.13791488 0.03768219
vn -0.11089547 0.3865842 0.9155626
vn 0 0.39040434 0.92064357
vn 0.12810197 0.4094064 0.9033141
vn 0.99080503 0.12947422 0.03926718
vn -0.94770104 0.31730035 -0.034400046
vn -0.8260062 0.56260425 0.034500256
vn 0.8939047 -0.043900233 0.44610235
vn 0.67016417 -0.034190517 0.7414251
vn -0.74959993 -0.039028034 0.66073966
vn 0.8974682 0.4410464 -0.005363159
vn -0.56979847 0.8206332 0.043487214
vn -0.13159834 0.9899565 0.05165409
vn -0.36391053 0.9314263 -0.0037595395
vn 0.8691117 0.13960186 0.47450632
vn -0.084673405 -0.3870152 0.9181774
vn 0.5152868 -0.5414862 0.66428316
vn -0.54120624 -0.34040397 0.7689089
vn -0.5069915 -0.8573856 -0.08859852
vn -0.7140603 0.100601085 0.69281846
vn 0.36391053 0.9314263 -0.0037595395
vn 0.07570233 0.9959306 0.048901502
vn 0.39132208 0.91841495 0.058147676
vn 0.7056106 0.7069105 0.048900735
vn -0.5721748 0.8086469 0.13677035
vn 0.4652331 0.11147914 0.87814045
vn -0.78888035 0.34290934 -0.50998133
vn 0.06703214 0.12742704 -0.9895803
vn -0.391514 -0.016000573 -0.92003304
vn -0.71510315 -0.57950264 -0.3909017
vn 0.7151935 -0.57939476 -0.39089644
vn 0.6004142 0.05610133 -0.79771894
vn 0.36376652 0.82443506 0.43356752
vn 0.63657594 0.76998013 0.043609243
vn -0.57461095 0.7548316 0.3163093
vn -0.29838932 0.7538591 -0.58537203
vn 0.55058116 0.46708402 -0.69187635
vn 0.054199982 0.9021997 -0.42789984
vn -0.6992247 -0.19785735 -0.68697697
vn 0.7601823 -0.19190648 -0.6207212
vn 0.57461095 0.7548316 0.3163093
vn 0.26671836 0.8487109 -0.4566739
vn 0.23320884 0.7424282 -0.62802386
vn -0.23030049 0.7214016 -0.65310144
vn 0.83058625 0.5124915 -0.2178964
vn 0.4182873 0.77477646 -0.47408563
vn 0.8513814 0.49298924 0.1791961
vn 0.106802806 0.9940162 0.022910697
vn -0.3090732 0.9487865 0.06540544
vn -0.7271447 -0.686282 0.016661784
vn -0.04239799 -0.99905276 -0.009799536
vn 0.04239799 -0.99905276 -0.009799537
vn 0.7271447 -0.68628204 0.016661784
vn -0.7557896 0.6489445 0.0874822
vn -0.99642575 0.048301246 -0.0693018
vn 0.95632434 -0.00020000509 0.29230744
vn -0.3613086 -0.85812044 -0.3648087
vn 0.3613086 -0.85812044 -0.3648087
vn -0.3613086 -0.85812044 -0.3648087
vn 0.32799265 -0.87370414 -0.35925198
vn 0.9964189 0.04830091 -0.06940131
vn 0.75468105 0.652675 0.066872686
vn -0.8650697 0.5002933 0.036892273
vn -0.4005144 0.8276296 -0.39321414
vn -0.25784227 0.8705222 0.41917583
vn -0.01730212 0.58806145 0.8086313
vn -0.19470985 0.0047002374 -0.9808496
vn 0.97586757 0.21813898 -0.009885185
vn 0.5461285 0.8351042 0.06591313
vn -0.933785 0.1265794 0.33469877
vn -0.030300487 0.44900718 0.8930143
vn 0.985474 0.15399593 -0.071598105
vn -0.95760256 0.28662622 0.029031381
vn -0.075442016 0.9741315 -0.21301702
vn -0.49207804 0.6983825 0.5197317
vn 0 0.7909756 0.61184776
vn -0.4659452 0.68337363 0.56204575
vn -0.8945744 -0.4282878 -0.12769635
vn -0.13836908 0.53497595 -0.8334595
vn 0.026400229 0.4688041 0.8829076
vn 0.93378496 0.1265794 0.3346987
vn -0.46266463 -0.7038712 -0.53898674
vn -0.83701944 -0.5264488 -0.14916492
vn -0.06320075 0.4104048 0.9097107
vn 0.9455864 0.25499633 -0.20209706
vn -0.67525136 -0.3600585 -0.6437339
vn 0.7839026 0.40421873 -0.4712792
vn -0.3070913 0.6087812 0.73149186
vn 0 0.563431 0.8261632
vn 0.2699697 0.3857761 0.88220924
vn -0.47921476 -0.3404221 -0.80899066
vn 0.81408584 -0.07917864 -0.5753216
vn -0.78651017 0.616008 0.04400057
vn 0.054301225 0.44291002 0.8949202
vn -0.32120743 -0.33965158 -0.88400376
vn 0.7117439 -0.6295583 -0.31157157
vn -0.9972974 0.061299838 0.04049989
vn -0.5944431 -0.031033989 0.8035386
vn -0.7134792 0.3566114 -0.60313827
vn 0.110221125 0.33841676 0.93451893
vn -0.00014830493 0.31457096 0.9492339
vn -0.104099184 0.27354482 0.9562095
vn 0.099467 0.19078681 -0.9765791
vn -0.756952 0.34519377 -0.5548558
vn 0.10409929 0.2735448 0.9562095
vn 0.0001140594 0.31457105 0.94923395
vn 0.1049231 0.36446917 0.9252855
vn 0.0028229284 0.41216397 -0.9111053
vn 0.9942908 0.044860512 0.09681476
vn 0.9478423 -0.037601672 0.31651407
vn -0.34894902 0.41128922 -0.8420664
vn 0.09111542 0.07936145 0.992673
vn -0.00026540452 0.13574122 0.99074435
vn 0.31660867 0.8987812 0.3032348
vn 0.711049 0.6584142 0.24677926
vn -0.928248 0.13018677 0.3484352
vn 0.06399248 0.09545959 0.9933743
vn 0.00023243955 0.1357412 0.99074435
vn 0.015584065 0.13062656 0.9913092
vn 0.37079915 -0.6357927 -0.6769606
vn -0.94748646 -0.040699422 0.3171955
vn -0.4549473 -0.19236591 -0.8694931
vn 0.24490099 0.22277717 0.9436068
vn 0.00127597 0.2396822 0.9708505
vn -0.24487565 0.20844774 0.94688207
vn 0.9524851 -0.049374945 -0.30055645
vn 0.35040388 -0.5385059 -0.7663084
vn -0.20321636 -0.9790859 0.00969561
vn 0.22016199 0.27499065 0.9359001
vn -0.0012759706 0.23968223 0.9708505
vn -0.214315 0.28173992 0.9352496
vn 0.6816108 -0.73062706 0.03988332
vn 0.5816953 -0.76322854 0.28126994
vn 0.8979782 0.2808928 0.33872467
vn -0.58979666 0.030834349 0.80696285
vn 0.004125542 0.12927105 0.99160075
vn 0.25356776 0.16286959 0.9535077
vn -0.028009132 0.18272117 0.98276573
vn -0.36217877 0.21301922 0.907441
vn 0.68263716 -0.46080643 -0.56715435
vn 0.15694647 0.3091065 -0.9379877
vn 0.33337936 0.05867238 0.9409653
vn 0.08321903 0.13193344 0.9877591
vn 0.003530186 0.1069393 0.9942593
vn -0.18501426 -0.06226282 0.98076147
vn -0.24369714 0.3737745 0.8949326
vn 0.6909906 0.71839756 0.08023051
vn -0.8296658 0.42546725 0.36143106
vn -0.6150825 0.78805834 0.025250614
vn -0.045372095 0.6587515 0.75099117
vn -0.18403533 0.32738227 0.9267965
vn -0.25205907 -0.016848112 0.9675652
vn 0.6809072 -0.27946025 0.67695445
vn 0.18636525 0.3197374 0.9289973
vn -0.10068721 0.50580746 0.8567502
vn -0.10407916 0.48225778 0.8698247
vn -0.20505509 0.264183 0.94242233
vn -0.15332982 -0.048342552 0.9869919
vn 0.14178687 0.307959 0.94077504
vn 0.15213335 0.54764754 0.8227622
vn 0.61503863 0.7880918 0.02527455
vn -0.86193216 -0.5050469 0.044727128
vn -0.27653548 0.07464545 0.9581004
vn -0.029906185 0.16984288 0.9850173
vn 0.28169018 0.12847582 0.9508651
vn 0.27070126 0.02164797 0.96242
vn -0.27642506 0.073541455 0.95821756
vn -0.029863786 0.1940259 0.98054177
vn 0.276536 0.07461987 0.95810217
vn 0.8465448 -0.5305006 0.043943442
vn -0.35390967 0.9299341 -0.099853106
vn -0.5283097 0.84781563 -0.04580084
vn -0.0042621554 -0.9348917 0.3549076
vn 0.23716871 0.57251096 0.7848453
vn -0.23709549 0.5725215 0.7848598
vn -0.034672007 -0.9849017 0.1696061
vn 0.4425152 0.8076755 0.38966724
vn 0.39402318 0.9182784 -0.038863916
vn -0.34219465 0.9348854 -0.094298534
vn -0.11544031 0.9909374 -0.06867808
vn 0.04500111 0.9955245 -0.08310205
vn -0.3145069 0.94389904 -0.10069753
vn -0.061150543 0.9976357 -0.031362228
vn -0.00779672 0.9997679 -0.020084634
vn 0.34585482 0.93097955 -0.11688261
vn 0.17381169 0.9795876 -0.10098345
vn -0.04709967 0.99579304 -0.07859945
vn 0.21254851 0.97422236 -0.07558998
vn -0.9998017 -0.010700018 0.016800027
vn 0.9998017 -0.010700018 0.016800027
vn -0.76950336 0.6319912 0.09193304
vn 0.05461276 0.95364326 0.29594246
vn 0.98876256 0 0.14949435
vn -0.9999943 0.0024999857 -0.0022999868
vn -0.6036911 0.7281068 0.32468048
vn 0.572564 0.79109687 0.21525855
vn -0.9812494 0.0007452098 0.19274113
vn -0.08720344 0.9645499 0.24907617
vn 0.9361586 0.33434403 0.10872514
vn 0.5111089 0.8571149 0.06420112
vn -0.9342231 0.32954302 0.13648593
vn 0.0040999316 0.51499134 0.85718566
vn -0.44969052 0.71598494 0.53398865
vn 0.60339665 0.76159585 -0.23639868
vn -0.44969052 0.715985 0.5339887
vn 0.6033967 0.7615958 -0.23639873
vn -0.0075997603 0.6194805 0.78497535
vn 0.9538318 0.2579794 0.15379047
vn 0.69838023 0.7146799 0.03869891
vn -0.99185556 -0.12611653 0.017809361
vn -0.45168823 0.49567387 0.7418121
vn -0.23298755 0.91130084 0.3394813
vn 0.0008321567 0.8392293 0.543777
vn 0.044831995 0.8427294 0.5364675
vn 0.009105251 0.4931521 0.86989546
vn 0.057733074 0.6668514 -0.742951
vn -0.09152447 0.44643602 0.89012253
vn -0.45402646 0.40137944 0.7954587
vn -0.0008321559 0.83922917 0.54377705
vn 0.24228498 0.7770313 0.58096504
vn 0.81810254 0.57093 0.06890028
vn 0.9908423 -0.1349352 0.0049128165
vn 0.93111956 0.34336203 -0.12295884
vn -0.99822783 -0.039254647 -0.04472424
vn 0.2802597 0.31126273 0.90805835
vn 0.00014181068 0.33321473 0.9428509
vn -0.28829083 0.280221 0.9156225
vn 0.15807047 0.24605943 0.9562785
vn -0.19760983 0.7965126 -0.57141757
vn -0.99706954 0.063727774 0.04232247
vn 0.23085853 0.33766854 0.9125154
vn -0.0006178067 0.33321464 0.94285077
vn 0.011387532 0.5534974 0.8327731
vn -0.7997901 0.46380508 -0.3810783
vn -0.8752205 0.4834113 0.017400406
vn -0.99884087 0.045801874 0.014800604
vn -0.55246043 0.548301 0.62781644
vn 0.66726804 0.22487074 0.7100609
vn -0.000000000323715 0.36391288 0.931433
vn -0.6602442 0.22695856 0.7159381
vn 0.4105479 0.5657053 0.7151418
vn -0.82776034 0.37303063 0.4191191
vn -0.011261162 0.47599038 0.8793784
vn 0.6602441 0.22695853 0.71593815
vn 0.0000000003237235 0.3637224 0.9315074
vn -0.5975594 0.32619715 0.7324739
vn 0.8292244 0.40113807 0.38919806
vn 0.99905604 0.039398264 0.018299194
vn -0.99141157 0.12938333 0.019058013
vn 0.9829254 -0.07230186 0.16920435
vn 0.12750006 0.6555745 0.74428874
vn -0.40907472 0.42445385 0.8077727
vn 0.23405337 0.8782462 0.41701648
vn 0.24566671 0.56082493 0.7906474
vn -0.16898759 0.5504666 0.8175755
vn -0.9829255 -0.07230187 0.16920438
vn 0.9918474 0.124370344 0.027763914
vn -0.9236431 0.38247713 -0.024384236
vn -0.7749405 0.632033 -0.0013000679
vn 0.88108945 0.47265327 -0.01674384
vn -0.49407086 0.86900985 0.026757216
vn -0.14993633 0.9879549 0.038267653
vn -0.5915595 0.80561274 -0.032334134
vn 0.910744 0.3399157 0.23452662
vn -0.9421875 0.19189745 0.27469635
vn 0.16185847 0.98550606 0.05079104
vn 0.09279684 0.9950662 0.03509881
vn 0.3080926 0.9505602 0.03891261
vn 0.5774244 0.8162346 0.018500784
vn -0.21841945 0.9732909 0.07069441
vn 0.21837825 0.97330284 0.070656836
vn -0.7260118 0.6855112 -0.054600887
vn 0.7201209 0.69242007 -0.04450129
vn -0.3310302 -0.9436011 -0.0059942123
vn 0.051200528 -0.9986102 -0.012500129
vn 0.53337055 -0.8458815 -0.00050344126
vn -0.9212341 0.386609 0.043143082
vn -0.62259376 0.7787918 0.07655354
vn -0.999811 0.016100176 0.01090012
vn 0.99981105 0.016100178 0.010900119
vn -0.99981105 0.016100178 0.010900119
vn 0.999811 0.016100176 0.01090012
vn 0.70802677 0.70019144 0.091815546
vn 0.7672324 0.639874 0.043767344
vn -0.84995407 0.5263164 0.023854498
vn -0.92002785 0.36464146 -0.14347601
vn 0.74784076 0.5694367 0.34128562
vn -0.99798775 -0.031899612 0.054799333
vn -0.7780014 0.57520103 -0.25270045
vn 0.78441834 0.1964046 0.5883138
vn 0.9979877 -0.03189961 0.054799326
vn 0.93040055 0.36430022 0.040500022
vn 0.7699083 0.63810694 0.0078000845
vn -0.9039985 -0.41889933 -0.08549985
vn -0.91883504 0.14710224 -0.366201
vn 0.052373786 0.96174717 -0.2688856
vn 0.0003765348 0.9856389 -0.16886613
vn -0.15876067 0.9575345 -0.24067132
vn -0.8003797 0.55436236 -0.22819898
vn -0.52426326 0.84486234 -0.10656212
vn 0.78630096 0.59266925 -0.17456725
vn -0.011808713 0.9496967 -0.3129485
vn -0.0003765346 0.9856389 -0.16886614
vn -0.09324428 0.9540973 -0.28461203
vn 0.9665912 -0.20778215 -0.15009414
vn 0.903309 -0.42090416 -0.08290082
vn -0.8109003 -0.5717732 -0.124563724
vn -0.81986505 -0.561276 -0.11309518
vn -0.3614753 0.6672398 0.6512501
vn -0.7257362 0.6779436 -0.117044516
vn 0.52939993 0.18504818 0.82794493
vn -0.6178633 0.7558518 -0.21664037
vn -0.9770525 0.20662238 -0.051725868
vn 0.52550787 0.0878661 0.8462393
vn -0.80525655 0.43024215 0.40798712
vn 0.9833711 0.1811679 0.012628211
vn 0.8150632 -0.5689524 -0.10938583
vn -0.62350225 0.75680274 -0.19620073
vn -0.1567968 0.36229265 0.9187812
vn 0.15570438 0.3235091 0.93332636
vn -0.1567968 0.36229262 0.91878116
vn -0.5420818 0.26969096 0.7958732
vn -0.7648671 0.6425724 -0.045598038
vn 0.75678873 0.6528904 -0.031699535
vn -0.9320108 0.3622083 -0.01268838
vn -0.5481059 0.83640903 -0.000100001074
vn 0.18520617 -0.9820327 0.036201205
vn -0.11089691 -0.9872724 0.11399682
vn 0.526912 0.84991944 -0.0009000205
vn 0.9514971 0.30655685 0.02600767
vn -0.31078798 0.95046335 -0.005499787
vn -0.1562844 0.98748493 -0.021180583
vn -0.0017999654 0.9995807 -0.028899439
vn -0.35241383 0.93474627 -0.04531998
vn 0.4427072 0.8952146 -0.051000837
vn 0.254462 0.9658856 -0.048104394
vn 0.0017999654 0.9995807 -0.028899439
vn 0.20980625 0.9777416 -0.0016260177
vn -0.25909814 0.96449304 -0.051199626
vn -0.00009999718 0.99997187 -0.007499789
vn 0.26979613 0.9626863 -0.0210997
vn -0.97870106 -0.17850019 0.101400115
vn 0.97870106 -0.17850019 0.101400115
vn -0.97870106 -0.17850019 0.101400115
vn 0.97870106 -0.17850019 0.101400115
vn -0.9688477 0.24747235 -0.009561013
vn -0.82277435 0.3188603 0.47050017
vn 0.7493331 0.48998976 0.44543236
vn -0.66628146 0.36328396 0.6512248
vn -0.822981 0.18178745 0.5381965
vn 0.5427422 0.6958487 0.47034603
vn 0.9535852 0.20431991 0.22119786
vn 0.9648063 0.26288465 0.0063636093
vn -0.9766769 -0.20529513 -0.06289852
vn -0.6108216 0.2706782 0.7440633
vn 0.6836106 0.7197914 -0.12073433
vn 0.0024816378 0.9463624 -0.32309765
vn -0.6368564 0.76239 -0.11478426
vn 0.6921055 0.3581248 0.62668705
vn -0.23161384 -0.9320557 0.27861667
vn -0.6771974 0.6107366 0.41037112
vn -0.8939644 0.32655907 -0.30689886
vn -0.0025457172 0.97743386 -0.2112261
vn -0.5038933 0.83392626 -0.22507489
vn 0.16449758 0.8999682 0.40372974
vn 0.9783839 -0.20469663 -0.02939951
vn -0.980307 0.19691573 -0.014915193
vn 0.14807601 0.9796429 -0.13554773
vn 0.91776556 0.38807544 0.084283866
vn -0.8293973 0.557678 -0.033095747
vn 0.14427464 -0.33588243 -0.93078876
vn 0.7444255 -0.35893026 -0.5630273
vn -0.71665394 0.6820347 0.14572594
vn -0.55033505 -0.730361 -0.40460372
vn 0.56341594 0.82500225 0.043974828
vn -0.8046009 0.5937029 -0.011587744
vn 0.5953801 0.7915221 -0.13789614
vn 0 0.25099686 0.9679879
vn -0.2042911 0.9586941 0.1979164
vn 0.946397 0.22847033 0.22832859
vn 0.14263313 0.9324367 0.33199036
vn 0.99988204 -0.0060998905 -0.014099746
vn -0.7922116 0.6099089 -0.020300299
vn 0.7996204 0.59971535 -0.030800788
vn 0.4787472 0.87722373 0.035773996
vn -0.392988 0.9184346 0.045145925
vn -0.58180153 0.8132451 0.011796723
vn 0.9973391 0 0.07290286
vn -0.3837966 -0.8869922 0.25679773
vn 0 -0.43581712 0.9000353
vn 0.3838819 -0.8869581 0.25678787
vn -0.38388187 -0.8869581 0.25678787
vn 0 -0.4358171 0.9000353
vn 0.38388187 -0.8869581 0.25678787
vn -0.9973391 0 0.07290286
vn 0.5811317 0.81373286 0.0111695025
vn -0.99848837 0.049517255 -0.023854604
vn -0.9178906 0.38479605 0.09699901
vn 0.91789067 0.38479608 0.09699903
vn -0.91789067 0.38479608 0.09699903
vn 0.9178906 0.38479605 0.09699901
vn 0.99809676 0.055617426 -0.026639218
vn -0.8051947 -0.5766898 -0.13816833
vn -0.7530761 0.2815847 0.5946314
vn -0.12740213 0.97421616 -0.18620308
vn 0.80098945 0.34597835 0.48858446
vn 0.7989041 0.16523756 0.5783155
vn -0.8911571 -0.28821155 0.35039014
vn -0.742769 0.29442817 0.601337
vn -0.12740213 0.97421616 -0.18620306
vn 0.8393742 0.07237974 0.53871334
vn 0.734354 0.39458293 0.55229384
vn 0.80317396 -0.57999307 -0.13608697
vn -0.99910426 -0.042300176 -0.0012000051
vn -0.2574054 0.849162 0.4611576
vn -0.55660075 0.78617865 -0.26854965
vn -0.09815508 0.9951028 0.011657379
vn 0.35514483 0.9341301 -0.03568088
vn 0.3873097 0.3762492 0.8416814
vn 0.09671252 0.60821277 0.7878604
vn -0.7941135 0.09359287 0.60051984
vn -0.12087887 0.95552903 0.26898402
vn -0.013400707 0.9950062 0.09890964
vn -0.008200639 0.98962003 0.14347482
vn 0.79211825 0.32678464 0.5155196
vn 0.9992846 -0.037699416 0.0029999537
vn -0.99828655 0.056199245 -0.01629978
vn 0.99697727 -0.012999704 0.07659826
vn 0.99632 0.065401316 0.055401113
vn -0.2296709 0.7108827 0.66475326
vn 0.015862629 0.7232567 0.6903971
vn -0.9973645 0.034402575 0.0638793
vn 0.99829286 0.05199963 0.026599808
vn 0.999882 -0.00609989 -0.014099746
vn -0.9923636 0.12333986 0.0013941661
vn 0.9923848 -0.08679867 0.087398656
vn -0.99239343 -0.08679943 0.08729942
vn 0.9927215 0.12042598 0.0012986928
vn -0.98148715 0.19129749 0.009399875
vn -0.79361385 0.60801715 0.022184163
vn 0.988625 0.12380313 0.08540215
vn -0.988625 0.12380313 0.085402146
vn 0.88215417 0.47061566 0.018023621
vn -0.48790997 0.8726259 0.021634933
vn -0.15353091 0.9877215 0.028887173
vn -0.16471212 0.9852487 0.046420854
vn -0.35052747 0.93216515 0.09054563
vn 0.41480777 0.9098346 0.011637954
vn 0.39730912 0.9173916 0.023195796
vn -0.6872004 0.7263004 -0.015600008
vn 0.6891825 0.72458166 -0.0029999241
vn 0.04847875 0.9986746 0.017287768
vn 0.009450389 0.99993855 0.005800124
vn -0.002932051 0.99998605 0.0043999385
vn -0.036330912 0.99933356 -0.00355508
vn -0.44174874 -0.8971138 -0.0066955485
vn 0.050199308 -0.99868613 -0.010299858
vn 0.6595672 -0.7516364 -0.0037440353
vn -0.8962535 0.4432298 0.016643342
vn 0.9037523 0.42789513 0.011726896
vn -0.9161019 0.40090084 -0.0060000126
vn -0.5970193 0.05489438 0.80034655
vn 0.12593694 0.03243543 0.9915078
vn 0.31727058 0.29259378 0.90206885
vn 0.4811962 0.3123717 0.819069
vn -0.45030653 0.3093376 0.83757645
vn 0.18174338 -0.018899007 0.98316437
vn 0.6043309 0.065967195 0.7939978
vn 0.9148189 0.40310836 -0.024700513
vn -0.9027546 -0.41785693 -0.102125525
vn -0.58755296 -0.026970966 0.8087361
vn 0.00029051735 0.17409633 0.98472863
vn 0.8242745 0.020507736 0.56581885
vn -0.68303734 0.072953224 0.7267308
vn 0.00036698743 0.17472576 0.9846171
vn 0.7021035 0.04617222 0.71057636
vn 0.90277857 -0.4178045 -0.10212823
vn -0.36893263 0.73965806 0.5628452
vn 0.31860423 0.78695315 0.52839017
vn 0.019222775 -0.101927474 0.9946061
vn -0.31860423 0.78695315 0.52839017
vn 0.36893266 0.73965806 0.5628452
vn -0.7352192 0.6778177 -0.004000104
vn 0.7352192 0.6778177 -0.004000104
vn -0.5425185 0.8392286 0.03700126
vn 0.5214185 0.85303026 0.021500764
vn -0.30721036 0.95073193 0.0416014
vn -0.16962971 0.9852239 0.023655081
vn -0.032201163 0.998636 0.04110149
vn 0.00128331 0.9999023 -0.013920363
vn -0.2819059 0.9593201 0.015300321
vn 0.40281013 0.91528064 0.0023033912
vn -0.20446514 0.97868586 -0.019182075
vn 0.023399333 0.9991715 0.03329905
vn 0.21262796 0.97678137 0.026221503
vn -0.10559513 0.99305403 0.051897604
vn 0.06383371 0.99648803 0.054191563
vn -0.80073607 0.59692687 -0.050002243
vn 0.80172527 0.5960188 -0.04470141
vn -0.99651843 0.020999208 -0.0806857
vn 0.9917379 -0.06415611 -0.111085765
vn -0.92388016 0 -0.38268194
vn 0.70710564 0 -0.7071079
vn -0.48088315 0.87128687 -0.098033704
vn 0.57681954 0.8161846 -0.033496175
vn -0.922925 -0.045361247 -0.38229823
vn 0.6455042 -0.7538098 0.12286205
vn -0.9248542 0.12260028 -0.36001924
vn 0.7856798 0.60264856 0.13972047
vn -0.18180518 -0.978328 -0.09910283
vn 0.18210763 -0.97824115 -0.09940417
vn -0.02217364 -0.10271813 -0.99446326
vn -0.7846862 0.6198891 -0.0022999595
vn 0.78141147 0.624009 -0.0030000436
vn -0.4438779 -0.098223895 -0.89068764
vn 0.17610937 -0.026898868 -0.984003
vn 0.45324343 0.2321722 -0.8606197
vn -0.82520896 0.31606272 -0.468118
vn -0.5848049 0.16600138 0.79400676
vn 0.78800493 0.39945287 -0.46849298
vn -0.5149947 0.19147249 -0.8355351
vn -0.4124926 0.26782155 -0.8707018
vn -0.93003297 0.35930523 0.077062234
vn -0.031827673 0.9993537 0.01670969
vn 0.18519239 -0.98225945 -0.029498788
vn -0.13149971 -0.9888979 0.06919985
vn 0.6717077 0.73878133 0.054872118
vn 0.20898774 0.97584474 -0.06364853
vn 0.048814334 0.9940044 -0.0978385
vn -0.1613774 0.98438776 -0.07027255
vn -0.23972711 0.970756 -0.012801275
vn -0.71331936 0.6942188 -0.0961026
vn 0.9999912 0 -0.0041999626
vn -0.9999912 0 -0.0041999626
vn 0.71969634 0.69269645 -0.04699976
vn -0.97308964 -0.16946608 -0.15613395
vn -0.9568432 -0.2039877 0.20697808
vn 0.9707084 -0.16255583 -0.1769207
vn -0.6995073 0.696013 0.16203557
vn 0.1755209 0.918293 0.3548667
vn 0.5687497 0.8220397 -0.027827783
vn -0.99967515 -0.024199398 0.007999801
vn -0.82023144 0.36507133 -0.44038984
vn 0.21384963 0.5526637 -0.8055006
vn 0.87251586 0.3599806 -0.33034828
vn 0.99955225 -0.029898569 0.0011999428
vn -0.99935657 0.032198604 -0.015799314
vn 0.9526549 0.2169126 -0.2130673
vn -0.9583524 0.19204958 -0.21137103
vn 0.99990743 0.0135001 0.0017000125
vn -0.9937616 0.10989575 0.018999267
vn 0.98876864 -0.13199581 -0.07009778
vn -0.7187076 -0.6900942 0.08502532
vn -0.5741276 -0.80003077 0.17415006
vn 0.75695807 -0.42117596 -0.49962503
vn 0.60283905 -0.7969862 -0.037389036
vn -0.9903159 -0.12230197 -0.06570106
vn 0.995633 0.09160304 0.018000595
vn -0.9825294 0.18610556 -0.00090002693
vn -0.78395176 0.6208174 0.0023031505
vn 0.99348104 0.11399782 0.000099998084
vn -0.9901342 -0.0847063 -0.11162137
vn 0.84841114 -0.40501413 -0.34082568
vn -0.23973665 -0.16907093 -0.95600283
vn 0.685573 -0.122972555 -0.71754265
vn 0.7716764 -0.5331266 -0.34683046
vn -0.99109375 0.1286992 -0.034199785
vn 0.8780914 0.47849143 0.001192526
vn -0.08434955 -0.99557596 -0.041398775
vn 0.13937251 -0.8977978 -0.417773
vn -0.6014673 0.75700814 -0.25529534
vn -0.39087212 0.9109758 -0.1316888
vn -0.15200812 0.988119 0.022678183
vn -0.93428147 0.35337198 0.04739644
vn -0.65561044 0.6512502 -0.3821624
vn -0.27108598 0.6367009 -0.7218895
vn 0.27320158 0.46673155 -0.84114367
vn 0.91229707 0.18489593 -0.36541438
vn -0.44785678 0.8939928 0.01417955
vn 0.4061672 0.9134567 0.025002006
vn 0.5637911 0.80721825 -0.1747519
vn -0.08893557 -0.8970066 -0.43297762
vn -0.03108411 -0.9846411 -0.17180184
vn -0.9279843 -0.23636466 0.28805688
vn 0.6656296 0.006063845 -0.7462576
vn 0.17986524 0.88812685 -0.42294124
vn -0.7381356 0.014157192 -0.67450386
vn -0.14183083 0.7566864 0.6382082
vn -0.15405938 0.5134512 -0.8441763
vn 0.029054977 0.19367252 -0.98063594
vn 0.032160256 0.19427647 -0.98041946
vn 0.1432426 0.7571893 0.63729584
vn 0.7389603 0.01674007 -0.67354095
vn -0.3554963 0.93209034 -0.06949928
vn -0.7032466 0.117901884 -0.7011016
vn 0.31549928 -0.52337617 -0.7915413
vn 0.939788 -0.07420332 0.33360523
vn -0.4738187 0.83129656 0.290589
vn 0.6845402 0.41311738 -0.6006153
vn -0.8480547 0.44206864 -0.29219627
vn -0.15936881 0.7678299 0.620515
vn 0.6418454 0.7325603 0.22669376
vn -0.8108786 0.42239958 -0.4050364
vn -0.24699314 0.87011683 -0.42648694
vn 0.6705174 0.7185257 0.18473528
vn -0.55471385 0.83009094 0.056933854
vn -0.78145844 0.6035268 0.15836087
vn 0.18299943 -0.982697 -0.028599914
vn -0.12769996 -0.9894996 0.067699976
vn 0.5150153 0.85072535 0.105003126
vn 0.7840323 0.5853752 0.20646854
vn -0.32088867 0.94056684 0.11119608
vn -0.17203903 0.98050934 0.094890654
vn -0.030498823 0.9936617 0.10819582
vn 0.042646848 0.99634963 0.07394983
vn 0.02619553 0.9979336 -0.05867008
vn -0.0048784306 0.9999533 -0.008346511
vn -0.05176701 0.9984713 -0.019372217
vn -0.06559692 0.9929534 0.09869537
vn 0.02420103 0.99484235 0.0985042
vn 0.21485856 0.9715056 0.100063674
vn -0.43517527 -0.9003452 0.0010365223
vn 0.044098128 -0.9989575 -0.011799498
vn 0.6382897 -0.7697466 0.008744268
vn -0.98524827 0.15292104 -0.07681899
vn 0.50388855 0.007957521 0.863732
vn 0.81955415 0.011481707 0.57288665
vn -0.81955415 0.011481707 0.57288665
vn -0.50388855 0.007957521 0.863732
vn 0.98524964 0.15291172 -0.07681911
vn -0.9722215 -0.08617868 -0.21762036
vn -0.9107843 -0.2953971 -0.28846607
vn -0.14500451 -0.98853064 0.042201307
vn 0.96110475 -0.1266223 -0.24544741
vn -0.9993923 -0.034482036 0.0051234826
vn 0.9993118 -0.037059613 0.0015882702
vn -0.30962408 0.45847315 -0.83302784
vn -0.0027388402 0.50971353 -0.8603398
vn 0.68748444 0.28117323 -0.66955703
vn 0.5515085 -0.01167361 0.8340875
vn 0.88144875 -0.0046088477 0.47225738
vn -0.651162 0.13698341 -0.74647415
vn -0.16397646 0.3449269 -0.92419547
vn -0.13138513 0.27351 -0.9528537
vn 0.73985773 0.058456983 -0.6702189
vn -0.75774896 -0.0079936655 0.6524972
vn -0.61546654 0.15888463 -0.7719822
vn -0.06658332 0.3992309 -0.91442955
vn 0.10953704 0.23509574 -0.9657803
vn 0.7545052 0.28135484 -0.59292614
vn -0.22401693 -0.92507607 0.3066769
vn 0.537461 -0.84323925 0.009129826
vn 0.9137209 0.09361283 0.3954122
vn 0.10045164 0.17639485 -0.9791804
vn -0.0788509 0.26270244 -0.9616496
vn 0.8369023 -0.037465457 -0.5460685
vn -0.79468834 -0.43948102 0.41872063
vn -0.8766167 -0.13972166 0.4604572
vn 0.92002547 -0.14026754 0.36589357
vn 0.22140197 -0.7220065 0.65550584
vn -0.9137209 0.09361283 0.3954122
vn -0.0745001 -0.9607012 0.26740035
vn -0.06557696 -0.8584561 0.5086775
vn -0.11767563 -0.5248071 0.843048
vn -0.30806774 0.42938605 0.8489534
vn 0.14307809 0.559591 0.81632507
vn -0.14893891 0.021284372 0.98861736
vn -0.1471289 0.8337452 0.53218615
vn 0.29808497 0.7524066 0.5873922
vn 0.27612847 0.005083262 0.9611073
vn 0.23186284 0.907925 0.34915873
vn -0.35517314 0.15802304 0.92134726
vn 0.27550495 0.17270139 0.94565916
vn 0.10266324 -0.7665904 0.6338765
vn 0.029776659 -0.9871694 0.15687539
vn -0.46394864 0.08960859 0.8813183
vn 0.26380548 0.23602569 0.9352532
vn 0.22995272 0.92053175 0.31582126
vn -0.34443054 0.7326496 0.58701974
vn -0.24519421 0.78068155 0.5748182
vn -0.48135072 0.48418954 0.73065865
vn -0.066263996 0.030407129 0.9973387
vn 0.203884 0.24459027 0.94794875
vn 0.66239804 0.7369978 0.1343996
vn 0.34395006 0.72517073 0.5965113
vn -0.34760556 0.84261346 0.41130653
vn -0.5115271 0.5647301 0.6476263
vn 0.29069963 0.08343729 0.95316947
vn -0.18319221 0.7558679 0.6285733
vn 0.052601483 0.6435181 0.76362145
vn -0.6369649 0.762358 0.11439369
vn 0.6359099 0.76331186 0.113901764
vn 0.068478316 0.710426 0.7004326
vn -0.6513909 0.6985215 0.296239
vn -0.42890927 0.8369182 0.3400074
vn 0.14309964 -0.98219746 -0.1216997
vn -0.11554761 -0.993198 0.01437124
vn 0.77779615 0.45702347 0.43146554
vn 0.46870288 0.8736834 0.13036485
vn -0.3992971 0.8819936 0.25029817
vn -0.19213045 0.96416396 0.18295854
vn -0.0027297908 0.9892274 0.14636081
vn 0.008699692 0.9931648 0.11639587
vn -0.0028000325 0.99261177 0.121301405
vn 0.0016923503 0.992539 0.1219165
vn -0.007700003 0.9929004 0.11870004
vn -0.037301514 0.98984003 0.13720554
vn 0.060600806 0.9847132 0.16330218
vn 0.23812687 0.9505799 0.19923225
vn 0.99997663 0 0.0068484573
vn -0.99997663 0 0.006848458
vn 0.9183278 0.3916755 0.05713509
vn -0.9183277 0.39167565 0.057135094
vn -0.741248 -0.39697218 -0.541262
vn 0.6753987 -0.34589934 -0.6512988
vn -0.7727212 -0.07409927 -0.6304056
vn -0.05010323 -0.18409593 -0.9816305
vn -0.69812477 -0.15275365 -0.6994913
vn 0.000010313236 -0.9166784 -0.39962557
vn -0.38267076 -0.8469088 -0.36920008
vn 0.56639344 -0.17138909 -0.80611676
vn -0.06165346 -0.30055398 -0.95176995
vn 0.7727212 -0.07409927 -0.6304056
vn -0.70412916 0.21648848 -0.6762654
vn -0.15665981 0.19676673 -0.96785355
vn 0.3052155 0.48729923 -0.8181582
vn -0.45182425 0.45298788 -0.7685421
vn -0.102216676 0.96274847 0.250334
vn -0.49444884 0.813334 -0.3066076
vn 0.5967563 0.31767103 -0.73686296
vn -0.85116124 -0.3987615 -0.34134132
vn -0.3061868 -0.39698973 -0.8652449
vn 0.022325696 0.064581566 -0.99766266
vn 0.031196801 0.16727315 -0.98541695
vn 0.49427104 -0.38102183 -0.7813569
vn 0.38093188 -0.88231605 -0.27642205
vn -0.04179009 0.2284499 -0.9726584
vn 0.76295096 0.37844834 -0.52410173
vn -0.17342561 0.978469 -0.11190131
vn 0.7208165 0.68615234 -0.09807392
vn -0.019828187 0.31313738 -0.9495008
vn 0.048171952 0.22679432 -0.97275066
vn -0.283142 -0.8738214 0.39530587
vn -0.001013103 -0.62367165 -0.78168577
vn -0.17237021 0.2633275 -0.9491824
vn 0.30874148 -0.7736408 -0.55331606
vn -0.9537158 -0.2845901 0.09713111
vn -0.037221126 0.21637349 -0.97560096
vn 0.21368842 0.25997198 -0.941675
vn -0.2511894 0.15367836 -0.95566034
vn 0.19970036 0.204899 -0.9581942
vn -0.027266437 0.19217128 -0.98098254
vn 0.37800944 0.46679538 -0.7995067
vn -0.5290533 0.83919287 -0.12592845
vn -0.70022166 0.7011216 0.13460414
vn -0.70351 0.69811 0.1331019
vn -0.032579746 0.6105958 -0.7912719
vn -0.017617987 0.3938298 -0.9190145
vn -0.024204705 0.3620436 -0.9318469
vn 0.03915814 0.28890258 -0.9565572
vn -0.34329852 0.55626327 -0.75678086
vn 0.062791094 0.31074733 -0.9484162
vn 0.09739819 0.126404 -0.9871857
vn 0.4549051 0.89050996 -0.0073000826
vn 0.6939398 0.7063391 0.1397596
vn -0.6504213 0.7486246 0.12850422
vn -0.566501 0.7939015 0.2209004
vn 0.56549704 0.7932958 0.22559883
vn 0.63967454 0.75676996 0.13459465
vn -0.3633753 0.8882549 0.28100094
vn -0.5168064 0.80073255 0.30288342
vn 0.05737554 -0.9983086 -0.009379325
vn 0.057100892 -0.9960156 -0.06850108
vn -0.03434365 -0.99899566 -0.028777843
vn 0.20993438 0.9507794 0.22791699
vn 0.6101049 0.635425 0.4732939
vn -0.22099528 0.9282802 0.29909363
vn -0.07122613 0.9643232 0.25496548
vn -0.003899987 0.9783967 0.20669931
vn -0.0050000893 0.9785175 0.2061037
vn 0.0030650937 0.9775228 0.21080755
vn 0.0037999891 0.9783972 0.20669939
vn 0.013999428 0.97276026 0.23139055
vn 0.12540506 0.9529383 0.27601108
vn 0.23460121 0.92150486 0.30950162
vn -0.9777879 0.20786268 0.026905563
vn -0.46145612 0.8869052 0.021389434
vn -0.06690274 -0.9973409 -0.028901184
vn 0.06690274 -0.9973409 -0.028901184
vn 0.7565506 0.6534082 0.0262454
vn -0.981534 -0.18601157 0.044615857
vn 0.99576175 0.02065844 0.0896202
vn -0.9957618 0.020658445 0.08962021
vn 0.9812948 -0.18436445 0.055410784
vn -0.98309034 -0.17911166 0.03810861
vn -0.9978824 -0.0601138 0.024838476
vn 0.9927739 -0.114740685 0.035138547
vn -0.069204055 -0.7740453 -0.62933683
vn 0.007899791 -0.73998034 -0.6725821
vn -0.88403213 -0.10205022 -0.4561501
vn -0.09160046 -0.7490038 -0.6562032
vn -0.779611 -0.4377061 -0.4479063
vn 0.77138364 -0.39519167 -0.49878946
vn -0.0995972 -0.6298823 -0.77027833
vn 0.88403237 -0.10204985 -0.4561498
vn -0.950996 0.30119875 -0.069899715
vn -0.48228568 -0.8441557 -0.2340973
vn 0.7207504 -0.67669976 -0.15032022
vn 0.95099604 0.30119875 -0.06989971
vn 0.7041093 0.2706036 0.65650874
vn -0.9341432 0.34709567 0.08307289
vn -0.9393635 0.179993 0.29188862
vn -0.3785527 -0.9248453 -0.03686559
vn 0.7077385 -0.70463836 -0.050902776
vn -0.72073555 0.6767154 0.15032145
vn 0.855378 0.49386463 0.15628858
vn 0.07210615 -0.9964954 -0.042398285
vn 0.9397913 0.32028356 0.11920914
vn -0.70410943 0.2706036 0.65650874
vn -0.33830392 0.9409784 0.010492048
vn 0.50285614 0.86335456 0.04188986
vn 0.48075628 0.8588276 0.17688608
vn 0.21445088 0.92948085 -0.300127
vn 0.96801245 0.24718079 0.043053515
vn -0.41447356 0.7558512 -0.50685376
vn 0.37435275 -0.86645186 -0.3303346
vn -0.8209299 0.46087438 -0.33714822
vn 0.55772054 0.6921934 -0.4580571
vn -0.9869224 -0.13818647 0.082998686
vn -0.45544326 0.8831597 -0.112252094
vn 0.8834872 0.46702412 0.036589697
vn -0.21666504 0.9683771 0.12370166
vn -0.30918935 0.91272044 -0.26710197
vn -0.97829354 0.1905134 0.08152621
vn 0.24246837 0.9701445 -0.0053690616
vn -0.63889533 0.7464947 0.18589869
vn -0.5763184 0.785925 0.22400714
vn -0.71610594 0.5875767 0.3767572
vn 0.2252256 0.96645117 -0.12347311
vn -0.6485335 0.7610079 0.01647114
vn 0.3417585 0.9381826 -0.054904003
vn -0.38180947 0.9242127 0.0072412645
vn -0.0639726 0.9825563 0.17461543
vn 0.24694462 0.95688003 0.1529673
vn 0.43355626 0.8864018 0.16223688
vn 0.577091 0.7847877 0.22599645
vn 0.60931486 0.75991845 0.22640552
vn -0.48821113 0.8170186 0.30680704
vn 0.48821113 0.8170186 0.30680704
vn -0.59704965 0.53839284 0.59469724
vn -0.44307378 0.6493985 0.618035
vn -0.34504184 -0.41003317 0.8442861
vn 0.042947352 -0.9977673 0.051146585
vn -0.014699347 0.94635797 0.32278565
vn 0.00988631 0.9461817 0.32348508
vn -0.019213982 0.9962179 -0.08473914
vn 0.11701094 -0.82809174 0.54824483
vn 0.38961995 0.5644898 0.7277003
vn 0.5406534 0.52620083 0.6563586
vn 0.37079057 0.88597745 0.27849287
vn -0.9250046 0.3799297 -0.00444852
vn -0.8226148 0.56844366 -0.013294576
vn -0.10439601 -0.99386215 -0.036598604
vn 0.104396015 -0.99386215 -0.036598608
vn 0.8764528 0.48140085 -0.0091524925
vn -0.7397005 0.65697706 -0.14568585
vn -0.7553998 0.61729985 -0.21979994
vn 0.68034357 0.62484 -0.38302454
vn 0.60625947 0.7783836 -0.16299796
vn 0.9904165 -0.13786094 -0.00833945
vn -0.8800926 -0.44094163 0.17608923
vn -0.17572537 0.5588172 -0.810459
vn -0.41159075 0.25427645 -0.87517804
vn 0.5210788 -0.12501816 -0.84430283
vn 0.8861442 -0.4360145 0.15697092
vn -0.87723315 -0.28028604 0.38974556
vn -0.23361829 -0.48489216 0.84279424
vn -0.060303487 -0.34692004 -0.9359541
vn -0.62342906 -0.11660544 -0.7731361
vn 0.55589086 -0.17839707 -0.8118867
vn -0.029101094 -0.25900972 -0.9654362
vn 0.86151487 -0.29296976 0.4146816
vn -0.8593439 -0.097514965 0.5020147
vn -0.7376311 -0.21673895 -0.6394721
vn -0.6671412 -0.45948535 -0.586341
vn -0.09600258 -0.7192194 -0.6881185
vn -0.55718553 -0.53068626 -0.6386834
vn 0.65140915 -0.3142044 -0.6906097
vn -0.15429804 -0.52549326 -0.83668935
vn 0.79018354 -0.33121917 -0.5156587
vn 0.8622384 -0.097378075 0.49705377
vn -0.98639446 0.018182809 0.16338727
vn -0.002415892 -0.0074736616 0.9999691
vn -0.97039515 0.24149881 0.003399983
vn 0.97039515 0.24149881 0.0033999833
vn 0.9400081 0.015935706 0.34077975
vn -0.843554 0.14636573 0.51671433
vn 0.20513907 0.11658639 -0.9717641
vn 0.84746236 0.14875181 0.50958854
vn -0.62212116 0.2502451 0.74185085
vn -0.52819467 0.7999788 0.28468296
vn -0.9521285 0.039701194 0.30310905
vn -0.2542422 -0.90164787 0.34984577
vn 0.65522593 -0.71676034 0.23860769
vn -0.000000035906808 -0.9363244 0.35113627
vn 0.9521285 0.03970119 0.3031091
vn -0.48712403 0.44400823 0.7520418
vn 0.6268856 0.6059396 0.48974654
vn -0.3952721 0.8991092 0.18804976
vn -0.10903243 0.9918143 0.06645463
vn -0.14084317 0.40669975 0.90263975
vn 0.84590364 0.2636822 0.46359313
vn -0.4189197 0.89914167 -0.12669113
vn 0.05953271 -0.2502081 0.96636003
vn -0.6549586 0.48443457 0.579959
vn 0.575941 0.6639224 0.4769685
vn -0.9370529 0.1924301 0.2913804
vn -0.286122 0.9193768 0.26996407
vn -0.051376287 0.9333021 0.35539806
vn 0.24093595 0.914799 0.32418016
vn 0.62141144 0.70982033 0.33166683
vn 0.00053524936 0.24411626 0.96974576
vn -0.15292144 0.9874031 -0.04062032
vn 0.69289273 0.6914927 0.20429784
vn 0.39527002 0.89910746 0.18806264
vn -0.47704205 0.816841 0.32434806
vn -0.00000094981226 0.83622897 0.54838043
vn -0.681262 0.6146657 0.39757782
vn 0.24399531 0.8100496 0.53318477
vn -0.26134318 0.9472647 0.18544388
vn -0.041514527 0.95424664 0.29612485
vn 0.19745012 0.94707185 0.25311726
vn 0.48061365 0.8157616 0.32178178
vn -0.3957843 0.84216315 0.36621824
vn 0.39342716 0.84330875 0.3661222
vn -0.23515107 0.9137137 0.33140787
vn -0.1880048 0.91450185 0.3582464
vn -0.26073328 -0.4477936 0.85527706
vn -0.15860859 0.40874568 0.8987604
vn -0.44767642 0.815042 0.36782092
vn 0.14255278 -0.30811295 0.9406089
vn 0.09989543 0.90705854 0.40898132
vn 0.18493783 0.91 0.37107676
vn 0.27079546 0.88718516 0.37359378
vn -0.8925688 0.44961166 -0.034207452
vn -0.9988717 -0.031137627 -0.0358596
vn 0.119799234 -0.9926937 -0.0143999085
vn 0.88065064 0.4725792 -0.033516053
vn -0.9982452 -0.008761273 -0.058564663
vn 0.006430432 0.8399206 -0.54267114
vn 0.19977471 0.7190089 -0.66566986
vn 0.9959619 0.032623768 -0.083638676
vn 0.99203855 -0.12593323 -0.00054258696
vn -0.99037045 -0.13329601 0.037398882
vn -0.95926464 -0.015669825 -0.28207436
vn -0.13619816 -0.10419859 -0.9851867
vn -0.07099845 -0.09669788 -0.99277836
vn 0.87265325 0.038565014 -0.48681518
vn 0.99157673 -0.12810865 0.019073214
vn -0.99414027 -0.100304075 0.04030163
vn -0.96828675 0.06916981 -0.24007572
vn 0.9705183 0.042740013 -0.23720792
vn 0.9941443 -0.10030448 0.040201787
vn -0.9968604 -0.069897234 0.03719852
vn -0.9771457 0.19500913 0.084603965
vn 0.97714573 0.19500913 0.08460396
vn 0.99747026 -0.06439808 0.0300991
vn -0.749448 -0.38344657 -0.5397188
vn 0.060801923 0.65901583 -0.7496674
vn 0.24323283 0.42638686 -0.87122434
vn -0.9977811 0.06569876 0.010799795
vn 0.99740887 0.07120062 0.0103000915
vn -0.9465861 0.31768045 -0.055261623
vn -0.87407166 0.35410795 0.33257556
vn 0.87407166 0.35410795 0.33257556
vn 0.9676249 0.24526909 -0.059541643
vn -0.8403366 0.44320512 0.31209543
vn 0.0066993292 0.9996205 0.0267206
vn -0.37697574 0.926212 -0.0045487112
vn 0 0.99497765 0.10009776
vn 0.3827521 0.9233368 0.03082104
vn -0.4236157 0.56574637 0.70744675
vn -0.11034845 0.6606627 0.7425282
vn 0.29398343 0.56559885 0.77050096
vn 0.6639199 0.38492924 0.64112383
vn -0.14645809 0.9891068 -0.014760477
vn 0.7121754 0.63153875 0.306537
vn -0.40461186 0.83602446 0.3706108
vn 0.39799848 0.8371967 0.37509856
vn -0.3084101 0.8628283 0.4005131
vn -0.25430807 0.8730277 0.4161132
vn 0.2798145 0.8689714 0.40815747
vn -0.061899044 0.9225857 0.38079414
vn -0.031699937 0.9160981 0.39969915
vn 0.19414866 0.68930644 0.69797045
vn 0.052901223 0.9273214 0.37050855
vn 0.11469584 0.9233665 0.36638677
vn -0.74071807 0.6093793 -0.2828317
vn -0.6388004 0.717226 -0.27842557
vn -0.13838741 -0.9901804 0.01979102
vn 0.34501117 -0.8731601 -0.34432346
vn 0.83973485 0.50301194 -0.20450999
vn 0.5350908 -0.10697898 -0.8379937
vn -0.9800247 -0.005593291 -0.1987975
vn 0.8304099 -0.114033215 -0.54535836
vn 0.42127684 0.10003107 -0.90139866
vn -0.9443779 -0.2522171 -0.21103732
vn -1 0 0
vn 1 0 0
vn 0.6256747 -0.41772163 -0.6588168
vn -0.66603047 -0.04229781 -0.7447242
vn -0.7776701 -0.00985239 -0.6285953
vn 0.7639382 0.11041632 -0.63577247
vn -0.76777154 0.15228266 -0.6223638
vn 0.9244863 -0.22577426 -0.30716622
vn -0.76326585 -0.598934 -0.24228796
vn 0.08789923 -0.9874914 -0.13089886
vn 0.7179283 -0.6529349 -0.24136089
vn -0.9934666 0.055898122 0.09949666
vn 0.99417555 0.031399228 0.103097476
vn -0.9486938 -0.30913305 -0.06645836
vn -0.7302789 0.68128026 -0.050498545
vn -0.6447024 0.6487986 0.40425158
vn 0.5487201 0.7665449 0.33363935
vn 0.9655935 0.2506785 -0.06920597
vn -0.39086878 0.92020357 -0.021143548
vn -0.039746724 0.9991529 -0.010666677
vn 0.08259595 0.9963169 0.023033936
vn -0.17693464 0.96374327 0.19973235
vn 0.09877464 0.9949301 -0.01891536
vn -0.35402608 0.92725515 -0.12191603
vn 0.50107485 0.8652079 -0.018414943
vn 0.42870054 0.825101 0.36800048
vn -0.029746212 0.99773955 0.060257874
vn -0.18880996 0.9817875 -0.021073984
vn -0.07738152 0.9969698 -0.007949517
vn 0.29249436 0.9558876 -0.026942119
vn -0.31185022 0.8606571 0.4025157
vn 0.28079483 0.8633841 0.41919225
vn 0.32578316 0.85685563 0.39957935
vn -0.2126949 0.8770789 0.43068972
vn -0.11459858 0.89188886 0.43749455
vn -0.04449811 0.8964618 0.4408812
vn 0.21691021 0.91541505 0.339065
vn 0.044402286 0.8964461 0.44092268
vn 0.114598565 0.89188886 0.43749446
vn 0.20950937 0.87733936 0.4317193
vn -0.4699848 -0.3171173 0.82374203
vn -0.048423525 0.4294844 0.90177506
vn -0.24271621 -0.9700888 0.004074373
vn 0 0.37347296 0.92764103
vn 0 -0.9999838 0.0056999084
vn 0 0.37347302 0.92764103
vn 0.24271621 -0.9700888 0.004074373
vn -0.003829189 0.34602302 0.93821824
vn 0.47049293 -0.2797355 0.8368897
vn -0.96879154 0.15698564 0.19182967
vn -0.66259426 0.11570002 0.739988
vn 0.319013 -0.29286245 -0.90136695
vn 0 0.26766557 0.96351194
vn 0 0.2676655 0.96351194
vn -0.31901303 -0.29286236 -0.90136683
vn 0.8473452 0.15961231 0.50648797
vn -0.8904511 0.20957574 0.4039488
vn -0.69120395 -0.015722264 0.72248876
vn 0.31901714 -0.05943627 -0.94588333
vn 0 0.087571494 0.99615824
vn 0 0.0875715 0.99615824
vn -0.489818 0.13163047 -0.86183053
vn 0.7819819 0.0315713 0.622501
vn -0.734471 0.27491716 -0.62046176
vn -0.6472975 -0.18391646 0.73971653
vn 0.4779456 0.34361213 -0.8083926
vn 0 -0.16019756 0.9870849
vn 0 -0.16019756 0.9870849
vn -0.4898262 0.34180036 -0.80202425
vn 0.92514855 -0.083947815 0.37020662
vn -0.64008456 -0.66986895 0.3762543
vn 0 -0.40931964 0.9123911
vn 0 -0.4093196 0.91239107
vn 0.6373103 -0.6826797 0.35746875
vn -0.8979443 0.40512368 0.17196175
vn 0.024556652 -0.6672971 0.7443867
vn 0 -0.5386592 0.84252363
vn 0 -0.5386592 0.84252363
vn 0.70528257 -0.16706781 0.6889593
vn -0.91568893 0.11020546 -0.38648227
vn 0.87600684 0.20468354 -0.43671113
vn -0.9952403 0.00015300006 -0.09745155
vn -0.66697043 0.4140958 0.61941504
vn 0.66836256 0.48037574 0.56791776
vn 0.9985828 0.012315634 -0.051775172
vn -0.17419706 0.9617952 0.21120016
vn 0.117578104 0.9851435 -0.12517045
vn -0.3422978 0.92309403 -0.17529887
vn 0 0.9917348 0.12830451
vn 0.3824859 0.9127664 -0.14339472
vn -0.3259977 0.9106936 -0.2536982
vn 0.013510118 0.996339 0.08441618
vn 0.17419702 0.96179515 0.21120007
vn -0.23189186 0.8770691 0.42068526
vn -0.12890051 0.8879035 0.44160172
vn 0.13619548 0.88507056 0.44508517
vn 0.22259748 0.87899005 0.42169523
vn -0.0023131226 0.9488637 0.31567782
vn -0.27368692 -0.6130709 -0.7411069
vn 0.48089743 -0.40310058 -0.77861905
vn -0.40803477 -0.5030213 -0.76189065
vn 0.3587501 -0.5208981 -0.77457315
vn -0.8460326 0.22935747 0.4812733
vn 0.9894393 -0.06172884 -0.13114595
vn -0.9894383 -0.06173197 -0.13115257
vn 0.8951859 0.20016754 0.39821488
vn -0.86405337 -0.056948557 0.50016856
vn -0.58008486 -0.1468183 0.80121535
vn 0.89553636 0.027988233 0.4441072
vn -0.895533 0.027939659 0.44411716
vn 0.39308497 0.05809777 0.9176649
vn 0.8445368 -0.12705639 0.5202059
vn -0.9018425 0.005381702 0.43203133
vn -0.34424073 0.72401476 0.5977465
vn 0.9199785 0.06014618 0.3873268
vn -0.8956047 -0.08339548 0.43696383
vn 0.39329907 -0.17189962 0.90319794
vn 0.9090379 0.12522195 0.3974539
vn -0.997454 0.006053979 -0.07105545
vn 0.6463889 0.4574622 -0.6106634
vn -0.98928565 0.06215835 -0.13209939
vn -0.31899664 0.40349865 -0.8575722
vn 0.99744034 0.06875439 0.019638794
vn -0.89335734 -0.2460071 0.37602267
vn 0.45545736 0.56739426 -0.6860191
vn 0.00049999886 -0.63269854 0.77439815
vn -0.000399999 -0.63269854 0.77439815
vn -0.9987492 -0.03190157 0.038501896
vn -0.3190039 0.60411274 -0.7302631
vn 0.86499465 -0.27782872 0.41784635
vn -0.6829386 -0.7273791 0.06719012
vn -0.36914933 0.2972278 -0.8805591
vn 0.0007017333 -0.7549632 0.6557667
vn -0.00075152307 -0.75496316 0.65576667
vn 0.6110503 -0.78703517 -0.08481354
vn 0.9856628 0.11981207 -0.11880253
vn -0.8935368 0.4446183 -0.06250257
vn -0.7373586 0.6747621 -0.03159823
vn -1 0 0
vn -0.59666854 0.3688088 0.7127179
vn 0.5965865 0.36880553 0.7127882
vn 1 0 0
vn 0.814954 0.57737416 -0.04989124
vn -0.27650335 0.9545878 0.11094151
vn 0.27815887 0.95569164 -0.096338965
vn -0.10191912 0.99130726 -0.0832004
vn -0.08705595 0.9496223 -0.3010627
vn -0.38622522 0.87759334 -0.28400722
vn 0 0.9939538 0.109799296
vn 0.12605022 0.95788467 -0.25800848
vn 0.108367175 0.94911015 -0.29571366
vn 0.13064104 0.99121904 -0.020437073
vn -0.27812093 0.955689 -0.09647396
vn 0.27731067 0.9556035 0.09960283
vn -0.06310033 0.8929047 0.44580233
vn -0.22609217 0.7023874 0.6749328
vn 0.057100162 0.8914024 0.44960126
vn 0.2950074 0.8981226 0.3261082
vn -0.5815248 -0.62792206 -0.5172455
vn 0.4550266 -0.7802983 -0.42905152
vn -0.99873155 0.04410139 0.024300767
vn -0.48979878 -0.6571629 -0.5729171
vn 0.45096493 -0.781948 -0.4303348
vn -0.7981947 0.42284435 0.42905465
vn 0.12260211 0.114601985 -0.9858171
vn 0.9048946 0.3103248 0.29131487
vn -0.8954334 0.3245654 0.30472323
vn 0.39249238 0.67068696 0.62938774
vn 0.8331042 0.4198831 0.36004943
vn -0.6518639 0.3693189 0.66232705
vn -0.35145026 -0.93510693 -0.04536327
vn 0.5173317 0.85498285 0.037044637
vn -0.64480066 0.4095217 0.6453868
vn -0.4799572 -0.7430957 0.4663153
vn 0.98850685 -0.094205685 0.11823502
vn -0.7854475 -0.6189128 -0.0043789544
vn -0.07653254 0.9220132 0.3795189
vn 0.5820957 0.59384286 0.5554415
vn -0.6448073 0.23616067 0.7269469
vn -0.89153975 0.21544829 0.39842042
vn 0.94934505 -0.3126169 -0.031853158
vn -0.876083 0.4807446 0.03692135
vn -0.00000006688193 -0.065707825 -0.9978389
vn -0.9672343 0.006639359 -0.25379822
vn 0.9690511 0.19040152 -0.1571212
vn -0.66268235 -0.45921037 0.5915894
vn -0.10837233 0.68442976 -0.7209795
vn 0.8811632 0.21923228 0.4189136
vn -0.7581162 -0.34349743 0.55431885
vn -0.92387867 -0.025026646 -0.3818663
vn 0.978746 -0.14795122 0.14200944
vn -0.8933139 -0.32911673 0.30605948
vn 0.9406333 0.274612 -0.19949274
vn -0.9892878 0.118101925 -0.08579915
vn -0.85687476 0.4170877 -0.30299112
vn 0.9178962 -0.29892042 0.26098508
vn -0.19570445 -0.8577955 0.47527537
vn -0.14230107 -0.67420506 0.7247054
vn 0.050899394 0.80799043 -0.586993
vn 0 -0.9043641 0.42676175
vn 0 -0.90436417 0.42676175
vn -0.2964019 0.8918057 -0.34180218
vn 0.06378946 -0.8724255 0.48456642
vn 0.89504445 0.08120403 0.43852177
vn -0.87830484 0.46620432 -0.1059918
vn -0.6997117 0.7144119 -0.004400074
vn -0.46178484 0.76787484 0.44398543
vn -0.47069266 0.5398667 0.6978485
vn -0.54020375 -0.22170152 0.8118056
vn 0.54020375 -0.22170156 0.81180567
vn 0.47068334 0.5398927 0.69783455
vn 0.4617849 0.76787484 0.44398546
vn 0.7615848 0.64672136 -0.04171582
vn 0.9643895 0.22119762 -0.14499842
vn -0.10555799 0.9860308 0.12884371
vn -0.2036668 0.95926034 0.19580463
vn -0.001621036 0.8845757 -0.4663937
vn 0.085282594 0.995258 0.046779726
vn 0.058977325 0.99718946 0.04620517
vn -0.23390323 0.86521196 0.44350618
vn -0.10216622 0.94422525 0.31305093
vn -0.053198706 0.98937595 0.1352967
vn 0 0.991342 0.13130558
vn 0.053198706 0.9893759 0.1352967
vn 0.041583084 0.9884902 0.14545742
vn 0.15100285 0.86921644 0.47080892
vn 0.26470503 0.8571163 0.44190845
vn -0.058976915 0.99718535 0.046295006
vn -0.04460125 0.9975281 0.05430153
vn -0.091198 0.994878 0.043599043
vn 0.0469101 0.973157 -0.22531065
vn 0.15408522 0.972081 0.17696415
vn -0.93281704 0.35490647 -0.06240114
vn 0.0056791836 0.8356039 0.54930305
vn -0.9788202 -0.200976 -0.038984213
vn 0.537397 -0.8168279 -0.2097537
vn -0.989247 -0.14165223 -0.036401175
vn -0.60473466 -0.7823654 -0.14899817
vn 0.9878477 -0.15334976 -0.025315112
vn -0.9324958 0.24393329 0.26636094
vn 0.76687723 -0.45781216 -0.44978577
vn 0.6989764 -0.31900278 -0.6400541
vn -0.75802064 0.6089589 0.23361011
vn 0.21730295 0.9419552 0.25592947
vn 0.9557109 0.26764137 0.12241184
vn -0.8505129 0.22622962 -0.4748137
vn -0.085747816 0.99142087 -0.09865078
vn -0.9909965 0.098533824 0.09064791
vn 0.87462103 0.17258662 -0.45304736
vn -0.9156017 -0.37578616 0.14303258
vn -0.54289895 -0.808423 -0.22740519
vn -0.74817526 0.23100825 0.6219879
vn 0.8063675 -0.57529193 -0.137152
vn -0.8044299 0.54805636 0.22918734
vn -0.27217257 -0.2802069 0.9205466
vn -0.40519765 -0.4233047 0.8103258
vn 0.90412366 0.4272705 -0.0006246507
vn -0.7529061 -0.18055305 -0.63287693
vn 0.0000002764078 -0.68535906 0.7282053
vn -0.8194882 -0.17464416 0.54583746
vn 0.93527365 -0.19501108 -0.29535413
vn -0.8073128 -0.5900159 0.01127982
vn -0.008728174 0.99995583 -0.003506092
vn 0.8744964 0.42680594 0.2304185
vn -0.75816476 -0.5680133 0.32022965
vn 0.1033178 0.96090907 0.25686446
vn 0.8900232 -0.45589656 0.004136933
vn -0.76473874 0.6030358 -0.22698526
vn 0.5883467 0.79805577 -0.13021249
vn -0.99874896 -0.046497624 0.01839906
vn -0.48981485 0.86033213 -0.14110343
vn 0.7624674 0.6056467 -0.22767422
vn -0.9390024 0.34229982 -0.033246588
vn 0.9999908 0 0.0042999606
vn -0.3632999 0.81109977 0.45839986
vn -0.32172385 0.74595594 0.5831325
vn -0.4419857 0.3721294 0.81619126
vn 0.44198567 0.37212938 0.8161913
vn 0.38840047 0.6780499 0.62401396
vn -0.10555096 0.9664855 -0.2340189
vn -0.9999908 0 0.0042999606
vn 0.84457654 0.52998525 0.07619789
vn 0.9893738 0.14299622 0.026299303
vn -0.22615662 0.9718649 0.0658172
vn 0.11943151 0.8651299 -0.48712054
vn 0.018093048 0.99401134 -0.107768096
vn 0.14240249 0.9889174 0.042000737
vn 0.0852013 0.99411523 0.06690103
vn -0.00005178693 0.99700683 0.077313885
vn 0.14049143 0.9706666 -0.19511199
vn -0.17519668 0.88015574 0.44117123
vn -0.07840302 0.8759336 0.4760183
vn -0.7428994 0.2231942 0.631098
vn 0.24019109 0.71665037 0.6547676
vn 0.07169693 0.88146234 0.46678004
vn 0.17530228 0.88013893 0.44116274
vn 0.042559806 0.9986833 0.028643185
vn -0.14444906 0.9760701 -0.16254768
vn 0.01129976 0.99377877 0.11079764
vn -0.07659702 0.9912614 0.10739582
vn -0.12129963 0.9916971 0.042699873
vn -0.0010035333 0.9969289 -0.07830613
vn 0.15561612 0.9872641 0.03306432
vn -0.9821024 0.14612122 -0.118842036
vn 0.6162039 -0.765834 -0.18382333
vn -0.98924446 -0.14627147 0
vn -0.6054447 -0.7950262 -0.037014835
vn 0.99004745 0.13862848 -0.024253316
vn -0.6303933 -0.086879864 0.7713988
vn 0.660853 -0.74079007 0.12042954
vn 0.78484535 -0.6196917 0
vn -0.6447492 0.7643942 0
vn -0.05705017 0.96234375 -0.26578152
vn 0.856622 0.026247118 0.5152765
vn -0.7928989 -0.06522025 0.6058529
vn -0.6584546 0.71272784 0.2417781
vn -0.7549876 0.6513598 0.07565771
vn 0.9120085 -0.18109831 0.36802712
vn -0.9386047 -0.3445006 -0.018456511
vn -0.5372501 0.7150467 0.44729224
vn 0.9732257 -0.22949234 0.0128404675
vn -0.9290466 0.36935672 -0.02116937
vn -0.19596271 -0.6861508 0.7005681
vn 0.95325136 0.256471 0.15979552
vn -0.90752655 0.015443444 0.41971076
vn -0.5117091 0.0454474 -0.85795593
vn -0.74818534 -0.66291964 0.027500251
vn 0.97645456 0.14122559 0.16307007
vn -0.66558135 -0.7170258 0.20706382
vn 0.045236766 0.7511045 0.65863174
vn 0.7308721 0.65473354 0.19274302
vn -0.647907 -0.76171947 -0.00003684088
vn 0.18260886 -0.9830338 -0.01727964
vn 0.88529414 -0.35928446 0.2952439
vn -0.97569555 0.1936786 -0.10250329
vn 0.68988276 0.72159994 0.05792375
vn -0.9778305 0.20938714 0.0021274295
vn -0.31900957 0.9402757 -0.1188044
vn 0.995315 0.08650557 0.0431852
vn -0.81868464 -0.5558658 0.1441133
vn 0.96750784 0 0.2528406
vn 0.97062296 0 -0.24060571
vn 0 -0.9960499 0.08879552
vn -0.08170239 0.96342826 0.25520748
vn 0.44678572 -0.1718945 -0.87797195
vn 0.35379878 -0.17969939 -0.91789687
vn -0.27033508 0.58690244 0.7631935
vn 0.991824 0.12240746 0.03607437
vn -0.70164037 0.21208452 -0.680236
vn 0.51042897 0.62460005 0.5910474
vn -0.9918241 0.12240742 0.03607424
vn 0.3066122 0.25305158 0.9175804
vn -0.07938249 0.9284927 -0.36276668
vn -0.37702414 -0.17795025 -0.90894794
vn 0.148585 -0.55361164 0.81941235
vn -0.97062296 0 -0.2406057
vn -0.9675068 0 0.25284514
vn 0.8187591 -0.55577385 0.1440446
vn -0.17025608 0.9823579 0.07736734
vn 0.13298634 0.7937976 -0.5934643
vn 0.14462265 0.97807723 -0.14983082
vn 0.18960263 0.9753134 0.113201566
vn 0.092738375 0.9794195 0.17926764
vn -0.06369974 0.988796 0.13499945
vn -0.0062943227 0.999842 0.016624292
vn 0.12837191 0.92770636 -0.35054484
vn 0.26618558 0.5909868 -0.7614985
vn 0.19495581 0.9807877 0.0069197114
vn -0.18424587 0.9828543 -0.007131562
vn 0.032068953 0.9889324 0.14485972
vn -0.19489783 0.9807991 0.006919427
vn -0.26626718 0.5910079 -0.76145357
vn -0.03465338 0.9948372 -0.09538293
vn 0.07510052 0.9883068 0.13270092
vn -0.09983706 0.9764078 0.19146898
vn -0.09089973 0.99369705 0.0655998
vn -0.19726563 0.97224224 -0.12582277
vn -0.08400209 0.9953733 -0.04664489
vn 0.12691537 0.99045444 0.053783026
vn -0.96348757 -0.25504637 0.08150451
vn 0.7286715 -0.67235255 0.13030647
vn -0.9892345 -0.14173405 0.03642218
vn -0.44044226 -0.8977724 0.0039031615
vn 0.977706 -0.2044907 0.04769113
vn -0.21806273 0.9344668 -0.28146163
vn 0.38868162 -0.9213628 -0.004139256
vn 0.83644193 -0.5009442 -0.22230539
vn -0.6477526 0.7083689 -0.28041062
vn 0.17971052 0.9113761 -0.37026736
vn 0.8778382 0.46421763 -0.11790745
vn -0.7767754 -0.45582634 -0.43456003
vn -0.3181214 0.059174098 0.9462015
vn -0.7440892 0.58219165 -0.32769528
vn 0.8539261 -0.49987343 -0.14469512
vn -0.9758717 0.21511786 0.03740128
vn -0.93856287 0.32709953 -0.11002594
vn -0.7549886 0.27324077 -0.596097
vn 0.97559136 0.13072053 0.17644729
vn -0.9755958 -0.13015777 -0.17683835
vn -0.5226473 0.5181475 -0.67702496
vn -0.75497866 -0.32166815 -0.57143396
vn 0.97280943 0.14781918 -0.17830113
vn -0.586313 0.6331235 -0.50536305
vn -0.19676681 -0.92380047 0.328444
vn -0.7440983 -0.6072986 -0.27839938
vn 0.9896416 0.0932298 0.10916829
vn -0.6133865 -0.7366975 -0.2846643
vn 0.14150459 -0.054489028 0.98843694
vn 0.73162735 0.33782938 0.59210867
vn -0.8355461 -0.5108438 -0.20224103
vn 0.1813338 -0.9221994 -0.3415648
vn 0.8038085 -0.55378413 -0.21729028
vn -0.8111387 0.5519314 0.19345768
vn 0.6437525 0.75521356 0.123430684
vn -0.9987687 -0.04804892 -0.0123479515
vn -0.47404087 0.86878914 0.14314555
vn 0.80546576 0.55888784 0.19715343
vn -0.82112885 -0.5660588 -0.07297198
vn -0.87322646 0 0.48731476
vn 0.8533185 0 -0.5213899
vn -0.97010136 0 0.24270035
vn 0.24120322 0.96071285 0.13730183
vn 0 -0.98780435 -0.15570067
vn -0.22539528 0.8929811 0.3895918
vn -0.32163936 0.8757102 0.36011076
vn 0.5822269 0.384031 -0.7166115
vn -0.88573956 0.37473977 0.273926
vn 0.39901742 0.65983963 0.63670784
vn -0.26450893 0.39683077 -0.8789542
vn 0.3339286 0.8578782 0.3905594
vn 0.16319427 0.9427667 0.29078972
vn 0 -0.98780435 -0.15570068
vn -0.24791144 0.95544416 0.1602074
vn 0.97010136 0 0.24270035
vn -0.6223587 0 -0.78273225
vn 0.5884582 0 0.8085276
vn 0.7977311 -0.56946903 -0.1983179
vn -0.70704883 0.5645407 0.42588258
vn 0.005077046 0.99519676 -0.09776279
vn -0.16837206 0.96575856 -0.1973857
vn -0.09370076 0.98550797 0.14140114
vn -0.07005076 0.9874347 0.14165296
vn -0.027569313 0.9979917 0.057030432
vn 0.41259906 0.8693861 -0.27190053
vn -0.12269913 0.9364882 -0.32853422
vn 0.44105086 0.85115755 0.28461367
vn -0.3383838 0.841727 -0.4207042
vn 0.029309584 0.99772507 0.060709447
vn 0.07768294 0.9865627 0.14373393
vn 0.17079446 0.9844489 -0.041105237
vn -0.068900585 0.9973408 0.023749715
vn 0.08532994 0.9829551 -0.16284381
vn -0.45272103 -0.7825199 0.42744145
vn 0.5878098 -0.775833 0.22926565
vn -0.9987315 0.044101395 -0.024300767
vn -0.48981485 -0.83586025 0.24782899
vn 0.4509833 -0.7823146 0.42964864
vn -0.7979521 0.41642871 -0.4357286
vn -0.39338166 -0.57312167 0.7188757
vn 0.9537606 0.2077881 -0.2171747
vn -0.9500583 0.21560936 -0.22561443
vn 0.3924924 0.6706869 -0.62938774
vn 0.8351243 0.28746915 -0.46896583
vn -0.92056245 0.27630112 0.2760842
vn -0.49114394 0.32181326 0.8094527
vn 0.84055465 -0.20923226 -0.4996897
vn -0.64480066 0.40952164 -0.6453868
vn -0.38642848 0.47061113 -0.79322016
vn 0.8633163 0.27603954 0.42247742
vn -0.5989023 0.6137572 0.5144104
vn 0.00000086467674 -0.1154022 0.9933189
vn -0.7071135 -0.0816009 0.7023758
vn 0.6713052 0.37814596 0.63745975
vn -0.7814531 -0.54914194 0.29626685
vn 0.00000039304317 -0.41671672 0.9090364
vn -0.707094 0.13943893 0.69323504
vn 0.8073219 -0.47594878 0.34886113
vn -0.87548155 0.29398686 -0.38354114
vn -0.4042762 -0.91185755 0.07125002
vn 0.5006948 -0.81695366 0.2861668
vn -0.64485 -0.4871548 -0.58893853
vn -0.38440487 -0.6096737 -0.69320333
vn 0.8795871 0.2803777 -0.38433707
vn -0.83251816 -0.46396485 -0.30273756
vn 0.12859951 -0.21279918 0.9685963
vn 0.8888591 0.066828765 0.45328078
vn -0.8955663 -0.35994917 -0.26152954
vn -0.8568747 0.41708767 0.30299106
vn 0.3939036 -0.74350685 -0.540405
vn 0.88124853 -0.39178586 -0.26439533
vn -0.8943329 0.2801238 0.34885445
vn 0.17133337 0.7972514 0.5788221
vn 0 -0.9117755 -0.41068897
vn -0.30246145 0.82706666 0.47379085
vn 0.3024614 0.8270667 0.47379082
vn 0 -0.9117755 -0.41068894
vn -0.2985439 0.68844396 0.6609967
vn 0.9032348 0.4033412 0.14657012
vn -0.6904123 0.6962293 0.1964579
vn -0.5139255 0.8412417 0.16790833
vn -0.059700508 0.9702082 0.23480196
vn -0.87015915 0.23862399 0.43114
vn 0.48172656 0.84594554 0.22872618
vn 0.35622984 0.9298712 0.09186823
vn 0.024427036 0.93986225 0.34067917
vn -0.095065154 0.9813942 0.16681798
vn -0.085004166 0.982148 0.16780819
vn 0 -0.3947082 0.91880655
vn 0.08059389 0.98281586 0.16606474
vn 0.10211061 0.9794519 0.17391808
vn 0.21488486 0.8536921 0.47437787
vn -0.3734133 0.90869814 0.18662861
vn -0.21139216 0.9546646 0.20959224
vn -0.15966137 0.9142014 0.37248352
vn 0.5473594 0 0.8368976
vn 0.34856468 0.91576093 0.19971083
vn 0.69147867 0.6977784 0.1869828
vn -0.2525961 0.9524852 0.17019737
vn -0.059370622 0.99751824 0.03784871
vn 0.666008 0.74510336 0.035414953
vn -0.013631316 0.990691 0.13544513
vn -0.0211844 0.9903799 0.13674396
vn 0.001981515 0.9929165 0.118797466
vn 0.009111589 0.9885639 0.15052733
vn -0.14034267 0.98933727 -0.03893123
vn -0.034049958 0.9885776 0.14681587
vn 0.22670293 0.9533125 0.19950263
vn -0.6785449 -0.46375296 0.5696578
vn 0.47671685 -0.5413592 0.6925831
vn -0.41735274 -0.64770156 0.6374161
vn 0.6291697 -0.5475309 0.55168426
vn -0.876657 0.31176877 -0.36643237
vn 0.9893947 -0.061857868 0.1314215
vn -0.9893937 -0.061860997 0.13142814
vn 0.84873796 0.32812685 -0.41470084
vn -0.77019435 0.08909029 -0.63155645
vn -0.16401246 -0.4943403 -0.8536555
vn 0.85955656 -0.067276336 -0.506593
vn -0.81305426 0.114248656 -0.57086784
vn 0.39562216 0.17244294 -0.9020789
vn 0.765703 0.09893849 -0.6355392
vn -0.70659596 -0.1126953 -0.69858575
vn -0.36531213 -0.90944076 -0.19865653
vn 0.89051807 -0.23045932 -0.39225754
vn -0.89546114 -0.08344962 -0.43724757
vn 0.39329904 -0.17189959 -0.9031979
vn 0.7930858 -0.23853493 -0.5604605
vn -0.9042932 -0.2698885 -0.33077782
vn -0.08800154 -0.99521756 -0.042400748
vn 0.93989104 -0.33609405 -0.060379963
vn -0.9501387 -0.11727833 -0.28893304
vn 0.393495 -0.391095 -0.8319894
vn 0.92551506 -0.28704798 -0.24703287
vn -0.9553073 -0.19819373 -0.2193334
vn 0.7304217 -0.025500756 -0.6825203
vn 0.58804834 0.3705353 0.71895945
vn 0 -0.6296096 -0.7769117
vn 0 -0.6296095 -0.7769118
vn -0.99874926 -0.031901572 -0.038501896
vn -0.44769308 0.62013286 0.6442096
vn 0.9690465 -0.24650796 -0.013523547
vn -0.67570984 -0.67875546 -0.28758857
vn -0.2595009 -0.65290225 0.71160245
vn 0.89227784 0.42474964 -0.15306213
vn -0.18429455 -0.98287094 -0.00039998817
vn 0 -0.7328262 -0.6804159
vn 0.39936855 0.9104618 0.10753676
vn -0.40360495 0.8373184 0.36878306
vn 0.403605 0.83731836 0.3687831
vn -0.39936855 0.9104618 0.10753676
vn 0 -0.73282623 -0.68041587
vn -0.95913553 0.08896077 -0.2685979
vn -0.9084353 0.3975497 -0.12922698
vn 0.6026924 -0.73910815 -0.30080065
vn 0.88662285 0.3693095 0.2784072
vn -0.40293217 0.8669808 0.29324028
vn 0.29438287 0.84147865 0.45304808
vn -1 0 0
vn 0.17480485 0.9557266 0.23670658
vn 0.18710613 0.95563155 0.2275075
vn 0.32919374 0.9410906 0.077330716
vn -0.84498817 0.39179447 0.36399487
vn -0.14614315 0.96170074 0.23189169
vn -0.05650024 0.96880424 0.24130103
vn -0.14199246 0.9606925 -0.2385537
vn -0.049228206 0.97343606 -0.22360401
vn 0.029979572 0.96351177 -0.26598164
vn 0.1419925 0.9606926 -0.23855393
vn 0.05650024 0.96880424 0.24130103
vn 0.108186476 0.9659789 0.2349052
vn 0.53323936 0.80118173 0.27159455
vn -0.4675822 0.865286 0.1806853
vn -0.16779687 0.95718205 0.2358956
vn 0.9888555 0.1448912 0.034225084
vn 0.18367852 0.7664829 0.61543995
vn 0.15669335 0.9190684 0.36160818
vn -0.10006058 0.5644466 -0.8193826
vn -0.37542412 -0.29076445 -0.88006413
vn -0.44923168 -0.89337057 0.008934599
vn 0 0.25920594 -0.96582216
vn 0.0056998054 -0.9999658 0.005999795
vn 0 0.25920594 -0.9658221
vn 0.44923168 -0.89337057 0.008934599
vn 0.31767386 0.217082 -0.9230161
vn 0.20005201 -0.6955759 -0.6900387
vn -0.4081298 0.2012471 -0.890466
vn -0.29515737 0.9428352 -0.15473865
vn 0.47794724 -0.4422027 0.7589619
vn 0 0.21549363 -0.9765052
vn 0 0.21549366 -0.9765052
vn -0.31901336 -0.2928624 0.9013668
vn 0.73973274 0.26556408 -0.61828077
vn -0.8859176 0.3278501 -0.32812226
vn -0.9879995 -0.10578862 -0.11254235
vn 0.47793618 -0.23959154 0.8450875
vn 0 0.032898642 -0.9994587
vn 0 0.032898642 -0.9994587
vn -0.4898169 -0.23860314 0.83853924
vn 0.9823685 -0.018650407 -0.18602204
vn -0.7442017 -0.52154565 -0.41731754
vn 0.31901136 0.17756358 0.9309688
vn 0 -0.18570119 -0.98260635
vn 0 -0.18579775 -0.982588
vn -0.4898296 -0.022598742 0.8715253
vn 0.7775886 -0.46048826 -0.42814332
vn -0.95158917 -0.26352954 -0.15821004
vn 0.3189964 0.4034986 0.8575722
vn 0 -0.44040066 -0.89780134
vn 0 -0.44040072 -0.8978014
vn -0.31899643 0.4034986 0.8575722
vn 0.8811581 -0.3248365 -0.34357214
vn -0.5529702 -0.58457434 -0.5937144
vn 0.48541263 0.86756134 -0.108220875
vn 0.6832694 0.7301592 0.0032267573
vn -0.48899835 -0.08922052 0.86770976
vn -0.9853708 -0.17033921 -0.0053819665
vn 0.9853708 -0.17033921 -0.0053819665
vn -0.65532696 0.7513824 0.07727344
vn 0.60500425 -0.34192175 0.7190685
vn -0.6981361 0.68216586 -0.21738409
vn 0.41523352 -0.7217179 -0.55380905
vn 0.49022764 0.40248856 -0.77309763
vn -0.3586046 -0.61150783 0.70530903
vn 0.91349643 0.32179356 -0.24894418
vn 0.077118725 0.995198 0.06028095
vn 0.9134183 -0.11082306 0.3916443
vn 0.44137654 0.8909995 -0.10633272
vn -0.81942046 0.16103783 -0.5501062
vn -0.13167867 0.90916204 0.39507604
vn 0.8686057 0.4372147 -0.23316851
vn -0.44288844 0.88247395 -0.15839677
vn -0.9145811 0.3788654 0.1414303
vn -0.12828732 0.86999875 0.4760722
vn -0.60544306 0.7541105 -0.2544718
vn 0.38902867 -0.7279937 0.564519
vn -0.24175277 0.68069917 0.69152313
vn -0.2307134 0.71167153 0.66354716
vn 0.09780033 0.9467032 0.30690104
vn 0.13562174 0.97588784 0.17102543
vn -0.43370566 0.5748268 -0.69388294
vn -0.18042149 0.9276253 0.3270464
vn -0.05169925 0.95828617 0.28109595
vn -0.17252497 0.95120883 0.25580627
vn 0.008015962 0.6199026 0.7846377
vn -0.0034058036 0.70017964 0.7139586
vn 0.172525 0.95120895 0.25580627
vn 0.04669904 0.9574804 0.28469414
vn 0.12352173 0.9443586 0.30484277
vn 0.59289604 0.80130464 -0.079907395
vn -0.299755 0.8974008 -0.32375738
vn -0.105854 0.9583059 0.2654146
vn -0.097403325 0.94123214 0.32341102
vn 0.04610037 0.93990755 0.33830273
vn 0.262019 0.63566464 0.7261382
vn -0.47786832 0.86145556 0.1718613
vn 0.47779384 0.861516 0.17176518
vn -0.979098 0.034355607 0.20046647
vn 0.96377325 -0.088536955 0.2515995
vn 0.7976978 0.6018276 0.03849331
vn -0.92395127 -0.119956315 0.36321416
vn -1 0 0
vn 1 0 0
vn 0.9239513 -0.11995633 0.36321416
vn -0.9353968 -0.24326386 0.2566231
vn 0.83867955 -0.49110714 -0.23543635
vn 0.5909417 0.46950838 0.6560105
vn 0.61612356 -0.6793674 -0.39856207
vn -0.26526985 0.94443345 0.19410692
vn 0.46375737 0.65501064 0.59656537
vn 0.58936095 0.78252804 -0.20075703
vn -0.9170363 0.22127628 0.33178496
vn 0.91965735 0.2184171 0.32638037
vn -0.36630237 0.72066665 0.5886103
vn 0.2352833 0.82637614 0.5116095
vn -0.43100622 0.35874838 0.8279693
vn -0.61866635 -0.67644256 0.3995965
vn -0.6616747 -0.7496714 -0.0133994855
vn 0.17590238 0.93521255 0.30730414
vn -0.09380039 0.9366039 0.33760142
vn -0.2611062 0.889321 0.37540895
vn 0.13548401 0.9286946 0.3452107
vn -0.17589697 0.9351838 0.3073947
vn 0.56665146 -0.82392895 -0.0068650064
vn 0.4882251 0.24037921 0.8389602
vn 0.45531338 0.3013761 0.8377721
vn -0.16992617 0.8657777 0.47069535
vn 0.77709645 0.5020977 0.3794983
vn -0.35498062 0.6381897 0.68315643
vn -0.26237082 0.715815 0.64712477
vn 0.16689073 0.935648 0.31098273
vn -0.21674654 0.90573776 0.36422512
vn -0.08040485 0.9401567 0.33111995
vn 0.14328064 0.9267439 0.34729865
vn -0.1761039 0.94332093 0.28130627
vn 0.31638342 0.6425516 0.69787467
vn 0.1514395 0.88772637 0.43475056
vn -0.8364188 0.2698032 0.47708455
vn 0.2672026 0.94700825 0.17826433
vn 0.12250073 -0.99170583 0.03890023
vn -0.78596675 0.5092741 0.35056528
vn -0.9558088 0.08248004 0.28218183
vn 0.65800476 -0.75106955 0.054076318
vn 0.33086413 -0.9382193 0.10135797
vn -0.26021007 -0.9608372 0.09530369
vn -0.44659862 -0.8886558 0.10411772
vn -0.6837583 -0.7282681 0.045826524
vn 0.92658037 -0.08269823 0.36689222
vn 0.9488519 0.13290843 0.2863837
vn 0.78593767 0.50932807 0.35055223
vn -0.5560516 -0.074376956 0.8278132
vn -0.8116215 0.3067363 0.49717548
vn 0.13450076 -0.9876055 0.08090045
vn 0.04879979 -0.99619573 0.07219969
vn 0.0065262034 -0.9974999 0.07036731
vn 0.0021999553 -0.9975797 0.06949858
vn -0.0009453634 -0.9975895 0.069385216
vn -0.006738525 -0.99751943 0.07006818
vn -0.027925523 -0.99704146 0.07161328
vn -0.13450076 -0.9876055 0.08090045
vn 0.8116216 0.3067359 0.49717546
vn -0.44179973 0.6971937 0.5645653
vn 0.7573438 -0.61243534 -0.2266131
vn 0.20097394 0.8680392 0.45400167
vn -0.094859935 0.73625094 0.6700269
vn 0.5526415 0.369547 0.747009
vn -0.29681155 0.8470981 0.44082618
vn 0.78655803 0.48930997 0.376699
vn -0.930267 -0.36362568 -0.048782963
vn -0.8684716 -0.28921402 0.40263176
vn 0.86847156 -0.28921404 0.40263167
vn 0.91065186 0.26674688 0.31553
vn 0.75735205 -0.61236125 -0.22678564
vn -0.75834197 0.48234603 0.43847442
vn 0.7160513 0.01802129 0.69781506
vn -0.40487906 -0.63365644 0.65920585
vn 0.5856809 -0.58770597 0.55819297
vn -0.7418555 -0.6705078 -0.0083492445
vn 0.74185544 -0.67050785 -0.0083492445
vn 0.8270832 -0.55562764 0.08491962
vn -0.44230875 -0.6460863 0.6220413
vn 0.8451279 -0.37434554 0.38160768
vn 0.124091506 0.86677885 0.48300698
vn 0.81949687 0.39765966 0.412664
vn -0.55397505 0.7227675 0.41318136
vn -0.024092598 0.8806687 0.47311968
vn -0.3784919 0.7122694 0.59111434
vn -0.21205735 0.57314676 0.7915394
vn -0.3117982 0.7615486 0.56817746
vn 0.19969739 0.9038882 0.37829506
vn -0.091202155 0.9214219 0.37770894
vn -0.15829262 0.92005706 0.35838327
vn 0.8339448 0.18273182 0.52071595
vn -0.01977434 0.7395338 0.6728289
vn 0.39405453 0.76874584 0.503737
vn -0.15035628 0.908661 0.3895231
vn -0.055700634 0.9397107 0.33740383
vn 0.3921753 0.8947161 0.2137328
vn -0.00000000025263983 0.9524439 0.30471402
vn -0.39218363 0.89470375 0.21376888
vn 0.050799035 0.94558203 0.3213939
vn -0.9219464 0.31168935 0.22992319
vn -0.22758499 -0.96288383 0.14512031
vn -0.45183885 0.64965475 0.611384
vn 0.43196017 -0.8384289 0.33233616
vn 0.9968434 -0.06270188 0.048700258
vn -0.815724 -0.25300854 0.5201739
vn 0.80848825 -0.21379767 0.548304
vn -0.9995383 0.0054135835 0.029898325
vn -0.7009343 0.58246654 -0.41161123
vn 0.047769435 0.9820724 -0.1823507
vn 0.63885593 0.73525596 0.226411
vn -0.5095926 0.8364724 0.20156732
vn 0.21182902 0.77517456 -0.59517473
vn 0.5191319 0.7367345 -0.43327177
vn -0.59463984 0.77067584 -0.22904629
vn 0.27894592 0.89645207 0.34432954
vn 0.8050837 -0.57396674 0.14967462
vn -0.80508363 -0.5739668 0.14967462
vn -0.27894643 0.8964518 0.34433
vn 0.59464055 0.7706742 -0.22905006
vn -0.9022347 -0.30967915 0.3001189
vn 0.8917839 -0.2062754 0.40270564
vn 0.7679469 -0.63891053 0.04528724
vn -0.7226163 0.47061068 0.5063114
vn -0.0012080193 0.88774544 0.4603332
vn -0.05628288 0.79682356 0.601585
vn -0.84840626 -0.42285267 0.31843743
vn -0.87785715 -0.37923017 0.29249164
vn 0.18798953 0.9006497 0.39177817
vn -0.090698145 0.8710821 0.48269013
vn -0.28649592 0.82078826 0.49419293
vn 0.28160685 0.8262201 0.48791185
vn 0.09610026 0.88270247 0.46000126
vn -0.17660028 0.88220155 0.4365007
vn 0.8622534 -0.40247804 0.30745825
vn -0.017064694 0.8720315 0.4891521
vn 0.43413362 0.7023017 0.56418115
vn 0.5206695 0.8324606 0.18950664
vn -0.48310977 0.5120246 0.7102364
vn -0.3414903 0.76186866 0.5504004
vn 0.14050294 0.8882186 0.43740916
vn -0.06889803 0.90537405 0.41898802
vn -0.26050943 0.8542308 0.44991618
vn -0.16639031 0.9000393 0.40279457
vn -0.04270063 0.91751355 0.39540583
vn 0.09545038 0.9367629 0.33669662
vn 0 0.9358968 0.3522741
vn -0.095450394 0.9367629 0.33669662
vn 0.07597654 0.91452235 0.39733666
vn 0.25289443 0.86665934 0.43005335
vn 0.09370263 0.9011253 0.4233119
vn -0.20469943 0.8856976 0.4166989
vn 0.44858345 0.58717966 0.67379
vn -0.52066946 0.8324605 0.18950662
vn -0.9528077 0.07711657 0.2936162
vn -0.57527906 -0.35918692 0.7348733
vn -0.40031096 0.23672414 0.88527554
vn -0.012999796 -0.9988843 0.045399297
vn -0.00420004 -0.9988096 0.04860046
vn 0.14801674 -0.9856016 0.08173416
vn 0.029034037 -0.9909527 0.13103434
vn -0.015500745 -0.9910476 0.13260637
vn -0.006500311 -0.9911475 0.13260634
vn 0 -0.99117017 0.13259602
vn 0.006500311 -0.9911475 0.13260634
vn 0.015500745 -0.9910476 0.13260637
vn -0.12311496 -0.9858231 0.113998145
vn -0.0024037985 -0.998796 0.048999455
vn 0.012999798 -0.9988843 0.045399297
vn 0.36149564 -0.35779572 0.8609896
vn 0.5619174 0.15149347 0.81320256
vn 0.95278174 0.08845243 0.29048795
vn -0.7796946 -0.07379949 0.6217958
vn -0.5614626 -0.1409893 0.8154028
vn -0.06089874 0.98637956 0.1527968
vn -0.066901565 0.9825229 0.17370406
vn -0.09957444 0.98216176 0.15950952
vn -0.027596401 0.99339557 0.11137184
vn -0.012800616 0.9939478 0.10910525
vn -0.01089949 0.99425346 0.106495015
vn 0 0.98694086 -0.16108315
vn 0.01089949 0.99425346 0.106495015
vn 0.012800616 0.9939478 0.10910525
vn 0.06843109 0.98913294 0.13012809
vn 0.071226306 0.9817648 0.17625232
vn 0.06089874 0.98637956 0.1527968
vn 0.5755184 -0.12146749 0.8087175
vn 0.773617 -0.09080201 0.6271139
vn -0.36989665 -0.8528037 0.36864913
vn -0.8901814 0.15437979 0.4286536
vn -0.3450925 -0.008823183 0.9385272
vn -0.24160792 0.95643127 0.16390538
vn -0.23840223 0.95667017 0.16717263
vn -0.58451253 0.78101677 0.21990472
vn 0.4862638 0.8489452 0.20697731
vn 0.22959098 0.9590623 0.16579348
vn 0.24160792 0.95643127 0.16390538
vn 0.17538546 0.15520936 0.97218823
vn 0.7846815 -0.08389677 0.61419547
vn 0.9740467 0.09955218 0.20327884
vn -0.57929873 -0.7131207 0.3948061
vn -0.52016383 0.33149981 0.78710693
vn -0.77112836 -0.5651999 -0.2931043
vn 0.46925908 -0.7651533 0.44083604
vn 0.07640732 -0.99504834 0.063565135
vn 0.014588283 0.99634194 0.084201835
vn -0.44870216 -0.8855637 0.120180316
vn 0.96991307 0.025745863 0.24208651
vn 0.14199524 -0.9888667 0.0444985
vn 0.07638939 0.5759392 0.8139157
vn -0.40276662 -0.9096096 0.10192897
vn 0.99831104 -0.03251705 0.04814037
vn 0.62635976 -0.24668589 0.73947245
vn 0.51588756 0.33891687 0.7867626
vn -0.6522794 0.16689472 0.73937666
vn -0.34539732 0.5342213 0.7715623
vn 0.2181923 0.6648765 0.7143748
vn 0.47690904 0.35850677 0.8025152
vn 0.6577727 0.16299324 0.7353695
vn -0.536569 0.48127222 0.69315994
vn 0.20424855 0.93485194 0.29040393
vn 0.041175853 0.9740147 0.22270988
vn -0.74397165 0.24543491 0.62150466
vn 0.016493857 0.87042207 0.49202976
vn -0.18254007 0.8329202 0.52242035
vn 0.2717012 0.8003036 0.5345024
vn 0.07699921 0.8651912 0.49549496
vn -0.19638556 0.88596725 0.4201127
vn 0.7032795 0.35185626 0.61773384
vn 0.6955147 0.37391743 0.61355114
vn -0.26922902 0.93557763 0.22849567
vn 0.007166649 0.8843371 0.46679366
vn 0.5548115 0.40630844 0.72601503
vn -0.17537804 0.8656118 0.46899766
vn -0.06370072 0.89311016 0.44530502
vn -0.020301076 0.9083481 0.4177221
vn 0.0059568877 0.9088741 0.41702807
vn 0.090260774 0.89489996 0.43704352
vn 0.25003195 0.83907926 0.48314604
vn -0.5638968 -0.80804956 0.1705183
vn -0.25949 -0.3761855 0.88946575
vn 0.060755868 -0.74106395 0.66868
vn 0 -0.99987996 -0.01549969
vn -0.07818813 -0.9529106 0.29299837
vn 0.003511694 -0.0050909407 0.9999809
vn -0.0026001188 -0.9999457 -0.010100462
vn 0.4919715 -0.7785651 0.38961565
vn -0.37421837 -0.24771222 0.8936439
vn -0.2725916 -0.29629084 0.91537184
vn 0.10399592 -0.7216075 0.68444675
vn -0.3821743 0.92388296 -0.019573964
vn 0.0699163 0.8437823 -0.5321119
vn -0.46068442 -0.5757023 0.67552704
vn 0.28389755 -0.27359766 0.9189922
vn 0.37420735 -0.23020454 0.89831775
vn -0.19713992 0.17310111 0.9649724
vn -0.032922048 0.026423201 0.9991085
vn -0.3200928 -0.0037999144 0.94737864
vn 0.000000030496942 0.023961063 -0.9997129
vn 0.3200928 -0.0037999144 0.94737864
vn 0.18432286 0.14792623 0.97167015
vn 0.40761587 0.64589965 0.6454944
vn -0.13267733 -0.9890181 0.0651148
vn -0.39505774 0.31069335 0.8645224
vn -0.086083524 -0.50597215 0.85824347
vn -0.18285109 -0.59866387 0.7798508
vn -0.7823935 -0.26689777 0.56269526
vn 0.48668057 -0.7903235 -0.3721974
vn -0.48668057 -0.7903235 -0.3721974
vn 0.0063359677 -0.5930421 0.8051466
vn -0.13969946 -0.33119977 0.9331617
vn 0.04823807 -0.06558233 0.9966805
vn -0.3144045 0.41160592 0.85541236
vn -0.15984368 0.6704199 0.72455996
vn -0.4415621 0.6905676 0.5728344
vn -0.095665365 0.8552171 0.50936425
vn -0.04997268 0.6175947 0.78490734
vn -0.059844743 0.85500276 0.51515913
vn -0.23509046 0.8113672 0.53517836
vn 0.2045384 0.79662985 0.56881005
vn 0.07900072 0.7236895 0.6855891
vn 0.10221761 0.7967946 0.59554166
vn 0.24000011 0.85075164 0.46756986
vn 0.16112067 0.66370827 0.7304324
vn 0.3205145 0.36321652 0.87483966
vn -0.009258977 0.9385834 0.34492835
vn -0.36424607 0.40341032 0.83939564
vn -0.19379604 0.84991497 0.48998743
vn 0.07119895 0.8899869 0.4503933
vn -0.2079616 0.8117532 0.54571855
vn -0.087544024 0.82592577 0.5569403
vn -0.5328784 0.8118967 0.23846255
vn 0.091736145 0.8782794 0.46926516
vn 0.09747459 0.8335854 0.5437224
vn 0.19010244 0.80630594 0.5601178
vn -0.14730312 0.8785449 0.45437938
vn 0.2713861 0.77844626 0.56601334
vn 0.009258994 0.9385833 0.3449284
vn -0.79486537 0.38754177 0.46690518
vn -0.6988072 0.24849772 0.67075884
vn 0.24788894 0.35049707 0.90316266
vn 0.51344895 0.34964502 0.7836571
vn 0.04226796 -0.87936175 0.4742745
vn -0.94993365 0.3121455 0.013828977
vn 0.94753635 0.31944057 -0.01152075
vn -0.06377499 -0.68006146 0.73037606
vn -0.48296264 0.42072254 0.76794505
vn -0.07807177 -0.69141006 0.71823174
vn -0.21203484 -0.84348595 0.49353096
vn -0.04063668 -0.7870937 0.6154935
vn -0.3469032 -0.83921874 0.41877207
vn -0.95882195 -0.23382959 -0.1611965
vn 0.96908313 -0.23234674 -0.08302369
vn -0.10693371 -0.7934242 0.59920216
vn 0.06795044 -0.6226239 0.7795654
vn 0.123431325 -0.5200853 0.8451485
vn 0.062078483 -0.56623536 0.82190245
vn 0.33650488 -0.1513665 0.92943674
vn 0.38363543 0.6274146 0.67762434
vn -0.18974487 -0.68771416 0.7007468
vn -0.6219093 -0.16171715 0.7662091
vn 0.09249067 -0.009323775 0.9956699
vn -0.1515267 0.22978829 0.96137244
vn 0.000000089639975 0.41420412 0.9101841
vn 0.14271735 0.23530562 0.961386
vn 0.14110194 0.24370164 0.95953095
vn -0.23804605 -0.058765694 0.9694745
vn 0.43772006 -0.1509511 0.8863492
vn 0.18974482 -0.68771464 0.70074636
vn -0.14333105 0.37982556 0.91388667
vn -0.08030248 0.73341984 0.6750162
vn -0.09709233 0.6704107 0.73561037
vn -0.18268217 0.669336 0.72015035
vn -0.14445144 0.59482026 0.7907735
vn -0.058155023 0.71690816 0.6947379
vn 0.033878356 0.7187118 0.6944822
vn 0.122836426 0.5790303 0.8059995
vn 0.1724958 0.62335265 0.7626773
vn 0.078601785 0.7384662 0.66969347
vn 0.03622444 0.7541812 0.65566653
vn 0.18164426 0.42428198 0.88712466
vn -0.45397902 0.065076694 0.88863266
vn -0.66179216 0.14071904 0.73636216
vn -0.6073026 0.17864844 0.7741241
vn -0.5997205 0.13249661 0.7891642
vn -0.2180548 -0.18168274 0.9588762
vn -0.46869993 -0.011559123 0.88328177
vn -0.094322994 -0.54088223 0.83579284
vn -0.053899914 0.03441304 0.9979531
vn -0.30656567 0.8234048 0.4775164
vn 0.52113396 0.16416873 0.8375369
vn 0.053718064 0.0344134 0.997963
vn 0.09432298 -0.54088223 0.8357928
vn -0.0594275 0.21961549 0.9737749
vn 0.07309773 0.31486326 0.94631803
vn 0.11077528 0.33269742 0.9365048
vn 0.11179528 0.2993429 0.9475736
vn -0.8353798 0.52506745 0.16261904
vn 0.30993736 0.71451473 0.6272222
vn -0.023959152 -0.19709885 0.98009074
vn -0.36230263 -0.6386305 0.6788872
vn 0.013296607 -0.40398785 0.9146677
vn 0.059517384 -0.15964466 0.98537874
vn 0.12939312 -0.08259562 0.98814756
vn -0.0888966 0.06395402 0.9939856
vn -0.041239887 0.033213533 0.998597
vn 0.00327347 0.19533636 0.98073083
vn 0.08425679 0.041389324 0.9955841
vn 0.10825856 0.08145835 0.99077976
vn -0.04490022 0.41370204 0.90930456
vn 0.10313842 0.5448826 0.83214515

# triangles

f 541/541/541 467/467/467 457/457/457
f 467/467/467 542/542/542 458/458/458
f 467/467/467 353/353/353 369/369/369
f 457/457/457 467/467/467 369/369/369
f 457/457/457 369/369/369 353/353/353
f 556/556/556 467/467/467 541/541/541
f 556/556/556 557/557/557 467/467/467
f 557/557/557 542/542/542 467/467/467
f 467/467/467 458/458/458 353/353/353
f 642/642/642 558/558/558 543/543/543
f 642/642/642 543/543/543 558/558/558
f 558/558/558 543/543/543 459/459/459
f 558/558/558 459/459/459 468/468/468
f 468/468/468 459/459/459 354/354/354
f 468/468/468 354/354/354 371/371/371
f 459/459/459 468/468/468 371/371/371
f 459/459/459 371/371/371 354/354/354
f 543/543/543 558/558/558 468/468/468
f 543/543/543 468/468/468 459/459/459
f 546/546/546 471/471/471 462/462/462
f 561/561/561 471/471/471 546/546/546
f 561/561/561 546/546/546 471/471/471
f 471/471/471 546/546/546 462/462/462
f 471/471/471 462/462/462 357/357/357
f 471/471/471 357/357/357 374/374/374
f 357/357/357 471/471/471 374/374/374
f 462/462/462 471/471/471 357/357/357
f 644/644/644 560/560/560 545/545/545
f 644/644/644 545/545/545 560/560/560
f 560/560/560 545/545/545 461/461/461
f 560/560/560 461/461/461 470/470/470
f 470/470/470 461/461/461 356/356/356
f 470/470/470 356/356/356 373/373/373
f 461/461/461 470/470/470 373/373/373
f 461/461/461 373/373/373 356/356/356
f 545/545/545 560/560/560 470/470/470
f 545/545/545 470/470/470 461/461/461
f 643/643/643 559/559/559 544/544/544
f 784/784/784 710/710/710 643/643/643
f 710/710/710 784/784/784 643/643/643
f 643/643/643 544/544/544 559/559/559
f 559/559/559 544/544/544 460/460/460
f 559/559/559 460/460/460 469/469/469
f 469/469/469 460/460/460 278/278/278
f 469/469/469 278/278/278 372/372/372
f 460/460/460 469/469/469 372/372/372
f 460/460/460 372/372/372 278/278/278
f 544/544/544 559/559/559 469/469/469
f 544/544/544 469/469/469 460/460/460
f 3211/3211/3211 3224/3224/3224 3223/3223/3223
f 3211/3211/3211 3223/3223/3223 3210/3210/3210
f 3217/3217/3217 3216/3216/3216 3205/3205/3205
f 3217/3217/3217 3205/3205/3205 3206/3206/3206
f 286/286/286 285/285/285 210/210/210
f 285/285/285 286/286/286 210/210/210
f 379/379/379 360/360/360 287/287/287
f 379/379/379 287/287/287 305/305/305
f 360/360/360 379/379/379 305/305/305
f 360/360/360 305/305/305 287/287/287
f 302/302/302 301/301/301 215/215/215
f 301/301/301 302/302/302 215/215/215
f 364/364/364 290/290/290 270/270/270
f 364/364/364 270/270/270 351/351/351
f 351/351/351 270/270/270 290/290/290
f 351/351/351 290/290/290 364/364/364
f 365/365/365 291/291/291 290/290/290
f 365/365/365 290/290/290 364/364/364
f 364/364/364 290/290/290 291/291/291
f 364/364/364 291/291/291 365/365/365
f 303/303/303 284/284/284 377/377/377
f 284/284/284 303/303/303 377/377/377
f 284/284/284 377/377/377 285/285/285
f 302/302/302 284/284/284 377/377/377
f 284/284/284 302/302/302 377/377/377
f 303/303/303 284/284/284 285/285/285
f 303/303/303 285/285/285 377/377/377
f 303/303/303 285/285/285 284/284/284
f 285/285/285 303/303/303 377/377/377
f 303/303/303 285/285/285 377/377/377
f 285/285/285 303/303/303 377/377/377
f 303/303/303 285/285/285 378/378/378
f 285/285/285 303/303/303 378/378/378
f 304/304/304 285/285/285 378/378/378
f 285/285/285 304/304/304 378/378/378
f 285/285/285 378/378/378 286/286/286
f 378/378/378 285/285/285 359/359/359
f 285/285/285 286/286/286 359/359/359
f 286/286/286 285/285/285 359/359/359
f 285/285/285 378/378/378 359/359/359
f 378/378/378 286/286/286 359/359/359
f 286/286/286 378/378/378 359/359/359
f 378/378/378 286/286/286 359/359/359
f 378/378/378 359/359/359 379/379/379
f 286/286/286 360/360/360 359/359/359
f 286/286/286 359/359/359 360/360/360
f 286/286/286 378/378/378 379/379/379
f 286/286/286 379/379/379 359/359/359
f 378/378/378 286/286/286 359/359/359
f 378/378/378 359/359/359 379/379/379
f 378/378/378 379/379/379 286/286/286
f 286/286/286 360/360/360 359/359/359
f 286/286/286 287/287/287 360/360/360
f 287/287/287 286/286/286 359/359/359
f 287/287/287 359/359/359 360/360/360
f 286/286/286 379/379/379 359/359/359
f 379/379/379 286/286/286 360/360/360
f 286/286/286 287/287/287 360/360/360
f 287/287/287 286/286/286 360/360/360
f 286/286/286 379/379/379 360/360/360
f 292/292/292 365/365/365 366/366/366
f 292/292/292 366/366/366 272/272/272
f 272/272/272 365/365/365 292/292/292
f 292/292/292 272/272/272 273/273/273
f 273/273/273 272/272/272 292/292/292
f 292/292/292 366/366/366 272/272/272
f 272/272/272 366/366/366 292/292/292
f 291/291/291 365/365/365 292/292/292
f 292/292/292 272/272/272 291/291/291
f 292/292/292 365/365/365 272/272/272
f 272/272/272 365/365/365 291/291/291
f 291/291/291 365/365/365 271/271/271
f 291/291/291 271/271/271 272/272/272
f 272/272/272 271/271/271 365/365/365
f 272/272/272 365/365/365 291/291/291
f 291/291/291 365/365/365 271/271/271
f 271/271/271 365/365/365 291/291/291
f 291/291/291 364/364/364 365/365/365
f 291/291/291 365/365/365 271/271/271
f 271/271/271 364/364/364 291/291/291
f 365/365/365 364/364/364 352/352/352
f 365/365/365 352/352/352 271/271/271
f 271/271/271 352/352/352 270/270/270
f 271/271/271 270/270/270 352/352/352
f 271/271/271 352/352/352 364/364/364
f 271/271/271 364/364/364 365/365/365
f 364/364/364 352/352/352 271/271/271
f 271/271/271 352/352/352 351/351/351
f 271/271/271 351/351/351 270/270/270
f 270/270/270 351/351/351 271/271/271
f 271/271/271 351/351/351 364/364/364
f 364/364/364 271/271/271 270/270/270
f 364/364/364 351/351/351 271/271/271
f 271/271/271 351/351/351 270/270/270
f 270/270/270 351/351/351 364/364/364
f 364/364/364 351/351/351 270/270/270
f 270/270/270 351/351/351 364/364/364
f 364/364/364 351/351/351 270/270/270
f 270/270/270 351/351/351 364/364/364
f 286/286/286 284/284/284 359/359/359
f 209/209/209 286/286/286 359/359/359
f 209/209/209 359/359/359 284/284/284
f 284/284/284 286/286/286 209/209/209
f 270/270/270 351/351/351 273/273/273
f 199/199/199 273/273/273 351/351/351
f 199/199/199 351/351/351 270/270/270
f 273/273/273 199/199/199 270/270/270
f 3090/3090/3090 3104/3104/3104 3224/3224/3224
f 3090/3090/3090 3224/3224/3224 3211/3211/3211
f 3104/3104/3104 3223/3223/3223 3224/3224/3224
f 3104/3104/3104 3103/3103/3103 3223/3223/3223
f 3103/3103/3103 3102/3102/3102 3223/3223/3223
f 3102/3102/3102 3088/3088/3088 3210/3210/3210
f 3102/3102/3102 3210/3210/3210 3223/3223/3223
f 3088/3088/3088 3089/3089/3089 3210/3210/3210
f 3089/3089/3089 3090/3090/3090 3211/3211/3211
f 3089/3089/3089 3211/3211/3211 3210/3210/3210
f 3094/3094/3094 3216/3216/3216 3095/3095/3095
f 3083/3083/3083 3205/3205/3205 3216/3216/3216
f 3083/3083/3083 3216/3216/3216 3094/3094/3094
f 3084/3084/3084 3205/3205/3205 3083/3083/3083
f 3085/3085/3085 3206/3206/3206 3205/3205/3205
f 3085/3085/3085 3205/3205/3205 3084/3084/3084
f 3096/3096/3096 3217/3217/3217 3206/3206/3206
f 3096/3096/3096 3206/3206/3206 3085/3085/3085
f 3095/3095/3095 3216/3216/3216 3217/3217/3217
f 3095/3095/3095 3217/3217/3217 3096/3096/3096
f 3359/3359/3359 3360/3360/3360 3265/3265/3265
f 3359/3359/3359 3360/3360/3360 3265/3265/3265
f 3353/3353/3353 3258/3258/3258 3257/3257/3257
f 3360/3360/3360 3359/3359/3359 3089/3089/3089
f 3359/3359/3359 3413/3413/3413 3089/3089/3089
f 3359/3359/3359 3427/3427/3427 3413/3413/3413
f 3222/3222/3222 3359/3359/3359 3360/3360/3360
f 3222/3222/3222 3360/3360/3360 3283/3283/3283
f 3222/3222/3222 3283/3283/3283 3223/3223/3223
f 3124/3124/3124 3165/3165/3165 3155/3155/3155
f 3124/3124/3124 3155/3155/3155 3156/3156/3156
f 3105/3105/3105 3156/3156/3156 3155/3155/3155
f 3105/3105/3105 3155/3155/3155 3090/3090/3090
f 3155/3155/3155 3089/3089/3089 3090/3090/3090
f 3155/3155/3155 3223/3223/3223 3089/3089/3089
f 3223/3223/3223 3103/3103/3103 3089/3089/3089
f 3223/3223/3223 3283/3283/3283 3089/3089/3089
f 3223/3223/3223 3089/3089/3089 3103/3103/3103
f 3283/3283/3283 3360/3360/3360 3089/3089/3089
f 3353/3353/3353 3405/3405/3405 3418/3418/3418
f 3353/3353/3353 3085/3085/3085 3084/3084/3084
f 3353/3353/3353 3084/3084/3084 3405/3405/3405
f 3217/3217/3217 3269/3269/3269 3353/3353/3353
f 3158/3158/3158 3144/3144/3144 3145/3145/3145
f 3107/3107/3107 3143/3143/3143 3144/3144/3144
f 3107/3107/3107 3144/3144/3144 3158/3158/3158
f 3094/3094/3094 3084/3084/3084 3144/3144/3144
f 3094/3094/3094 3144/3144/3144 3143/3143/3143
f 3144/3144/3144 3084/3084/3084 3145/3145/3145
f 3145/3145/3145 3084/3084/3084 3217/3217/3217
f 3217/3217/3217 3084/3084/3084 3096/3096/3096
f 3217/3217/3217 3096/3096/3096 3085/3085/3085
f 3217/3217/3217 3085/3085/3085 3269/3269/3269
f 3269/3269/3269 3085/3085/3085 3353/3353/3353
f 3104/3104/3104 3023/3023/3023 3022/3022/3022
f 3266/3266/3266 3224/3224/3224 3104/3104/3104
f 3266/3266/3266 3104/3104/3104 3090/3090/3090
f 3022/3022/3022 3010/3010/3010 3090/3090/3090
f 3022/3022/3022 3090/3090/3090 3104/3104/3104
f 3225/3225/3225 3156/3156/3156 3224/3224/3224
f 3156/3156/3156 3023/3023/3023 3104/3104/3104
f 3156/3156/3156 3104/3104/3104 3224/3224/3224
f 3361/3361/3361 3266/3266/3266 3090/3090/3090
f 3361/3361/3361 3090/3090/3090 3089/3089/3089
f 3215/3215/3215 3095/3095/3095 3094/3094/3094
f 3094/3094/3094 3095/3095/3095 3014/3014/3014
f 3014/3014/3014 3095/3095/3095 3084/3084/3084
f 3014/3014/3014 3084/3084/3084 3005/3005/3005
f 3255/3255/3255 3084/3084/3084 3095/3095/3095
f 3255/3255/3255 3095/3095/3095 3215/3215/3215
f 3005/3005/3005 3084/3084/3084 3083/3083/3083
f 3256/3256/3256 3084/3084/3084 3255/3255/3255
f 3144/3144/3144 3215/3215/3215 3094/3094/3094
f 3144/3144/3144 3094/3094/3094 3014/3014/3014
f 3351/3351/3351 3084/3084/3084 3256/3256/3256
f 3283/3283/3283 3359/3359/3359 3360/3360/3360
f 3165/3165/3165 3223/3223/3223 3155/3155/3155
f 3124/3124/3124 3165/3165/3165 3155/3155/3155
f 3124/3124/3124 3155/3155/3155 3165/3165/3165
f 3225/3225/3225 3156/3156/3156 3023/3023/3023
f 3284/3284/3284 3225/3225/3225 3023/3023/3023
f 3284/3284/3284 3023/3023/3023 3022/3022/3022
f 3266/3266/3266 3284/3284/3284 3022/3022/3022
f 3266/3266/3266 3022/3022/3022 3090/3090/3090
f 3361/3361/3361 3266/3266/3266 3090/3090/3090
f 3361/3361/3361 3090/3090/3090 3089/3089/3089
f 3360/3360/3360 3361/3361/3361 3089/3089/3089
f 3360/3360/3360 3089/3089/3089 3088/3088/3088
f 3427/3427/3427 3360/3360/3360 3088/3088/3088
f 3427/3427/3427 3088/3088/3088 3087/3087/3087
f 3359/3359/3359 3427/3427/3427 3087/3087/3087
f 3359/3359/3359 3087/3087/3087 3208/3208/3208
f 3360/3360/3360 3359/3359/3359 3208/3208/3208
f 3283/3283/3283 3360/3360/3360 3208/3208/3208
f 3283/3283/3283 3208/3208/3208 3153/3153/3153
f 3222/3222/3222 3283/3283/3283 3153/3153/3153
f 3223/3223/3223 3222/3222/3222 3153/3153/3153
f 3223/3223/3223 3153/3153/3153 3103/3103/3103
f 3155/3155/3155 3223/3223/3223 3103/3103/3103
f 3155/3155/3155 3103/3103/3103 3022/3022/3022
f 3165/3165/3165 3155/3155/3155 3022/3022/3022
f 3165/3165/3165 3022/3022/3022 3045/3045/3045
f 3124/3124/3124 3165/3165/3165 3045/3045/3045
f 3124/3124/3124 3045/3045/3045 3046/3046/3046
f 3156/3156/3156 3124/3124/3124 3046/3046/3046
f 3156/3156/3156 3046/3046/3046 3023/3023/3023
f 3413/3413/3413 3428/3428/3428 3360/3360/3360
f 3413/3413/3413 3360/3360/3360 3427/3427/3427
f 3428/3428/3428 3361/3361/3361 3360/3360/3360
f 3361/3361/3361 3362/3362/3362 3266/3266/3266
f 3266/3266/3266 3267/3267/3267 3284/3284/3284
f 3267/3267/3267 3225/3225/3225 3284/3284/3284
f 3159/3159/3159 3145/3145/3145 3217/3217/3217
f 3107/3107/3107 3158/3158/3158 3145/3145/3145
f 3107/3107/3107 3145/3145/3145 3159/3159/3159
f 3106/3106/3106 3107/3107/3107 3158/3158/3158
f 3106/3106/3106 3158/3158/3158 3107/3107/3107
f 3143/3143/3143 3144/3144/3144 3107/3107/3107
f 3143/3143/3143 3107/3107/3107 3106/3106/3106
f 3215/3215/3215 3144/3144/3144 3143/3143/3143
f 3215/3215/3215 3014/3014/3014 3144/3144/3144
f 3268/3268/3268 3014/3014/3014 3215/3215/3215
f 3255/3255/3255 3083/3083/3083 3014/3014/3014
f 3255/3255/3255 3014/3014/3014 3268/3268/3268
f 3255/3255/3255 3084/3084/3084 3083/3083/3083
f 3255/3255/3255 3268/3268/3268 3215/3215/3215
f 3416/3416/3416 3352/3352/3352 3351/3351/3351
f 3406/3406/3406 3418/3418/3418 3352/3352/3352
f 3406/3406/3406 3352/3352/3352 3416/3416/3416
f 3352/3352/3352 3085/3085/3085 3084/3084/3084
f 3352/3352/3352 3084/3084/3084 3351/3351/3351
f 3418/3418/3418 3086/3086/3086 3085/3085/3085
f 3418/3418/3418 3085/3085/3085 3352/3352/3352
f 3353/3353/3353 3207/3207/3207 3086/3086/3086
f 3353/3353/3353 3086/3086/3086 3418/3418/3418
f 3269/3269/3269 3147/3147/3147 3207/3207/3207
f 3269/3269/3269 3207/3207/3207 3353/3353/3353
f 3217/3217/3217 3146/3146/3146 3147/3147/3147
f 3217/3217/3217 3147/3147/3147 3269/3269/3269
f 3217/3217/3217 3096/3096/3096 3146/3146/3146
f 3145/3145/3145 3015/3015/3015 3096/3096/3096
f 3145/3145/3145 3096/3096/3096 3217/3217/3217
f 3158/3158/3158 3027/3027/3027 3015/3015/3015
f 3158/3158/3158 3015/3015/3015 3145/3145/3145
f 3107/3107/3107 3027/3027/3027 3158/3158/3158
f 3144/3144/3144 3014/3014/3014 3027/3027/3027
f 3144/3144/3144 3027/3027/3027 3107/3107/3107
f 3351/3351/3351 3084/3084/3084 3255/3255/3255
f 2024/2024/2024 2037/2037/2037 2038/2038/2038
f 2038/2038/2038 2025/2025/2025 2024/2024/2024
f 2025/2025/2025 2039/2039/2039 2026/2026/2026
f 2039/2039/2039 2025/2025/2025 2038/2038/2038
f 2131/2131/2131 2118/2118/2118 2039/2039/2039
f 2026/2026/2026 2039/2039/2039 2118/2118/2118
f 2039/2039/2039 1959/1959/1959 2040/2040/2040
f 2025/2025/2025 2026/2026/2026 2118/2118/2118
f 2025/2025/2025 2118/2118/2118 2117/2117/2117
f 2117/2117/2117 2118/2118/2118 2131/2131/2131
f 2130/2130/2130 2117/2117/2117 2131/2131/2131
f 2038/2038/2038 2130/2130/2130 2131/2131/2131
f 2038/2038/2038 2131/2131/2131 2039/2039/2039
f 2037/2037/2037 2129/2129/2129 2130/2130/2130
f 2037/2037/2037 2130/2130/2130 2038/2038/2038
f 2129/2129/2129 2116/2116/2116 2130/2130/2130
f 2024/2024/2024 2116/2116/2116 2129/2129/2129
f 2024/2024/2024 2129/2129/2129 2037/2037/2037
f 2116/2116/2116 2117/2117/2117 2130/2130/2130
f 2024/2024/2024 2025/2025/2025 2117/2117/2117
f 2024/2024/2024 2117/2117/2117 2116/2116/2116
f 2039/2039/2039 2040/2040/2040 1959/1959/1959
f 2015/2015/2015 2014/2014/2014 2107/2107/2107
f 2015/2015/2015 2107/2107/2107 2108/2108/2108
f 2014/2014/2014 2029/2029/2029 2121/2121/2121
f 2014/2014/2014 2121/2121/2121 2107/2107/2107
f 2029/2029/2029 2028/2028/2028 2120/2120/2120
f 2029/2029/2029 2120/2120/2120 2121/2121/2121
f 2028/2028/2028 2027/2027/2027 2119/2119/2119
f 2028/2028/2028 2119/2119/2119 2120/2120/2120
f 2119/2119/2119 2027/2027/2027 2105/2105/2105
f 2012/2012/2012 2105/2105/2105 2027/2027/2027
f 2120/2120/2120 2119/2119/2119 2105/2105/2105
f 2120/2120/2120 2105/2105/2105 2106/2106/2106
f 2013/2013/2013 2106/2106/2106 2105/2105/2105
f 2013/2013/2013 2105/2105/2105 2012/2012/2012
f 2013/2013/2013 2012/2012/2012 2027/2027/2027
f 2013/2013/2013 2027/2027/2027 2028/2028/2028
f 2028/2028/2028 2029/2029/2029 2014/2014/2014
f 2028/2028/2028 2014/2014/2014 2013/2013/2013
f 2015/2015/2015 2108/2108/2108 2107/2107/2107
f 2015/2015/2015 2107/2107/2107 2014/2014/2014
f 2014/2014/2014 2107/2107/2107 2106/2106/2106
f 2014/2014/2014 2106/2106/2106 2013/2013/2013
f 2121/2121/2121 2120/2120/2120 2106/2106/2106
f 2121/2121/2121 2106/2106/2106 2107/2107/2107
f 1965/1965/1965 2048/2048/2048 2040/2040/2040
f 1965/1965/1965 2040/2040/2040 1959/1959/1959
f 1964/1964/1964 2048/2048/2048 1965/1965/1965
f 2047/2047/2047 2048/2048/2048 1964/1964/1964
f 2038/2038/2038 2130/2130/2130 2046/2046/2046
f 2038/2038/2038 2026/2026/2026 2039/2039/2039
f 2026/2026/2026 1958/1958/1958 1954/1954/1954
f 2026/2026/2026 1954/1954/1954 2039/2039/2039
f 1954/1954/1954 1958/1958/1958 2039/2039/2039
f 1958/1958/1958 2040/2040/2040 2039/2039/2039
f 1959/1959/1959 2040/2040/2040 1958/1958/1958
f 2131/2131/2131 2039/2039/2039 2040/2040/2040
f 2131/2131/2131 2040/2040/2040 2039/2039/2039
f 2039/2039/2039 2131/2131/2131 2038/2038/2038
f 2038/2038/2038 2131/2131/2131 2130/2130/2130
f 2130/2130/2130 2131/2131/2131 2046/2046/2046
f 2046/2046/2046 2131/2131/2131 2136/2136/2136
f 2046/2046/2046 2136/2136/2136 2047/2047/2047
f 2136/2136/2136 2131/2131/2131 2047/2047/2047
f 2047/2047/2047 2131/2131/2131 2039/2039/2039
f 2048/2048/2048 2047/2047/2047 2040/2040/2040
f 2047/2047/2047 2039/2039/2039 2040/2040/2040
f 1958/1958/1958 2026/2026/2026 2039/2039/2039
f 2026/2026/2026 2038/2038/2038 2039/2039/2039
f 1960/1960/1960 1955/1955/1955 2027/2027/2027
f 1960/1960/1960 2027/2027/2027 2041/2041/2041
f 1960/1960/1960 2041/2041/2041 2042/2042/2042
f 2028/2028/2028 2042/2042/2042 2120/2120/2120
f 2012/2012/2012 2013/2013/2013 2028/2028/2028
f 2012/2012/2012 2028/2028/2028 2027/2027/2027
f 2012/2012/2012 1953/1953/1953 1955/1955/1955
f 2012/2012/2012 1955/1955/1955 2013/2013/2013
f 2012/2012/2012 2027/2027/2027 1953/1953/1953
f 1953/1953/1953 2027/2027/2027 1955/1955/1955
f 2027/2027/2027 2028/2028/2028 2119/2119/2119
f 2028/2028/2028 2120/2120/2120 2119/2119/2119
f 2042/2042/2042 2133/2133/2133 2120/2120/2120
f 2120/2120/2120 2133/2133/2133 2119/2119/2119
f 2042/2042/2042 2132/2132/2132 2133/2133/2133
f 2133/2133/2133 2132/2132/2132 2119/2119/2119
f 2042/2042/2042 2041/2041/2041 2132/2132/2132
f 2132/2132/2132 2041/2041/2041 2119/2119/2119
f 2041/2041/2041 2027/2027/2027 2119/2119/2119
f 1955/1955/1955 2027/2027/2027 2028/2028/2028
f 1955/1955/1955 2028/2028/2028 2013/2013/2013
f 1965/1965/1965 1958/1958/1958 2039/2039/2039
f 1965/1965/1965 2039/2039/2039 1964/1964/1964
f 1965/1965/1965 1959/1959/1959 1958/1958/1958
f 2039/2039/2039 2047/2047/2047 1964/1964/1964
f 2047/2047/2047 2039/2039/2039 2038/2038/2038
f 2038/2038/2038 2046/2046/2046 2047/2047/2047
f 1960/1960/1960 2027/2027/2027 1955/1955/1955
f 2027/2027/2027 1960/1960/1960 2042/2042/2042
f 2027/2027/2027 2042/2042/2042 2028/2028/2028
f 1007/1007/1007 2497/2497/2497 2495/2495/2495
f 1007/1007/1007 2495/2495/2495 1005/1005/1005
f 1007/1007/1007 1010/1010/1010 2499/2499/2499
f 1007/1007/1007 2499/2499/2499 2497/2497/2497
f 1007/1007/1007 1005/1005/1005 410/410/410
f 1007/1007/1007 410/410/410 414/414/414
f 1007/1007/1007 414/414/414 338/338/338
f 1007/1007/1007 338/338/338 1083/1083/1083
f 1083/1083/1083 338/338/338 566/566/566
f 1083/1083/1083 566/566/566 1051/1051/1051
f 1003/1003/1003 407/407/407 410/410/410
f 1003/1003/1003 410/410/410 1005/1005/1005
f 1003/1003/1003 1080/1080/1080 337/337/337
f 1003/1003/1003 337/337/337 407/407/407
f 1080/1080/1080 1050/1050/1050 551/551/551
f 1080/1080/1080 551/551/551 337/337/337
f 1003/1003/1003 2493/2493/2493 2491/2491/2491
f 1003/1003/1003 2491/2491/2491 1001/1001/1001
f 1003/1003/1003 1005/1005/1005 2495/2495/2495
f 1003/1003/1003 2495/2495/2495 2493/2493/2493
f 2495/2495/2495 3051/3051/3051 3049/3049/3049
f 2495/2495/2495 3049/3049/3049 2493/2493/2493
f 3049/3049/3049 3131/3131/3131 2451/2451/2451
f 3049/3049/3049 2451/2451/2451 2493/2493/2493
f 3131/3131/3131 3028/3028/3028 2589/2589/2589
f 3131/3131/3131 2589/2589/2589 2451/2451/2451
f 3051/3051/3051 3373/3373/3373 3372/3372/3372
f 3051/3051/3051 3372/3372/3372 3049/3049/3049
f 3372/3372/3372 3370/3370/3370 3048/3048/3048
f 3372/3372/3372 3048/3048/3048 3049/3049/3049
f 3370/3370/3370 3047/3047/3047 3048/3048/3048
f 3051/3051/3051 3053/3053/3053 3374/3374/3374
f 3051/3051/3051 3374/3374/3374 3373/3373/3373
f 3374/3374/3374 3053/3053/3053 3054/3054/3054
f 3374/3374/3374 3054/3054/3054 3376/3376/3376
f 3376/3376/3376 3054/3054/3054 3055/3055/3055
f 3376/3376/3376 3055/3055/3055 3377/3377/3377
f 3053/3053/3053 2497/2497/2497 2452/2452/2452
f 3053/3053/3053 2452/2452/2452 3132/3132/3132
f 2495/2495/2495 2497/2497/2497 3053/3053/3053
f 2495/2495/2495 3053/3053/3053 3051/3051/3051
f 3132/3132/3132 2452/2452/2452 2592/2592/2592
f 3132/3132/3132 2592/2592/2592 3044/3044/3044
f 178/178/178 179/179/179 102/102/102
f 102/102/102 179/179/179 170/170/170
f 102/102/102 170/170/170 85/85/85
f 170/170/170 169/169/169 85/85/85
f 169/169/169 177/177/177 102/102/102
f 169/169/169 102/102/102 85/85/85
f 177/177/177 178/178/178 102/102/102
f 176/176/176 89/89/89 174/174/174
f 89/89/89 75/75/75 165/165/165
f 89/89/89 165/165/165 174/174/174
f 165/165/165 75/75/75 167/167/167
f 167/167/167 75/75/75 89/89/89
f 167/167/167 89/89/89 176/176/176
f 344/344/344 261/261/261 262/262/262
f 344/344/344 262/262/262 261/261/261
f 940/940/940 862/862/862 863/863/863
f 940/940/940 863/863/863 862/862/862
f 862/862/862 863/863/863 804/804/804
f 862/862/862 863/863/863 804/804/804
f 862/862/862 804/804/804 803/803/803
f 863/863/863 725/725/725 804/804/804
f 803/803/803 804/804/804 724/724/724
f 803/803/803 724/724/724 723/723/723
f 804/804/804 725/725/725 659/659/659
f 804/804/804 659/659/659 724/724/724
f 723/723/723 724/724/724 658/658/658
f 658/658/658 724/724/724 725/725/725
f 725/725/725 650/650/650 659/659/659
f 725/725/725 659/659/659 658/658/658
f 658/658/658 659/659/659 580/580/580
f 723/723/723 657/657/657 656/656/656
f 723/723/723 658/658/658 657/657/657
f 658/658/658 650/650/650 580/580/580
f 658/658/658 580/580/580 579/579/579
f 579/579/579 580/580/580 567/567/567
f 656/656/656 657/657/657 578/578/578
f 656/656/656 578/578/578 577/577/577
f 657/657/657 658/658/658 578/578/578
f 578/578/578 658/658/658 579/579/579
f 579/579/579 567/567/567 481/481/481
f 578/578/578 579/579/579 481/481/481
f 577/577/577 578/578/578 480/480/480
f 578/578/578 579/579/579 480/480/480
f 480/480/480 579/579/579 473/473/473
f 565/565/565 480/480/480 479/479/479
f 480/480/480 473/473/473 384/384/384
f 480/480/480 384/384/384 377/377/377
f 479/479/479 480/480/480 472/472/472
f 472/472/472 378/378/378 383/383/383
f 924/924/924 861/861/861 859/859/859
f 924/924/924 859/859/859 860/860/860
f 861/861/861 794/794/794 859/859/859
f 861/861/861 796/796/796 795/795/795
f 861/861/861 795/795/795 860/860/860
f 860/860/860 795/795/795 717/717/717
f 860/860/860 717/717/717 859/859/859
f 796/796/796 718/718/718 795/795/795
f 794/794/794 717/717/717 653/653/653
f 794/794/794 653/653/653 717/717/717
f 795/795/795 718/718/718 717/717/717
f 795/795/795 717/717/717 794/794/794
f 796/796/796 719/719/719 718/718/718
f 717/717/717 653/653/653 637/637/637
f 654/654/654 653/653/653 717/717/717
f 718/718/718 654/654/654 717/717/717
f 719/719/719 655/655/655 654/654/654
f 719/719/719 654/654/654 718/718/718
f 653/653/653 569/569/569 637/637/637
f 654/654/654 569/569/569 653/653/653
f 718/718/718 654/654/654 653/653/653
f 655/655/655 571/571/571 570/570/570
f 655/655/655 570/570/570 654/654/654
f 570/570/570 476/476/476 569/569/569
f 569/569/569 476/476/476 550/550/550
f 570/570/570 569/569/569 654/654/654
f 571/571/571 478/478/478 570/570/570
f 477/477/477 465/465/465 570/570/570
f 570/570/570 478/478/478 477/477/477
f 552/552/552 478/478/478 477/477/477
f 478/478/478 365/365/365 381/381/381
f 477/477/477 478/478/478 381/381/381
f 477/477/477 381/381/381 465/465/465
f 466/466/466 382/382/382 365/365/365
f 790/790/790 921/921/921 940/940/940
f 790/790/790 940/940/940 803/803/803
f 648/648/648 790/790/790 803/803/803
f 648/648/648 803/803/803 656/656/656
f 472/472/472 648/648/648 656/656/656
f 472/472/472 656/656/656 479/479/479
f 376/376/376 472/472/472 479/479/479
f 376/376/376 479/479/479 383/383/383
f 383/383/383 479/479/479 577/577/577
f 565/565/565 376/376/376 383/383/383
f 565/565/565 383/383/383 577/577/577
f 479/479/479 656/656/656 657/657/657
f 479/479/479 657/657/657 577/577/577
f 649/649/649 565/565/565 577/577/577
f 649/649/649 577/577/577 657/657/657
f 790/790/790 649/649/649 657/657/657
f 790/790/790 657/657/657 803/803/803
f 856/856/856 790/790/790 803/803/803
f 856/856/856 803/803/803 862/862/862
f 656/656/656 803/803/803 657/657/657
f 803/803/803 940/940/940 862/862/862
f 857/857/857 856/856/856 862/862/862
f 857/857/857 862/862/862 863/863/863
f 791/791/791 857/857/857 863/863/863
f 791/791/791 863/863/863 804/804/804
f 804/804/804 805/805/805 725/725/725
f 715/715/715 791/791/791 804/804/804
f 715/715/715 804/804/804 725/725/725
f 650/650/650 715/715/715 725/725/725
f 650/650/650 725/725/725 659/659/659
f 567/567/567 650/650/650 659/659/659
f 567/567/567 659/659/659 580/580/580
f 473/473/473 567/567/567 580/580/580
f 473/473/473 580/580/580 481/481/481
f 377/377/377 473/473/473 481/481/481
f 377/377/377 481/481/481 384/384/384
f 376/376/376 377/377/377 384/384/384
f 376/376/376 384/384/384 383/383/383
f 377/377/377 376/376/376 383/383/383
f 377/377/377 383/383/383 384/384/384
f 473/473/473 377/377/377 384/384/384
f 473/473/473 384/384/384 481/481/481
f 567/567/567 473/473/473 481/481/481
f 567/567/567 481/481/481 580/580/580
f 650/650/650 567/567/567 580/580/580
f 650/650/650 580/580/580 659/659/659
f 715/715/715 650/650/650 659/659/659
f 715/715/715 659/659/659 725/725/725
f 792/792/792 715/715/715 725/725/725
f 792/792/792 725/725/725 805/805/805
f 791/791/791 792/792/792 805/805/805
f 791/791/791 805/805/805 804/804/804
f 857/857/857 791/791/791 804/804/804
f 857/857/857 804/804/804 863/863/863
f 921/921/921 857/857/857 863/863/863
f 921/921/921 863/863/863 940/940/940
f 940/940/940 863/863/863 862/862/862
f 925/925/925 860/860/860 924/924/924
f 917/917/917 925/925/925 924/924/924
f 917/917/917 924/924/924 916/916/916
f 777/777/777 796/796/796 925/925/925
f 777/777/777 925/925/925 917/917/917
f 638/638/638 655/655/655 796/796/796
f 638/638/638 796/796/796 777/777/777
f 466/466/466 478/478/478 655/655/655
f 466/466/466 655/655/655 638/638/638
f 366/366/366 382/382/382 478/478/478
f 366/366/366 478/478/478 466/466/466
f 382/382/382 571/571/571 478/478/478
f 552/552/552 571/571/571 382/382/382
f 552/552/552 382/382/382 366/366/366
f 478/478/478 571/571/571 655/655/655
f 638/638/638 655/655/655 571/571/571
f 638/638/638 571/571/571 552/552/552
f 777/777/777 796/796/796 655/655/655
f 777/777/777 655/655/655 638/638/638
f 855/855/855 860/860/860 796/796/796
f 855/855/855 796/796/796 777/777/777
f 796/796/796 860/860/860 925/925/925
f 776/776/776 794/794/794 860/860/860
f 776/776/776 860/860/860 855/855/855
f 705/705/705 717/717/717 794/794/794
f 705/705/705 794/794/794 776/776/776
f 717/717/717 653/653/653 652/652/652
f 637/637/637 653/653/653 717/717/717
f 637/637/637 717/717/717 705/705/705
f 550/550/550 569/569/569 653/653/653
f 550/550/550 653/653/653 637/637/637
f 465/465/465 476/476/476 569/569/569
f 465/465/465 569/569/569 550/550/550
f 365/365/365 381/381/381 476/476/476
f 365/365/365 476/476/476 465/465/465
f 366/366/366 382/382/382 381/381/381
f 366/366/366 381/381/381 365/365/365
f 365/365/365 381/381/381 382/382/382
f 365/365/365 382/382/382 366/366/366
f 465/465/465 476/476/476 381/381/381
f 465/465/465 381/381/381 365/365/365
f 550/550/550 569/569/569 476/476/476
f 550/550/550 476/476/476 465/465/465
f 637/637/637 653/653/653 569/569/569
f 637/637/637 569/569/569 550/550/550
f 636/636/636 652/652/652 653/653/653
f 636/636/636 653/653/653 637/637/637
f 705/705/705 717/717/717 652/652/652
f 705/705/705 652/652/652 636/636/636
f 776/776/776 794/794/794 717/717/717
f 776/776/776 717/717/717 705/705/705
f 855/855/855 860/860/860 794/794/794
f 855/855/855 794/794/794 776/776/776
f 916/916/916 924/924/924 860/860/860
f 916/916/916 860/860/860 855/855/855
f 2964/2964/2964 2976/2976/2976 2975/2975/2975
f 2900/2900/2900 2975/2975/2975 2901/2901/2901
f 2901/2901/2901 2975/2975/2975 2976/2976/2976
f 2901/2901/2901 2976/2976/2976 2902/2902/2902
f 2900/2900/2900 2901/2901/2901 2828/2828/2828
f 2900/2900/2900 2828/2828/2828 2827/2827/2827
f 2828/2828/2828 2901/2901/2901 2902/2902/2902
f 2828/2828/2828 2902/2902/2902 2829/2829/2829
f 2828/2828/2828 2901/2901/2901 2829/2829/2829
f 2827/2827/2827 2828/2828/2828 2752/2752/2752
f 2752/2752/2752 2828/2828/2828 2829/2829/2829
f 2752/2752/2752 2829/2829/2829 2753/2753/2753
f 2752/2752/2752 2682/2682/2682 2681/2681/2681
f 2682/2682/2682 2752/2752/2752 2753/2753/2753
f 2681/2681/2681 2682/2682/2682 2604/2604/2604
f 2890/2890/2890 2889/2889/2889 2969/2969/2969
f 2810/2810/2810 2809/2809/2809 2889/2889/2889
f 2810/2810/2810 2889/2889/2889 2890/2890/2890
f 2811/2811/2811 2810/2810/2810 2890/2890/2890
f 2810/2810/2810 2809/2809/2809 2889/2889/2889
f 2811/2811/2811 2810/2810/2810 2889/2889/2889
f 2811/2811/2811 2736/2736/2736 2735/2735/2735
f 2735/2735/2735 2734/2734/2734 2809/2809/2809
f 2735/2735/2735 2809/2809/2809 2810/2810/2810
f 2735/2735/2735 2810/2810/2810 2811/2811/2811
f 2736/2736/2736 2667/2667/2667 2666/2666/2666
f 2736/2736/2736 2666/2666/2666 2735/2735/2735
f 2666/2666/2666 2665/2665/2665 2734/2734/2734
f 2666/2666/2666 2734/2734/2734 2735/2735/2735
f 2667/2667/2667 2666/2666/2666 2594/2594/2594
f 2667/2667/2667 2594/2594/2594 2665/2665/2665
f 2752/2752/2752 2806/2806/2806 2827/2827/2827
f 2806/2806/2806 2964/2964/2964 2975/2975/2975
f 2806/2806/2806 2975/2975/2975 2827/2827/2827
f 2604/2604/2604 2681/2681/2681 2682/2682/2682
f 2752/2752/2752 2900/2900/2900 2884/2884/2884
f 2900/2900/2900 2975/2975/2975 2964/2964/2964
f 2900/2900/2900 2964/2964/2964 2884/2884/2884
f 2964/2964/2964 2975/2975/2975 2976/2976/2976
f 2964/2964/2964 2976/2976/2976 2965/2965/2965
f 2976/2976/2976 2901/2901/2901 2885/2885/2885
f 2976/2976/2976 2885/2885/2885 2965/2965/2965
f 2885/2885/2885 2901/2901/2901 2902/2902/2902
f 2885/2885/2885 2902/2902/2902 2886/2886/2886
f 2886/2886/2886 2902/2902/2902 2829/2829/2829
f 2886/2886/2886 2829/2829/2829 2807/2807/2807
f 2807/2807/2807 2829/2829/2829 2753/2753/2753
f 2807/2807/2807 2753/2753/2753 2731/2731/2731
f 2753/2753/2753 2682/2682/2682 2731/2731/2731
f 2807/2807/2807 2753/2753/2753 2829/2829/2829
f 2886/2886/2886 2807/2807/2807 2829/2829/2829
f 2886/2886/2886 2829/2829/2829 2902/2902/2902
f 2885/2885/2885 2886/2886/2886 2902/2902/2902
f 2885/2885/2885 2902/2902/2902 2901/2901/2901
f 2965/2965/2965 2885/2885/2885 2901/2901/2901
f 2965/2965/2965 2901/2901/2901 2976/2976/2976
f 2964/2964/2964 2965/2965/2965 2976/2976/2976
f 2975/2975/2975 2964/2964/2964 2976/2976/2976
f 2827/2827/2827 2975/2975/2975 2900/2900/2900
f 2752/2752/2752 2827/2827/2827 2900/2900/2900
f 2792/2792/2792 2811/2811/2811 2970/2970/2970
f 2792/2792/2792 2970/2970/2970 2953/2953/2953
f 2736/2736/2736 2811/2811/2811 2792/2792/2792
f 2736/2736/2736 2871/2871/2871 2890/2890/2890
f 2890/2890/2890 2871/2871/2871 2952/2952/2952
f 2890/2890/2890 2952/2952/2952 2969/2969/2969
f 2969/2969/2969 2952/2952/2952 2870/2870/2870
f 2969/2969/2969 2870/2870/2870 2889/2889/2889
f 2870/2870/2870 2791/2791/2791 2809/2809/2809
f 2870/2870/2870 2809/2809/2809 2889/2889/2889
f 2791/2791/2791 2724/2724/2724 2734/2734/2734
f 2791/2791/2791 2734/2734/2734 2809/2809/2809
f 2734/2734/2734 2724/2724/2724 2665/2665/2665
f 2791/2791/2791 2809/2809/2809 2734/2734/2734
f 2869/2869/2869 2888/2888/2888 2809/2809/2809
f 2869/2869/2869 2809/2809/2809 2791/2791/2791
f 2889/2889/2889 2809/2809/2809 2888/2888/2888
f 2870/2870/2870 2889/2889/2889 2888/2888/2888
f 2870/2870/2870 2888/2888/2888 2869/2869/2869
f 2952/2952/2952 2969/2969/2969 2889/2889/2889
f 2952/2952/2952 2889/2889/2889 2870/2870/2870
f 2953/2953/2953 2969/2969/2969 2952/2952/2952
f 2970/2970/2970 2969/2969/2969 2953/2953/2953
f 2811/2811/2811 2890/2890/2890 2969/2969/2969
f 2811/2811/2811 2969/2969/2969 2970/2970/2970
f 2736/2736/2736 2890/2890/2890 2811/2811/2811
f 80/80/80 159/159/159 65/65/65
f 80/80/80 65/65/65 79/79/79
f 80/80/80 81/81/81 68/68/68
f 80/80/80 68/68/68 159/159/159
f 159/159/159 68/68/68 67/67/67
f 159/159/159 67/67/67 66/66/66
f 159/159/159 66/66/66 65/65/65
f 12/12/12 65/65/65 66/66/66
f 12/12/12 66/66/66 13/13/13
f 13/13/13 66/66/66 67/67/67
f 13/13/13 67/67/67 14/14/14
f 15/15/15 14/14/14 67/67/67
f 15/15/15 67/67/67 68/68/68
f 21/21/21 15/15/15 68/68/68
f 21/21/21 68/68/68 81/81/81
f 20/20/20 21/21/21 81/81/81
f 20/20/20 81/81/81 80/80/80
f 20/20/20 80/80/80 79/79/79
f 20/20/20 79/79/79 19/19/19
f 20/20/20 22/22/22 21/21/21
f 21/21/21 68/68/68 15/15/15
f 68/68/68 58/58/58 15/15/15
f 58/58/58 57/57/57 14/14/14
f 58/58/58 14/14/14 15/15/15
f 56/56/56 13/13/13 14/14/14
f 56/56/56 14/14/14 57/57/57
f 65/65/65 12/12/12 13/13/13
f 65/65/65 13/13/13 56/56/56
f 65/65/65 56/56/56 148/148/148
f 148/148/148 56/56/56 57/57/57
f 148/148/148 57/57/57 149/149/149
f 150/150/150 149/149/149 57/57/57
f 150/150/150 57/57/57 58/58/58
f 68/68/68 150/150/150 58/58/58
f 82/82/82 68/68/68 21/21/21
f 22/22/22 82/82/82 21/21/21
f 79/79/79 19/19/19 65/65/65
f 19/19/19 12/12/12 65/65/65
f 19/19/19 79/79/79 65/65/65
f 19/19/19 65/65/65 12/12/12
f 17/17/17 16/16/16 255/255/255
f 17/17/17 255/255/255 256/256/256
f 16/16/16 242/242/242 255/255/255
f 256/256/256 255/255/255 505/505/505
f 256/256/256 505/505/505 508/508/508
f 255/255/255 242/242/242 505/505/505
f 242/242/242 241/241/241 493/493/493
f 242/242/242 493/493/493 505/505/505
f 241/241/241 228/228/228 492/492/492
f 241/241/241 492/492/492 493/493/493
f 228/228/228 493/493/493 492/492/492
f 228/228/228 242/242/242 493/493/493
f 242/242/242 494/494/494 493/493/493
f 242/242/242 243/243/243 494/494/494
f 243/243/243 245/245/245 495/495/495
f 243/243/243 495/495/495 494/494/494
f 245/245/245 246/246/246 495/495/495
f 246/246/246 232/232/232 495/495/495
f 232/232/232 231/231/231 495/495/495
f 231/231/231 232/232/232 496/496/496
f 231/231/231 496/496/496 495/495/495
f 232/232/232 246/246/246 508/508/508
f 232/232/232 508/508/508 496/496/496
f 246/246/246 256/256/256 508/508/508
f 72/72/72 17/17/17 256/256/256
f 72/72/72 256/256/256 246/246/246
f 59/59/59 72/72/72 246/246/246
f 59/59/59 246/246/246 232/232/232
f 53/53/53 59/59/59 232/232/232
f 53/53/53 232/232/232 231/231/231
f 53/53/53 231/231/231 232/232/232
f 59/59/59 53/53/53 232/232/232
f 59/59/59 232/232/232 246/246/246
f 72/72/72 59/59/59 246/246/246
f 72/72/72 246/246/246 245/245/245
f 17/17/17 72/72/72 245/245/245
f 16/16/16 17/17/17 245/245/245
f 16/16/16 245/245/245 243/243/243
f 16/16/16 243/243/243 242/242/242
f 58/58/58 16/16/16 242/242/242
f 52/52/52 58/58/58 242/242/242
f 52/52/52 242/242/242 228/228/228
f 58/58/58 52/52/52 228/228/228
f 58/58/58 228/228/228 241/241/241
f 16/16/16 58/58/58 241/241/241
f 16/16/16 241/241/241 242/242/242
f 10/10/10 253/253/253 254/254/254
f 10/10/10 254/254/254 11/11/11
f 11/11/11 254/254/254 239/239/239
f 11/11/11 239/239/239 12/12/12
f 253/253/253 501/501/501 504/504/504
f 253/253/253 504/504/504 254/254/254
f 254/254/254 504/504/504 239/239/239
f 239/239/239 504/504/504 491/491/491
f 239/239/239 491/491/491 240/240/240
f 240/240/240 491/491/491 225/225/225
f 225/225/225 491/491/491 490/490/490
f 225/225/225 490/490/490 239/239/239
f 239/239/239 490/490/490 489/489/489
f 239/239/239 489/489/489 236/236/236
f 236/236/236 489/489/489 488/488/488
f 236/236/236 488/488/488 221/221/221
f 221/221/221 488/488/488 222/222/222
f 222/222/222 488/488/488 221/221/221
f 221/221/221 488/488/488 501/501/501
f 221/221/221 501/501/501 236/236/236
f 236/236/236 501/501/501 253/253/253
f 60/60/60 236/236/236 61/61/61
f 61/61/61 236/236/236 253/253/253
f 61/61/61 253/253/253 10/10/10
f 61/61/61 54/54/54 60/60/60
f 54/54/54 221/221/221 236/236/236
f 54/54/54 236/236/236 60/60/60
f 49/49/49 221/221/221 54/54/54
f 49/49/49 222/222/222 221/221/221
f 50/50/50 222/222/222 49/49/49
f 49/49/49 222/222/222 50/50/50
f 49/49/49 221/221/221 222/222/222
f 54/54/54 236/236/236 221/221/221
f 54/54/54 221/221/221 49/49/49
f 61/61/61 236/236/236 54/54/54
f 10/10/10 236/236/236 61/61/61
f 11/11/11 239/239/239 236/236/236
f 11/11/11 236/236/236 10/10/10
f 12/12/12 239/239/239 11/11/11
f 55/55/55 239/239/239 12/12/12
f 51/51/51 225/225/225 239/239/239
f 51/51/51 239/239/239 55/55/55
f 55/55/55 240/240/240 225/225/225
f 55/55/55 225/225/225 51/51/51
f 12/12/12 239/239/239 240/240/240
f 12/12/12 240/240/240 55/55/55
f 152/152/152 143/143/143 244/244/244
f 143/143/143 230/230/230 244/244/244
f 230/230/230 400/400/400 507/507/507
f 230/230/230 507/507/507 244/244/244
f 400/400/400 230/230/230 244/244/244
f 400/400/400 244/244/244 507/507/507
f 230/230/230 143/143/143 244/244/244
f 143/143/143 152/152/152 244/244/244
f 145/145/145 237/237/237 140/140/140
f 140/140/140 237/237/237 223/223/223
f 223/223/223 237/237/237 502/502/502
f 223/223/223 502/502/502 393/393/393
f 393/393/393 502/502/502 237/237/237
f 393/393/393 237/237/237 223/223/223
f 223/223/223 237/237/237 140/140/140
f 140/140/140 237/237/237 145/145/145
f 151/151/151 142/142/142 243/243/243
f 142/142/142 229/229/229 243/243/243
f 229/229/229 399/399/399 506/506/506
f 229/229/229 506/506/506 243/243/243
f 399/399/399 229/229/229 243/243/243
f 399/399/399 243/243/243 506/506/506
f 229/229/229 142/142/142 243/243/243
f 142/142/142 151/151/151 243/243/243
f 146/146/146 238/238/238 141/141/141
f 141/141/141 238/238/238 224/224/224
f 224/224/224 238/238/238 503/503/503
f 224/224/224 503/503/503 394/394/394
f 394/394/394 503/503/503 238/238/238
f 394/394/394 238/238/238 224/224/224
f 224/224/224 238/238/238 141/141/141
f 141/141/141 238/238/238 146/146/146
f 311/311/311 310/310/310 6/6/6
f 311/311/311 6/6/6 37/37/37
f 6/6/6 310/310/310 309/309/309
f 6/6/6 309/309/309 5/5/5
f 4/4/4 5/5/5 309/309/309
f 4/4/4 309/309/309 308/308/308
f 307/307/307 31/31/31 4/4/4
f 307/307/307 4/4/4 308/308/308
f 316/316/316 315/315/315 308/308/308
f 316/316/316 308/308/308 309/309/309
f 315/315/315 314/314/314 307/307/307
f 315/315/315 307/307/307 308/308/308
f 307/307/307 314/314/314 313/313/313
f 307/307/307 313/313/313 306/306/306
f 306/306/306 30/30/30 31/31/31
f 306/306/306 31/31/31 307/307/307
f 306/306/306 313/313/313 312/312/312
f 312/312/312 29/29/29 30/30/30
f 312/312/312 30/30/30 306/306/306
f 29/29/29 135/135/135 42/42/42
f 322/322/322 135/135/135 29/29/29
f 322/322/322 29/29/29 312/312/312
f 312/312/312 323/323/323 322/322/322
f 322/322/322 321/321/321 388/388/388
f 134/134/134 135/135/135 322/322/322
f 134/134/134 322/322/322 388/388/388
f 388/388/388 321/321/321 327/327/327
f 388/388/388 327/327/327 134/134/134
f 327/327/327 216/216/216 134/134/134
f 134/134/134 216/216/216 327/327/327
f 134/134/134 327/327/327 321/321/321
f 322/322/322 135/135/135 134/134/134
f 322/322/322 134/134/134 321/321/321
f 323/323/323 42/42/42 135/135/135
f 323/323/323 135/135/135 322/322/322
f 312/312/312 29/29/29 42/42/42
f 312/312/312 42/42/42 323/323/323
f 313/313/313 30/30/30 29/29/29
f 313/313/313 29/29/29 312/312/312
f 314/314/314 31/31/31 30/30/30
f 314/314/314 30/30/30 313/313/313
f 4/4/4 31/31/31 314/314/314
f 4/4/4 314/314/314 315/315/315
f 316/316/316 5/5/5 4/4/4
f 316/316/316 4/4/4 315/315/315
f 316/316/316 317/317/317 6/6/6
f 316/316/316 6/6/6 5/5/5
f 316/316/316 309/309/309 310/310/310
f 316/316/316 310/310/310 317/317/317
f 6/6/6 317/317/317 318/318/318
f 6/6/6 318/318/318 37/37/37
f 317/317/317 310/310/310 311/311/311
f 317/317/317 311/311/311 318/318/318
f 318/318/318 319/319/319 38/38/38
f 318/318/318 38/38/38 37/37/37
f 38/38/38 47/47/47 39/39/39
f 319/319/319 324/324/324 47/47/47
f 319/319/319 47/47/47 38/38/38
f 319/319/319 320/320/320 324/324/324
f 311/311/311 319/319/319 318/318/318
f 320/320/320 325/325/325 324/324/324
f 324/324/324 325/325/325 138/138/138
f 324/324/324 138/138/138 47/47/47
f 325/325/325 389/389/389 326/326/326
f 325/325/325 326/326/326 139/139/139
f 325/325/325 139/139/139 138/138/138
f 139/139/139 326/326/326 328/328/328
f 389/389/389 139/139/139 328/328/328
f 389/389/389 328/328/328 326/326/326
f 328/328/328 139/139/139 220/220/220
f 139/139/139 328/328/328 220/220/220
f 139/139/139 389/389/389 325/325/325
f 139/139/139 325/325/325 138/138/138
f 325/325/325 320/320/320 39/39/39
f 325/325/325 39/39/39 138/138/138
f 39/39/39 47/47/47 138/138/138
f 320/320/320 319/319/319 38/38/38
f 320/320/320 38/38/38 39/39/39
f 319/319/319 311/311/311 37/37/37
f 319/319/319 37/37/37 38/38/38
f 37/37/37 35/35/35 6/6/6
f 37/37/37 6/6/6 8/8/8
f 6/6/6 35/35/35 34/34/34
f 6/6/6 34/34/34 5/5/5
f 4/4/4 5/5/5 34/34/34
f 4/4/4 34/34/34 33/33/33
f 31/31/31 1/1/1 4/4/4
f 31/31/31 4/4/4 33/33/33
f 30/30/30 1/1/1 31/31/31
f 129/129/129 29/29/29 1/1/1
f 129/129/129 1/1/1 30/30/30
f 1/1/1 29/29/29 42/42/42
f 29/29/29 41/41/41 42/42/42
f 136/136/136 41/41/41 29/29/29
f 136/136/136 29/29/29 129/129/129
f 135/135/135 40/40/40 41/41/41
f 135/135/135 41/41/41 136/136/136
f 134/134/134 40/40/40 135/135/135
f 134/134/134 135/135/135 216/216/216
f 135/135/135 40/40/40 134/134/134
f 135/135/135 134/134/134 216/216/216
f 136/136/136 41/41/41 40/40/40
f 136/136/136 40/40/40 135/135/135
f 129/129/129 42/42/42 41/41/41
f 129/129/129 41/41/41 136/136/136
f 30/30/30 1/1/1 42/42/42
f 30/30/30 42/42/42 129/129/129
f 31/31/31 1/1/1 30/30/30
f 4/4/4 1/1/1 31/31/31
f 4/4/4 31/31/31 33/33/33
f 34/34/34 5/5/5 4/4/4
f 34/34/34 4/4/4 33/33/33
f 34/34/34 35/35/35 6/6/6
f 34/34/34 6/6/6 5/5/5
f 6/6/6 35/35/35 37/37/37
f 6/6/6 37/37/37 8/8/8
f 9/9/9 8/8/8 46/46/46
f 9/9/9 46/46/46 38/38/38
f 37/37/37 133/133/133 46/46/46
f 37/37/37 46/46/46 8/8/8
f 38/38/38 46/46/46 47/47/47
f 133/133/133 137/137/137 47/47/47
f 133/133/133 47/47/47 46/46/46
f 137/137/137 138/138/138 48/48/48
f 137/137/137 48/48/48 47/47/47
f 138/138/138 220/220/220 139/139/139
f 138/138/138 139/139/139 48/48/48
f 139/139/139 220/220/220 138/138/138
f 139/139/139 138/138/138 48/48/48
f 138/138/138 137/137/137 47/47/47
f 138/138/138 47/47/47 48/48/48
f 137/137/137 133/133/133 38/38/38
f 137/137/137 38/38/38 47/47/47
f 133/133/133 37/37/37 9/9/9
f 133/133/133 9/9/9 38/38/38
f 37/37/37 8/8/8 9/9/9
f 45/45/45 219/219/219 132/132/132
f 45/45/45 132/132/132 36/36/36
f 583/583/583 728/728/728 712/712/712
f 583/583/583 712/712/712 575/575/575
f 575/575/575 484/484/484 583/583/583
f 219/219/219 387/387/387 132/132/132
f 387/387/387 219/219/219 132/132/132
f 219/219/219 45/45/45 36/36/36
f 219/219/219 36/36/36 132/132/132
f 583/583/583 484/484/484 575/575/575
f 728/728/728 583/583/583 575/575/575
f 728/728/728 575/575/575 712/712/712
f 1074/1074/1074 728/728/728 712/712/712
f 1168/1168/1168 1125/1125/1125 1163/1163/1163
f 1192/1192/1192 1168/1168/1168 1163/1163/1163
f 1192/1192/1192 1163/1163/1163 1183/1183/1183
f 1168/1168/1168 1192/1192/1192 1183/1183/1183
f 1168/1168/1168 1183/1183/1183 1163/1163/1163
f 1125/1125/1125 1168/1168/1168 1163/1163/1163
f 728/728/728 1074/1074/1074 712/712/712
f 32/32/32 3/3/3 2/2/2
f 32/32/32 2/2/2 31/31/31
f 32/32/32 31/31/31 2/2/2
f 32/32/32 2/2/2 3/3/3
f 43/43/43 31/31/31 130/130/130
f 43/43/43 130/130/130 217/217/217
f 131/131/131 130/130/130 31/31/31
f 131/131/131 31/31/31 32/32/32
f 131/131/131 386/386/386 130/130/130
f 386/386/386 131/131/131 218/218/218
f 218/218/218 131/131/131 32/32/32
f 218/218/218 32/32/32 44/44/44
f 386/386/386 218/218/218 217/217/217
f 386/386/386 217/217/217 385/385/385
f 218/218/218 44/44/44 43/43/43
f 218/218/218 43/43/43 217/217/217
f 44/44/44 32/32/32 31/31/31
f 44/44/44 31/31/31 43/43/43
f 217/217/217 130/130/130 385/385/385
f 483/483/483 386/386/386 385/385/385
f 483/483/483 385/385/385 482/482/482
f 130/130/130 386/386/386 385/385/385
f 385/385/385 386/386/386 483/483/483
f 385/385/385 483/483/483 482/482/482
f 483/483/483 574/574/574 573/573/573
f 483/483/483 573/573/573 482/482/482
f 573/573/573 581/581/581 482/482/482
f 581/581/581 573/573/573 707/707/707
f 581/581/581 707/707/707 726/726/726
f 573/573/573 574/574/574 708/708/708
f 573/573/573 708/708/708 707/707/707
f 582/582/582 483/483/483 482/482/482
f 582/582/582 482/482/482 581/581/581
f 727/727/727 582/582/582 581/581/581
f 727/727/727 581/581/581 726/726/726
f 1072/1072/1072 727/727/727 726/726/726
f 726/726/726 707/707/707 1072/1072/1072
f 1119/1119/1119 1156/1156/1156 1166/1166/1166
f 1166/1166/1166 1156/1156/1156 1180/1180/1180
f 1166/1166/1166 1180/1180/1180 1186/1186/1186
f 1186/1186/1186 1180/1180/1180 1156/1156/1156
f 1186/1186/1186 1156/1156/1156 1166/1166/1166
f 1166/1166/1166 1156/1156/1156 1119/1119/1119
f 1072/1072/1072 708/708/708 727/727/727
f 727/727/727 708/708/708 574/574/574
f 727/727/727 574/574/574 582/582/582
f 582/582/582 574/574/574 483/483/483
f 3482/3482/3482 3481/3481/3481 3294/3294/3294
f 3482/3482/3482 3294/3294/3294 3295/3295/3295
f 3479/3479/3479 3293/3293/3293 3294/3294/3294
f 3479/3479/3479 3294/3294/3294 3481/3481/3481
f 3478/3478/3478 3292/3292/3292 3293/3293/3293
f 3478/3478/3478 3293/3293/3293 3479/3479/3479
f 3477/3477/3477 3291/3291/3291 3292/3292/3292
f 3477/3477/3477 3292/3292/3292 3478/3478/3478
f 3476/3476/3476 3290/3290/3290 3291/3291/3291
f 3476/3476/3476 3291/3291/3291 3477/3477/3477
f 3475/3475/3475 3289/3289/3289 3290/3290/3290
f 3475/3475/3475 3290/3290/3290 3476/3476/3476
f 3474/3474/3474 3288/3288/3288 3289/3289/3289
f 3474/3474/3474 3289/3289/3289 3475/3475/3475
f 3473/3473/3473 3287/3287/3287 3288/3288/3288
f 3473/3473/3473 3288/3288/3288 3474/3474/3474
f 3430/3430/3430 3233/3233/3233 3287/3287/3287
f 3430/3430/3430 3287/3287/3287 3473/3473/3473
f 3429/3429/3429 3232/3232/3232 3233/3233/3233
f 3429/3429/3429 3233/3233/3233 3430/3430/3430
f 3370/3370/3370 3167/3167/3167 3232/3232/3232
f 3370/3370/3370 3232/3232/3232 3429/3429/3429
f 3167/3167/3167 3370/3370/3370 3231/3231/3231
f 3167/3167/3167 3231/3231/3231 3047/3047/3047
f 3047/3047/3047 3057/3057/3057 3048/3048/3048
f 3429/3429/3429 3125/3125/3125 3057/3057/3057
f 3429/3429/3429 3057/3057/3057 3370/3370/3370
f 3370/3370/3370 3057/3057/3057 3047/3047/3047
f 3370/3370/3370 3047/3047/3047 3231/3231/3231
f 3047/3047/3047 3056/3056/3056 3231/3231/3231
f 3056/3056/3056 3127/3127/3127 3170/3170/3170
f 3056/3056/3056 3170/3170/3170 3231/3231/3231
f 3370/3370/3370 3231/3231/3231 3285/3285/3285
f 3231/3231/3231 3056/3056/3056 3047/3047/3047
f 3231/3231/3231 3170/3170/3170 3127/3127/3127
f 3231/3231/3231 3127/3127/3127 3056/3056/3056
f 3231/3231/3231 3370/3370/3370 3285/3285/3285
f 3429/3429/3429 3167/3167/3167 3125/3125/3125
f 3430/3430/3430 3233/3233/3233 3167/3167/3167
f 3430/3430/3430 3167/3167/3167 3429/3429/3429
f 3473/3473/3473 3287/3287/3287 3233/3233/3233
f 3473/3473/3473 3233/3233/3233 3430/3430/3430
f 3474/3474/3474 3305/3305/3305 3287/3287/3287
f 3474/3474/3474 3287/3287/3287 3473/3473/3473
f 3475/3475/3475 3306/3306/3306 3305/3305/3305
f 3475/3475/3475 3305/3305/3305 3474/3474/3474
f 3476/3476/3476 3307/3307/3307 3306/3306/3306
f 3476/3476/3476 3306/3306/3306 3475/3475/3475
f 3477/3477/3477 3308/3308/3308 3307/3307/3307
f 3477/3477/3477 3307/3307/3307 3476/3476/3476
f 3478/3478/3478 3309/3309/3309 3308/3308/3308
f 3478/3478/3478 3308/3308/3308 3477/3477/3477
f 3479/3479/3479 3310/3310/3310 3309/3309/3309
f 3479/3479/3479 3309/3309/3309 3478/3478/3478
f 3381/3381/3381 3311/3311/3311 3310/3310/3310
f 3488/3488/3488 3434/3434/3434 3310/3310/3310
f 3488/3488/3488 3310/3310/3310 3479/3479/3479
f 3434/3434/3434 3381/3381/3381 3310/3310/3310
f 3434/3434/3434 3382/3382/3382 3381/3381/3381
f 3434/3434/3434 3443/3443/3443 3389/3389/3389
f 3434/3434/3434 3389/3389/3389 3382/3382/3382
f 3489/3489/3489 3435/3435/3435 3434/3434/3434
f 3480/3480/3480 3489/3489/3489 3488/3488/3488
f 3488/3488/3488 3489/3489/3489 3434/3434/3434
f 3480/3480/3480 3488/3488/3488 3479/3479/3479
f 3481/3481/3481 3489/3489/3489 3480/3480/3480
f 3481/3481/3481 3480/3480/3480 3479/3479/3479
f 3497/3497/3497 3501/3501/3501 3466/3466/3466
f 3497/3497/3497 3466/3466/3466 3454/3454/3454
f 3497/3497/3497 3454/3454/3454 3466/3466/3466
f 3497/3497/3497 3466/3466/3466 3501/3501/3501
f 3492/3492/3492 3443/3443/3443 3497/3497/3497
f 3435/3435/3435 3382/3382/3382 3389/3389/3389
f 3435/3435/3435 3389/3389/3389 3443/3443/3443
f 3481/3481/3481 3482/3482/3482 3489/3489/3489
f 3482/3482/3482 3483/3483/3483 3313/3313/3313
f 3482/3482/3482 3313/3313/3313 3312/3312/3312
f 3489/3489/3489 3482/3482/3482 3312/3312/3312
f 3489/3489/3489 3312/3312/3312 3435/3435/3435
f 3382/3382/3382 3312/3312/3312 3311/3311/3311
f 3435/3435/3435 3312/3312/3312 3382/3382/3382
f 3483/3483/3483 3484/3484/3484 3314/3314/3314
f 3483/3483/3483 3314/3314/3314 3313/3313/3313
f 3484/3484/3484 3485/3485/3485 3315/3315/3315
f 3484/3484/3484 3315/3315/3315 3314/3314/3314
f 3485/3485/3485 3486/3486/3486 3316/3316/3316
f 3485/3485/3485 3316/3316/3316 3315/3315/3315
f 3486/3486/3486 3487/3487/3487 3301/3301/3301
f 3486/3486/3486 3301/3301/3301 3316/3316/3316
f 3487/3487/3487 3431/3431/3431 3234/3234/3234
f 3487/3487/3487 3234/3234/3234 3301/3301/3301
f 3431/3431/3431 3168/3168/3168 3234/3234/3234
f 3431/3431/3431 3432/3432/3432 3126/3126/3126
f 3431/3431/3431 3126/3126/3126 3168/3168/3168
f 3432/3432/3432 3377/3377/3377 3062/3062/3062
f 3432/3432/3432 3062/3062/3062 3126/3126/3126
f 3377/3377/3377 3235/3235/3235 3054/3054/3054
f 3377/3377/3377 3054/3054/3054 3062/3062/3062
f 3169/3169/3169 3055/3055/3055 3235/3235/3235
f 3169/3169/3169 3235/3235/3235 3377/3377/3377
f 3235/3235/3235 3302/3302/3302 3377/3377/3377
f 3235/3235/3235 3055/3055/3055 3063/3063/3063
f 3235/3235/3235 3063/3063/3063 3129/3129/3129
f 3235/3235/3235 3129/3129/3129 3179/3179/3179
f 3377/3377/3377 3302/3302/3302 3235/3235/3235
f 3063/3063/3063 3235/3235/3235 3179/3179/3179
f 3063/3063/3063 3179/3179/3179 3129/3129/3129
f 3054/3054/3054 3235/3235/3235 3063/3063/3063
f 3055/3055/3055 3054/3054/3054 3063/3063/3063
f 3377/3377/3377 3432/3432/3432 3235/3235/3235
f 3377/3377/3377 3235/3235/3235 3169/3169/3169
f 3432/3432/3432 3431/3431/3431 3234/3234/3234
f 3432/3432/3432 3234/3234/3234 3235/3235/3235
f 3431/3431/3431 3487/3487/3487 3301/3301/3301
f 3431/3431/3431 3301/3301/3301 3234/3234/3234
f 3487/3487/3487 3486/3486/3486 3299/3299/3299
f 3487/3487/3487 3299/3299/3299 3301/3301/3301
f 3486/3486/3486 3485/3485/3485 3298/3298/3298
f 3486/3486/3486 3298/3298/3298 3299/3299/3299
f 3485/3485/3485 3484/3484/3484 3297/3297/3297
f 3485/3485/3485 3297/3297/3297 3298/3298/3298
f 3484/3484/3484 3483/3483/3483 3296/3296/3296
f 3484/3484/3484 3296/3296/3296 3297/3297/3297
f 3483/3483/3483 3482/3482/3482 3295/3295/3295
f 3483/3483/3483 3295/3295/3295 3296/3296/3296
f 3381/3381/3381 3382/3382/3382 3311/3311/3311
f 3492/3492/3492 3497/3497/3497 3443/3443/3443
f 3457/3457/3457 3459/3459/3459 3340/3340/3340
f 3457/3457/3457 3340/3340/3340 3399/3399/3399
f 3459/3459/3459 3401/3401/3401 3341/3341/3341
f 3459/3459/3459 3341/3341/3341 3340/3340/3340
f 3401/3401/3401 3402/3402/3402 3342/3342/3342
f 3401/3401/3401 3342/3342/3342 3341/3341/3341
f 3402/3402/3402 3343/3343/3343 3249/3249/3249
f 3402/3402/3402 3249/3249/3249 3342/3342/3342
f 3343/3343/3343 3344/3344/3344 3250/3250/3250
f 3343/3343/3343 3250/3250/3250 3249/3249/3249
f 3344/3344/3344 3195/3195/3195 3250/3250/3250
f 3344/3344/3344 3201/3201/3201 3195/3195/3195
f 3201/3201/3201 3139/3139/3139 3195/3195/3195
f 3139/3139/3139 3092/3092/3092 3091/3091/3091
f 3092/3092/3092 3140/3140/3140 3139/3139/3139
f 3092/3092/3092 3139/3139/3139 3091/3091/3091
f 3140/3140/3140 3201/3201/3201 3195/3195/3195
f 3140/3140/3140 3195/3195/3195 3139/3139/3139
f 3201/3201/3201 3344/3344/3344 3195/3195/3195
f 3344/3344/3344 3250/3250/3250 3195/3195/3195
f 3344/3344/3344 3343/3343/3343 3249/3249/3249
f 3344/3344/3344 3249/3249/3249 3250/3250/3250
f 3343/3343/3343 3402/3402/3402 3342/3342/3342
f 3343/3343/3343 3342/3342/3342 3249/3249/3249
f 3402/3402/3402 3401/3401/3401 3341/3341/3341
f 3402/3402/3402 3341/3341/3341 3342/3342/3342
f 3401/3401/3401 3459/3459/3459 3340/3340/3340
f 3401/3401/3401 3340/3340/3340 3341/3341/3341
f 3459/3459/3459 3457/3457/3457 3399/3399/3399
f 3459/3459/3459 3399/3399/3399 3340/3340/3340
f 3344/3344/3344 3201/3201/3201 3202/3202/3202
f 3201/3201/3201 3140/3140/3140 3202/3202/3202
f 3344/3344/3344 3202/3202/3202 3201/3201/3201
f 3202/3202/3202 3140/3140/3140 3201/3201/3201
f 3092/3092/3092 3139/3139/3139 3140/3140/3140
f 3139/3139/3139 3201/3201/3201 3140/3140/3140
f 3452/3452/3452 3398/3398/3398 3336/3336/3336
f 3452/3452/3452 3336/3336/3336 3450/3450/3450
f 3450/3450/3450 3336/3336/3336 3335/3335/3335
f 3450/3450/3450 3335/3335/3335 3396/3396/3396
f 3396/3396/3396 3335/3335/3335 3334/3334/3334
f 3396/3396/3396 3334/3334/3334 3394/3394/3394
f 3394/3394/3394 3334/3334/3334 3246/3246/3246
f 3394/3394/3394 3246/3246/3246 3332/3332/3332
f 3332/3332/3332 3246/3246/3246 3245/3245/3245
f 3332/3332/3332 3245/3245/3245 3331/3331/3331
f 3331/3331/3331 3245/3245/3245 3194/3194/3194
f 3331/3331/3331 3194/3194/3194 3198/3198/3198
f 3198/3198/3198 3194/3194/3194 3138/3138/3138
f 3138/3138/3138 3194/3194/3194 3198/3198/3198
f 3198/3198/3198 3194/3194/3194 3331/3331/3331
f 3331/3331/3331 3194/3194/3194 3245/3245/3245
f 3331/3331/3331 3245/3245/3245 3332/3332/3332
f 3332/3332/3332 3245/3245/3245 3246/3246/3246
f 3332/3332/3332 3246/3246/3246 3334/3334/3334
f 3332/3332/3332 3334/3334/3334 3394/3394/3394
f 3394/3394/3394 3334/3334/3334 3335/3335/3335
f 3394/3394/3394 3335/3335/3335 3396/3396/3396
f 3396/3396/3396 3335/3335/3335 3336/3336/3336
f 3396/3396/3396 3336/3336/3336 3450/3450/3450
f 3450/3450/3450 3336/3336/3336 3398/3398/3398
f 3450/3450/3450 3398/3398/3398 3452/3452/3452
f 3393/3393/3393 3329/3329/3329 3242/3242/3242
f 3329/3329/3329 3393/3393/3393 3242/3242/3242
f 3329/3329/3329 3242/3242/3242 3243/3243/3243
f 3330/3330/3330 3329/3329/3329 3243/3243/3243
f 3330/3330/3330 3243/3243/3243 3190/3190/3190
f 3244/3244/3244 3330/3330/3330 3190/3190/3190
f 3191/3191/3191 3244/3244/3244 3190/3190/3190
f 3191/3191/3191 3190/3190/3190 3196/3196/3196
f 3137/3137/3137 3191/3191/3191 3196/3196/3196
f 3137/3137/3137 3196/3196/3196 3136/3136/3136
f 3137/3137/3137 3136/3136/3136 3075/3075/3075
f 3136/3136/3136 3137/3137/3137 3075/3075/3075
f 3191/3191/3191 3136/3136/3136 3196/3196/3196
f 3244/3244/3244 3191/3191/3191 3196/3196/3196
f 3244/3244/3244 3196/3196/3196 3190/3190/3190
f 3330/3330/3330 3244/3244/3244 3190/3190/3190
f 3329/3329/3329 3330/3330/3330 3190/3190/3190
f 3329/3329/3329 3190/3190/3190 3243/3243/3243
f 3329/3329/3329 3243/3243/3243 3242/3242/3242
f 3136/3136/3136 3191/3191/3191 3197/3197/3197
f 3244/3244/3244 3192/3192/3192 3191/3191/3191
f 3192/3192/3192 3197/3197/3197 3191/3191/3191
f 3137/3137/3137 3136/3136/3136 3197/3197/3197
f 3137/3137/3137 3197/3197/3197 3140/3140/3140
f 3137/3137/3137 3140/3140/3140 3197/3197/3197
f 3191/3191/3191 3137/3137/3137 3197/3197/3197
f 3191/3191/3191 3197/3197/3197 3192/3192/3192
f 3244/3244/3244 3191/3191/3191 3192/3192/3192
f 3386/3386/3386 3241/3241/3241 3240/3240/3240
f 3386/3386/3386 3240/3240/3240 3321/3321/3321
f 3321/3321/3321 3240/3240/3240 3241/3241/3241
f 3321/3321/3321 3241/3241/3241 3386/3386/3386
f 3320/3320/3320 3239/3239/3239 3240/3240/3240
f 3320/3320/3320 3240/3240/3240 3321/3321/3321
f 3320/3320/3320 3181/3181/3181 3239/3239/3239
f 3319/3319/3319 3181/3181/3181 3320/3320/3320
f 3238/3238/3238 3181/3181/3181 3319/3319/3319
f 3180/3180/3180 3194/3194/3194 3181/3181/3181
f 3180/3180/3180 3181/3181/3181 3238/3238/3238
f 3134/3134/3134 3135/3135/3135 3194/3194/3194
f 3134/3134/3134 3194/3194/3194 3180/3180/3180
f 3134/3134/3134 3070/3070/3070 3135/3135/3135
f 3134/3134/3134 3193/3193/3193 3138/3138/3138
f 3180/3180/3180 3193/3193/3193 3134/3134/3134
f 3134/3134/3134 3138/3138/3138 3193/3193/3193
f 3134/3134/3134 3135/3135/3135 3070/3070/3070
f 3180/3180/3180 3194/3194/3194 3135/3135/3135
f 3180/3180/3180 3135/3135/3135 3134/3134/3134
f 3238/3238/3238 3181/3181/3181 3194/3194/3194
f 3238/3238/3238 3194/3194/3194 3180/3180/3180
f 3134/3134/3134 3193/3193/3193 3180/3180/3180
f 3319/3319/3319 3181/3181/3181 3238/3238/3238
f 3320/3320/3320 3181/3181/3181 3319/3319/3319
f 3320/3320/3320 3239/3239/3239 3181/3181/3181
f 3321/3321/3321 3240/3240/3240 3239/3239/3239
f 3321/3321/3321 3239/3239/3239 3320/3320/3320
f 1927/1927/1927 1894/1894/1894 1963/1963/1963
f 1927/1927/1927 1963/1963/1963 2045/2045/2045
f 1894/1894/1894 1773/1773/1773 1970/1970/1970
f 1894/1894/1894 1970/1970/1970 1963/1963/1963
f 1613/1613/1613 1773/1773/1773 1894/1894/1894
f 1613/1613/1613 1894/1894/1894 1716/1716/1716
f 1767/1767/1767 1716/1716/1716 1894/1894/1894
f 1767/1767/1767 1894/1894/1894 1927/1927/1927
f 1613/1613/1613 1716/1716/1716 1484/1484/1484
f 1613/1613/1613 1484/1484/1484 1396/1396/1396
f 1484/1484/1484 1716/1716/1716 1476/1476/1476
f 1476/1476/1476 1716/1716/1716 1767/1767/1767
f 1476/1476/1476 1767/1767/1767 1477/1477/1477
f 1477/1477/1477 1767/1767/1767 1604/1604/1604
f 1604/1604/1604 1767/1767/1767 1827/1827/1827
f 1604/1604/1604 1827/1827/1827 1714/1714/1714
f 1827/1827/1827 1767/1767/1767 1927/1927/1927
f 1827/1827/1827 1927/1927/1927 1957/1957/1957
f 1714/1714/1714 1827/1827/1827 1890/1890/1890
f 1890/1890/1890 1827/1827/1827 1957/1957/1957
f 1890/1890/1890 1957/1957/1957 2022/2022/2022
f 2022/2022/2022 1957/1957/1957 2036/2036/2036
f 2022/2022/2022 2036/2036/2036 2114/2114/2114
f 1957/1957/1957 1927/1927/1927 2045/2045/2045
f 1957/1957/1957 2045/2045/2045 2036/2036/2036
f 1605/1605/1605 1715/1715/1715 1893/1893/1893
f 1605/1605/1605 1893/1893/1893 1768/1768/1768
f 1893/1893/1893 1961/1961/1961 1966/1966/1966
f 1893/1893/1893 1966/1966/1966 1768/1768/1768
f 1926/1926/1926 2043/2043/2043 1961/1961/1961
f 1926/1926/1926 1961/1961/1961 1893/1893/1893
f 1766/1766/1766 1926/1926/1926 1893/1893/1893
f 1766/1766/1766 1893/1893/1893 1715/1715/1715
f 1605/1605/1605 1395/1395/1395 1478/1478/1478
f 1605/1605/1605 1478/1478/1478 1715/1715/1715
f 1478/1478/1478 1468/1468/1468 1715/1715/1715
f 1468/1468/1468 1766/1766/1766 1715/1715/1715
f 1468/1468/1468 1592/1592/1592 1766/1766/1766
f 1592/1592/1592 1713/1713/1713 1826/1826/1826
f 1592/1592/1592 1826/1826/1826 1766/1766/1766
f 1826/1826/1826 1956/1956/1956 1926/1926/1926
f 1826/1826/1826 1926/1926/1926 1766/1766/1766
f 1713/1713/1713 1889/1889/1889 1826/1826/1826
f 1889/1889/1889 2016/2016/2016 1956/1956/1956
f 1889/1889/1889 1956/1956/1956 1826/1826/1826
f 1956/1956/1956 2030/2030/2030 2043/2043/2043
f 1956/1956/1956 2043/2043/2043 1926/1926/1926
f 2016/2016/2016 2109/2109/2109 2030/2030/2030
f 2016/2016/2016 2030/2030/2030 1956/1956/1956
f 2128/2128/2128 2208/2208/2208 2276/2276/2276
f 2128/2128/2128 2276/2276/2276 2114/2114/2114
f 2208/2208/2208 2290/2290/2290 2366/2366/2366
f 2208/2208/2208 2366/2366/2366 2276/2276/2276
f 2212/2212/2212 2289/2289/2289 2290/2290/2290
f 2212/2212/2212 2290/2290/2290 2208/2208/2208
f 2035/2035/2035 2212/2212/2212 2208/2208/2208
f 2035/2035/2035 2208/2208/2208 2128/2128/2128
f 2135/2135/2135 2211/2211/2211 2289/2289/2289
f 2135/2135/2135 2289/2289/2289 2212/2212/2212
f 2045/2045/2045 2135/2135/2135 2212/2212/2212
f 2045/2045/2045 2212/2212/2212 2035/2035/2035
f 2211/2211/2211 2292/2292/2292 2376/2376/2376
f 2211/2211/2211 2376/2376/2376 2289/2289/2289
f 2289/2289/2289 2376/2376/2376 2429/2429/2429
f 2289/2289/2289 2429/2429/2429 2290/2290/2290
f 2292/2292/2292 2378/2378/2378 2376/2376/2376
f 2376/2376/2376 2477/2477/2477 2429/2429/2429
f 2290/2290/2290 2429/2429/2429 2430/2430/2430
f 2290/2290/2290 2430/2430/2430 2366/2366/2366
f 2429/2429/2429 2477/2477/2477 2430/2430/2430
f 2477/2477/2477 2476/2476/2476 2543/2543/2543
f 2376/2376/2376 2432/2432/2432 2476/2476/2476
f 2376/2376/2376 2476/2476/2476 2477/2477/2477
f 2543/2543/2543 2476/2476/2476 2542/2542/2542
f 2543/2543/2543 2542/2542/2542 2603/2603/2603
f 2476/2476/2476 2432/2432/2432 2483/2483/2483
f 2476/2476/2476 2483/2483/2483 2542/2542/2542
f 2542/2542/2542 2602/2602/2602 2678/2678/2678
f 2542/2542/2542 2678/2678/2678 2603/2603/2603
f 2483/2483/2483 2482/2482/2482 2602/2602/2602
f 2483/2483/2483 2602/2602/2602 2542/2542/2542
f 2432/2432/2432 2378/2378/2378 2435/2435/2435
f 2432/2432/2432 2435/2435/2435 2483/2483/2483
f 2435/2435/2435 2482/2482/2482 2483/2483/2483
f 2482/2482/2482 2435/2435/2435 2490/2490/2490
f 2482/2482/2482 2490/2490/2490 2547/2547/2547
f 2602/2602/2602 2482/2482/2482 2547/2547/2547
f 2602/2602/2602 2547/2547/2547 2677/2677/2677
f 2490/2490/2490 2489/2489/2489 2546/2546/2546
f 2490/2490/2490 2546/2546/2546 2547/2547/2547
f 2547/2547/2547 2546/2546/2546 2676/2676/2676
f 2547/2547/2547 2676/2676/2676 2677/2677/2677
f 2678/2678/2678 2602/2602/2602 2677/2677/2677
f 2678/2678/2678 2677/2677/2677 2747/2747/2747
f 2677/2677/2677 2676/2676/2676 2746/2746/2746
f 2677/2677/2677 2746/2746/2746 2747/2747/2747
f 2676/2676/2676 2745/2745/2745 2821/2821/2821
f 2676/2676/2676 2821/2821/2821 2746/2746/2746
f 2546/2546/2546 2607/2607/2607 2745/2745/2745
f 2546/2546/2546 2745/2745/2745 2676/2676/2676
f 2745/2745/2745 2744/2744/2744 2820/2820/2820
f 2745/2745/2745 2820/2820/2820 2821/2821/2821
f 2607/2607/2607 2606/2606/2606 2744/2744/2744
f 2607/2607/2607 2744/2744/2744 2745/2745/2745
f 2488/2488/2488 2487/2487/2487 2606/2606/2606
f 2488/2488/2488 2606/2606/2606 2607/2607/2607
f 2489/2489/2489 2488/2488/2488 2607/2607/2607
f 2489/2489/2489 2607/2607/2607 2546/2546/2546
f 2486/2486/2486 2605/2605/2605 2606/2606/2606
f 2486/2486/2486 2606/2606/2606 2487/2487/2487
f 2605/2605/2605 2742/2742/2742 2744/2744/2744
f 2605/2605/2605 2744/2744/2744 2606/2606/2606
f 2545/2545/2545 2671/2671/2671 2742/2742/2742
f 2545/2545/2545 2742/2742/2742 2605/2605/2605
f 2485/2485/2485 2545/2545/2545 2605/2605/2605
f 2485/2485/2485 2605/2605/2605 2486/2486/2486
f 2671/2671/2671 2741/2741/2741 2818/2818/2818
f 2671/2671/2671 2818/2818/2818 2742/2742/2742
f 2742/2742/2742 2818/2818/2818 2820/2820/2820
f 2742/2742/2742 2820/2820/2820 2744/2744/2744
f 2670/2670/2670 2740/2740/2740 2741/2741/2741
f 2670/2670/2670 2741/2741/2741 2671/2671/2671
f 2669/2669/2669 2740/2740/2740 2670/2670/2670
f 2669/2669/2669 2670/2670/2670 2596/2596/2596
f 2537/2537/2537 2595/2595/2595 2669/2669/2669
f 2537/2537/2537 2669/2669/2669 2596/2596/2596
f 2481/2481/2481 2537/2537/2537 2596/2596/2596
f 2596/2596/2596 2670/2670/2670 2544/2544/2544
f 2596/2596/2596 2544/2544/2544 2481/2481/2481
f 2433/2433/2433 2481/2481/2481 2434/2434/2434
f 2481/2481/2481 2544/2544/2544 2484/2484/2484
f 2481/2481/2481 2484/2484/2484 2434/2434/2434
f 2484/2484/2484 2544/2544/2544 2545/2545/2545
f 2484/2484/2484 2545/2545/2545 2485/2485/2485
f 2544/2544/2544 2670/2670/2670 2671/2671/2671
f 2544/2544/2544 2671/2671/2671 2545/2545/2545
f 2380/2380/2380 2484/2484/2484 2485/2485/2485
f 2380/2380/2380 2485/2485/2485 2436/2436/2436
f 2434/2434/2434 2484/2484/2484 2380/2380/2380
f 2434/2434/2434 2380/2380/2380 2379/2379/2379
f 2295/2295/2295 2379/2379/2379 2380/2380/2380
f 2295/2295/2295 2380/2380/2380 2436/2436/2436
f 2295/2295/2295 2436/2436/2436 2381/2381/2381
f 2379/2379/2379 2433/2433/2433 2434/2434/2434
f 2294/2294/2294 2379/2379/2379 2295/2295/2295
f 2294/2294/2294 2293/2293/2293 2379/2379/2379
f 2214/2214/2214 2293/2293/2293 2294/2294/2294
f 2377/2377/2377 2433/2433/2433 2379/2379/2379
f 2377/2377/2377 2379/2379/2379 2293/2293/2293
f 2377/2377/2377 2369/2369/2369 2431/2431/2431
f 2431/2431/2431 2481/2481/2481 2433/2433/2433
f 2431/2431/2431 2433/2433/2433 2377/2377/2377
f 2369/2369/2369 2472/2472/2472 2473/2473/2473
f 2369/2369/2369 2473/2473/2473 2431/2431/2431
f 2473/2473/2473 2537/2537/2537 2481/2481/2481
f 2473/2473/2473 2481/2481/2481 2431/2431/2431
f 2472/2472/2472 2536/2536/2536 2473/2473/2473
f 2536/2536/2536 2595/2595/2595 2537/2537/2537
f 2536/2536/2536 2537/2537/2537 2473/2473/2473
f 2279/2279/2279 2353/2353/2353 2421/2421/2421
f 2280/2280/2280 2279/2279/2279 2421/2421/2421
f 2280/2280/2280 2421/2421/2421 2369/2369/2369
f 2369/2369/2369 2421/2421/2421 2472/2472/2472
f 2210/2210/2210 2280/2280/2280 2369/2369/2369
f 2210/2210/2210 2369/2369/2369 2291/2291/2291
f 2291/2291/2291 2369/2369/2369 2377/2377/2377
f 2137/2137/2137 2210/2210/2210 2291/2291/2291
f 2137/2137/2137 2291/2291/2291 2213/2213/2213
f 2213/2213/2213 2291/2291/2291 2377/2377/2377
f 2213/2213/2213 2377/2377/2377 2293/2293/2293
f 2137/2137/2137 2213/2213/2213 2214/2214/2214
f 2214/2214/2214 2213/2213/2213 2293/2293/2293
f 2050/2050/2050 2049/2049/2049 2137/2137/2137
f 1966/1966/1966 2049/2049/2049 2050/2050/2050
f 1966/1966/1966 2044/2044/2044 2134/2134/2134
f 1966/1966/1966 2134/2134/2134 2049/2049/2049
f 2049/2049/2049 2134/2134/2134 2210/2210/2210
f 2049/2049/2049 2210/2210/2210 2137/2137/2137
f 2044/2044/2044 2031/2031/2031 2209/2209/2209
f 2044/2044/2044 2209/2209/2209 2134/2134/2134
f 2134/2134/2134 2209/2209/2209 2280/2280/2280
f 2134/2134/2134 2280/2280/2280 2210/2210/2210
f 2031/2031/2031 2122/2122/2122 2199/2199/2199
f 2031/2031/2031 2199/2199/2199 2209/2209/2209
f 2209/2209/2209 2199/2199/2199 2279/2279/2279
f 2209/2209/2209 2279/2279/2279 2280/2280/2280
f 2199/2199/2199 2265/2265/2265 2353/2353/2353
f 2199/2199/2199 2353/2353/2353 2279/2279/2279
f 2122/2122/2122 2109/2109/2109 2265/2265/2265
f 2122/2122/2122 2265/2265/2265 2199/2199/2199
f 2381/2381/2381 2436/2436/2436 2437/2437/2437
f 2381/2381/2381 2437/2437/2437 2382/2382/2382
f 2436/2436/2436 2485/2485/2485 2486/2486/2486
f 2436/2436/2436 2486/2486/2486 2437/2437/2437
f 2382/2382/2382 2437/2437/2437 2438/2438/2438
f 2382/2382/2382 2438/2438/2438 2383/2383/2383
f 2437/2437/2437 2486/2486/2486 2487/2487/2487
f 2437/2437/2437 2487/2487/2487 2438/2438/2438
f 2383/2383/2383 2438/2438/2438 2439/2439/2439
f 2439/2439/2439 2438/2438/2438 2487/2487/2487
f 2439/2439/2439 2487/2487/2487 2488/2488/2488
f 2384/2384/2384 2383/2383/2383 2439/2439/2439
f 2384/2384/2384 2439/2439/2439 2440/2440/2440
f 2440/2440/2440 2439/2439/2439 2488/2488/2488
f 2440/2440/2440 2488/2488/2488 2489/2489/2489
f 2300/2300/2300 2384/2384/2384 2440/2440/2440
f 2300/2300/2300 2440/2440/2440 2386/2386/2386
f 2386/2386/2386 2440/2440/2440 2489/2489/2489
f 2386/2386/2386 2489/2489/2489 2490/2490/2490
f 2301/2301/2301 2300/2300/2300 2386/2386/2386
f 2435/2435/2435 2386/2386/2386 2490/2490/2490
f 2301/2301/2301 2386/2386/2386 2387/2387/2387
f 2387/2387/2387 2386/2386/2386 2435/2435/2435
f 2302/2302/2302 2301/2301/2301 2387/2387/2387
f 2378/2378/2378 2302/2302/2302 2387/2387/2387
f 2378/2378/2378 2387/2387/2387 2435/2435/2435
f 2218/2218/2218 2302/2302/2302 2303/2303/2303
f 2303/2303/2303 2302/2302/2302 2378/2378/2378
f 2378/2378/2378 2432/2432/2432 2376/2376/2376
f 2219/2219/2219 2303/2303/2303 2378/2378/2378
f 2219/2219/2219 2378/2378/2378 2292/2292/2292
f 2219/2219/2219 2218/2218/2218 2303/2303/2303
f 2141/2141/2141 2219/2219/2219 2142/2142/2142
f 2142/2142/2142 2219/2219/2219 2292/2292/2292
f 2142/2142/2142 2292/2292/2292 2211/2211/2211
f 2054/2054/2054 2141/2141/2141 2142/2142/2142
f 2054/2054/2054 2142/2142/2142 2211/2211/2211
f 2054/2054/2054 2211/2211/2211 2135/2135/2135
f 1970/1970/1970 2054/2054/2054 2135/2135/2135
f 1970/1970/1970 2135/2135/2135 2045/2045/2045
f 3165/3165/3165 3225/3225/3225 3156/3156/3156
f 3165/3165/3165 3156/3156/3156 3124/3124/3124
f 3223/3223/3223 3267/3267/3267 3225/3225/3225
f 3223/3223/3223 3225/3225/3225 3165/3165/3165
f 3222/3222/3222 3266/3266/3266 3267/3267/3267
f 3222/3222/3222 3267/3267/3267 3223/3223/3223
f 3283/3283/3283 3362/3362/3362 3266/3266/3266
f 3283/3283/3283 3266/3266/3266 3222/3222/3222
f 3359/3359/3359 3361/3361/3361 3362/3362/3362
f 3359/3359/3359 3362/3362/3362 3283/3283/3283
f 3427/3427/3427 3428/3428/3428 3361/3361/3361
f 3427/3427/3427 3361/3361/3361 3359/3359/3359
f 3412/3412/3412 3428/3428/3428 3427/3427/3427
f 3107/3107/3107 3106/3106/3106 3143/3143/3143
f 3159/3159/3159 3107/3107/3107 3143/3143/3143
f 3159/3159/3159 3143/3143/3143 3215/3215/3215
f 3217/3217/3217 3159/3159/3159 3215/3215/3215
f 3217/3217/3217 3215/3215/3215 3255/3255/3255
f 3270/3270/3270 3217/3217/3217 3255/3255/3255
f 3270/3270/3270 3255/3255/3255 3351/3351/3351
f 3353/3353/3353 3270/3270/3270 3351/3351/3351
f 3418/3418/3418 3353/3353/3353 3351/3351/3351
f 3418/3418/3418 3351/3351/3351 3416/3416/3416
f 3406/3406/3406 3418/3418/3418 3416/3416/3416
f 287/287/287 360/360/360 359/359/359
f 287/287/287 359/359/359 286/286/286
f 285/285/285 287/287/287 286/286/286
f 287/287/287 285/285/285 210/210/210
f 210/210/210 285/285/285 284/284/284
f 210/210/210 284/284/284 209/209/209
f 209/209/209 284/284/284 283/283/283
f 209/209/209 283/283/283 208/208/208
f 208/208/208 283/283/283 301/301/301
f 208/208/208 301/301/301 214/214/214
f 301/301/301 283/283/283 284/284/284
f 302/302/302 301/301/301 284/284/284
f 214/214/214 301/301/301 302/302/302
f 302/302/302 377/377/377 303/303/303
f 291/291/291 364/364/364 365/365/365
f 364/364/364 270/270/270 351/351/351
f 270/270/270 197/197/197 271/271/271
f 197/197/197 198/198/198 272/272/272
f 197/197/197 272/272/272 271/271/271
f 198/198/198 199/199/199 273/273/273
f 198/198/198 273/273/273 272/272/272
f 199/199/199 212/212/212 293/293/293
f 199/199/199 293/293/293 273/273/273
f 293/293/293 292/292/292 273/273/273
f 292/292/292 291/291/291 365/365/365
f 290/290/290 270/270/270 364/364/364
f 114/114/114 206/206/206 207/207/207
f 114/114/114 113/113/113 205/205/205
f 114/114/114 205/205/205 206/206/206
f 114/114/114 207/207/207 191/191/191
f 114/114/114 191/191/191 115/115/115
f 115/115/115 191/191/191 116/116/116
f 116/116/116 191/191/191 192/192/192
f 116/116/116 192/192/192 122/122/122
f 108/108/108 201/201/201 202/202/202
f 108/108/108 202/202/202 110/110/110
f 108/108/108 200/200/200 201/201/201
f 108/108/108 107/107/107 190/190/190
f 108/108/108 190/190/190 200/200/200
f 107/107/107 120/120/120 190/190/190
f 101/101/101 180/180/180 171/171/171
f 101/101/101 171/171/171 84/84/84
f 89/89/89 75/75/75 164/164/164
f 89/89/89 164/164/164 173/173/173
f 3458/3458/3458 3391/3391/3391 3402/3402/3402
f 3458/3458/3458 3402/3402/3402 3400/3400/3400
f 3458/3458/3458 3448/3448/3448 3390/3390/3390
f 3458/3458/3458 3390/3390/3390 3391/3391/3391
f 3402/3402/3402 3391/3391/3391 3328/3328/3328
f 3402/3402/3402 3328/3328/3328 3342/3342/3342
f 3328/3328/3328 3391/3391/3391 3392/3392/3392
f 3400/3400/3400 3402/3402/3402 3401/3401/3401
f 3451/3451/3451 3387/3387/3387 3388/3388/3388
f 3451/3451/3451 3388/3388/3388 3437/3437/3437
f 3451/3451/3451 3396/3396/3396 3395/3395/3395
f 3451/3451/3451 3395/3395/3395 3387/3387/3387
f 3395/3395/3395 3334/3334/3334 3321/3321/3321
f 3395/3395/3395 3321/3321/3321 3387/3387/3387
f 3321/3321/3321 3386/3386/3386 3387/3387/3387
f 2506/2506/2506 2499/2499/2499 2498/2498/2498
f 2513/2513/2513 2453/2453/2453 2448/2448/2448
f 2513/2513/2513 2448/2448/2448 2506/2506/2506
f 2501/2501/2501 2500/2500/2500 2446/2446/2446
f 2501/2501/2501 2492/2492/2492 2491/2491/2491
f 2501/2501/2501 2491/2491/2491 2500/2500/2500
f 2508/2508/2508 2501/2501/2501 2446/2446/2446
f 2508/2508/2508 2446/2446/2446 2449/2449/2449
f 2450/2450/2450 2508/2508/2508 2449/2449/2449
f 2455/2455/2455 2450/2450/2450 2449/2449/2449
f 2455/2455/2455 2449/2449/2449 2454/2454/2454
f 2521/2521/2521 2455/2455/2455 2454/2454/2454
f 2531/2531/2531 2529/2529/2529 2585/2585/2585
f 2530/2530/2530 2581/2581/2581 2525/2525/2525
f 2530/2530/2530 2581/2581/2581 2582/2582/2582
f 2530/2530/2530 2582/2582/2582 2581/2581/2581
f 3343/3343/3343 3342/3342/3342 3200/3200/3200
f 3200/3200/3200 3342/3342/3342 3177/3177/3177
f 3177/3177/3177 3342/3342/3342 3243/3243/3243
f 3177/3177/3177 3243/3243/3243 3237/3237/3237
f 3199/3199/3199 3171/3171/3171 3333/3333/3333
f 3171/3171/3171 3236/3236/3236 3240/3240/3240
f 3171/3171/3171 3240/3240/3240 3333/3333/3333
f 2506/2506/2506 2498/2498/2498 2499/2499/2499
f 2501/2501/2501 2500/2500/2500 2491/2491/2491
f 2501/2501/2501 2491/2491/2491 2492/2492/2492
f 2508/2508/2508 2507/2507/2507 2500/2500/2500
f 2508/2508/2508 2500/2500/2500 2501/2501/2501
f 2515/2515/2515 2514/2514/2514 2507/2507/2507
f 2515/2515/2515 2507/2507/2507 2508/2508/2508
f 2521/2521/2521 2514/2514/2514 2515/2515/2515
f 2574/2574/2574 2648/2648/2648 2647/2647/2647
f 3019/3019/3019 3100/3100/3100 3101/3101/3101
f 3019/3019/3019 3101/3101/3101 3020/3020/3020
f 3019/3019/3019 3020/3020/3020 2945/2945/2945
f 3020/3020/3020 2962/2962/2962 2961/2961/2961
f 2945/2945/2945 3020/3020/3020 2961/2961/2961
f 3097/3097/3097 3098/3098/3098 3099/3099/3099
f 3018/3018/3018 3097/3097/3097 3099/3099/3099
f 3018/3018/3018 2944/2944/2944 3017/3017/3017
f 3018/3018/3018 3017/3017/3017 3097/3097/3097
f 2944/2944/2944 2955/2955/2955 3017/3017/3017
f 1321/1321/1321 1279/1279/1279 1178/1178/1178
f 1321/1321/1321 1178/1178/1178 1284/1284/1284
f 1178/1178/1178 1279/1279/1279 1174/1174/1174
f 1279/1279/1279 1277/1277/1277 1198/1198/1198
f 1279/1279/1279 1198/1198/1198 1174/1174/1174
f 1198/1198/1198 1277/1277/1277 1270/1270/1270
f 1198/1198/1198 1270/1270/1270 1228/1228/1228
f 1320/1320/1320 1283/1283/1283 1177/1177/1177
f 1320/1320/1320 1177/1177/1177 1278/1278/1278
f 1177/1177/1177 1172/1172/1172 1278/1278/1278
f 1278/1278/1278 1172/1172/1172 1197/1197/1197
f 1278/1278/1278 1197/1197/1197 1276/1276/1276
f 1197/1197/1197 1227/1227/1227 1269/1269/1269
f 1197/1197/1197 1269/1269/1269 1276/1276/1276
f 341/341/341 342/342/342 332/332/332
f 341/341/341 332/332/332 331/331/331
f 3372/3372/3372 3375/3375/3375 3391/3391/3391
f 3372/3372/3372 3391/3391/3391 3387/3387/3387
f 1548/1548/1548 1549/1549/1549 1561/1561/1561
f 1548/1548/1548 1561/1561/1561 1560/1560/1560
f 1560/1560/1560 1559/1559/1559 1697/1697/1697
f 1548/1548/1548 1560/1560/1560 1697/1697/1697
f 1686/1686/1686 1697/1697/1697 1559/1559/1559
f 1686/1686/1686 1559/1559/1559 1547/1547/1547
f 1547/1547/1547 1559/1559/1559 1563/1563/1563
f 1547/1547/1547 1563/1563/1563 1551/1551/1551
f 1698/1698/1698 1690/1690/1690 1551/1551/1551
f 1698/1698/1698 1551/1551/1551 1563/1563/1563
f 1690/1690/1690 1535/1535/1535 1551/1551/1551
f 1534/1534/1534 1547/1547/1547 1551/1551/1551
f 1534/1534/1534 1551/1551/1551 1535/1535/1535
f 1685/1685/1685 1547/1547/1547 1534/1534/1534
f 1685/1685/1685 1686/1686/1686 1547/1547/1547
f 1685/1685/1685 1534/1534/1534 1673/1673/1673
f 1690/1690/1690 1676/1676/1676 1535/1535/1535
f 1690/1690/1690 1759/1759/1759 1676/1676/1676
f 1759/1759/1759 1677/1677/1677 1663/1663/1663
f 1759/1759/1759 1663/1663/1663 1676/1676/1676
f 1663/1663/1663 1677/1677/1677 1748/1748/1748
f 1748/1748/1748 1747/1747/1747 1663/1663/1663
f 1748/1748/1748 1759/1759/1759 1747/1747/1747
f 1759/1759/1759 1820/1820/1820 1807/1807/1807
f 1759/1759/1759 1807/1807/1807 1747/1747/1747
f 1820/1820/1820 1868/1868/1868 1807/1807/1807
f 1807/1807/1807 1868/1868/1868 1855/1855/1855
f 1807/1807/1807 1855/1855/1855 1854/1854/1854
f 1919/1919/1919 1911/1911/1911 1854/1854/1854
f 1919/1919/1919 1918/1918/1918 1910/1910/1910
f 1919/1919/1919 1910/1910/1910 1911/1911/1911
f 1918/1918/1918 1917/1917/1917 1909/1909/1909
f 1918/1918/1918 1909/1909/1909 1910/1910/1910
f 1909/1909/1909 1917/1917/1917 1852/1852/1852
f 1851/1851/1851 1864/1864/1864 1805/1805/1805
f 1851/1851/1851 1805/1805/1805 1852/1852/1852
f 1864/1864/1864 1817/1817/1817 1805/1805/1805
f 1817/1817/1817 1756/1756/1756 1745/1745/1745
f 1817/1817/1817 1745/1745/1745 1805/1805/1805
f 1756/1756/1756 1744/1744/1744 1745/1745/1745
f 1744/1744/1744 1745/1745/1745 1661/1661/1661
f 1744/1744/1744 1661/1661/1661 1745/1745/1745
f 1673/1673/1673 1661/1661/1661 1745/1745/1745
f 1756/1756/1756 1685/1685/1685 1673/1673/1673
f 1757/1757/1757 1764/1764/1764 1685/1685/1685
f 1757/1757/1757 1685/1685/1685 1756/1756/1756
f 1757/1757/1757 1756/1756/1756 1673/1673/1673
f 1745/1745/1745 1661/1661/1661 1757/1757/1757
f 1757/1757/1757 1673/1673/1673 1745/1745/1745
f 1745/1745/1745 1756/1756/1756 1757/1757/1757
f 1756/1756/1756 1745/1745/1745 1744/1744/1744
f 1817/1817/1817 1756/1756/1756 1744/1744/1744
f 1817/1817/1817 1744/1744/1744 1756/1756/1756
f 1865/1865/1865 1864/1864/1864 1851/1851/1851
f 1852/1852/1852 1865/1865/1865 1851/1851/1851
f 1865/1865/1865 1818/1818/1818 1817/1817/1817
f 1865/1865/1865 1817/1817/1817 1864/1864/1864
f 1818/1818/1818 1757/1757/1757 1756/1756/1756
f 1818/1818/1818 1756/1756/1756 1817/1817/1817
f 1745/1745/1745 1757/1757/1757 1818/1818/1818
f 1661/1661/1661 1674/1674/1674 1673/1673/1673
f 1673/1673/1673 1674/1674/1674 1764/1764/1764
f 1673/1673/1673 1764/1764/1764 1757/1757/1757
f 1661/1661/1661 1673/1673/1673 1757/1757/1757
f 1674/1674/1674 1687/1687/1687 1686/1686/1686
f 1674/1674/1674 1686/1686/1686 1764/1764/1764
f 1764/1764/1764 1686/1686/1686 1685/1685/1685
f 1687/1687/1687 1548/1548/1548 1686/1686/1686
f 1548/1548/1548 1697/1697/1697 1686/1686/1686
f 1549/1549/1549 1550/1550/1550 1562/1562/1562
f 1549/1549/1549 1562/1562/1562 1561/1561/1561
f 1562/1562/1562 1550/1550/1550 1551/1551/1551
f 1562/1562/1562 1551/1551/1551 1563/1563/1563
f 1563/1563/1563 1551/1551/1551 1698/1698/1698
f 1551/1551/1551 1689/1689/1689 1698/1698/1698
f 1698/1698/1698 1689/1689/1689 1690/1690/1690
f 1550/1550/1550 1549/1549/1549 1688/1688/1688
f 1550/1550/1550 1688/1688/1688 1689/1689/1689
f 1550/1550/1550 1689/1689/1689 1551/1551/1551
f 1689/1689/1689 1688/1688/1688 1675/1675/1675
f 1689/1689/1689 1675/1675/1675 1676/1676/1676
f 1689/1689/1689 1676/1676/1676 1765/1765/1765
f 1676/1676/1676 1758/1758/1758 1765/1765/1765
f 1676/1676/1676 1663/1663/1663 1758/1758/1758
f 1663/1663/1663 1747/1747/1747 1758/1758/1758
f 1759/1759/1759 1758/1758/1758 1677/1677/1677
f 1758/1758/1758 1759/1759/1759 1748/1748/1748
f 1758/1758/1758 1748/1748/1748 1677/1677/1677
f 1758/1758/1758 1820/1820/1820 1759/1759/1759
f 1758/1758/1758 1819/1819/1819 1820/1820/1820
f 1747/1747/1747 1758/1758/1758 1820/1820/1820
f 1747/1747/1747 1820/1820/1820 1758/1758/1758
f 1819/1819/1819 1867/1867/1867 1820/1820/1820
f 1820/1820/1820 1867/1867/1867 1868/1868/1868
f 1867/1867/1867 1854/1854/1854 1868/1868/1868
f 1868/1868/1868 1854/1854/1854 1855/1855/1855
f 1854/1854/1854 1867/1867/1867 1925/1925/1925
f 1854/1854/1854 1925/1925/1925 1919/1919/1919
f 1925/1925/1925 1918/1918/1918 1919/1919/1919
f 1918/1918/1918 1924/1924/1924 1917/1917/1917
f 1867/1867/1867 1866/1866/1866 1918/1918/1918
f 1867/1867/1867 1918/1918/1918 1925/1925/1925
f 1866/1866/1866 1865/1865/1865 1924/1924/1924
f 1866/1866/1866 1924/1924/1924 1918/1918/1918
f 1865/1865/1865 1852/1852/1852 1924/1924/1924
f 1924/1924/1924 1852/1852/1852 1917/1917/1917
f 1853/1853/1853 1865/1865/1865 1866/1866/1866
f 1865/1865/1865 1818/1818/1818 1852/1852/1852
f 1852/1852/1852 1818/1818/1818 1865/1865/1865
f 1805/1805/1805 1818/1818/1818 1865/1865/1865
f 1805/1805/1805 1745/1745/1745 1818/1818/1818
f 1806/1806/1806 1807/1807/1807 1747/1747/1747
f 1806/1806/1806 1747/1747/1747 1746/1746/1746
f 1805/1805/1805 1806/1806/1806 1746/1746/1746
f 1805/1805/1805 1746/1746/1746 1745/1745/1745
f 1747/1747/1747 1807/1807/1807 1819/1819/1819
f 1807/1807/1807 1819/1819/1819 1867/1867/1867
f 1807/1807/1807 1867/1867/1867 1819/1819/1819
f 1807/1807/1807 1867/1867/1867 1819/1819/1819
f 1867/1867/1867 1854/1854/1854 1819/1819/1819
f 1819/1819/1819 1854/1854/1854 1867/1867/1867
f 1807/1807/1807 1806/1806/1806 1853/1853/1853
f 1807/1807/1807 1853/1853/1853 1867/1867/1867
f 1867/1867/1867 1853/1853/1853 1866/1866/1866
f 1806/1806/1806 1805/1805/1805 1865/1865/1865
f 1806/1806/1806 1865/1865/1865 1853/1853/1853
f 1747/1747/1747 1819/1819/1819 1758/1758/1758
f 1663/1663/1663 1747/1747/1747 1758/1758/1758
f 1663/1663/1663 1758/1758/1758 1747/1747/1747
f 1663/1663/1663 1662/1662/1662 1746/1746/1746
f 1663/1663/1663 1746/1746/1746 1747/1747/1747
f 1662/1662/1662 1661/1661/1661 1745/1745/1745
f 1662/1662/1662 1745/1745/1745 1746/1746/1746
f 1661/1661/1661 1662/1662/1662 1675/1675/1675
f 1661/1661/1661 1675/1675/1675 1674/1674/1674
f 1662/1662/1662 1663/1663/1663 1676/1676/1676
f 1662/1662/1662 1676/1676/1676 1675/1675/1675
f 1688/1688/1688 1687/1687/1687 1674/1674/1674
f 1688/1688/1688 1674/1674/1674 1675/1675/1675
f 1765/1765/1765 1758/1758/1758 1759/1759/1759
f 1765/1765/1765 1759/1759/1759 1690/1690/1690
f 1689/1689/1689 1765/1765/1765 1690/1690/1690
f 1549/1549/1549 1548/1548/1548 1687/1687/1687
f 1549/1549/1549 1687/1687/1687 1688/1688/1688
f 1559/1559/1559 1571/1571/1571 1575/1575/1575
f 1559/1559/1559 1575/1575/1575 1563/1563/1563
f 1571/1571/1571 1576/1576/1576 1575/1575/1575
f 1571/1571/1571 1570/1570/1570 1576/1576/1576
f 1590/1590/1590 1576/1576/1576 1570/1570/1570
f 1590/1590/1590 1570/1570/1570 1584/1584/1584
f 1571/1571/1571 1584/1584/1584 1570/1570/1570
f 1603/1603/1603 1590/1590/1590 1462/1462/1462
f 1462/1462/1462 1590/1590/1590 1584/1584/1584
f 1462/1462/1462 1584/1584/1584 1461/1461/1461
f 1603/1603/1603 1462/1462/1462 1475/1475/1475
f 1475/1475/1475 1462/1462/1462 1461/1461/1461
f 1475/1475/1475 1461/1461/1461 1472/1472/1472
f 1584/1584/1584 1599/1599/1599 1461/1461/1461
f 1599/1599/1599 1472/1472/1472 1461/1461/1461
f 1599/1599/1599 1600/1600/1600 1473/1473/1473
f 1599/1599/1599 1473/1473/1473 1472/1472/1472
f 1474/1474/1474 1475/1475/1475 1472/1472/1472
f 1474/1474/1474 1472/1472/1472 1473/1473/1473
f 1600/1600/1600 1610/1610/1610 1482/1482/1482
f 1600/1600/1600 1482/1482/1482 1473/1473/1473
f 1483/1483/1483 1474/1474/1474 1473/1473/1473
f 1483/1483/1483 1473/1473/1473 1482/1482/1482
f 1602/1602/1602 1603/1603/1603 1475/1475/1475
f 1602/1602/1602 1475/1475/1475 1474/1474/1474
f 1612/1612/1612 1602/1602/1602 1474/1474/1474
f 1612/1612/1612 1474/1474/1474 1483/1483/1483
f 1620/1620/1620 1612/1612/1612 1483/1483/1483
f 1620/1620/1620 1483/1483/1483 1489/1489/1489
f 1489/1489/1489 1483/1483/1483 1482/1482/1482
f 1489/1489/1489 1482/1482/1482 1487/1487/1487
f 1610/1610/1610 1618/1618/1618 1487/1487/1487
f 1610/1610/1610 1487/1487/1487 1482/1482/1482
f 1618/1618/1618 1619/1619/1619 1488/1488/1488
f 1618/1618/1618 1488/1488/1488 1487/1487/1487
f 1487/1487/1487 1488/1488/1488 1489/1489/1489
f 1619/1619/1619 1620/1620/1620 1489/1489/1489
f 1619/1619/1619 1489/1489/1489 1488/1488/1488
f 1610/1610/1610 1611/1611/1611 1619/1619/1619
f 1610/1610/1610 1619/1619/1619 1618/1618/1618
f 1611/1611/1611 1612/1612/1612 1620/1620/1620
f 1611/1611/1611 1620/1620/1620 1619/1619/1619
f 1600/1600/1600 1601/1601/1601 1611/1611/1611
f 1600/1600/1600 1611/1611/1611 1610/1610/1610
f 1601/1601/1601 1602/1602/1602 1612/1612/1612
f 1601/1601/1601 1612/1612/1612 1611/1611/1611
f 1587/1587/1587 1588/1588/1588 1602/1602/1602
f 1587/1587/1587 1602/1602/1602 1601/1601/1601
f 1586/1586/1586 1587/1587/1587 1601/1601/1601
f 1586/1586/1586 1601/1601/1601 1600/1600/1600
f 1589/1589/1589 1602/1602/1602 1588/1588/1588
f 1573/1573/1573 1588/1588/1588 1587/1587/1587
f 1573/1573/1573 1574/1574/1574 1588/1588/1588
f 1586/1586/1586 1573/1573/1573 1587/1587/1587
f 1572/1572/1572 1573/1573/1573 1586/1586/1586
f 1600/1600/1600 1585/1585/1585 1586/1586/1586
f 1599/1599/1599 1585/1585/1585 1600/1600/1600
f 1599/1599/1599 1584/1584/1584 1585/1585/1585
f 1571/1571/1571 1585/1585/1585 1584/1584/1584
f 1572/1572/1572 1586/1586/1586 1585/1585/1585
f 1572/1572/1572 1585/1585/1585 1571/1571/1571
f 1560/1560/1560 1572/1572/1572 1571/1571/1571
f 1560/1560/1560 1571/1571/1571 1559/1559/1559
f 1560/1560/1560 1561/1561/1561 1573/1573/1573
f 1560/1560/1560 1573/1573/1573 1572/1572/1572
f 1561/1561/1561 1562/1562/1562 1574/1574/1574
f 1561/1561/1561 1574/1574/1574 1573/1573/1573
f 1574/1574/1574 1562/1562/1562 1563/1563/1563
f 1574/1574/1574 1563/1563/1563 1575/1575/1575
f 1588/1588/1588 1574/1574/1574 1575/1575/1575
f 1588/1588/1588 1575/1575/1575 1589/1589/1589
f 1589/1589/1589 1575/1575/1575 1576/1576/1576
f 1589/1589/1589 1576/1576/1576 1590/1590/1590
f 1590/1590/1590 1603/1603/1603 1589/1589/1589
f 1589/1589/1589 1603/1603/1603 1602/1602/1602
f 1911/1911/1911 1844/1844/1844 1855/1855/1855
f 1855/1855/1855 1852/1852/1852 1909/1909/1909
f 1855/1855/1855 1909/1909/1909 1911/1911/1911
f 1909/1909/1909 1852/1852/1852 1843/1843/1843
f 1843/1843/1843 1852/1852/1852 1804/1804/1804
f 1843/1843/1843 1804/1804/1804 1793/1793/1793
f 1804/1804/1804 1852/1852/1852 1855/1855/1855
f 1804/1804/1804 1855/1855/1855 1808/1808/1808
f 1793/1793/1793 1804/1804/1804 1805/1805/1805
f 1805/1805/1805 1804/1804/1804 1808/1808/1808
f 1855/1855/1855 1844/1844/1844 1794/1794/1794
f 1855/1855/1855 1794/1794/1794 1808/1808/1808
f 1808/1808/1808 1794/1794/1794 1795/1795/1795
f 1808/1808/1808 1795/1795/1795 1733/1733/1733
f 1808/1808/1808 1733/1733/1733 1663/1663/1663
f 1661/1661/1661 1805/1805/1805 1808/1808/1808
f 1661/1661/1661 1808/1808/1808 1663/1663/1663
f 1663/1663/1663 1733/1733/1733 1649/1649/1649
f 1663/1663/1663 1649/1649/1649 1664/1664/1664
f 1793/1793/1793 1805/1805/1805 1661/1661/1661
f 1793/1793/1793 1661/1661/1661 1732/1732/1732
f 1732/1732/1732 1661/1661/1661 1660/1660/1660
f 1732/1732/1732 1660/1660/1660 1648/1648/1648
f 1661/1661/1661 1521/1521/1521 1520/1520/1520
f 1661/1661/1661 1520/1520/1520 1660/1660/1660
f 1521/1521/1521 1661/1661/1661 1673/1673/1673
f 1521/1521/1521 1673/1673/1673 1534/1534/1534
f 1663/1663/1663 1676/1676/1676 1673/1673/1673
f 1663/1663/1663 1673/1673/1673 1661/1661/1661
f 1522/1522/1522 1663/1663/1663 1664/1664/1664
f 1663/1663/1663 1522/1522/1522 1535/1535/1535
f 1663/1663/1663 1535/1535/1535 1676/1676/1676
f 1535/1535/1535 1522/1522/1522 1521/1521/1521
f 1535/1535/1535 1521/1521/1521 1534/1534/1534
f 1676/1676/1676 1535/1535/1535 1534/1534/1534
f 1676/1676/1676 1534/1534/1534 1673/1673/1673
f 1522/1522/1522 1520/1520/1520 1521/1521/1521
f 1660/1660/1660 1520/1520/1520 1509/1509/1509
f 1660/1660/1660 1509/1509/1509 1648/1648/1648
f 1522/1522/1522 1510/1510/1510 1509/1509/1509
f 1522/1522/1522 1509/1509/1509 1520/1520/1520
f 1522/1522/1522 1664/1664/1664 1649/1649/1649
f 1522/1522/1522 1649/1649/1649 1510/1510/1510
f 1510/1510/1510 1503/1503/1503 1502/1502/1502
f 1510/1510/1510 1502/1502/1502 1509/1509/1509
f 1640/1640/1640 1503/1503/1503 1510/1510/1510
f 1640/1640/1640 1510/1510/1510 1649/1649/1649
f 1649/1649/1649 1734/1734/1734 1725/1725/1725
f 1649/1649/1649 1725/1725/1725 1640/1640/1640
f 1734/1734/1734 1649/1649/1649 1733/1733/1733
f 1734/1734/1734 1733/1733/1733 1795/1795/1795
f 1788/1788/1788 1725/1725/1725 1734/1734/1734
f 1788/1788/1788 1734/1734/1734 1795/1795/1795
f 1794/1794/1794 1844/1844/1844 1911/1911/1911
f 1794/1794/1794 1911/1911/1911 1795/1795/1795
f 1911/1911/1911 1837/1837/1837 1788/1788/1788
f 1911/1911/1911 1788/1788/1788 1795/1795/1795
f 1911/1911/1911 1910/1910/1910 1836/1836/1836
f 1911/1911/1911 1836/1836/1836 1837/1837/1837
f 1910/1910/1910 1909/1909/1909 1835/1835/1835
f 1910/1910/1910 1835/1835/1835 1836/1836/1836
f 1835/1835/1835 1909/1909/1909 1792/1792/1792
f 1835/1835/1835 1792/1792/1792 1787/1787/1787
f 1724/1724/1724 1787/1787/1787 1792/1792/1792
f 1724/1724/1724 1792/1792/1792 1731/1731/1731
f 1731/1731/1731 1648/1648/1648 1639/1639/1639
f 1731/1731/1731 1639/1639/1639 1724/1724/1724
f 1502/1502/1502 1639/1639/1639 1648/1648/1648
f 1502/1502/1502 1648/1648/1648 1509/1509/1509
f 1648/1648/1648 1731/1731/1731 1793/1793/1793
f 1648/1648/1648 1793/1793/1793 1732/1732/1732
f 1731/1731/1731 1792/1792/1792 1793/1793/1793
f 1843/1843/1843 1792/1792/1792 1909/1909/1909
f 1793/1793/1793 1792/1792/1792 1843/1843/1843
f 1545/1545/1545 1557/1557/1557 1556/1556/1556
f 1545/1545/1545 1556/1556/1556 1544/1544/1544
f 1545/1545/1545 1695/1695/1695 1557/1557/1557
f 1695/1695/1695 1696/1696/1696 1558/1558/1558
f 1545/1545/1545 1696/1696/1696 1695/1695/1695
f 1696/1696/1696 1557/1557/1557 1558/1558/1558
f 1684/1684/1684 1546/1546/1546 1557/1557/1557
f 1684/1684/1684 1557/1557/1557 1696/1696/1696
f 1546/1546/1546 1542/1542/1542 1554/1554/1554
f 1546/1546/1546 1554/1554/1554 1557/1557/1557
f 1694/1694/1694 1554/1554/1554 1542/1542/1542
f 1694/1694/1694 1542/1542/1542 1680/1680/1680
f 1680/1680/1680 1542/1542/1542 1529/1529/1529
f 1530/1530/1530 1529/1529/1529 1542/1542/1542
f 1530/1530/1530 1542/1542/1542 1546/1546/1546
f 1684/1684/1684 1530/1530/1530 1546/1546/1546
f 1684/1684/1684 1671/1671/1671 1530/1530/1530
f 1680/1680/1680 1529/1529/1529 1667/1667/1667
f 1680/1680/1680 1667/1667/1667 1752/1752/1752
f 1752/1752/1752 1667/1667/1667 1654/1654/1654
f 1752/1752/1752 1654/1654/1654 1667/1667/1667
f 1654/1654/1654 1738/1738/1738 1667/1667/1667
f 1752/1752/1752 1738/1738/1738 1798/1798/1798
f 1752/1752/1752 1798/1798/1798 1811/1811/1811
f 1811/1811/1811 1798/1798/1798 1858/1858/1858
f 1798/1798/1798 1847/1847/1847 1858/1858/1858
f 1914/1914/1914 1847/1847/1847 1905/1905/1905
f 1914/1914/1914 1905/1905/1905 1906/1906/1906
f 1914/1914/1914 1906/1906/1906 1915/1915/1915
f 1915/1915/1915 1906/1906/1906 1907/1907/1907
f 1915/1915/1915 1907/1907/1907 1916/1916/1916
f 1907/1907/1907 1849/1849/1849 1916/1916/1916
f 1850/1850/1850 1802/1802/1802 1862/1862/1862
f 1862/1862/1862 1802/1802/1802 1814/1814/1814
f 1814/1814/1814 1802/1802/1802 1742/1742/1742
f 1814/1814/1814 1742/1742/1742 1754/1754/1754
f 1671/1671/1671 1742/1742/1742 1658/1658/1658
f 1754/1754/1754 1671/1671/1671 1684/1684/1684
f 1754/1754/1754 1684/1684/1684 1763/1763/1763
f 1657/1657/1657 1754/1754/1754 1670/1670/1670
f 1670/1670/1670 1754/1754/1754 1763/1763/1763
f 1741/1741/1741 1813/1813/1813 1753/1753/1753
f 1801/1801/1801 1741/1741/1741 1740/1740/1740
f 1801/1801/1801 1740/1740/1740 1800/1800/1800
f 1801/1801/1801 1813/1813/1813 1741/1741/1741
f 1801/1801/1801 1861/1861/1861 1813/1813/1813
f 1849/1849/1849 1861/1861/1861 1813/1813/1813
f 1861/1861/1861 1849/1849/1849 1813/1813/1813
f 1861/1861/1861 1922/1922/1922 1849/1849/1849
f 1922/1922/1922 1916/1916/1916 1849/1849/1849
f 1847/1847/1847 1914/1914/1914 1921/1921/1921
f 1847/1847/1847 1921/1921/1921 1858/1858/1858
f 1858/1858/1858 1921/1921/1921 1915/1915/1915
f 1858/1858/1858 1915/1915/1915 1860/1860/1860
f 1921/1921/1921 1914/1914/1914 1915/1915/1915
f 1860/1860/1860 1915/1915/1915 1922/1922/1922
f 1860/1860/1860 1922/1922/1922 1861/1861/1861
f 1915/1915/1915 1916/1916/1916 1922/1922/1922
f 1859/1859/1859 1858/1858/1858 1860/1860/1860
f 1859/1859/1859 1860/1860/1860 1848/1848/1848
f 1848/1848/1848 1860/1860/1860 1861/1861/1861
f 1859/1859/1859 1847/1847/1847 1858/1858/1858
f 1799/1799/1799 1811/1811/1811 1858/1858/1858
f 1799/1799/1799 1858/1858/1858 1812/1812/1812
f 1812/1812/1812 1858/1858/1858 1847/1847/1847
f 1799/1799/1799 1812/1812/1812 1859/1859/1859
f 1859/1859/1859 1812/1812/1812 1847/1847/1847
f 1799/1799/1799 1859/1859/1859 1848/1848/1848
f 1799/1799/1799 1848/1848/1848 1800/1800/1800
f 1800/1800/1800 1848/1848/1848 1861/1861/1861
f 1800/1800/1800 1861/1861/1861 1801/1801/1801
f 1800/1800/1800 1740/1740/1740 1739/1739/1739
f 1800/1800/1800 1739/1739/1739 1799/1799/1799
f 1739/1739/1739 1811/1811/1811 1799/1799/1799
f 1811/1811/1811 1810/1810/1810 1858/1858/1858
f 1810/1810/1810 1811/1811/1811 1858/1858/1858
f 1654/1654/1654 1752/1752/1752 1738/1738/1738
f 1738/1738/1738 1752/1752/1752 1811/1811/1811
f 1738/1738/1738 1811/1811/1811 1752/1752/1752
f 1655/1655/1655 1654/1654/1654 1738/1738/1738
f 1655/1655/1655 1738/1738/1738 1752/1752/1752
f 1655/1655/1655 1752/1752/1752 1739/1739/1739
f 1739/1739/1739 1752/1752/1752 1811/1811/1811
f 1655/1655/1655 1739/1739/1739 1740/1740/1740
f 1655/1655/1655 1740/1740/1740 1656/1656/1656
f 1656/1656/1656 1740/1740/1740 1741/1741/1741
f 1656/1656/1656 1741/1741/1741 1657/1657/1657
f 1656/1656/1656 1669/1669/1669 1668/1668/1668
f 1656/1656/1656 1668/1668/1668 1655/1655/1655
f 1668/1668/1668 1654/1654/1654 1655/1655/1655
f 1668/1668/1668 1752/1752/1752 1654/1654/1654
f 1762/1762/1762 1680/1680/1680 1752/1752/1752
f 1668/1668/1668 1762/1762/1762 1752/1752/1752
f 1681/1681/1681 1680/1680/1680 1762/1762/1762
f 1681/1681/1681 1762/1762/1762 1668/1668/1668
f 1681/1681/1681 1668/1668/1668 1669/1669/1669
f 1681/1681/1681 1669/1669/1669 1682/1682/1682
f 1543/1543/1543 1681/1681/1681 1682/1682/1682
f 1543/1543/1543 1682/1682/1682 1544/1544/1544
f 1544/1544/1544 1682/1682/1682 1683/1683/1683
f 1544/1544/1544 1683/1683/1683 1545/1545/1545
f 1682/1682/1682 1669/1669/1669 1670/1670/1670
f 1682/1682/1682 1670/1670/1670 1683/1683/1683
f 1683/1683/1683 1684/1684/1684 1545/1545/1545
f 1670/1670/1670 1763/1763/1763 1684/1684/1684
f 1670/1670/1670 1684/1684/1684 1683/1683/1683
f 1545/1545/1545 1684/1684/1684 1696/1696/1696
f 1544/1544/1544 1556/1556/1556 1555/1555/1555
f 1544/1544/1544 1555/1555/1555 1543/1543/1543
f 1555/1555/1555 1694/1694/1694 1543/1543/1543
f 1543/1543/1543 1694/1694/1694 1680/1680/1680
f 1543/1543/1543 1680/1680/1680 1681/1681/1681
f 1555/1555/1555 1554/1554/1554 1694/1694/1694
f 1557/1557/1557 1569/1569/1569 1568/1568/1568
f 1557/1557/1557 1554/1554/1554 1565/1565/1565
f 1557/1557/1557 1565/1565/1565 1569/1569/1569
f 1578/1578/1578 1565/1565/1565 1566/1566/1566
f 1566/1566/1566 1565/1565/1565 1554/1554/1554
f 1566/1566/1566 1554/1554/1554 1555/1555/1555
f 1579/1579/1579 1578/1578/1578 1566/1566/1566
f 1556/1556/1556 1567/1567/1567 1566/1566/1566
f 1556/1556/1556 1566/1566/1566 1555/1555/1555
f 1557/1557/1557 1568/1568/1568 1567/1567/1567
f 1557/1557/1557 1567/1567/1567 1556/1556/1556
f 1568/1568/1568 1582/1582/1582 1581/1581/1581
f 1568/1568/1568 1581/1581/1581 1567/1567/1567
f 1567/1567/1567 1579/1579/1579 1566/1566/1566
f 1581/1581/1581 1580/1580/1580 1567/1567/1567
f 1567/1567/1567 1580/1580/1580 1579/1579/1579
f 1581/1581/1581 1597/1597/1597 1595/1595/1595
f 1581/1581/1581 1595/1595/1595 1580/1580/1580
f 1580/1580/1580 1595/1595/1595 1594/1594/1594
f 1595/1595/1595 1607/1607/1607 1606/1606/1606
f 1595/1595/1595 1606/1606/1606 1594/1594/1594
f 1597/1597/1597 1609/1609/1609 1607/1607/1607
f 1597/1597/1597 1607/1607/1607 1595/1595/1595
f 1609/1609/1609 1608/1608/1608 1607/1607/1607
f 1607/1607/1607 1616/1616/1616 1606/1606/1606
f 1608/1608/1608 1617/1617/1617 1616/1616/1616
f 1608/1608/1608 1616/1616/1616 1607/1607/1607
f 1617/1617/1617 1486/1486/1486 1485/1485/1485
f 1617/1617/1617 1485/1485/1485 1616/1616/1616
f 1608/1608/1608 1480/1480/1480 1486/1486/1486
f 1608/1608/1608 1486/1486/1486 1617/1617/1617
f 1485/1485/1485 1486/1486/1486 1480/1480/1480
f 1485/1485/1485 1480/1480/1480 1479/1479/1479
f 1609/1609/1609 1481/1481/1481 1480/1480/1480
f 1609/1609/1609 1480/1480/1480 1608/1608/1608
f 1479/1479/1479 1480/1480/1480 1481/1481/1481
f 1616/1616/1616 1485/1485/1485 1479/1479/1479
f 1616/1616/1616 1479/1479/1479 1606/1606/1606
f 1606/1606/1606 1479/1479/1479 1470/1470/1470
f 1606/1606/1606 1470/1470/1470 1594/1594/1594
f 1479/1479/1479 1481/1481/1481 1471/1471/1471
f 1479/1479/1479 1471/1471/1471 1470/1470/1470
f 1597/1597/1597 1471/1471/1471 1481/1481/1481
f 1597/1597/1597 1481/1481/1481 1609/1609/1609
f 1598/1598/1598 1460/1460/1460 1471/1471/1471
f 1598/1598/1598 1471/1471/1471 1597/1597/1597
f 1470/1470/1470 1471/1471/1471 1460/1460/1460
f 1470/1470/1470 1460/1460/1460 1459/1459/1459
f 1583/1583/1583 1460/1460/1460 1598/1598/1598
f 1459/1459/1459 1460/1460/1460 1583/1583/1583
f 1459/1459/1459 1583/1583/1583 1578/1578/1578
f 1594/1594/1594 1470/1470/1470 1459/1459/1459
f 1594/1594/1594 1459/1459/1459 1593/1593/1593
f 1593/1593/1593 1459/1459/1459 1578/1578/1578
f 1578/1578/1578 1583/1583/1583 1569/1569/1569
f 1578/1578/1578 1569/1569/1569 1565/1565/1565
f 1594/1594/1594 1579/1579/1579 1580/1580/1580
f 1578/1578/1578 1579/1579/1579 1594/1594/1594
f 1578/1578/1578 1594/1594/1594 1593/1593/1593
f 1569/1569/1569 1583/1583/1583 1582/1582/1582
f 1581/1581/1581 1597/1597/1597 1582/1582/1582
f 1581/1581/1581 1582/1582/1582 1597/1597/1597
f 1598/1598/1598 1597/1597/1597 1582/1582/1582
f 1598/1598/1598 1582/1582/1582 1583/1583/1583
f 1568/1568/1568 1569/1569/1569 1582/1582/1582
f 1695/1695/1695 1558/1558/1558 1557/1557/1557
f 1657/1657/1657 1670/1670/1670 1669/1669/1669
f 1657/1657/1657 1669/1669/1669 1656/1656/1656
f 1752/1752/1752 1667/1667/1667 1738/1738/1738
f 1849/1849/1849 1850/1850/1850 1862/1862/1862
f 1849/1849/1849 1862/1862/1862 1861/1861/1861
f 1814/1814/1814 1754/1754/1754 1742/1742/1742
f 1814/1814/1814 1742/1742/1742 1754/1754/1754
f 1754/1754/1754 1742/1742/1742 1671/1671/1671
f 1753/1753/1753 1814/1814/1814 1754/1754/1754
f 1753/1753/1753 1754/1754/1754 1741/1741/1741
f 1741/1741/1741 1754/1754/1754 1657/1657/1657
f 1813/1813/1813 1814/1814/1814 1753/1753/1753
f 1813/1813/1813 1862/1862/1862 1814/1814/1814
f 1861/1861/1861 1862/1862/1862 1813/1813/1813
f 1906/1906/1906 1908/1908/1908 1907/1907/1907
f 1905/1905/1905 1847/1847/1847 1841/1841/1841
f 1847/1847/1847 1905/1905/1905 1908/1908/1908
f 1847/1847/1847 1908/1908/1908 1850/1850/1850
f 1908/1908/1908 1842/1842/1842 1850/1850/1850
f 1842/1842/1842 1791/1791/1791 1802/1802/1802
f 1842/1842/1842 1802/1802/1802 1850/1850/1850
f 1802/1802/1802 1798/1798/1798 1847/1847/1847
f 1802/1802/1802 1847/1847/1847 1850/1850/1850
f 1847/1847/1847 1798/1798/1798 1790/1790/1790
f 1847/1847/1847 1790/1790/1790 1841/1841/1841
f 1798/1798/1798 1654/1654/1654 1729/1729/1729
f 1798/1798/1798 1729/1729/1729 1790/1790/1790
f 1658/1658/1658 1654/1654/1654 1798/1798/1798
f 1658/1658/1658 1798/1798/1798 1802/1802/1802
f 1654/1654/1654 1646/1646/1646 1729/1729/1729
f 1730/1730/1730 1647/1647/1647 1658/1658/1658
f 1791/1791/1791 1730/1730/1730 1658/1658/1658
f 1791/1791/1791 1658/1658/1658 1802/1802/1802
f 1517/1517/1517 1530/1530/1530 1671/1671/1671
f 1517/1517/1517 1671/1671/1671 1658/1658/1658
f 1654/1654/1654 1658/1658/1658 1671/1671/1671
f 1654/1654/1654 1671/1671/1671 1667/1667/1667
f 1654/1654/1654 1667/1667/1667 1529/1529/1529
f 1654/1654/1654 1529/1529/1529 1516/1516/1516
f 1667/1667/1667 1671/1671/1671 1530/1530/1530
f 1667/1667/1667 1530/1530/1530 1529/1529/1529
f 1529/1529/1529 1530/1530/1530 1517/1517/1517
f 1529/1529/1529 1517/1517/1517 1516/1516/1516
f 1658/1658/1658 1647/1647/1647 1508/1508/1508
f 1658/1658/1658 1508/1508/1508 1517/1517/1517
f 1516/1516/1516 1517/1517/1517 1508/1508/1508
f 1516/1516/1516 1508/1508/1508 1507/1507/1507
f 1516/1516/1516 1507/1507/1507 1646/1646/1646
f 1516/1516/1516 1646/1646/1646 1654/1654/1654
f 1637/1637/1637 1646/1646/1646 1507/1507/1507
f 1637/1637/1637 1507/1507/1507 1500/1500/1500
f 1507/1507/1507 1508/1508/1508 1501/1501/1501
f 1507/1507/1507 1501/1501/1501 1500/1500/1500
f 1501/1501/1501 1508/1508/1508 1647/1647/1647
f 1501/1501/1501 1647/1647/1647 1638/1638/1638
f 1730/1730/1730 1723/1723/1723 1638/1638/1638
f 1730/1730/1730 1638/1638/1638 1647/1647/1647
f 1647/1647/1647 1730/1730/1730 1791/1791/1791
f 1647/1647/1647 1791/1791/1791 1730/1730/1730
f 1723/1723/1723 1730/1730/1730 1791/1791/1791
f 1723/1723/1723 1791/1791/1791 1786/1786/1786
f 1834/1834/1834 1786/1786/1786 1791/1791/1791
f 1834/1834/1834 1791/1791/1791 1908/1908/1908
f 1842/1842/1842 1908/1908/1908 1791/1791/1791
f 1906/1906/1906 1833/1833/1833 1834/1834/1834
f 1906/1906/1906 1834/1834/1834 1908/1908/1908
f 1905/1905/1905 1832/1832/1832 1833/1833/1833
f 1905/1905/1905 1833/1833/1833 1906/1906/1906
f 1905/1905/1905 1790/1790/1790 1785/1785/1785
f 1905/1905/1905 1785/1785/1785 1832/1832/1832
f 1785/1785/1785 1790/1790/1790 1729/1729/1729
f 1785/1785/1785 1729/1729/1729 1722/1722/1722
f 1646/1646/1646 1637/1637/1637 1722/1722/1722
f 1646/1646/1646 1722/1722/1722 1729/1729/1729
f 1790/1790/1790 1905/1905/1905 1841/1841/1841
f 1907/1907/1907 1908/1908/1908 1850/1850/1850
f 1907/1907/1907 1850/1850/1850 1849/1849/1849
f 2879/2879/2879 2800/2800/2800 2896/2896/2896
f 2879/2879/2879 2896/2896/2896 2878/2878/2878
f 2800/2800/2800 2820/2820/2820 2896/2896/2896
f 2799/2799/2799 2820/2820/2820 2800/2800/2800
f 2820/2820/2820 2799/2799/2799 2819/2819/2819
f 2878/2878/2878 2896/2896/2896 2820/2820/2820
f 2878/2878/2878 2820/2820/2820 2819/2819/2819
f 2878/2878/2878 2819/2819/2819 2895/2895/2895
f 2878/2878/2878 2895/2895/2895 2877/2877/2877
f 2877/2877/2877 2958/2958/2958 2878/2878/2878
f 2799/2799/2799 2877/2877/2877 2895/2895/2895
f 2799/2799/2799 2895/2895/2895 2819/2819/2819
f 2608/2608/2608 2606/2606/2606 2684/2684/2684
f 2606/2606/2606 2608/2608/2608 2684/2684/2684
f 2608/2608/2608 2548/2548/2548 2606/2606/2606
f 2606/2606/2606 2548/2548/2548 2608/2608/2608
f 2684/2684/2684 2683/2683/2683 2743/2743/2743
f 2684/2684/2684 2743/2743/2743 2744/2744/2744
f 2743/2743/2743 2877/2877/2877 2896/2896/2896
f 2743/2743/2743 2896/2896/2896 2744/2744/2744
f 2877/2877/2877 2878/2878/2878 2896/2896/2896
f 2878/2878/2878 2744/2744/2744 2896/2896/2896
f 2054/2054/2054 2141/2141/2141 2142/2142/2142
f 1970/1970/1970 2054/2054/2054 2045/2045/2045
f 2045/2045/2045 2127/2127/2127 2035/2035/2035
f 2035/2035/2035 2127/2127/2127 2208/2208/2208
f 2035/2035/2035 2208/2208/2208 2128/2128/2128
f 2128/2128/2128 2208/2208/2208 2196/2196/2196
f 2128/2128/2128 2196/2196/2196 2114/2114/2114
f 2114/2114/2114 2196/2196/2196 2276/2276/2276
f 2114/2114/2114 2276/2276/2276 2197/2197/2197
f 2197/2197/2197 2276/2276/2276 2366/2366/2366
f 2197/2197/2197 2366/2366/2366 2367/2367/2367
f 2367/2367/2367 2366/2366/2366 2430/2430/2430
f 2367/2367/2367 2430/2430/2430 2418/2418/2418
f 2418/2418/2418 2430/2430/2430 2477/2477/2477
f 2418/2418/2418 2477/2477/2477 2467/2467/2467
f 2467/2467/2467 2477/2477/2477 2543/2543/2543
f 2467/2467/2467 2543/2543/2543 2534/2534/2534
f 2662/2662/2662 2534/2534/2534 2543/2543/2543
f 2662/2662/2662 2543/2543/2543 2603/2603/2603
f 2662/2662/2662 2603/2603/2603 2678/2678/2678
f 2662/2662/2662 2678/2678/2678 2730/2730/2730
f 2730/2730/2730 2678/2678/2678 2747/2747/2747
f 2730/2730/2730 2747/2747/2747 2729/2729/2729
f 2729/2729/2729 2747/2747/2747 2746/2746/2746
f 2729/2729/2729 2746/2746/2746 2803/2803/2803
f 2803/2803/2803 2746/2746/2746 2821/2821/2821
f 2803/2803/2803 2821/2821/2821 2879/2879/2879
f 2879/2879/2879 2821/2821/2821 2820/2820/2820
f 2879/2879/2879 2820/2820/2820 2878/2878/2878
f 2876/2876/2876 2878/2878/2878 2820/2820/2820
f 2876/2876/2876 2820/2820/2820 2818/2818/2818
f 2797/2797/2797 2876/2876/2876 2818/2818/2818
f 2797/2797/2797 2818/2818/2818 2741/2741/2741
f 2726/2726/2726 2797/2797/2797 2741/2741/2741
f 2726/2726/2726 2741/2741/2741 2740/2740/2740
f 2725/2725/2725 2726/2726/2726 2740/2740/2740
f 2725/2725/2725 2740/2740/2740 2669/2669/2669
f 2657/2657/2657 2725/2725/2725 2669/2669/2669
f 2657/2657/2657 2669/2669/2669 2595/2595/2595
f 2657/2657/2657 2595/2595/2595 2536/2536/2536
f 2657/2657/2657 2536/2536/2536 2533/2533/2533
f 2466/2466/2466 2533/2533/2533 2536/2536/2536
f 2466/2466/2466 2536/2536/2536 2472/2472/2472
f 2417/2417/2417 2466/2466/2466 2472/2472/2472
f 2417/2417/2417 2472/2472/2472 2421/2421/2421
f 2353/2353/2353 2417/2417/2417 2421/2421/2421
f 2183/2183/2183 2353/2353/2353 2265/2265/2265
f 2109/2109/2109 2265/2265/2265 2183/2183/2183
f 2109/2109/2109 2183/2183/2183 2265/2265/2265
f 2122/2122/2122 2109/2109/2109 2183/2183/2183
f 2122/2122/2122 2183/2183/2183 2198/2198/2198
f 2031/2031/2031 2122/2122/2122 2198/2198/2198
f 2031/2031/2031 2198/2198/2198 2123/2123/2123
f 2044/2044/2044 2031/2031/2031 2123/2123/2123
f 1966/1966/1966 2044/2044/2044 2049/2049/2049
f 1966/1966/1966 2049/2049/2049 2050/2050/2050
f 2050/2050/2050 2049/2049/2049 2137/2137/2137
f 2137/2137/2137 2213/2213/2213 2214/2214/2214
f 2214/2214/2214 2213/2213/2213 2293/2293/2293
f 2214/2214/2214 2293/2293/2293 2294/2294/2294
f 2294/2294/2294 2380/2380/2380 2295/2295/2295
f 2295/2295/2295 2380/2380/2380 2381/2381/2381
f 2300/2300/2300 2384/2384/2384 2385/2385/2385
f 2300/2300/2300 2385/2385/2385 2386/2386/2386
f 2301/2301/2301 2300/2300/2300 2386/2386/2386
f 2301/2301/2301 2386/2386/2386 2302/2302/2302
f 2218/2218/2218 2301/2301/2301 2302/2302/2302
f 2219/2219/2219 2218/2218/2218 2302/2302/2302
f 2141/2141/2141 2219/2219/2219 2142/2142/2142
f 2173/2173/2173 2164/2164/2164 2093/2093/2093
f 2093/2093/2093 2092/2092/2092 2172/2172/2172
f 2093/2093/2093 2172/2172/2172 2173/2173/2173
f 2173/2173/2173 2180/2180/2180 2165/2165/2165
f 2173/2173/2173 2165/2165/2165 2164/2164/2164
f 2164/2164/2164 2165/2165/2165 2247/2247/2247
f 2164/2164/2164 2247/2247/2247 2158/2158/2158
f 2093/2093/2093 2164/2164/2164 2158/2158/2158
f 2093/2093/2093 2158/2158/2158 2088/2088/2088
f 2158/2158/2158 2247/2247/2247 2242/2242/2242
f 2158/2158/2158 2242/2242/2242 2246/2246/2246
f 2088/2088/2088 2158/2158/2158 2246/2246/2246
f 2088/2088/2088 2087/2087/2087 2092/2092/2092
f 2088/2088/2088 2092/2092/2092 2093/2093/2093
f 2087/2087/2087 2088/2088/2088 2082/2082/2082
f 2087/2087/2087 2082/2082/2082 2081/2081/2081
f 2082/2082/2082 2088/2088/2088 2246/2246/2246
f 2082/2082/2082 2246/2246/2246 2331/2331/2331
f 2081/2081/2081 2082/2082/2082 1988/1988/1988
f 2081/2081/2081 1988/1988/1988 1987/1987/1987
f 1988/1988/1988 2082/2082/2082 2331/2331/2331
f 1988/1988/1988 2331/2331/2331 2323/2323/2323
f 2246/2246/2246 2242/2242/2242 2332/2332/2332
f 2246/2246/2246 2332/2332/2332 2331/2331/2331
f 2331/2331/2331 2332/2332/2332 2324/2324/2324
f 2331/2331/2331 2324/2324/2324 2323/2323/2323
f 2323/2323/2323 2324/2324/2324 2400/2400/2400
f 2323/2323/2323 2400/2400/2400 2317/2317/2317
f 1988/1988/1988 2323/2323/2323 2317/2317/2317
f 2317/2317/2317 2400/2400/2400 2394/2394/2394
f 2400/2400/2400 2401/2401/2401 2395/2395/2395
f 2400/2400/2400 2395/2395/2395 2394/2394/2394
f 2324/2324/2324 2405/2405/2405 2401/2401/2401
f 2324/2324/2324 2401/2401/2401 2400/2400/2400
f 1726/1726/1726 2312/2312/2312 2395/2395/2395
f 1726/1726/1726 2395/2395/2395 1633/1633/1633
f 1642/1642/1642 1726/1726/1726 1633/1633/1633
f 1651/1651/1651 1642/1642/1642 1504/1504/1504
f 1524/1524/1524 1651/1651/1651 1504/1504/1504
f 1524/1524/1524 1504/1504/1504 1434/1434/1434
f 1440/1440/1440 1524/1524/1524 1434/1434/1434
f 1391/1391/1391 1377/1377/1377 1326/1326/1326
f 1397/1397/1397 1391/1391/1391 1326/1326/1326
f 1397/1397/1397 1326/1326/1326 1333/1333/1333
f 1406/1406/1406 1391/1391/1391 1397/1397/1397
f 1415/1415/1415 1391/1391/1391 1406/1406/1406
f 1391/1391/1391 1447/1447/1447 1377/1377/1377
f 1376/1376/1376 1447/1447/1447 1391/1391/1391
f 1376/1376/1376 1391/1391/1391 1390/1390/1390
f 1390/1390/1390 1391/1391/1391 1415/1415/1415
f 1390/1390/1390 1415/1415/1415 1403/1403/1403
f 1413/1413/1413 1390/1390/1390 1403/1403/1403
f 1389/1389/1389 1390/1390/1390 1413/1413/1413
f 1389/1389/1389 1413/1413/1413 1353/1353/1353
f 1389/1389/1389 1353/1353/1353 1411/1411/1411
f 1389/1389/1389 1411/1411/1411 1388/1388/1388
f 1411/1411/1411 1402/1402/1402 1387/1387/1387
f 1411/1411/1411 1387/1387/1387 1388/1388/1388
f 1387/1387/1387 1402/1402/1402 1408/1408/1408
f 1387/1387/1387 1408/1408/1408 1386/1386/1386
f 1408/1408/1408 1399/1399/1399 1386/1386/1386
f 1399/1399/1399 1395/1395/1395 1385/1385/1385
f 1399/1399/1399 1385/1385/1385 1386/1386/1386
f 1395/1395/1395 1331/1331/1331 1325/1325/1325
f 1395/1395/1395 1325/1325/1325 1385/1385/1385
f 1385/1385/1385 1325/1325/1325 1373/1373/1373
f 1437/1437/1437 1430/1430/1430 1513/1513/1513
f 1513/1513/1513 1430/1430/1430 1498/1498/1498
f 1513/1513/1513 1498/1498/1498 1644/1644/1644
f 1644/1644/1644 1498/1498/1498 1634/1634/1634
f 1634/1634/1634 1632/1632/1632 1721/1721/1721
f 1721/1721/1721 1632/1632/1632 2392/2392/2392
f 1721/1721/1721 2392/2392/2392 2309/2309/2309
f 2408/2408/2408 2327/2327/2327 2404/2404/2404
f 2321/2321/2321 2399/2399/2399 2398/2398/2398
f 2321/2321/2321 2398/2398/2398 2404/2404/2404
f 2321/2321/2321 2404/2404/2404 2327/2327/2327
f 2321/2321/2321 2327/2327/2327 2329/2329/2329
f 2329/2329/2329 2327/2327/2327 2328/2328/2328
f 2329/2329/2329 2328/2328/2328 2241/2241/2241
f 2337/2337/2337 2328/2328/2328 2327/2327/2327
f 2337/2337/2337 2327/2327/2327 2408/2408/2408
f 2244/2244/2244 2241/2241/2241 2328/2328/2328
f 2244/2244/2244 2328/2328/2328 2243/2243/2243
f 2328/2328/2328 2337/2337/2337 2243/2243/2243
f 2243/2243/2243 2249/2249/2249 2159/2159/2159
f 2159/2159/2159 2249/2249/2249 2254/2254/2254
f 2159/2159/2159 2254/2254/2254 2167/2167/2167
f 2254/2254/2254 2168/2168/2168 2167/2167/2167
f 2169/2169/2169 2168/2168/2168 2167/2167/2167
f 2169/2169/2169 2167/2167/2167 2168/2168/2168
f 2266/2266/2266 2169/2169/2169 2168/2168/2168
f 2266/2266/2266 2168/2168/2168 2265/2265/2265
f 2255/2255/2255 2265/2265/2265 2168/2168/2168
f 2255/2255/2255 2168/2168/2168 2254/2254/2254
f 2354/2354/2354 2266/2266/2266 2265/2265/2265
f 2354/2354/2354 2265/2265/2265 2353/2353/2353
f 2345/2345/2345 2353/2353/2353 2265/2265/2265
f 2345/2345/2345 2265/2265/2265 2255/2255/2255
f 2353/2353/2353 2345/2345/2345 2417/2417/2417
f 2353/2353/2353 2417/2417/2417 2420/2420/2420
f 2420/2420/2420 2417/2417/2417 2466/2466/2466
f 2421/2421/2421 2420/2420/2420 2466/2466/2466
f 2421/2421/2421 2466/2466/2466 2473/2473/2473
f 2537/2537/2537 2473/2473/2473 2466/2466/2466
f 2537/2537/2537 2466/2466/2466 2533/2533/2533
f 2537/2537/2537 2533/2533/2533 2590/2590/2590
f 2537/2537/2537 2590/2590/2590 2596/2596/2596
f 2596/2596/2596 2590/2590/2590 2658/2658/2658
f 2658/2658/2658 2659/2659/2659 2726/2726/2726
f 2726/2726/2726 2659/2659/2659 2727/2727/2727
f 2729/2729/2729 2728/2728/2728 2660/2660/2660
f 2661/2661/2661 2729/2729/2729 2660/2660/2660
f 2430/2430/2430 2467/2467/2467 2418/2418/2418
f 2366/2366/2366 2430/2430/2430 2418/2418/2418
f 2366/2366/2366 2418/2418/2418 2349/2349/2349
f 2349/2349/2349 2261/2261/2261 2277/2277/2277
f 2349/2349/2349 2277/2277/2277 2366/2366/2366
f 2261/2261/2261 2181/2181/2181 2277/2277/2277
f 2166/2166/2166 2181/2181/2181 2261/2261/2261
f 2166/2166/2166 2261/2261/2261 2252/2252/2252
f 2248/2248/2248 2166/2166/2166 2252/2252/2252
f 2333/2333/2333 2248/2248/2248 2338/2338/2338
f 2338/2338/2338 2409/2409/2409 2333/2333/2333
f 2409/2409/2409 2405/2405/2405 2333/2333/2333
f 2324/2324/2324 2332/2332/2332 2333/2333/2333
f 2324/2324/2324 2333/2333/2333 2405/2405/2405
f 2332/2332/2332 2242/2242/2242 2333/2333/2333
f 2247/2247/2247 2248/2248/2248 2333/2333/2333
f 2247/2247/2247 2333/2333/2333 2242/2242/2242
f 2165/2165/2165 2166/2166/2166 2248/2248/2248
f 2165/2165/2165 2248/2248/2248 2247/2247/2247
f 2166/2166/2166 2165/2165/2165 2181/2181/2181
f 2181/2181/2181 2165/2165/2165 2180/2180/2180
f 2173/2173/2173 2271/2271/2271 2180/2180/2180
f 2173/2173/2173 2172/2172/2172 2188/2188/2188
f 2173/2173/2173 2188/2188/2188 2271/2271/2271
f 2170/2170/2170 2268/2268/2268 2188/2188/2188
f 2170/2170/2170 2188/2188/2188 2172/2172/2172
f 2170/2170/2170 2169/2169/2169 2268/2268/2268
f 2170/2170/2170 2168/2168/2168 2169/2169/2169
f 2170/2170/2170 2161/2161/2161 2160/2160/2160
f 2170/2170/2170 2160/2160/2160 2168/2168/2168
f 2167/2167/2167 2168/2168/2168 2160/2160/2160
f 2159/2159/2159 2167/2167/2167 2160/2160/2160
f 2161/2161/2161 2157/2157/2157 2244/2244/2244
f 2161/2161/2161 2244/2244/2244 2160/2160/2160
f 2160/2160/2160 2244/2244/2244 2243/2243/2243
f 2160/2160/2160 2243/2243/2243 2159/2159/2159
f 2157/2157/2157 2245/2245/2245 2241/2241/2241
f 2157/2157/2157 2241/2241/2241 2244/2244/2244
f 2090/2090/2090 2085/2085/2085 2157/2157/2157
f 2090/2090/2090 2157/2157/2157 2161/2161/2161
f 2085/2085/2085 2086/2086/2086 2245/2245/2245
f 2085/2085/2085 2245/2245/2245 2157/2157/2157
f 2086/2086/2086 2085/2085/2085 2087/2087/2087
f 2085/2085/2085 2090/2090/2090 2092/2092/2092
f 2085/2085/2085 2092/2092/2092 2087/2087/2087
f 2087/2087/2087 2081/2081/2081 2080/2080/2080
f 2087/2087/2087 2080/2080/2080 2086/2086/2086
f 2080/2080/2080 2330/2330/2330 2245/2245/2245
f 2080/2080/2080 2245/2245/2245 2086/2086/2086
f 2081/2081/2081 1987/1987/1987 1986/1986/1986
f 2081/2081/2081 1986/1986/1986 2080/2080/2080
f 1986/1986/1986 2322/2322/2322 2330/2330/2330
f 1986/1986/1986 2330/2330/2330 2080/2080/2080
f 2245/2245/2245 2330/2330/2330 2329/2329/2329
f 2245/2245/2245 2329/2329/2329 2241/2241/2241
f 2330/2330/2330 2322/2322/2322 2321/2321/2321
f 2330/2330/2330 2321/2321/2321 2329/2329/2329
f 2322/2322/2322 2316/2316/2316 2399/2399/2399
f 2322/2322/2322 2399/2399/2399 2321/2321/2321
f 1986/1986/1986 2316/2316/2316 2322/2322/2322
f 2316/2316/2316 2393/2393/2393 2399/2399/2399
f 2316/2316/2316 2310/2310/2310 2393/2393/2393
f 2310/2310/2310 2316/2316/2316 1986/1986/1986
f 2310/2310/2310 1986/1986/1986 1982/1982/1982
f 2310/2310/2310 1638/1638/1638 1635/1635/1635
f 2310/2310/2310 1635/1635/1635 2393/2393/2393
f 1742/1742/1742 1638/1638/1638 2310/2310/2310
f 1742/1742/1742 2310/2310/2310 1982/1982/1982
f 1983/1983/1983 1743/1743/1743 1742/1742/1742
f 1983/1983/1983 1742/1742/1742 1982/1982/1982
f 1987/1987/1987 1983/1983/1983 1982/1982/1982
f 1987/1987/1987 1982/1982/1982 1986/1986/1986
f 1743/1743/1743 1659/1659/1659 1658/1658/1658
f 1743/1743/1743 1658/1658/1658 1742/1742/1742
f 1638/1638/1638 1742/1742/1742 1658/1658/1658
f 1508/1508/1508 1638/1638/1638 1658/1658/1658
f 1508/1508/1508 1645/1645/1645 1635/1635/1635
f 1508/1508/1508 1635/1635/1635 1638/1638/1638
f 1508/1508/1508 1517/1517/1517 1514/1514/1514
f 1508/1508/1508 1514/1514/1514 1645/1645/1645
f 1508/1508/1508 1658/1658/1658 1518/1518/1518
f 1508/1508/1508 1518/1518/1518 1517/1517/1517
f 1517/1517/1517 1438/1438/1438 1527/1527/1527
f 1517/1517/1517 1527/1527/1527 1514/1514/1514
f 1531/1531/1531 1438/1438/1438 1517/1517/1517
f 1531/1531/1531 1517/1517/1517 1518/1518/1518
f 1519/1519/1519 1532/1532/1532 1531/1531/1531
f 1519/1519/1519 1531/1531/1531 1518/1518/1518
f 1659/1659/1659 1519/1519/1519 1518/1518/1518
f 1659/1659/1659 1518/1518/1518 1658/1658/1658
f 1532/1532/1532 1446/1446/1446 1375/1375/1375
f 1532/1532/1532 1375/1375/1375 1531/1531/1531
f 1375/1375/1375 1374/1374/1374 1438/1438/1438
f 1375/1375/1375 1438/1438/1438 1531/1531/1531
f 1446/1446/1446 1389/1389/1389 1388/1388/1388
f 1446/1446/1446 1388/1388/1388 1375/1375/1375
f 1388/1388/1388 1387/1387/1387 1374/1374/1374
f 1388/1388/1388 1374/1374/1374 1375/1375/1375
f 1438/1438/1438 1374/1374/1374 1445/1445/1445
f 1438/1438/1438 1445/1445/1445 1527/1527/1527
f 1374/1374/1374 1387/1387/1387 1386/1386/1386
f 1374/1374/1374 1386/1386/1386 1445/1445/1445
f 1445/1445/1445 1373/1373/1373 1437/1437/1437
f 1445/1445/1445 1437/1437/1437 1527/1527/1527
f 1386/1386/1386 1385/1385/1385 1373/1373/1373
f 1386/1386/1386 1373/1373/1373 1445/1445/1445
f 1527/1527/1527 1437/1437/1437 1513/1513/1513
f 1527/1527/1527 1513/1513/1513 1514/1514/1514
f 1532/1532/1532 1533/1533/1533 1376/1376/1376
f 1532/1532/1532 1376/1376/1376 1446/1446/1446
f 1446/1446/1446 1376/1376/1376 1390/1390/1390
f 1446/1446/1446 1390/1390/1390 1389/1389/1389
f 1376/1376/1376 1533/1533/1533 1439/1439/1439
f 1533/1533/1533 1520/1520/1520 1439/1439/1439
f 1519/1519/1519 1520/1520/1520 1533/1533/1533
f 1519/1519/1519 1533/1533/1533 1532/1532/1532
f 1439/1439/1439 1537/1537/1537 1447/1447/1447
f 1439/1439/1439 1447/1447/1447 1376/1376/1376
f 1520/1520/1520 1523/1523/1523 1537/1537/1537
f 1520/1520/1520 1537/1537/1537 1439/1439/1439
f 1509/1509/1509 1520/1520/1520 1660/1660/1660
f 1509/1509/1509 1650/1650/1650 1523/1523/1523
f 1509/1509/1509 1523/1523/1523 1520/1520/1520
f 1523/1523/1523 1650/1650/1650 1651/1651/1651
f 1523/1523/1523 1651/1651/1651 1524/1524/1524
f 1537/1537/1537 1523/1523/1523 1524/1524/1524
f 1537/1537/1537 1524/1524/1524 1440/1440/1440
f 1509/1509/1509 1639/1639/1639 1641/1641/1641
f 1509/1509/1509 1641/1641/1641 1650/1650/1650
f 1650/1650/1650 1641/1641/1641 1642/1642/1642
f 1650/1650/1650 1642/1642/1642 1651/1651/1651
f 1641/1641/1641 1726/1726/1726 1642/1642/1642
f 1641/1641/1641 2394/2394/2394 2312/2312/2312
f 1641/1641/1641 2312/2312/2312 1726/1726/1726
f 2311/2311/2311 2394/2394/2394 1641/1641/1641
f 2311/2311/2311 1641/1641/1641 1639/1639/1639
f 1744/1744/1744 1984/1984/1984 2311/2311/2311
f 1744/1744/1744 2311/2311/2311 1639/1639/1639
f 1639/1639/1639 1660/1660/1660 1744/1744/1744
f 1983/1983/1983 1984/1984/1984 1744/1744/1744
f 1983/1983/1983 1744/1744/1744 1743/1743/1743
f 1743/1743/1743 1744/1744/1744 1660/1660/1660
f 1743/1743/1743 1660/1660/1660 1659/1659/1659
f 1509/1509/1509 1660/1660/1660 1639/1639/1639
f 1659/1659/1659 1660/1660/1660 1520/1520/1520
f 1659/1659/1659 1520/1520/1520 1519/1519/1519
f 2311/2311/2311 1984/1984/1984 1988/1988/1988
f 2311/2311/2311 1988/1988/1988 2317/2317/2317
f 1987/1987/1987 1988/1988/1988 1984/1984/1984
f 1987/1987/1987 1984/1984/1984 1983/1983/1983
f 2317/2317/2317 2394/2394/2394 2311/2311/2311
f 2394/2394/2394 2395/2395/2395 2312/2312/2312
f 1447/1447/1447 1537/1537/1537 1440/1440/1440
f 1447/1447/1447 1440/1440/1440 1377/1377/1377
f 1514/1514/1514 1513/1513/1513 1644/1644/1644
f 1514/1514/1514 1644/1644/1644 1645/1645/1645
f 1645/1645/1645 1644/1644/1644 1634/1634/1634
f 1645/1645/1645 1634/1634/1634 1635/1635/1635
f 1635/1635/1635 1634/1634/1634 1721/1721/1721
f 1635/1635/1635 1721/1721/1721 2309/2309/2309
f 1635/1635/1635 2309/2309/2309 2393/2393/2393
f 2393/2393/2393 2309/2309/2309 2392/2392/2392
f 2399/2399/2399 2393/2393/2393 2392/2392/2392
f 2399/2399/2399 2392/2392/2392 2398/2398/2398
f 2090/2090/2090 2170/2170/2170 2172/2172/2172
f 2090/2090/2090 2172/2172/2172 2092/2092/2092
f 2170/2170/2170 2090/2090/2090 2161/2161/2161
f 2268/2268/2268 2169/2169/2169 2266/2266/2266
f 2268/2268/2268 2266/2266/2266 2356/2356/2356
f 2422/2422/2422 2356/2356/2356 2266/2266/2266
f 2422/2422/2422 2266/2266/2266 2421/2421/2421
f 2268/2268/2268 2356/2356/2356 2358/2358/2358
f 2268/2268/2268 2358/2358/2358 2270/2270/2270
f 2356/2356/2356 2422/2422/2422 2423/2423/2423
f 2356/2356/2356 2423/2423/2423 2358/2358/2358
f 2422/2422/2422 2474/2474/2474 2539/2539/2539
f 2422/2422/2422 2539/2539/2539 2423/2423/2423
f 2474/2474/2474 2598/2598/2598 2599/2599/2599
f 2474/2474/2474 2599/2599/2599 2539/2539/2539
f 2474/2474/2474 2538/2538/2538 2598/2598/2598
f 2474/2474/2474 2473/2473/2473 2537/2537/2537
f 2474/2474/2474 2537/2537/2537 2538/2538/2538
f 2474/2474/2474 2422/2422/2422 2421/2421/2421
f 2474/2474/2474 2421/2421/2421 2473/2473/2473
f 2421/2421/2421 2266/2266/2266 2354/2354/2354
f 2421/2421/2421 2354/2354/2354 2353/2353/2353
f 2421/2421/2421 2353/2353/2353 2420/2420/2420
f 2597/2597/2597 2538/2538/2538 2537/2537/2537
f 2597/2597/2597 2537/2537/2537 2596/2596/2596
f 2597/2597/2597 2598/2598/2598 2538/2538/2538
f 2597/2597/2597 2726/2726/2726 2727/2727/2727
f 2597/2597/2597 2596/2596/2596 2658/2658/2658
f 2597/2597/2597 2658/2658/2658 2726/2726/2726
f 2599/2599/2599 2598/2598/2598 2597/2597/2597
f 2599/2599/2599 2597/2597/2597 2671/2671/2671
f 2671/2671/2671 2597/2597/2597 2727/2727/2727
f 2671/2671/2671 2727/2727/2727 2797/2797/2797
f 2671/2671/2671 2672/2672/2672 2673/2673/2673
f 2671/2671/2671 2673/2673/2673 2599/2599/2599
f 2672/2672/2672 2671/2671/2671 2797/2797/2797
f 2672/2672/2672 2797/2797/2797 2798/2798/2798
f 2673/2673/2673 2672/2672/2672 2798/2798/2798
f 2673/2673/2673 2798/2798/2798 2800/2800/2800
f 2675/2675/2675 2599/2599/2599 2673/2673/2673
f 2675/2675/2675 2673/2673/2673 2674/2674/2674
f 2673/2673/2673 2800/2800/2800 2801/2801/2801
f 2673/2673/2673 2801/2801/2801 2674/2674/2674
f 2674/2674/2674 2801/2801/2801 2802/2802/2802
f 2674/2674/2674 2802/2802/2802 2675/2675/2675
f 2599/2599/2599 2675/2675/2675 2600/2600/2600
f 2675/2675/2675 2802/2802/2802 2728/2728/2728
f 2675/2675/2675 2728/2728/2728 2600/2600/2600
f 2600/2600/2600 2728/2728/2728 2729/2729/2729
f 2600/2600/2600 2602/2602/2602 2541/2541/2541
f 2600/2600/2600 2541/2541/2541 2540/2540/2540
f 2601/2601/2601 2602/2602/2602 2600/2600/2600
f 2541/2541/2541 2602/2602/2602 2542/2542/2542
f 2541/2541/2541 2542/2542/2542 2477/2477/2477
f 2475/2475/2475 2540/2540/2540 2541/2541/2541
f 2475/2475/2475 2541/2541/2541 2477/2477/2477
f 2475/2475/2475 2477/2477/2477 2429/2429/2429
f 2475/2475/2475 2429/2429/2429 2424/2424/2424
f 2475/2475/2475 2600/2600/2600 2540/2540/2540
f 2424/2424/2424 2429/2429/2429 2276/2276/2276
f 2424/2424/2424 2276/2276/2276 2359/2359/2359
f 2271/2271/2271 2359/2359/2359 2276/2276/2276
f 2429/2429/2429 2366/2366/2366 2276/2276/2276
f 2271/2271/2271 2276/2276/2276 2180/2180/2180
f 2366/2366/2366 2277/2277/2277 2276/2276/2276
f 2276/2276/2276 2277/2277/2277 2181/2181/2181
f 2276/2276/2276 2181/2181/2181 2180/2180/2180
f 2429/2429/2429 2430/2430/2430 2366/2366/2366
f 2429/2429/2429 2477/2477/2477 2467/2467/2467
f 2429/2429/2429 2467/2467/2467 2430/2430/2430
f 2271/2271/2271 2188/2188/2188 2270/2270/2270
f 2271/2271/2271 2270/2270/2270 2358/2358/2358
f 2271/2271/2271 2358/2358/2358 2359/2359/2359
f 2268/2268/2268 2270/2270/2270 2188/2188/2188
f 2359/2359/2359 2358/2358/2358 2423/2423/2423
f 2359/2359/2359 2423/2423/2423 2424/2424/2424
f 2424/2424/2424 2423/2423/2423 2539/2539/2539
f 2424/2424/2424 2539/2539/2539 2475/2475/2475
f 2475/2475/2475 2539/2539/2539 2599/2599/2599
f 2475/2475/2475 2599/2599/2599 2600/2600/2600
f 2542/2542/2542 2534/2534/2534 2467/2467/2467
f 2542/2542/2542 2467/2467/2467 2477/2477/2477
f 2542/2542/2542 2602/2602/2602 2591/2591/2591
f 2542/2542/2542 2591/2591/2591 2534/2534/2534
f 2600/2600/2600 2729/2729/2729 2661/2661/2661
f 2600/2600/2600 2661/2661/2661 2601/2601/2601
f 2602/2602/2602 2601/2601/2601 2661/2661/2661
f 2602/2602/2602 2661/2661/2661 2591/2591/2591
f 2204/2204/2204 2205/2205/2205 2191/2191/2191
f 2191/2191/2191 2205/2205/2205 2192/2192/2192
f 2176/2176/2176 2175/2175/2175 2191/2191/2191
f 2176/2176/2176 2191/2191/2191 2192/2192/2192
f 2205/2205/2205 2204/2204/2204 2285/2285/2285
f 2205/2205/2205 2285/2285/2285 2286/2286/2286
f 2285/2285/2285 2204/2204/2204 2191/2191/2191
f 2191/2191/2191 2273/2273/2273 2285/2285/2285
f 2285/2285/2285 2273/2273/2273 2361/2361/2361
f 2285/2285/2285 2361/2361/2361 2373/2373/2373
f 2286/2286/2286 2285/2285/2285 2373/2373/2373
f 2286/2286/2286 2373/2373/2373 2374/2374/2374
f 2374/2374/2374 2373/2373/2373 2362/2362/2362
f 2362/2362/2362 2373/2373/2373 2361/2361/2361
f 2426/2426/2426 2362/2362/2362 2361/2361/2361
f 2426/2426/2426 2361/2361/2361 2425/2425/2425
f 2178/2178/2178 2194/2194/2194 2274/2274/2274
f 2425/2425/2425 2360/2360/2360 2361/2361/2361
f 2425/2425/2425 2361/2361/2361 2360/2360/2360
f 2361/2361/2361 2273/2273/2273 2272/2272/2272
f 2361/2361/2361 2272/2272/2272 2360/2360/2360
f 2273/2273/2273 2191/2191/2191 2190/2190/2190
f 2273/2273/2273 2190/2190/2190 2272/2272/2272
f 2191/2191/2191 2174/2174/2174 2190/2190/2190
f 2174/2174/2174 2191/2191/2191 2175/2175/2175
f 2177/2177/2177 2176/2176/2176 2192/2192/2192
f 2177/2177/2177 2192/2192/2192 2193/2193/2193
f 2206/2206/2206 2193/2193/2193 2192/2192/2192
f 2206/2206/2206 2192/2192/2192 2205/2205/2205
f 2206/2206/2206 2194/2194/2194 2193/2193/2193
f 2178/2178/2178 2177/2177/2177 2193/2193/2193
f 2178/2178/2178 2193/2193/2193 2194/2194/2194
f 2287/2287/2287 2206/2206/2206 2205/2205/2205
f 2287/2287/2287 2205/2205/2205 2286/2286/2286
f 2287/2287/2287 2286/2286/2286 2374/2374/2374
f 2287/2287/2287 2374/2374/2374 2375/2375/2375
f 2363/2363/2363 2427/2427/2427 2428/2428/2428
f 2363/2363/2363 2428/2428/2428 2364/2364/2364
f 2274/2274/2274 2288/2288/2288 2364/2364/2364
f 2364/2364/2364 2288/2288/2288 2287/2287/2287
f 2364/2364/2364 2287/2287/2287 2375/2375/2375
f 2364/2364/2364 2375/2375/2375 2363/2363/2363
f 2288/2288/2288 2207/2207/2207 2206/2206/2206
f 2288/2288/2288 2206/2206/2206 2287/2287/2287
f 2194/2194/2194 2207/2207/2207 2288/2288/2288
f 2194/2194/2194 2288/2288/2288 2274/2274/2274
f 2206/2206/2206 2207/2207/2207 2194/2194/2194
f 2363/2363/2363 2362/2362/2362 2426/2426/2426
f 2363/2363/2363 2426/2426/2426 2427/2427/2427
f 2375/2375/2375 2374/2374/2374 2362/2362/2362
f 2375/2375/2375 2362/2362/2362 2363/2363/2363
f 2267/2267/2267 2266/2266/2266 2184/2184/2184
f 2267/2267/2267 2184/2184/2184 2185/2185/2185
f 2185/2185/2185 2184/2184/2184 2266/2266/2266
f 2185/2185/2185 2266/2266/2266 2267/2267/2267
f 2185/2185/2185 2184/2184/2184 2266/2266/2266
f 2185/2185/2185 2266/2266/2266 2267/2267/2267
f 2267/2267/2267 2266/2266/2266 2184/2184/2184
f 2267/2267/2267 2184/2184/2184 2185/2185/2185
f 2257/2257/2257 2267/2267/2267 2355/2355/2355
f 2257/2257/2257 2355/2355/2355 2347/2347/2347
f 2347/2347/2347 2355/2355/2355 2354/2354/2354
f 2346/2346/2346 2347/2347/2347 2354/2354/2354
f 2267/2267/2267 2354/2354/2354 2355/2355/2355
f 2267/2267/2267 2266/2266/2266 2354/2354/2354
f 2266/2266/2266 2256/2256/2256 2346/2346/2346
f 2266/2266/2266 2346/2346/2346 2354/2354/2354
f 2256/2256/2256 2267/2267/2267 2257/2257/2257
f 2256/2256/2256 2257/2257/2257 2347/2347/2347
f 2256/2256/2256 2347/2347/2347 2346/2346/2346
f 2256/2256/2256 2266/2266/2266 2169/2169/2169
f 2267/2267/2267 2256/2256/2256 2169/2169/2169
f 2169/2169/2169 2266/2266/2266 2184/2184/2184
f 2267/2267/2267 2169/2169/2169 2185/2185/2185
f 2169/2169/2169 2184/2184/2184 2185/2185/2185
f 2184/2184/2184 2266/2266/2266 2256/2256/2256
f 2185/2185/2185 2184/2184/2184 2256/2256/2256
f 2185/2185/2185 2256/2256/2256 2267/2267/2267
f 2267/2267/2267 2256/2256/2256 2266/2266/2266
f 2266/2266/2266 2267/2267/2267 2185/2185/2185
f 2266/2266/2266 2185/2185/2185 2184/2184/2184
f 2184/2184/2184 2185/2185/2185 2267/2267/2267
f 2184/2184/2184 2267/2267/2267 2266/2266/2266
f 2187/2187/2187 2186/2186/2186 2200/2200/2200
f 2187/2187/2187 2200/2200/2200 2201/2201/2201
f 2201/2201/2201 2200/2200/2200 2186/2186/2186
f 2201/2201/2201 2186/2186/2186 2187/2187/2187
f 2269/2269/2269 2282/2282/2282 2370/2370/2370
f 2269/2269/2269 2370/2370/2370 2357/2357/2357
f 2356/2356/2356 2269/2269/2269 2357/2357/2357
f 2370/2370/2370 2356/2356/2356 2357/2357/2357
f 2282/2282/2282 2268/2268/2268 2356/2356/2356
f 2282/2282/2282 2356/2356/2356 2370/2370/2370
f 2268/2268/2268 2269/2269/2269 2356/2356/2356
f 2269/2269/2269 2268/2268/2268 2186/2186/2186
f 2269/2269/2269 2186/2186/2186 2187/2187/2187
f 2269/2269/2269 2268/2268/2268 2282/2282/2282
f 2187/2187/2187 2200/2200/2200 2268/2268/2268
f 2187/2187/2187 2268/2268/2268 2269/2269/2269
f 2200/2200/2200 2201/2201/2201 2282/2282/2282
f 2200/2200/2200 2282/2282/2282 2268/2268/2268
f 2186/2186/2186 2268/2268/2268 2200/2200/2200
f 2186/2186/2186 2200/2200/2200 2187/2187/2187
f 2268/2268/2268 2281/2281/2281 2201/2201/2201
f 2268/2268/2268 2201/2201/2201 2200/2200/2200
f 2281/2281/2281 2282/2282/2282 2201/2201/2201
f 2201/2201/2201 2269/2269/2269 2282/2282/2282
f 2201/2201/2201 2187/2187/2187 2269/2269/2269
f 2269/2269/2269 2187/2187/2187 2201/2201/2201
f 2282/2282/2282 2269/2269/2269 2201/2201/2201
f 2282/2282/2282 2281/2281/2281 2268/2268/2268
f 2275/2275/2275 2195/2195/2195 2196/2196/2196
f 2275/2275/2275 2196/2196/2196 2276/2276/2276
f 2195/2195/2195 2275/2275/2275 2276/2276/2276
f 2195/2195/2195 2276/2276/2276 2196/2196/2196
f 2260/2260/2260 2348/2348/2348 2365/2365/2365
f 2260/2260/2260 2365/2365/2365 2275/2275/2275
f 2260/2260/2260 2179/2179/2179 2275/2275/2275
f 2275/2275/2275 2179/2179/2179 2260/2260/2260
f 2179/2179/2179 2195/2195/2195 2275/2275/2275
f 2275/2275/2275 2195/2195/2195 2179/2179/2179
f 2195/2195/2195 2260/2260/2260 2275/2275/2275
f 2195/2195/2195 2275/2275/2275 2260/2260/2260
f 2195/2195/2195 2275/2275/2275 2276/2276/2276
f 2195/2195/2195 2276/2276/2276 2196/2196/2196
f 2196/2196/2196 2276/2276/2276 2275/2275/2275
f 2196/2196/2196 2275/2275/2275 2195/2195/2195
f 2276/2276/2276 2196/2196/2196 2195/2195/2195
f 2276/2276/2276 2195/2195/2195 2275/2275/2275
f 2275/2275/2275 2195/2195/2195 2196/2196/2196
f 2275/2275/2275 2196/2196/2196 2276/2276/2276
f 2276/2276/2276 2260/2260/2260 2275/2275/2275
f 2275/2275/2275 2365/2365/2365 2276/2276/2276
f 2276/2276/2276 2365/2365/2365 2348/2348/2348
f 2276/2276/2276 2348/2348/2348 2260/2260/2260
f 2188/2188/2188 2202/2202/2202 2203/2203/2203
f 2188/2188/2188 2203/2203/2203 2189/2189/2189
f 2202/2202/2202 2188/2188/2188 2189/2189/2189
f 2202/2202/2202 2189/2189/2189 2203/2203/2203
f 2270/2270/2270 2358/2358/2358 2371/2371/2371
f 2270/2270/2270 2371/2371/2371 2283/2283/2283
f 2271/2271/2271 2359/2359/2359 2358/2358/2358
f 2271/2271/2271 2358/2358/2358 2270/2270/2270
f 2270/2270/2270 2188/2188/2188 2189/2189/2189
f 2270/2270/2270 2189/2189/2189 2271/2271/2271
f 2188/2188/2188 2270/2270/2270 2271/2271/2271
f 2188/2188/2188 2271/2271/2271 2189/2189/2189
f 2270/2270/2270 2283/2283/2283 2284/2284/2284
f 2270/2270/2270 2284/2284/2284 2271/2271/2271
f 2189/2189/2189 2271/2271/2271 2203/2203/2203
f 2203/2203/2203 2271/2271/2271 2284/2284/2284
f 2203/2203/2203 2284/2284/2284 2283/2283/2283
f 2203/2203/2203 2283/2283/2283 2202/2202/2202
f 2202/2202/2202 2283/2283/2283 2270/2270/2270
f 2202/2202/2202 2270/2270/2270 2188/2188/2188
f 2283/2283/2283 2202/2202/2202 2270/2270/2270
f 2270/2270/2270 2202/2202/2202 2188/2188/2188
f 2284/2284/2284 2203/2203/2203 2202/2202/2202
f 2284/2284/2284 2202/2202/2202 2283/2283/2283
f 2271/2271/2271 2203/2203/2203 2284/2284/2284
f 2189/2189/2189 2203/2203/2203 2271/2271/2271
f 2284/2284/2284 2372/2372/2372 2359/2359/2359
f 2284/2284/2284 2359/2359/2359 2271/2271/2271
f 2358/2358/2358 2359/2359/2359 2372/2372/2372
f 2371/2371/2371 2358/2358/2358 2372/2372/2372
f 2283/2283/2283 2371/2371/2371 2372/2372/2372
f 2283/2283/2283 2372/2372/2372 2284/2284/2284
f 2020/2020/2020 2021/2021/2021 2113/2113/2113
f 2020/2020/2020 2113/2113/2113 2112/2112/2112
f 2034/2034/2034 2021/2021/2021 2020/2020/2020
f 2034/2034/2034 2020/2020/2020 2126/2126/2126
f 2033/2033/2033 2034/2034/2034 2126/2126/2126
f 2033/2033/2033 2126/2126/2126 2125/2125/2125
f 2126/2126/2126 2020/2020/2020 2112/2112/2112
f 2018/2018/2018 2125/2125/2125 2110/2110/2110
f 2018/2018/2018 2033/2033/2033 2125/2125/2125
f 2032/2032/2032 2033/2033/2033 2018/2018/2018
f 2021/2021/2021 2009/2009/2009 2113/2113/2113
f 2113/2113/2113 2009/2009/2009 2021/2021/2021
f 2125/2125/2125 2126/2126/2126 2034/2034/2034
f 2125/2125/2125 2034/2034/2034 2033/2033/2033
f 2005/2005/2005 2017/2017/2017 2018/2018/2018
f 2005/2005/2005 2018/2018/2018 2006/2006/2006
f 1996/1996/1996 2005/2005/2005 2006/2006/2006
f 2018/2018/2018 2124/2124/2124 2032/2032/2032
f 2124/2124/2124 2125/2125/2125 2033/2033/2033
f 2124/2124/2124 2033/2033/2033 2032/2032/2032
f 2126/2126/2126 2113/2113/2113 2021/2021/2021
f 2126/2126/2126 2021/2021/2021 2034/2034/2034
f 2110/2110/2110 2125/2125/2125 2124/2124/2124
f 2110/2110/2110 2124/2124/2124 2018/2018/2018
f 2006/2006/2006 2018/2018/2018 2005/2005/2005
f 2005/2005/2005 2018/2018/2018 2017/2017/2017
f 1996/1996/1996 2006/2006/2006 2005/2005/2005
f 2112/2112/2112 2113/2113/2113 2126/2126/2126
f 2259/2259/2259 2251/2251/2251 2102/2102/2102
f 2251/2251/2251 2095/2095/2095 2102/2102/2102
f 2112/2112/2112 2102/2102/2102 2103/2103/2103
f 2112/2112/2112 2103/2103/2103 2113/2113/2113
f 2102/2102/2102 2009/2009/2009 2103/2103/2103
f 2113/2113/2113 2103/2103/2103 2021/2021/2021
f 2103/2103/2103 2009/2009/2009 2021/2021/2021
f 2009/2009/2009 2102/2102/2102 2008/2008/2008
f 2009/2009/2009 2113/2113/2113 2021/2021/2021
f 2020/2020/2020 2113/2113/2113 2009/2009/2009
f 2020/2020/2020 2009/2009/2009 2008/2008/2008
f 2020/2020/2020 2008/2008/2008 2007/2007/2007
f 2019/2019/2019 2020/2020/2020 2007/2007/2007
f 2111/2111/2111 2112/2112/2112 2020/2020/2020
f 2111/2111/2111 2020/2020/2020 2019/2019/2019
f 2006/2006/2006 2019/2019/2019 2007/2007/2007
f 2008/2008/2008 1997/1997/1997 2007/2007/2007
f 1998/1998/1998 1997/1997/1997 2008/2008/2008
f 2094/2094/2094 2101/2101/2101 2007/2007/2007
f 2094/2094/2094 2007/2007/2007 1997/1997/1997
f 2101/2101/2101 2100/2100/2100 2006/2006/2006
f 2101/2101/2101 2006/2006/2006 2007/2007/2007
f 2006/2006/2006 2100/2100/2100 2018/2018/2018
f 2100/2100/2100 2110/2110/2110 2018/2018/2018
f 2100/2100/2100 2111/2111/2111 2110/2110/2110
f 2101/2101/2101 2111/2111/2111 2100/2100/2100
f 2111/2111/2111 2019/2019/2019 2018/2018/2018
f 2111/2111/2111 2018/2018/2018 2110/2110/2110
f 2006/2006/2006 2018/2018/2018 2019/2019/2019
f 2112/2112/2112 2113/2113/2113 2021/2021/2021
f 2112/2112/2112 2113/2113/2113 2021/2021/2021
f 2112/2112/2112 2021/2021/2021 2113/2113/2113
f 2113/2113/2113 2112/2112/2112 2021/2021/2021
f 2020/2020/2020 2112/2112/2112 2113/2113/2113
f 2259/2259/2259 2102/2102/2102 2112/2112/2112
f 2258/2258/2258 2259/2259/2259 2112/2112/2112
f 2258/2258/2258 2112/2112/2112 2111/2111/2111
f 2258/2258/2258 2111/2111/2111 2101/2101/2101
f 2250/2250/2250 2258/2258/2258 2101/2101/2101
f 2250/2250/2250 2101/2101/2101 2094/2094/2094
f 2251/2251/2251 2250/2250/2250 2094/2094/2094
f 2251/2251/2251 2094/2094/2094 2095/2095/2095
f 2102/2102/2102 2095/2095/2095 1998/1998/1998
f 2102/2102/2102 1998/1998/1998 2008/2008/2008
f 2095/2095/2095 2094/2094/2094 1997/1997/1997
f 2095/2095/2095 1997/1997/1997 1998/1998/1998
f 1817/1817/1817 1864/1864/1864 1824/1824/1824
f 1874/1874/1874 1824/1824/1824 1864/1864/1864
f 1874/1874/1874 1864/1864/1864 1824/1824/1824
f 1817/1817/1817 1824/1824/1824 1864/1864/1864
f 1817/1817/1817 1744/1744/1744 1756/1756/1756
f 1756/1756/1756 1744/1744/1744 1817/1817/1817
f 1815/1815/1815 1823/1823/1823 1862/1862/1862
f 1815/1815/1815 1862/1862/1862 1814/1814/1814
f 1823/1823/1823 1822/1822/1822 1862/1862/1862
f 1814/1814/1814 1822/1822/1822 1823/1823/1823
f 1814/1814/1814 1823/1823/1823 1815/1815/1815
f 1814/1814/1814 1862/1862/1862 1822/1822/1822
f 1814/1814/1814 1754/1754/1754 1742/1742/1742
f 1754/1754/1754 1814/1814/1814 1742/1742/1742
f 1873/1873/1873 1822/1822/1822 1862/1862/1862
f 1873/1873/1873 1862/1862/1862 1822/1822/1822
f 1873/1873/1873 1822/1822/1822 1823/1823/1823
f 1873/1873/1873 1823/1823/1823 1822/1822/1822
f 1755/1755/1755 1743/1743/1743 1659/1659/1659
f 1803/1803/1803 1816/1816/1816 1743/1743/1743
f 1816/1816/1816 1803/1803/1803 1743/1743/1743
f 1755/1755/1755 1816/1816/1816 1743/1743/1743
f 1755/1755/1755 1659/1659/1659 1672/1672/1672
f 1743/1743/1743 1755/1755/1755 1672/1672/1672
f 1743/1743/1743 1672/1672/1672 1659/1659/1659
f 1816/1816/1816 1755/1755/1755 1743/1743/1743
f 2092/2092/2092 2093/2093/2093 2088/2088/2088
f 2092/2092/2092 2088/2088/2088 2087/2087/2087
f 2086/2086/2086 2091/2091/2091 2087/2087/2087
f 2092/2092/2092 2087/2087/2087 2091/2091/2091
f 2087/2087/2087 2081/2081/2081 2086/2086/2086
f 2087/2087/2087 2088/2088/2088 2081/2081/2081
f 2097/2097/2097 2171/2171/2171 2162/2162/2162
f 2097/2097/2097 2162/2162/2162 2171/2171/2171
f 2099/2099/2099 2173/2173/2173 2164/2164/2164
f 2099/2099/2099 2098/2098/2098 2173/2173/2173
f 2098/2098/2098 2099/2099/2099 2164/2164/2164
f 2098/2098/2098 2164/2164/2164 2163/2163/2163
f 2098/2098/2098 2163/2163/2163 2172/2172/2172
f 2098/2098/2098 2172/2172/2172 2173/2173/2173
f 1948/1948/1948 1987/1987/1987 1983/1983/1983
f 1948/1948/1948 1983/1983/1983 1946/1946/1946
f 1947/1947/1947 1948/1948/1948 1946/1946/1946
f 1947/1947/1947 1946/1946/1946 1945/1945/1945
f 1986/1986/1986 1947/1947/1947 1945/1945/1945
f 1986/1986/1986 1945/1945/1945 1982/1982/1982
f 1987/1987/1987 1986/1986/1986 1982/1982/1982
f 1987/1987/1987 1982/1982/1982 1983/1983/1983
f 1987/1987/1987 1948/1948/1948 1947/1947/1947
f 1987/1987/1987 1947/1947/1947 1986/1986/1986
f 1948/1948/1948 1947/1947/1947 1949/1949/1949
f 1948/1948/1948 1949/1949/1949 1950/1950/1950
f 1947/1947/1947 1948/1948/1948 1950/1950/1950
f 1947/1947/1947 1950/1950/1950 1949/1949/1949
f 1950/1950/1950 1951/1951/1951 1952/1952/1952
f 1950/1950/1950 1949/1949/1949 1951/1951/1951
f 1949/1949/1949 1950/1950/1950 1951/1951/1951
f 1950/1950/1950 1952/1952/1952 1951/1951/1951
f 2114/2114/2114 2022/2022/2022 2010/2010/2010
f 2114/2114/2114 2010/2010/2010 2104/2104/2104
f 2022/2022/2022 1890/1890/1890 1885/1885/1885
f 2022/2022/2022 1885/1885/1885 2010/2010/2010
f 2115/2115/2115 2114/2114/2114 2104/2104/2104
f 2115/2115/2115 2104/2104/2104 2089/2089/2089
f 2072/2072/2072 2115/2115/2115 2089/2089/2089
f 2072/2072/2072 2089/2089/2089 2071/2071/2071
f 2089/2089/2089 1992/1992/1992 1977/1977/1977
f 2089/2089/2089 1977/1977/1977 2071/2071/2071
f 1992/1992/1992 1875/1875/1875 1838/1838/1838
f 1992/1992/1992 1838/1838/1838 1977/1977/1977
f 1875/1875/1875 1677/1677/1677 1640/1640/1640
f 1875/1875/1875 1640/1640/1640 1838/1838/1838
f 1677/1677/1677 1522/1522/1522 1503/1503/1503
f 1677/1677/1677 1503/1503/1503 1640/1640/1640
f 1522/1522/1522 1433/1433/1433 1424/1424/1424
f 1522/1522/1522 1424/1424/1424 1503/1503/1503
f 1433/1433/1433 1428/1428/1428 1424/1424/1424
f 1433/1433/1433 1361/1361/1361 1428/1428/1428
f 1433/1433/1433 1366/1366/1366 1361/1361/1361
f 1383/1383/1383 1361/1361/1361 1366/1366/1366
f 1476/1476/1476 1396/1396/1396 1394/1394/1394
f 1476/1476/1476 1394/1394/1394 1463/1463/1463
f 1463/1463/1463 1394/1394/1394 1383/1383/1383
f 1463/1463/1463 1383/1383/1383 1453/1453/1453
f 1453/1453/1453 1383/1383/1383 1366/1366/1366
f 1453/1453/1453 1366/1366/1366 1433/1433/1433
f 1564/1564/1564 1453/1453/1453 1433/1433/1433
f 1564/1564/1564 1433/1433/1433 1536/1536/1536
f 1522/1522/1522 1536/1536/1536 1433/1433/1433
f 1590/1590/1590 1463/1463/1463 1453/1453/1453
f 1590/1590/1590 1453/1453/1453 1564/1564/1564
f 1708/1708/1708 1590/1590/1590 1564/1564/1564
f 1708/1708/1708 1564/1564/1564 1699/1699/1699
f 1699/1699/1699 1564/1564/1564 1536/1536/1536
f 1699/1699/1699 1536/1536/1536 1678/1678/1678
f 1885/1885/1885 1708/1708/1708 1699/1699/1699
f 1885/1885/1885 1699/1699/1699 1880/1880/1880
f 1880/1880/1880 1699/1699/1699 1678/1678/1678
f 1880/1880/1880 1678/1678/1678 1875/1875/1875
f 1875/1875/1875 1678/1678/1678 1677/1677/1677
f 1677/1677/1677 1678/1678/1678 1536/1536/1536
f 1677/1677/1677 1536/1536/1536 1522/1522/1522
f 2000/2000/2000 1880/1880/1880 1875/1875/1875
f 2000/2000/2000 1875/1875/1875 1992/1992/1992
f 2010/2010/2010 1885/1885/1885 1880/1880/1880
f 2010/2010/2010 1880/1880/1880 2000/2000/2000
f 2104/2104/2104 2010/2010/2010 2000/2000/2000
f 2104/2104/2104 2000/2000/2000 2089/2089/2089
f 2089/2089/2089 2000/2000/2000 1992/1992/1992
f 1890/1890/1890 1709/1709/1709 1708/1708/1708
f 1890/1890/1890 1708/1708/1708 1885/1885/1885
f 1709/1709/1709 1591/1591/1591 1590/1590/1590
f 1709/1709/1709 1590/1590/1590 1708/1708/1708
f 1591/1591/1591 1476/1476/1476 1463/1463/1463
f 1591/1591/1591 1463/1463/1463 1590/1590/1590
f 2197/2197/2197 2115/2115/2115 2072/2072/2072
f 2197/2197/2197 2072/2072/2072 2154/2154/2154
f 2277/2277/2277 2197/2197/2197 2154/2154/2154
f 2277/2277/2277 2154/2154/2154 2236/2236/2236
f 2016/2016/2016 2004/2004/2004 1884/1884/1884
f 2016/2016/2016 1884/1884/1884 1889/1889/1889
f 2109/2109/2109 2096/2096/2096 2004/2004/2004
f 2109/2109/2109 2004/2004/2004 2016/2016/2016
f 2109/2109/2109 2084/2084/2084 2096/2096/2096
f 2069/2069/2069 2083/2083/2083 2109/2109/2109
f 2109/2109/2109 2083/2083/2083 2084/2084/2084
f 2069/2069/2069 2070/2070/2070 2084/2084/2084
f 2069/2069/2069 2084/2084/2084 2083/2083/2083
f 2084/2084/2084 2070/2070/2070 1976/1976/1976
f 2084/2084/2084 1976/1976/1976 1991/1991/1991
f 2084/2084/2084 1991/1991/1991 2083/2083/2083
f 1991/1991/1991 1872/1872/1872 1871/1871/1871
f 1991/1991/1991 1976/1976/1976 1831/1831/1831
f 1991/1991/1991 1831/1831/1831 1872/1872/1872
f 1872/1872/1872 1831/1831/1831 1636/1636/1636
f 1872/1872/1872 1636/1636/1636 1666/1666/1666
f 1666/1666/1666 1636/1636/1636 1499/1499/1499
f 1666/1666/1666 1499/1499/1499 1515/1515/1515
f 1515/1515/1515 1499/1499/1499 1422/1422/1422
f 1515/1515/1515 1422/1422/1422 1431/1431/1431
f 1431/1431/1431 1422/1422/1422 1423/1423/1423
f 1431/1431/1431 1423/1423/1423 1432/1432/1432
f 1432/1432/1432 1423/1423/1423 1427/1427/1427
f 1432/1432/1432 1427/1427/1427 1360/1360/1360
f 1432/1432/1432 1360/1360/1360 1365/1365/1365
f 1382/1382/1382 1365/1365/1365 1381/1381/1381
f 1381/1381/1381 1365/1365/1365 1359/1359/1359
f 1395/1395/1395 1393/1393/1393 1392/1392/1392
f 1469/1469/1469 1459/1459/1459 1393/1393/1393
f 1469/1469/1469 1393/1393/1393 1395/1395/1395
f 1459/1459/1459 1452/1452/1452 1382/1382/1382
f 1459/1459/1459 1382/1382/1382 1393/1393/1393
f 1393/1393/1393 1382/1382/1382 1381/1381/1381
f 1393/1393/1393 1381/1381/1381 1392/1392/1392
f 1452/1452/1452 1432/1432/1432 1365/1365/1365
f 1452/1452/1452 1365/1365/1365 1382/1382/1382
f 1452/1452/1452 1431/1431/1431 1432/1432/1432
f 1451/1451/1451 1431/1431/1431 1452/1452/1452
f 1515/1515/1515 1431/1431/1431 1528/1528/1528
f 1553/1553/1553 1528/1528/1528 1431/1431/1431
f 1553/1553/1553 1431/1431/1431 1451/1451/1451
f 1577/1577/1577 1553/1553/1553 1451/1451/1451
f 1577/1577/1577 1451/1451/1451 1458/1458/1458
f 1458/1458/1458 1451/1451/1451 1452/1452/1452
f 1458/1458/1458 1452/1452/1452 1459/1459/1459
f 1707/1707/1707 1693/1693/1693 1553/1553/1553
f 1707/1707/1707 1553/1553/1553 1577/1577/1577
f 1693/1693/1693 1666/1666/1666 1528/1528/1528
f 1693/1693/1693 1528/1528/1528 1553/1553/1553
f 1884/1884/1884 1879/1879/1879 1693/1693/1693
f 1884/1884/1884 1693/1693/1693 1707/1707/1707
f 1879/1879/1879 1871/1871/1871 1666/1666/1666
f 1879/1879/1879 1666/1666/1666 1693/1693/1693
f 1666/1666/1666 1515/1515/1515 1528/1528/1528
f 1872/1872/1872 1666/1666/1666 1871/1871/1871
f 1995/1995/1995 1991/1991/1991 1871/1871/1871
f 1995/1995/1995 1871/1871/1871 1879/1879/1879
f 2004/2004/2004 1995/1995/1995 1879/1879/1879
f 2004/2004/2004 1879/1879/1879 1884/1884/1884
f 2096/2096/2096 2084/2084/2084 1995/1995/1995
f 2096/2096/2096 1995/1995/1995 2004/2004/2004
f 2084/2084/2084 2083/2083/2083 1991/1991/1991
f 2084/2084/2084 1991/1991/1991 1995/1995/1995
f 1889/1889/1889 1884/1884/1884 1707/1707/1707
f 1577/1577/1577 1458/1458/1458 1468/1468/1468
f 1468/1468/1468 1458/1458/1458 1459/1459/1459
f 1468/1468/1468 1459/1459/1459 1469/1469/1469
f 2183/2183/2183 2153/2153/2153 2069/2069/2069
f 2183/2183/2183 2069/2069/2069 2109/2109/2109
f 2265/2265/2265 2235/2235/2235 2153/2153/2153
f 2265/2265/2265 2153/2153/2153 2183/2183/2183
f 2264/2264/2264 2235/2235/2235 2265/2265/2265
f 3466/3466/3466 3423/3423/3423 3422/3422/3422
f 3466/3466/3466 3422/3422/3422 3465/3465/3465
f 3422/3422/3422 3421/3421/3421 3464/3464/3464
f 3422/3422/3422 3464/3464/3464 3465/3465/3465
f 3464/3464/3464 3421/3421/3421 3420/3420/3420
f 3420/3420/3420 3409/3409/3409 3463/3463/3463
f 3420/3420/3420 3463/3463/3463 3464/3464/3464
f 3409/3409/3409 3408/3408/3408 3462/3462/3462
f 3409/3409/3409 3462/3462/3462 3463/3463/3463
f 3462/3462/3462 3408/3408/3408 3463/3463/3463
f 3408/3408/3408 3419/3419/3419 3407/3407/3407
f 3408/3408/3408 3407/3407/3407 3462/3462/3462
f 3407/3407/3407 3408/3408/3408 3462/3462/3462
f 3418/3418/3418 3354/3354/3354 3406/3406/3406
f 3353/3353/3353 3354/3354/3354 3418/3418/3418
f 3270/3270/3270 3218/3218/3218 3353/3353/3353
f 3217/3217/3217 3218/3218/3218 3270/3270/3270
f 3159/3159/3159 3145/3145/3145 3146/3146/3146
f 3159/3159/3159 3146/3146/3146 3217/3217/3217
f 3107/3107/3107 3145/3145/3145 3159/3159/3159
f 3012/3012/3012 3013/3013/3013 3093/3093/3093
f 3012/3012/3012 3093/3093/3093 3106/3106/3106
f 2949/2949/2949 2941/2941/2941 3012/3012/3012
f 2949/2949/2949 2868/2868/2868 2941/2941/2941
f 2950/2950/2950 2949/2949/2949 3026/3026/3026
f 3026/3026/3026 2949/2949/2949 3012/3012/3012
f 3026/3026/3026 3012/3012/3012 3106/3106/3106
f 2809/2809/2809 2790/2790/2790 2949/2949/2949
f 2809/2809/2809 2949/2949/2949 2950/2950/2950
f 2790/2790/2790 2723/2723/2723 2868/2868/2868
f 2790/2790/2790 2868/2868/2868 2949/2949/2949
f 2655/2655/2655 2790/2790/2790 2809/2809/2809
f 2655/2655/2655 2809/2809/2809 2734/2734/2734
f 2655/2655/2655 2723/2723/2723 2790/2790/2790
f 2723/2723/2723 2655/2655/2655 2647/2647/2647
f 2723/2723/2723 2647/2647/2647 2790/2790/2790
f 2581/2581/2581 2647/2647/2647 2655/2655/2655
f 2581/2581/2581 2655/2655/2655 2587/2587/2587
f 2530/2530/2530 2581/2581/2581 2532/2532/2532
f 2532/2532/2532 2581/2581/2581 2587/2587/2587
f 2588/2588/2588 2532/2532/2532 2587/2587/2587
f 2588/2588/2588 2587/2587/2587 2656/2656/2656
f 2587/2587/2587 2655/2655/2655 2656/2656/2656
f 2594/2594/2594 2588/2588/2588 2656/2656/2656
f 2594/2594/2594 2656/2656/2656 2665/2665/2665
f 2656/2656/2656 2655/2655/2655 2734/2734/2734
f 2656/2656/2656 2734/2734/2734 2665/2665/2665
f 2889/2889/2889 2809/2809/2809 2968/2968/2968
f 2889/2889/2889 2968/2968/2968 2951/2951/2951
f 2809/2809/2809 2950/2950/2950 2968/2968/2968
f 2951/2951/2951 2968/2968/2968 3026/3026/3026
f 2951/2951/2951 3026/3026/3026 3027/3027/3027
f 2968/2968/2968 2950/2950/2950 3026/3026/3026
f 3027/3027/3027 3026/3026/3026 3106/3106/3106
f 3027/3027/3027 3106/3106/3106 3107/3107/3107
f 3029/3029/3029 3027/3027/3027 3107/3107/3107
f 3029/3029/3029 3107/3107/3107 3108/3108/3108
f 3108/3108/3108 3107/3107/3107 3159/3159/3159
f 3108/3108/3108 3159/3159/3159 3217/3217/3217
f 2953/2953/2953 2969/2969/2969 3027/3027/3027
f 2953/2953/2953 3027/3027/3027 3029/3029/3029
f 2969/2969/2969 2889/2889/2889 2951/2951/2951
f 2969/2969/2969 2951/2951/2951 3027/3027/3027
f 2812/2812/2812 2970/2970/2970 2953/2953/2953
f 2812/2812/2812 2953/2953/2953 2872/2872/2872
f 2872/2872/2872 2953/2953/2953 3029/3029/3029
f 2872/2872/2872 3029/3029/3029 2953/2953/2953
f 2811/2811/2811 2970/2970/2970 2812/2812/2812
f 2811/2811/2811 2812/2812/2812 2737/2737/2737
f 2471/2471/2471 2470/2470/2470 2736/2736/2736
f 2471/2471/2471 2736/2736/2736 2811/2811/2811
f 2471/2471/2471 2811/2811/2811 2737/2737/2737
f 2470/2470/2470 2666/2666/2666 2736/2736/2736
f 2470/2470/2470 2469/2469/2469 2594/2594/2594
f 2470/2470/2470 2594/2594/2594 2666/2666/2666
f 2263/2263/2263 2352/2352/2352 2469/2469/2469
f 2264/2264/2264 2263/2263/2263 2469/2469/2469
f 2264/2264/2264 2469/2469/2469 2470/2470/2470
f 2352/2352/2352 2344/2344/2344 2465/2465/2465
f 2352/2352/2352 2465/2465/2465 2469/2469/2469
f 2469/2469/2469 2465/2465/2465 2588/2588/2588
f 2469/2469/2469 2588/2588/2588 2594/2594/2594
f 2344/2344/2344 2416/2416/2416 2465/2465/2465
f 2465/2465/2465 2416/2416/2416 2532/2532/2532
f 2465/2465/2465 2532/2532/2532 2588/2588/2588
f 2344/2344/2344 2343/2343/2343 2416/2416/2416
f 2416/2416/2416 2464/2464/2464 2532/2532/2532
f 2416/2416/2416 2343/2343/2343 2340/2340/2340
f 2416/2416/2416 2340/2340/2340 2414/2414/2414
f 2464/2464/2464 2416/2416/2416 2414/2414/2414
f 2532/2532/2532 2464/2464/2464 2414/2414/2414
f 2532/2532/2532 2414/2414/2414 2462/2462/2462
f 2462/2462/2462 2414/2414/2414 2411/2411/2411
f 2462/2462/2462 2411/2411/2411 2459/2459/2459
f 2414/2414/2414 2340/2340/2340 2411/2411/2411
f 2343/2343/2343 2344/2344/2344 2341/2341/2341
f 2343/2343/2343 2341/2341/2341 2340/2340/2340
f 2340/2340/2340 2341/2341/2341 2335/2335/2335
f 2340/2340/2340 2335/2335/2335 2411/2411/2411
f 2459/2459/2459 2460/2460/2460 2526/2526/2526
f 2459/2459/2459 2526/2526/2526 2525/2525/2525
f 2530/2530/2530 2459/2459/2459 2525/2525/2525
f 2525/2525/2525 2574/2574/2574 2530/2530/2530
f 2530/2530/2530 2574/2574/2574 2581/2581/2581
f 2581/2581/2581 2574/2574/2574 2530/2530/2530
f 2530/2530/2530 2574/2574/2574 2525/2525/2525
f 2530/2530/2530 2525/2525/2525 2459/2459/2459
f 2581/2581/2581 2530/2530/2530 2574/2574/2574
f 2530/2530/2530 2459/2459/2459 2525/2525/2525
f 2530/2530/2530 2525/2525/2525 2574/2574/2574
f 2526/2526/2526 2574/2574/2574 2525/2525/2525
f 2526/2526/2526 2527/2527/2527 2576/2576/2576
f 2526/2526/2526 2576/2576/2576 2574/2574/2574
f 2574/2574/2574 2576/2576/2576 2583/2583/2583
f 2574/2574/2574 2583/2583/2583 2581/2581/2581
f 2581/2581/2581 2583/2583/2583 2650/2650/2650
f 2581/2581/2581 2650/2650/2650 2647/2647/2647
f 2647/2647/2647 2650/2650/2650 2793/2793/2793
f 2647/2647/2647 2793/2793/2793 2790/2790/2790
f 2790/2790/2790 2793/2793/2793 2873/2873/2873
f 2790/2790/2790 2873/2873/2873 2868/2868/2868
f 2868/2868/2868 2873/2873/2873 2943/2943/2943
f 2868/2868/2868 2943/2943/2943 2941/2941/2941
f 2941/2941/2941 2943/2943/2943 3016/3016/3016
f 2941/2941/2941 3016/3016/3016 3012/3012/3012
f 2868/2868/2868 2723/2723/2723 2790/2790/2790
f 2530/2530/2530 2582/2582/2582 2581/2581/2581
f 2530/2530/2530 2581/2581/2581 2582/2582/2582
f 2530/2530/2530 2462/2462/2462 2459/2459/2459
f 2263/2263/2263 2344/2344/2344 2352/2352/2352
f 2182/2182/2182 2264/2264/2264 2470/2470/2470
f 2183/2183/2183 2182/2182/2182 2470/2470/2470
f 2183/2183/2183 2470/2470/2470 2471/2471/2471
f 2353/2353/2353 2183/2183/2183 2471/2471/2471
f 2466/2466/2466 2353/2353/2353 2472/2472/2472
f 2536/2536/2536 2533/2533/2533 2466/2466/2466
f 2536/2536/2536 2466/2466/2466 2472/2472/2472
f 2668/2668/2668 2536/2536/2536 2472/2472/2472
f 2668/2668/2668 2472/2472/2472 2471/2471/2471
f 2472/2472/2472 2353/2353/2353 2471/2471/2471
f 2668/2668/2668 2471/2471/2471 2737/2737/2737
f 2668/2668/2668 2737/2737/2737 2738/2738/2738
f 2668/2668/2668 2738/2738/2738 2739/2739/2739
f 2595/2595/2595 2536/2536/2536 2668/2668/2668
f 2739/2739/2739 2669/2669/2669 2595/2595/2595
f 2739/2739/2739 2595/2595/2595 2668/2668/2668
f 2669/2669/2669 2658/2658/2658 2590/2590/2590
f 2669/2669/2669 2590/2590/2590 2595/2595/2595
f 2595/2595/2595 2590/2590/2590 2533/2533/2533
f 2595/2595/2595 2533/2533/2533 2536/2536/2536
f 2740/2740/2740 2726/2726/2726 2658/2658/2658
f 2740/2740/2740 2658/2658/2658 2669/2669/2669
f 2740/2740/2740 2795/2795/2795 2726/2726/2726
f 2815/2815/2815 2740/2740/2740 2669/2669/2669
f 2815/2815/2815 2669/2669/2669 2739/2739/2739
f 2815/2815/2815 2891/2891/2891 2892/2892/2892
f 2815/2815/2815 2739/2739/2739 2814/2814/2814
f 2815/2815/2815 2814/2814/2814 2891/2891/2891
f 2875/2875/2875 2892/2892/2892 2891/2891/2891
f 2874/2874/2874 2875/2875/2875 2891/2891/2891
f 2874/2874/2874 2891/2891/2891 2814/2814/2814
f 2874/2874/2874 2944/2944/2944 3018/3018/3018
f 2874/2874/2874 3018/3018/3018 2875/2875/2875
f 2875/2875/2875 3018/3018/3018 3098/3098/3098
f 2875/2875/2875 3098/3098/3098 3032/3032/3032
f 3033/3033/3033 2875/2875/2875 3032/3032/3032
f 3032/3032/3032 3110/3110/3110 3033/3033/3033
f 3032/3032/3032 3098/3098/3098 3110/3110/3110
f 3033/3033/3033 3110/3110/3110 3111/3111/3111
f 3149/3149/3149 3111/3111/3111 3110/3110/3110
f 3110/3110/3110 3109/3109/3109 3149/3149/3149
f 3110/3110/3110 3098/3098/3098 3109/3109/3109
f 3109/3109/3109 3098/3098/3098 3097/3097/3097
f 3109/3109/3109 3097/3097/3097 3031/3031/3031
f 3031/3031/3031 3097/3097/3097 3017/3017/3017
f 3031/3031/3031 3017/3017/3017 2954/2954/2954
f 2954/2954/2954 3017/3017/3017 2955/2955/2955
f 2954/2954/2954 2955/2955/2955 2813/2813/2813
f 2813/2813/2813 2955/2955/2955 2794/2794/2794
f 2794/2794/2794 2955/2955/2955 2944/2944/2944
f 2794/2794/2794 2944/2944/2944 2874/2874/2874
f 2739/2739/2739 2813/2813/2813 2794/2794/2794
f 2739/2739/2739 2794/2794/2794 2874/2874/2874
f 2739/2739/2739 2874/2874/2874 2814/2814/2814
f 2954/2954/2954 2813/2813/2813 2812/2812/2812
f 2954/2954/2954 2812/2812/2812 2872/2872/2872
f 3031/3031/3031 2954/2954/2954 2872/2872/2872
f 3031/3031/3031 2872/2872/2872 2953/2953/2953
f 3030/3030/3030 3109/3109/3109 3031/3031/3031
f 3030/3030/3030 3031/3031/3031 2953/2953/2953
f 3109/3109/3109 3160/3160/3160 3148/3148/3148
f 3030/3030/3030 3160/3160/3160 3109/3109/3109
f 3030/3030/3030 3108/3108/3108 3217/3217/3217
f 3030/3030/3030 3217/3217/3217 3160/3160/3160
f 3029/3029/3029 3108/3108/3108 3030/3030/3030
f 3029/3029/3029 3030/3030/3030 2953/2953/2953
f 3148/3148/3148 3160/3160/3160 3218/3218/3218
f 3148/3148/3148 3218/3218/3218 3219/3219/3219
f 3160/3160/3160 3217/3217/3217 3218/3218/3218
f 3219/3219/3219 3218/3218/3218 3271/3271/3271
f 3219/3219/3219 3271/3271/3271 3259/3259/3259
f 3218/3218/3218 3217/3217/3217 3270/3270/3270
f 3218/3218/3218 3270/3270/3270 3271/3271/3271
f 3259/3259/3259 3271/3271/3271 3354/3354/3354
f 3271/3271/3271 3270/3270/3270 3353/3353/3353
f 3271/3271/3271 3353/3353/3353 3354/3354/3354
f 3354/3354/3354 3418/3418/3418 3419/3419/3419
f 3354/3354/3354 3353/3353/3353 3418/3418/3418
f 3419/3419/3419 3418/3418/3418 3407/3407/3407
f 3418/3418/3418 3406/3406/3406 3407/3407/3407
f 3355/3355/3355 3354/3354/3354 3419/3419/3419
f 3355/3355/3355 3419/3419/3419 3408/3408/3408
f 3260/3260/3260 3259/3259/3259 3354/3354/3354
f 3260/3260/3260 3354/3354/3354 3355/3355/3355
f 3261/3261/3261 3260/3260/3260 3355/3355/3355
f 3355/3355/3355 3408/3408/3408 3409/3409/3409
f 3273/3273/3273 3272/3272/3272 3260/3260/3260
f 3273/3273/3273 3260/3260/3260 3261/3261/3261
f 3272/3272/3272 3219/3219/3219 3259/3259/3259
f 3272/3272/3272 3259/3259/3259 3260/3260/3260
f 3150/3150/3150 3149/3149/3149 3272/3272/3272
f 3150/3150/3150 3272/3272/3272 3273/3273/3273
f 3149/3149/3149 3148/3148/3148 3219/3219/3219
f 3149/3149/3149 3219/3219/3219 3272/3272/3272
f 3161/3161/3161 3150/3150/3150 3273/3273/3273
f 3161/3161/3161 3273/3273/3273 3274/3274/3274
f 3274/3274/3274 3273/3273/3273 3261/3261/3261
f 3274/3274/3274 3261/3261/3261 3364/3364/3364
f 3161/3161/3161 3111/3111/3111 3150/3150/3150
f 3111/3111/3111 3149/3149/3149 3150/3150/3150
f 3162/3162/3162 3111/3111/3111 3161/3161/3161
f 3226/3226/3226 3112/3112/3112 3111/3111/3111
f 3226/3226/3226 3111/3111/3111 3162/3162/3162
f 3112/3112/3112 3034/3034/3034 3033/3033/3033
f 3112/3112/3112 3033/3033/3033 3111/3111/3111
f 3275/3275/3275 3226/3226/3226 3162/3162/3162
f 3275/3275/3275 3162/3162/3162 3274/3274/3274
f 3274/3274/3274 3162/3162/3162 3161/3161/3161
f 3365/3365/3365 3275/3275/3275 3274/3274/3274
f 3365/3365/3365 3274/3274/3274 3364/3364/3364
f 3421/3421/3421 3365/3365/3365 3364/3364/3364
f 3421/3421/3421 3364/3364/3364 3420/3420/3420
f 3364/3364/3364 3261/3261/3261 3355/3355/3355
f 3364/3364/3364 3355/3355/3355 3420/3420/3420
f 3420/3420/3420 3355/3355/3355 3409/3409/3409
f 3366/3366/3366 3365/3365/3365 3421/3421/3421
f 3366/3366/3366 3421/3421/3421 3422/3422/3422
f 3423/3423/3423 3367/3367/3367 3366/3366/3366
f 3423/3423/3423 3366/3366/3366 3422/3422/3422
f 3367/3367/3367 3277/3277/3277 3276/3276/3276
f 3367/3367/3367 3276/3276/3276 3366/3366/3366
f 3276/3276/3276 3275/3275/3275 3365/3365/3365
f 3276/3276/3276 3365/3365/3365 3366/3366/3366
f 3277/3277/3277 3228/3228/3228 3227/3227/3227
f 3277/3277/3277 3227/3227/3227 3276/3276/3276
f 3276/3276/3276 3227/3227/3227 3226/3226/3226
f 3276/3276/3276 3226/3226/3226 3275/3275/3275
f 3228/3228/3228 3115/3115/3115 3113/3113/3113
f 3228/3228/3228 3113/3113/3113 3227/3227/3227
f 3227/3227/3227 3113/3113/3113 3112/3112/3112
f 3227/3227/3227 3112/3112/3112 3226/3226/3226
f 3113/3113/3113 3034/3034/3034 3112/3112/3112
f 3113/3113/3113 3114/3114/3114 3035/3035/3035
f 3114/3114/3114 3036/3036/3036 3035/3035/3035
f 3113/3113/3113 3035/3035/3035 2972/2972/2972
f 3113/3113/3113 2972/2972/2972 2971/2971/2971
f 3035/3035/3035 3036/3036/3036 2972/2972/2972
f 3036/3036/3036 3037/3037/3037 2973/2973/2973
f 3036/3036/3036 2973/2973/2973 2972/2972/2972
f 3037/3037/3037 2974/2974/2974 2973/2973/2973
f 3036/3036/3036 3114/3114/3114 3115/3115/3115
f 3036/3036/3036 3115/3115/3115 3037/3037/3037
f 3116/3116/3116 3117/3117/3117 3039/3039/3039
f 3229/3229/3229 3230/3230/3230 3117/3117/3117
f 3229/3229/3229 3117/3117/3117 3116/3116/3116
f 3116/3116/3116 3038/3038/3038 3115/3115/3115
f 3115/3115/3115 3038/3038/3038 3037/3037/3037
f 3038/3038/3038 2974/2974/2974 3037/3037/3037
f 3116/3116/3116 2974/2974/2974 3038/3038/3038
f 3116/3116/3116 3039/3039/3039 2959/2959/2959
f 3116/3116/3116 2959/2959/2959 2974/2974/2974
f 2974/2974/2974 2959/2959/2959 2898/2898/2898
f 2973/2973/2973 2974/2974/2974 2897/2897/2897
f 2974/2974/2974 2898/2898/2898 2897/2897/2897
f 2898/2898/2898 2899/2899/2899 2823/2823/2823
f 2959/2959/2959 2899/2899/2899 2898/2898/2898
f 2899/2899/2899 2959/2959/2959 2960/2960/2960
f 2959/2959/2959 3040/3040/3040 2960/2960/2960
f 3039/3039/3039 3040/3040/3040 2959/2959/2959
f 3117/3117/3117 3118/3118/3118 3040/3040/3040
f 3117/3117/3117 3040/3040/3040 3039/3039/3039
f 3230/3230/3230 3163/3163/3163 3118/3118/3118
f 3230/3230/3230 3118/3118/3118 3117/3117/3117
f 3163/3163/3163 3279/3279/3279 3280/3280/3280
f 3279/3279/3279 3163/3163/3163 3230/3230/3230
f 3278/3278/3278 3279/3279/3279 3230/3230/3230
f 3278/3278/3278 3230/3230/3230 3229/3229/3229
f 3278/3278/3278 3367/3367/3367 3368/3368/3368
f 3278/3278/3278 3368/3368/3368 3279/3279/3279
f 3367/3367/3367 3423/3423/3423 3424/3424/3424
f 3367/3367/3367 3424/3424/3424 3368/3368/3368
f 3424/3424/3424 3425/3425/3425 3368/3368/3368
f 3279/3279/3279 3368/3368/3368 3369/3369/3369
f 3279/3279/3279 3369/3369/3369 3280/3280/3280
f 3368/3368/3368 3425/3425/3425 3369/3369/3369
f 3424/3424/3424 3467/3467/3467 3468/3468/3468
f 3424/3424/3424 3468/3468/3468 3425/3425/3425
f 3423/3423/3423 3466/3466/3466 3467/3467/3467
f 3423/3423/3423 3467/3467/3467 3424/3424/3424
f 3469/3469/3469 3468/3468/3468 3410/3410/3410
f 3411/3411/3411 3469/3469/3469 3410/3410/3410
f 3427/3427/3427 3412/3412/3412 3359/3359/3359
f 3283/3283/3283 3359/3359/3359 3222/3222/3222
f 3223/3223/3223 3222/3222/3222 3154/3154/3154
f 3165/3165/3165 3223/3223/3223 3154/3154/3154
f 3165/3165/3165 3154/3154/3154 3155/3155/3155
f 3124/3124/3124 3165/3165/3165 3155/3155/3155
f 3024/3024/3024 3124/3124/3124 3105/3105/3105
f 2967/2967/2967 3024/3024/3024 2948/2948/2948
f 2948/2948/2948 3024/3024/3024 3021/3021/3021
f 2948/2948/2948 3021/3021/3021 2946/2946/2946
f 2887/2887/2887 2948/2948/2948 2946/2946/2946
f 2887/2887/2887 2946/2946/2946 2882/2882/2882
f 2808/2808/2808 2887/2887/2887 2882/2882/2882
f 2808/2808/2808 2882/2882/2882 2805/2805/2805
f 2653/2653/2653 2808/2808/2808 2805/2805/2805
f 2653/2653/2653 2805/2805/2805 2651/2651/2651
f 2585/2585/2585 2653/2653/2653 2651/2651/2651
f 2585/2585/2585 2651/2651/2651 2584/2584/2584
f 2580/2580/2580 2585/2585/2585 2584/2584/2584
f 2580/2580/2580 2584/2584/2584 2577/2577/2577
f 2529/2529/2529 2580/2580/2580 2577/2577/2577
f 2529/2529/2529 2577/2577/2577 2528/2528/2528
f 2654/2654/2654 2653/2653/2653 2585/2585/2585
f 2654/2654/2654 2585/2585/2585 2586/2586/2586
f 2585/2585/2585 2654/2654/2654 2586/2586/2586
f 2585/2585/2585 2586/2586/2586 2580/2580/2580
f 2585/2585/2585 2580/2580/2580 2531/2531/2531
f 2531/2531/2531 2461/2461/2461 2529/2529/2529
f 2531/2531/2531 2580/2580/2580 2529/2529/2529
f 2531/2531/2531 2529/2529/2529 2461/2461/2461
f 2586/2586/2586 2585/2585/2585 2580/2580/2580
f 2531/2531/2531 2529/2529/2529 2461/2461/2461
f 2342/2342/2342 2413/2413/2413 2339/2339/2339
f 2368/2368/2368 2351/2351/2351 2350/2350/2350
f 2278/2278/2278 2368/2368/2368 2350/2350/2350
f 2366/2366/2366 2478/2478/2478 2479/2479/2479
f 2366/2366/2366 2479/2479/2479 2197/2197/2197
f 2467/2467/2467 2478/2478/2478 2366/2366/2366
f 2543/2543/2543 2478/2478/2478 2467/2467/2467
f 2543/2543/2543 2467/2467/2467 2534/2534/2534
f 2603/2603/2603 2543/2543/2543 2534/2534/2534
f 2603/2603/2603 2534/2534/2534 2591/2591/2591
f 2678/2678/2678 2603/2603/2603 2591/2591/2591
f 2678/2678/2678 2591/2591/2591 2661/2661/2661
f 2748/2748/2748 2678/2678/2678 2661/2661/2661
f 2748/2748/2748 2661/2661/2661 2730/2730/2730
f 2747/2747/2747 2748/2748/2748 2730/2730/2730
f 2747/2747/2747 2730/2730/2730 2804/2804/2804
f 2804/2804/2804 2823/2823/2823 2747/2747/2747
f 2823/2823/2823 2748/2748/2748 2747/2747/2747
f 2823/2823/2823 2899/2899/2899 2824/2824/2824
f 2823/2823/2823 2824/2824/2824 2748/2748/2748
f 2823/2823/2823 2748/2748/2748 2678/2678/2678
f 2823/2823/2823 2678/2678/2678 2748/2748/2748
f 2748/2748/2748 2824/2824/2824 2749/2749/2749
f 2748/2748/2748 2749/2749/2749 2679/2679/2679
f 2748/2748/2748 2679/2679/2679 2603/2603/2603
f 2748/2748/2748 2603/2603/2603 2678/2678/2678
f 2679/2679/2679 2749/2749/2749 2750/2750/2750
f 2679/2679/2679 2750/2750/2750 2680/2680/2680
f 2603/2603/2603 2679/2679/2679 2680/2680/2680
f 2603/2603/2603 2680/2680/2680 2543/2543/2543
f 2680/2680/2680 2478/2478/2478 2543/2543/2543
f 2680/2680/2680 2750/2750/2750 2751/2751/2751
f 2680/2680/2680 2751/2751/2751 2478/2478/2478
f 2827/2827/2827 2751/2751/2751 2750/2750/2750
f 2827/2827/2827 2750/2750/2750 2825/2825/2825
f 2750/2750/2750 2749/2749/2749 2825/2825/2825
f 2749/2749/2749 2805/2805/2805 2825/2825/2825
f 2825/2825/2825 2826/2826/2826 2827/2827/2827
f 2962/2962/2962 2883/2883/2883 2827/2827/2827
f 2962/2962/2962 2827/2827/2827 2826/2826/2826
f 2826/2826/2826 2825/2825/2825 2962/2962/2962
f 3042/3042/3042 2963/2963/2963 2883/2883/2883
f 3042/3042/3042 2883/2883/2883 2962/2962/2962
f 2827/2827/2827 2883/2883/2883 2964/2964/2964
f 2827/2827/2827 2964/2964/2964 2975/2975/2975
f 2883/2883/2883 2963/2963/2963 3044/3044/3044
f 2883/2883/2883 3044/3044/3044 2964/2964/2964
f 3044/3044/3044 2963/2963/2963 3043/3043/3043
f 3044/3044/3044 3043/3043/3043 3122/3122/3122
f 3043/3043/3043 2963/2963/2963 3042/3042/3042
f 3043/3043/3043 3042/3042/3042 3121/3121/3121
f 3043/3043/3043 3164/3164/3164 3223/3223/3223
f 3043/3043/3043 3223/3223/3223 3122/3122/3122
f 3043/3043/3043 3121/3121/3121 3164/3164/3164
f 3121/3121/3121 3042/3042/3042 3120/3120/3120
f 3121/3121/3121 3152/3152/3152 3164/3164/3164
f 3120/3120/3120 3042/3042/3042 3101/3101/3101
f 3042/3042/3042 2962/2962/2962 3020/3020/3020
f 3042/3042/3042 3020/3020/3020 3101/3101/3101
f 2825/2825/2825 2805/2805/2805 2961/2961/2961
f 2825/2825/2825 2961/2961/2961 2962/2962/2962
f 2805/2805/2805 2881/2881/2881 2945/2945/2945
f 2805/2805/2805 2945/2945/2945 2961/2961/2961
f 2881/2881/2881 2880/2880/2880 3019/3019/3019
f 2881/2881/2881 3019/3019/3019 2945/2945/2945
f 2880/2880/2880 3041/3041/3041 3100/3100/3100
f 2880/2880/2880 3100/3100/3100 3019/3019/3019
f 3041/3041/3041 3119/3119/3119 3100/3100/3100
f 3040/3040/3040 3119/3119/3119 3041/3041/3041
f 3040/3040/3040 3118/3118/3118 3119/3119/3119
f 3151/3151/3151 3120/3120/3120 3119/3119/3119
f 3119/3119/3119 3118/3118/3118 3151/3151/3151
f 3163/3163/3163 3151/3151/3151 3118/3118/3118
f 3163/3163/3163 3280/3280/3280 3151/3151/3151
f 3151/3151/3151 3280/3280/3280 3281/3281/3281
f 3280/3280/3280 3369/3369/3369 3262/3262/3262
f 3280/3280/3280 3262/3262/3262 3263/3263/3263
f 3280/3280/3280 3263/3263/3263 3281/3281/3281
f 3281/3281/3281 3263/3263/3263 3264/3264/3264
f 3281/3281/3281 3264/3264/3264 3220/3220/3220
f 3151/3151/3151 3281/3281/3281 3220/3220/3220
f 3151/3151/3151 3220/3220/3220 3152/3152/3152
f 3220/3220/3220 3264/3264/3264 3282/3282/3282
f 3220/3220/3220 3282/3282/3282 3221/3221/3221
f 3152/3152/3152 3220/3220/3220 3221/3221/3221
f 3152/3152/3152 3221/3221/3221 3164/3164/3164
f 3221/3221/3221 3282/3282/3282 3283/3283/3283
f 3221/3221/3221 3283/3283/3283 3222/3222/3222
f 3164/3164/3164 3221/3221/3221 3222/3222/3222
f 3164/3164/3164 3222/3222/3222 3223/3223/3223
f 3264/3264/3264 3358/3358/3358 3282/3282/3282
f 3282/3282/3282 3358/3358/3358 3359/3359/3359
f 3282/3282/3282 3359/3359/3359 3283/3283/3283
f 3358/3358/3358 3426/3426/3426 3427/3427/3427
f 3358/3358/3358 3427/3427/3427 3359/3359/3359
f 3426/3426/3426 3411/3411/3411 3412/3412/3412
f 3426/3426/3426 3412/3412/3412 3427/3427/3427
f 3357/3357/3357 3411/3411/3411 3426/3426/3426
f 3357/3357/3357 3426/3426/3426 3358/3358/3358
f 3356/3356/3356 3410/3410/3410 3411/3411/3411
f 3356/3356/3356 3411/3411/3411 3357/3357/3357
f 3410/3410/3410 3468/3468/3468 3469/3469/3469
f 3410/3410/3410 3469/3469/3469 3411/3411/3411
f 3262/3262/3262 3356/3356/3356 3357/3357/3357
f 3262/3262/3262 3357/3357/3357 3263/3263/3263
f 3263/3263/3263 3357/3357/3357 3358/3358/3358
f 3263/3263/3263 3358/3358/3358 3264/3264/3264
f 3369/3369/3369 3425/3425/3425 3356/3356/3356
f 3369/3369/3369 3356/3356/3356 3262/3262/3262
f 3425/3425/3425 3410/3410/3410 3356/3356/3356
f 3425/3425/3425 3468/3468/3468 3410/3410/3410
f 3151/3151/3151 3152/3152/3152 3121/3121/3121
f 3151/3151/3151 3121/3121/3121 3120/3120/3120
f 3119/3119/3119 3120/3120/3120 3100/3100/3100
f 3120/3120/3120 3101/3101/3101 3100/3100/3100
f 2960/2960/2960 3040/3040/3040 3041/3041/3041
f 2960/2960/2960 3041/3041/3041 2880/2880/2880
f 2960/2960/2960 2880/2880/2880 2899/2899/2899
f 2881/2881/2881 2824/2824/2824 2899/2899/2899
f 2881/2881/2881 2899/2899/2899 2880/2880/2880
f 2749/2749/2749 2824/2824/2824 2881/2881/2881
f 2749/2749/2749 2881/2881/2881 2805/2805/2805
f 3122/3122/3122 3223/3223/3223 3165/3165/3165
f 3122/3122/3122 3165/3165/3165 3123/3123/3123
f 3044/3044/3044 3122/3122/3122 3123/3123/3123
f 3044/3044/3044 3123/3123/3123 3045/3045/3045
f 3123/3123/3123 3165/3165/3165 3124/3124/3124
f 3123/3123/3123 3124/3124/3124 3046/3046/3046
f 3045/3045/3045 3123/3123/3123 3046/3046/3046
f 3045/3045/3045 3046/3046/3046 2966/2966/2966
f 2966/2966/2966 3046/3046/3046 2977/2977/2977
f 2977/2977/2977 3046/3046/3046 2966/2966/2966
f 3046/3046/3046 3124/3124/3124 3024/3024/3024
f 3046/3046/3046 3024/3024/3024 2967/2967/2967
f 2966/2966/2966 3046/3046/3046 2967/2967/2967
f 2967/2967/2967 2948/2948/2948 2887/2887/2887
f 2829/2829/2829 2966/2966/2966 2967/2967/2967
f 2829/2829/2829 2967/2967/2967 2808/2808/2808
f 2808/2808/2808 2967/2967/2967 2887/2887/2887
f 2808/2808/2808 2887/2887/2887 2732/2732/2732
f 2887/2887/2887 2808/2808/2808 2733/2733/2733
f 2732/2732/2732 2887/2887/2887 2733/2733/2733
f 2732/2732/2732 2733/2733/2733 2664/2664/2664
f 2663/2663/2663 2732/2732/2732 2664/2664/2664
f 2663/2663/2663 2664/2664/2664 2654/2654/2654
f 2663/2663/2663 2808/2808/2808 2732/2732/2732
f 2733/2733/2733 2808/2808/2808 2653/2653/2653
f 2733/2733/2733 2653/2653/2653 2664/2664/2664
f 2664/2664/2664 2653/2653/2653 2654/2654/2654
f 2585/2585/2585 2593/2593/2593 2663/2663/2663
f 2585/2585/2585 2663/2663/2663 2654/2654/2654
f 2535/2535/2535 2593/2593/2593 2585/2585/2585
f 2531/2531/2531 2535/2535/2535 2585/2585/2585
f 2531/2531/2531 2463/2463/2463 2535/2535/2535
f 2535/2535/2535 2463/2463/2463 2415/2415/2415
f 2535/2535/2535 2415/2415/2415 2468/2468/2468
f 2463/2463/2463 2461/2461/2461 2413/2413/2413
f 2463/2463/2463 2413/2413/2413 2415/2415/2415
f 2531/2531/2531 2461/2461/2461 2463/2463/2463
f 2468/2468/2468 2415/2415/2415 2419/2419/2419
f 2419/2419/2419 2415/2415/2415 2342/2342/2342
f 2419/2419/2419 2342/2342/2342 2351/2351/2351
f 2415/2415/2415 2413/2413/2413 2342/2342/2342
f 2419/2419/2419 2535/2535/2535 2468/2468/2468
f 2468/2468/2468 2593/2593/2593 2535/2535/2535
f 2468/2468/2468 2535/2535/2535 2419/2419/2419
f 2351/2351/2351 2468/2468/2468 2419/2419/2419
f 2480/2480/2480 2604/2604/2604 2593/2593/2593
f 2480/2480/2480 2593/2593/2593 2468/2468/2468
f 2368/2368/2368 2480/2480/2480 2468/2468/2468
f 2368/2368/2368 2468/2468/2468 2351/2351/2351
f 2604/2604/2604 2682/2682/2682 2663/2663/2663
f 2604/2604/2604 2663/2663/2663 2593/2593/2593
f 2663/2663/2663 2682/2682/2682 2753/2753/2753
f 2663/2663/2663 2753/2753/2753 2829/2829/2829
f 2663/2663/2663 2829/2829/2829 2808/2808/2808
f 2902/2902/2902 2966/2966/2966 2977/2977/2977
f 2902/2902/2902 2977/2977/2977 2829/2829/2829
f 2829/2829/2829 2977/2977/2977 2966/2966/2966
f 2976/2976/2976 3045/3045/3045 2966/2966/2966
f 2976/2976/2976 2966/2966/2966 2902/2902/2902
f 2964/2964/2964 3044/3044/3044 3045/3045/3045
f 2964/2964/2964 3045/3045/3045 2976/2976/2976
f 2480/2480/2480 2681/2681/2681 2604/2604/2604
f 2278/2278/2278 2480/2480/2480 2368/2368/2368
f 2479/2479/2479 2752/2752/2752 2681/2681/2681
f 2479/2479/2479 2681/2681/2681 2480/2480/2480
f 2197/2197/2197 2479/2479/2479 2480/2480/2480
f 2197/2197/2197 2480/2480/2480 2278/2278/2278
f 2479/2479/2479 2827/2827/2827 2752/2752/2752
f 2478/2478/2478 2751/2751/2751 2827/2827/2827
f 2478/2478/2478 2827/2827/2827 2479/2479/2479
f 2898/2898/2898 2823/2823/2823 2822/2822/2822
f 2822/2822/2822 2823/2823/2823 2804/2804/2804
f 2822/2822/2822 2804/2804/2804 2803/2803/2803
f 2897/2897/2897 2898/2898/2898 2822/2822/2822
f 2897/2897/2897 2822/2822/2822 2821/2821/2821
f 2821/2821/2821 2822/2822/2822 2803/2803/2803
f 2821/2821/2821 2803/2803/2803 2801/2801/2801
f 2897/2897/2897 2821/2821/2821 2801/2801/2801
f 2897/2897/2897 2801/2801/2801 2879/2879/2879
f 2896/2896/2896 2897/2897/2897 2879/2879/2879
f 2896/2896/2896 2879/2879/2879 2878/2878/2878
f 2896/2896/2896 2878/2878/2878 2877/2877/2877
f 2896/2896/2896 2877/2877/2877 2895/2895/2895
f 2895/2895/2895 2877/2877/2877 2876/2876/2876
f 2895/2895/2895 2876/2876/2876 2894/2894/2894
f 2894/2894/2894 2876/2876/2876 2798/2798/2798
f 2894/2894/2894 2798/2798/2798 2818/2818/2818
f 2818/2818/2818 2798/2798/2798 2797/2797/2797
f 2818/2818/2818 2797/2797/2797 2817/2817/2817
f 2817/2817/2817 2797/2797/2797 2796/2796/2796
f 2817/2817/2817 2796/2796/2796 2816/2816/2816
f 2816/2816/2816 2796/2796/2796 2795/2795/2795
f 2816/2816/2816 2795/2795/2795 2740/2740/2740
f 2893/2893/2893 2817/2817/2817 2816/2816/2816
f 2816/2816/2816 2740/2740/2740 2815/2815/2815
f 2893/2893/2893 2816/2816/2816 2892/2892/2892
f 2892/2892/2892 2816/2816/2816 2815/2815/2815
f 2957/2957/2957 2893/2893/2893 2892/2892/2892
f 2957/2957/2957 2892/2892/2892 2956/2956/2956
f 3034/3034/3034 2957/2957/2957 2956/2956/2956
f 3034/3034/3034 2956/2956/2956 3033/3033/3033
f 2956/2956/2956 2875/2875/2875 3033/3033/3033
f 2956/2956/2956 2892/2892/2892 2875/2875/2875
f 3113/3113/3113 2971/2971/2971 2957/2957/2957
f 3113/3113/3113 2957/2957/2957 3034/3034/3034
f 2971/2971/2971 2893/2893/2893 2957/2957/2957
f 2971/2971/2971 2894/2894/2894 2893/2893/2893
f 2972/2972/2972 2895/2895/2895 2894/2894/2894
f 2972/2972/2972 2894/2894/2894 2971/2971/2971
f 2973/2973/2973 2896/2896/2896 2895/2895/2895
f 2973/2973/2973 2895/2895/2895 2972/2972/2972
f 2973/2973/2973 2897/2897/2897 2896/2896/2896
f 2894/2894/2894 2818/2818/2818 2817/2817/2817
f 2894/2894/2894 2817/2817/2817 2893/2893/2893
f 2529/2529/2529 2531/2531/2531 2580/2580/2580
f 2531/2531/2531 2585/2585/2585 2580/2580/2580
f 2585/2585/2585 2531/2531/2531 2580/2580/2580
f 2531/2531/2531 2529/2529/2529 2580/2580/2580
f 3367/3367/3367 3278/3278/3278 3277/3277/3277
f 3277/3277/3277 3278/3278/3278 3229/3229/3229
f 3277/3277/3277 3229/3229/3229 3228/3228/3228
f 3228/3228/3228 3229/3229/3229 3116/3116/3116
f 3228/3228/3228 3116/3116/3116 3115/3115/3115
f 3149/3149/3149 3109/3109/3109 3148/3148/3148
f 2812/2812/2812 2813/2813/2813 2738/2738/2738
f 2812/2812/2812 2738/2738/2738 2737/2737/2737
f 2738/2738/2738 2813/2813/2813 2739/2739/2739
f 2530/2530/2530 2532/2532/2532 2462/2462/2462
f 1138/1138/1138 1176/1176/1176 1204/1204/1204
f 1138/1138/1138 1204/1204/1204 1135/1135/1135
f 1135/1135/1135 1204/1204/1204 1203/1203/1203
f 1039/1039/1039 1091/1091/1091 1038/1038/1038
f 1091/1091/1091 1039/1039/1039 1043/1043/1043
f 1043/1043/1043 1039/1039/1039 1036/1036/1036
f 1043/1043/1043 1036/1036/1036 1042/1042/1042
f 1048/1048/1048 1043/1043/1043 1042/1042/1042
f 1048/1048/1048 1042/1042/1042 1046/1046/1046
f 1094/1094/1094 1048/1048/1048 1047/1047/1047
f 1094/1094/1094 1047/1047/1047 1093/1093/1093
f 1138/1138/1138 1094/1094/1094 1093/1093/1093
f 1138/1138/1138 1093/1093/1093 1137/1137/1137
f 1176/1176/1176 1138/1138/1138 1137/1137/1137
f 1094/1094/1094 1138/1138/1138 1135/1135/1135
f 1094/1094/1094 1135/1135/1135 1091/1091/1091
f 1043/1043/1043 1048/1048/1048 1094/1094/1094
f 1043/1043/1043 1094/1094/1094 1091/1091/1091
f 1136/1136/1136 1133/1133/1133 1202/1202/1202
f 1136/1136/1136 1202/1202/1202 1175/1175/1175
f 1089/1089/1089 1040/1040/1040 1032/1032/1032
f 1040/1040/1040 1041/1041/1041 1035/1035/1035
f 1040/1040/1040 1035/1035/1035 1032/1032/1032
f 1044/1044/1044 1045/1045/1045 1041/1041/1041
f 1044/1044/1044 1041/1041/1041 1040/1040/1040
f 1092/1092/1092 1089/1089/1089 1133/1133/1133
f 1092/1092/1092 1133/1133/1133 1136/1136/1136
f 1040/1040/1040 1089/1089/1089 1092/1092/1092
f 1040/1040/1040 1092/1092/1092 1044/1044/1044
f 2529/2529/2529 2524/2524/2524 2413/2413/2413
f 2524/2524/2524 2529/2529/2529 2528/2528/2528
f 2524/2524/2524 2528/2528/2528 2523/2523/2523
f 2525/2525/2525 2411/2411/2411 2521/2521/2521
f 2411/2411/2411 2525/2525/2525 2412/2412/2412
f 2521/2521/2521 2522/2522/2522 2527/2527/2527
f 2521/2521/2521 2527/2527/2527 2525/2525/2525
f 2521/2521/2521 2411/2411/2411 2412/2412/2412
f 2461/2461/2461 2458/2458/2458 2410/2410/2410
f 2461/2461/2461 2410/2410/2410 2413/2413/2413
f 2529/2529/2529 2458/2458/2458 2461/2461/2461
f 2458/2458/2458 2529/2529/2529 2524/2524/2524
f 2529/2529/2529 2461/2461/2461 2458/2458/2458
f 2529/2529/2529 2458/2458/2458 2524/2524/2524
f 2461/2461/2461 2524/2524/2524 2458/2458/2458
f 2520/2520/2520 2524/2524/2524 2523/2523/2523
f 2520/2520/2520 2523/2523/2523 2518/2518/2518
f 2513/2513/2513 2520/2520/2520 2518/2518/2518
f 2513/2513/2513 2518/2518/2518 2511/2511/2511
f 2506/2506/2506 2513/2513/2513 2511/2511/2511
f 2506/2506/2506 2511/2511/2511 2504/2504/2504
f 2498/2498/2498 2506/2506/2506 2504/2504/2504
f 2498/2498/2498 2504/2504/2504 2496/2496/2496
f 2499/2499/2499 2506/2506/2506 2498/2498/2498
f 2445/2445/2445 2448/2448/2448 2506/2506/2506
f 2445/2445/2445 2506/2506/2506 2499/2499/2499
f 2448/2448/2448 2445/2445/2445 2499/2499/2499
f 2448/2448/2448 2499/2499/2499 2506/2506/2506
f 2448/2448/2448 2506/2506/2506 2499/2499/2499
f 2448/2448/2448 2499/2499/2499 2445/2445/2445
f 2453/2453/2453 2513/2513/2513 2506/2506/2506
f 2453/2453/2453 2506/2506/2506 2448/2448/2448
f 2453/2453/2453 2448/2448/2448 2506/2506/2506
f 2453/2453/2453 2506/2506/2506 2513/2513/2513
f 2456/2456/2456 2520/2520/2520 2513/2513/2513
f 2456/2456/2456 2513/2513/2513 2453/2453/2453
f 2458/2458/2458 2524/2524/2524 2520/2520/2520
f 2458/2458/2458 2520/2520/2520 2456/2456/2456
f 2458/2458/2458 2456/2456/2456 2520/2520/2520
f 2458/2458/2458 2520/2520/2520 2524/2524/2524
f 2456/2456/2456 2453/2453/2453 2513/2513/2513
f 2456/2456/2456 2513/2513/2513 2520/2520/2520
f 2444/2444/2444 2448/2448/2448 2445/2445/2445
f 2448/2448/2448 2444/2444/2444 2445/2445/2445
f 2445/2445/2445 2444/2444/2444 2390/2390/2390
f 2445/2445/2445 2390/2390/2390 2391/2391/2391
f 2391/2391/2391 2390/2390/2390 2307/2307/2307
f 2391/2391/2391 2307/2307/2307 2308/2308/2308
f 2308/2308/2308 2307/2307/2307 2232/2232/2232
f 2308/2308/2308 2232/2232/2232 2233/2233/2233
f 2233/2233/2233 2232/2232/2232 2066/2066/2066
f 2233/2233/2233 2066/2066/2066 2067/2067/2067
f 2067/2067/2067 2066/2066/2066 1900/1900/1900
f 2067/2067/2067 1900/1900/1900 1901/1901/1901
f 1901/1901/1901 1900/1900/1900 1718/1718/1718
f 1901/1901/1901 1718/1718/1718 1719/1719/1719
f 1719/1719/1719 1718/1718/1718 1495/1495/1495
f 1719/1719/1719 1495/1495/1495 1496/1496/1496
f 1496/1496/1496 1495/1495/1495 1419/1419/1419
f 1496/1496/1496 1419/1419/1419 1420/1420/1420
f 1420/1420/1420 1419/1419/1419 1306/1306/1306
f 1420/1420/1420 1306/1306/1306 1307/1307/1307
f 1307/1307/1307 1306/1306/1306 1225/1225/1225
f 1307/1307/1307 1225/1225/1225 1226/1226/1226
f 1226/1226/1226 1225/1225/1225 1195/1195/1195
f 1226/1226/1226 1195/1195/1195 1196/1196/1196
f 1196/1196/1196 1195/1195/1195 1128/1128/1128
f 1196/1196/1196 1128/1128/1128 1130/1130/1130
f 1130/1130/1130 1128/1128/1128 1018/1018/1018
f 1130/1130/1130 1018/1018/1018 1019/1019/1019
f 1084/1084/1084 1170/1170/1170 1130/1130/1130
f 1084/1084/1084 1130/1130/1130 1019/1019/1019
f 1084/1084/1084 1019/1019/1019 1016/1016/1016
f 1084/1084/1084 1016/1016/1016 1082/1082/1082
f 1019/1019/1019 1078/1078/1078 1077/1077/1077
f 1019/1019/1019 1077/1077/1077 1016/1016/1016
f 1088/1088/1088 1084/1084/1084 1082/1082/1082
f 1088/1088/1088 1082/1082/1082 1087/1087/1087
f 1039/1039/1039 1088/1088/1088 1087/1087/1087
f 1039/1039/1039 1087/1087/1087 1036/1036/1036
f 1088/1088/1088 1039/1039/1039 1091/1091/1091
f 1091/1091/1091 1039/1039/1039 1038/1038/1038
f 1091/1091/1091 1038/1038/1038 1090/1090/1090
f 1135/1135/1135 1091/1091/1091 1090/1090/1090
f 1135/1135/1135 1090/1090/1090 1134/1134/1134
f 1174/1174/1174 1135/1135/1135 1134/1134/1134
f 1174/1174/1174 1134/1134/1134 1173/1173/1173
f 1204/1204/1204 1174/1174/1174 1173/1173/1173
f 1204/1204/1204 1173/1173/1173 1203/1203/1203
f 1201/1201/1201 1174/1174/1174 1204/1204/1204
f 1201/1201/1201 1204/1204/1204 1235/1235/1235
f 1232/1232/1232 1235/1235/1235 1234/1234/1234
f 1232/1232/1232 1234/1234/1234 1231/1231/1231
f 1274/1274/1274 1231/1231/1231 1234/1234/1234
f 1274/1274/1274 1234/1234/1234 1231/1231/1231
f 1231/1231/1231 1273/1273/1273 1312/1312/1312
f 1231/1231/1231 1312/1312/1312 1274/1274/1274
f 1277/1277/1277 1367/1367/1367 1362/1362/1362
f 1277/1277/1277 1362/1362/1362 1273/1273/1273
f 1362/1362/1362 1312/1312/1312 1273/1273/1273
f 1362/1362/1362 1429/1429/1429 1312/1312/1312
f 1312/1312/1312 1313/1313/1313 1274/1274/1274
f 1312/1312/1312 1429/1429/1429 1363/1363/1363
f 1312/1312/1312 1363/1363/1363 1313/1313/1313
f 1429/1429/1429 1511/1511/1511 1512/1512/1512
f 1429/1429/1429 1512/1512/1512 1363/1363/1363
f 1643/1643/1643 1512/1512/1512 1652/1652/1652
f 1511/1511/1511 1651/1651/1651 1652/1652/1652
f 1511/1511/1511 1652/1652/1652 1512/1512/1512
f 1511/1511/1511 1429/1429/1429 1362/1362/1362
f 1367/1367/1367 1434/1434/1434 1511/1511/1511
f 1367/1367/1367 1511/1511/1511 1362/1362/1362
f 1434/1434/1434 1665/1665/1665 1651/1651/1651
f 1434/1434/1434 1651/1651/1651 1511/1511/1511
f 1981/1981/1981 1944/1944/1944 1980/1980/1980
f 2077/2077/2077 1981/1981/1981 1980/1980/1980
f 2240/2240/2240 2077/2077/2077 2156/2156/2156
f 2413/2413/2413 2334/2334/2334 2339/2339/2339
f 2413/2413/2413 2410/2410/2410 2334/2334/2334
f 2410/2410/2410 2406/2406/2406 2325/2325/2325
f 2410/2410/2410 2325/2325/2325 2334/2334/2334
f 2458/2458/2458 2456/2456/2456 2406/2406/2406
f 2458/2458/2458 2406/2406/2406 2410/2410/2410
f 2406/2406/2406 2456/2456/2456 2453/2453/2453
f 2406/2406/2406 2453/2453/2453 2402/2402/2402
f 2325/2325/2325 2406/2406/2406 2402/2402/2402
f 2402/2402/2402 2318/2318/2318 2325/2325/2325
f 2456/2456/2456 2458/2458/2458 2524/2524/2524
f 2456/2456/2456 2524/2524/2524 2520/2520/2520
f 2453/2453/2453 2456/2456/2456 2520/2520/2520
f 2453/2453/2453 2520/2520/2520 2513/2513/2513
f 2448/2448/2448 2453/2453/2453 2513/2513/2513
f 2448/2448/2448 2513/2513/2513 2506/2506/2506
f 2396/2396/2396 2448/2448/2448 2445/2445/2445
f 2396/2396/2396 2445/2445/2445 2391/2391/2391
f 2313/2313/2313 2396/2396/2396 2391/2391/2391
f 2313/2313/2313 2391/2391/2391 2308/2308/2308
f 2318/2318/2318 2402/2402/2402 2396/2396/2396
f 2318/2318/2318 2396/2396/2396 2313/2313/2313
f 2402/2402/2402 2453/2453/2453 2448/2448/2448
f 2402/2402/2402 2448/2448/2448 2396/2396/2396
f 2240/2240/2240 2318/2318/2318 2313/2313/2313
f 2240/2240/2240 2313/2313/2313 2237/2237/2237
f 2073/2073/2073 2240/2240/2240 2237/2237/2237
f 2073/2073/2073 2237/2237/2237 2233/2233/2233
f 2073/2073/2073 2233/2233/2233 2067/2067/2067
f 2237/2237/2237 2313/2313/2313 2308/2308/2308
f 2237/2237/2237 2308/2308/2308 2233/2233/2233
f 1903/1903/1903 2073/2073/2073 2067/2067/2067
f 1903/1903/1903 2067/2067/2067 1901/1901/1901
f 2077/2077/2077 2073/2073/2073 1978/1978/1978
f 2073/2073/2073 1903/1903/1903 1839/1839/1839
f 2073/2073/2073 1839/1839/1839 1978/1978/1978
f 1839/1839/1839 1942/1942/1942 1978/1978/1978
f 1942/1942/1942 1981/1981/1981 2077/2077/2077
f 1942/1942/1942 2077/2077/2077 1978/1978/1978
f 1903/1903/1903 1727/1727/1727 1839/1839/1839
f 1643/1643/1643 1727/1727/1727 1505/1505/1505
f 1363/1363/1363 1512/1512/1512 1425/1425/1425
f 1363/1363/1363 1425/1425/1425 1313/1313/1313
f 1512/1512/1512 1643/1643/1643 1505/1505/1505
f 1512/1512/1512 1505/1505/1505 1425/1425/1425
f 1232/1232/1232 1231/1231/1231 1274/1274/1274
f 1232/1232/1232 1274/1274/1274 1275/1275/1275
f 1275/1275/1275 1274/1274/1274 1313/1313/1313
f 1275/1275/1275 1270/1270/1270 1231/1231/1231
f 1275/1275/1275 1231/1231/1231 1232/1232/1232
f 1232/1232/1232 1231/1231/1231 1199/1199/1199
f 1235/1235/1235 1232/1232/1232 1199/1199/1199
f 1235/1235/1235 1199/1199/1199 1201/1201/1201
f 1201/1201/1201 1199/1199/1199 1171/1171/1171
f 1201/1201/1201 1171/1171/1171 1132/1132/1132
f 1199/1199/1199 1231/1231/1231 1170/1170/1170
f 1199/1199/1199 1170/1170/1170 1171/1171/1171
f 1171/1171/1171 1170/1170/1170 1084/1084/1084
f 1171/1171/1171 1084/1084/1084 1088/1088/1088
f 1132/1132/1132 1171/1171/1171 1088/1088/1088
f 1088/1088/1088 1091/1091/1091 1135/1135/1135
f 1088/1088/1088 1135/1135/1135 1132/1132/1132
f 1132/1132/1132 1135/1135/1135 1174/1174/1174
f 1132/1132/1132 1174/1174/1174 1201/1201/1201
f 1130/1130/1130 1170/1170/1170 1231/1231/1231
f 1130/1130/1130 1231/1231/1231 1196/1196/1196
f 1231/1231/1231 1270/1270/1270 1226/1226/1226
f 1231/1231/1231 1226/1226/1226 1196/1196/1196
f 1270/1270/1270 1309/1309/1309 1307/1307/1307
f 1270/1270/1270 1307/1307/1307 1226/1226/1226
f 1313/1313/1313 1309/1309/1309 1270/1270/1270
f 1313/1313/1313 1270/1270/1270 1275/1275/1275
f 1309/1309/1309 1425/1425/1425 1420/1420/1420
f 1309/1309/1309 1420/1420/1420 1307/1307/1307
f 1425/1425/1425 1309/1309/1309 1313/1313/1313
f 1425/1425/1425 1505/1505/1505 1496/1496/1496
f 1425/1425/1425 1496/1496/1496 1420/1420/1420
f 1496/1496/1496 1505/1505/1505 1727/1727/1727
f 1496/1496/1496 1727/1727/1727 1719/1719/1719
f 1727/1727/1727 1903/1903/1903 1901/1901/1901
f 1727/1727/1727 1901/1901/1901 1719/1719/1719
f 1727/1727/1727 1643/1643/1643 1652/1652/1652
f 1727/1727/1727 1652/1652/1652 1736/1736/1736
f 1839/1839/1839 1727/1727/1727 1736/1736/1736
f 1839/1839/1839 1736/1736/1736 1796/1796/1796
f 1735/1735/1735 1796/1796/1796 1736/1736/1736
f 1651/1651/1651 1735/1735/1735 1736/1736/1736
f 1651/1651/1651 1736/1736/1736 1652/1652/1652
f 1796/1796/1796 1735/1735/1735 1651/1651/1651
f 1845/1845/1845 1944/1944/1944 1912/1912/1912
f 1981/1981/1981 1942/1942/1942 1912/1912/1912
f 1981/1981/1981 1912/1912/1912 1944/1944/1944
f 1942/1942/1942 1839/1839/1839 1796/1796/1796
f 1942/1942/1942 1796/1796/1796 1912/1912/1912
f 1796/1796/1796 1845/1845/1845 1912/1912/1912
f 2240/2240/2240 2073/2073/2073 2077/2077/2077
f 1524/1524/1524 1539/1539/1539 1538/1538/1538
f 1539/1539/1539 1441/1441/1441 1552/1552/1552
f 1441/1441/1441 1443/1443/1443 1552/1552/1552
f 1336/1336/1336 1335/1335/1335 1328/1328/1328
f 1406/1406/1406 1416/1416/1416 1405/1405/1405
f 1405/1405/1405 1416/1416/1416 1415/1415/1415
f 1405/1405/1405 1415/1415/1415 1404/1404/1404
f 1355/1355/1355 1415/1415/1415 1416/1416/1416
f 1355/1355/1355 1416/1416/1416 1356/1356/1356
f 1297/1297/1297 1355/1355/1355 1356/1356/1356
f 1297/1297/1297 1356/1356/1356 1298/1298/1298
f 1356/1356/1356 1347/1347/1347 1298/1298/1298
f 1416/1416/1416 1347/1347/1347 1356/1356/1356
f 1256/1256/1256 1266/1266/1266 1298/1298/1298
f 1256/1256/1256 1298/1298/1298 1299/1299/1299
f 1298/1298/1298 1347/1347/1347 1348/1348/1348
f 1298/1298/1298 1348/1348/1348 1299/1299/1299
f 1299/1299/1299 1290/1290/1290 1257/1257/1257
f 1299/1299/1299 1257/1257/1257 1256/1256/1256
f 1348/1348/1348 1341/1341/1341 1290/1290/1290
f 1348/1348/1348 1290/1290/1290 1299/1299/1299
f 1347/1347/1347 1416/1416/1416 1406/1406/1406
f 1347/1347/1347 1406/1406/1406 1348/1348/1348
f 1406/1406/1406 1396/1396/1396 1348/1348/1348
f 1348/1348/1348 1396/1396/1396 1341/1341/1341
f 1290/1290/1290 1288/1288/1288 1253/1253/1253
f 1290/1290/1290 1253/1253/1253 1257/1257/1257
f 1290/1290/1290 1341/1341/1341 1342/1342/1342
f 1290/1290/1290 1342/1342/1342 1288/1288/1288
f 1247/1247/1247 1253/1253/1253 1288/1288/1288
f 1247/1247/1247 1288/1288/1288 1286/1286/1286
f 1288/1288/1288 1339/1339/1339 1333/1333/1333
f 1288/1288/1288 1333/1333/1333 1286/1286/1286
f 1288/1288/1288 1342/1342/1342 1339/1339/1339
f 1247/1247/1247 1286/1286/1286 1333/1333/1333
f 1247/1247/1247 1333/1333/1333 1248/1248/1248
f 1248/1248/1248 1333/1333/1333 1334/1334/1334
f 1334/1334/1334 1249/1249/1249 1248/1248/1248
f 1248/1248/1248 1249/1249/1249 1215/1215/1215
f 1215/1215/1215 1152/1152/1152 1146/1146/1146
f 1248/1248/1248 1215/1215/1215 1214/1214/1214
f 1248/1248/1248 1214/1214/1214 1247/1247/1247
f 1215/1215/1215 1146/1146/1146 1145/1145/1145
f 1215/1215/1215 1145/1145/1145 1214/1214/1214
f 1146/1146/1146 1103/1103/1103 1145/1145/1145
f 1152/1152/1152 1115/1115/1115 1103/1103/1103
f 1152/1152/1152 1103/1103/1103 1146/1146/1146
f 1103/1103/1103 1057/1057/1057 1056/1056/1056
f 1115/1115/1115 1069/1069/1069 1057/1057/1057
f 1115/1115/1115 1057/1057/1057 1103/1103/1103
f 920/920/920 1057/1057/1057 1069/1069/1069
f 920/920/920 1069/1069/1069 939/939/939
f 939/939/939 802/802/802 801/801/801
f 939/939/939 801/801/801 789/789/789
f 939/939/939 789/789/789 920/920/920
f 920/920/920 789/789/789 788/788/788
f 920/920/920 1056/1056/1056 1057/1057/1057
f 789/789/789 714/714/714 713/713/713
f 789/789/789 713/713/713 788/788/788
f 721/721/721 714/714/714 789/789/789
f 721/721/721 789/789/789 801/801/801
f 714/714/714 564/564/564 547/547/547
f 714/714/714 547/547/547 713/713/713
f 564/564/564 714/714/714 721/721/721
f 801/801/801 802/802/802 722/722/722
f 801/801/801 722/722/722 721/721/721
f 721/721/721 722/722/722 576/576/576
f 721/721/721 576/576/576 564/564/564
f 564/564/564 576/576/576 375/375/375
f 375/375/375 301/301/301 207/207/207
f 375/375/375 207/207/207 282/282/282
f 207/207/207 301/301/301 214/214/214
f 208/208/208 207/207/207 214/214/214
f 301/301/301 302/302/302 214/214/214
f 301/301/301 214/214/214 302/302/302
f 384/384/384 303/303/303 302/302/302
f 384/384/384 302/302/302 383/383/383
f 383/383/383 302/302/302 301/301/301
f 383/383/383 301/301/301 375/375/375
f 576/576/576 656/656/656 383/383/383
f 576/576/576 383/383/383 375/375/375
f 378/378/378 303/303/303 384/384/384
f 378/378/378 384/384/384 481/481/481
f 580/580/580 474/474/474 379/379/379
f 580/580/580 379/379/379 481/481/481
f 378/378/378 481/481/481 379/379/379
f 378/378/378 379/379/379 304/304/304
f 303/303/303 378/378/378 304/304/304
f 304/304/304 379/379/379 303/303/303
f 379/379/379 380/380/380 361/361/361
f 379/379/379 361/361/361 288/288/288
f 379/379/379 288/288/288 287/287/287
f 379/379/379 287/287/287 305/305/305
f 287/287/287 288/288/288 268/268/268
f 287/287/287 268/268/268 211/211/211
f 288/288/288 361/361/361 268/268/268
f 268/268/268 195/195/195 211/211/211
f 268/268/268 349/349/349 455/455/455
f 349/349/349 539/539/539 538/538/538
f 349/349/349 538/538/538 455/455/455
f 455/455/455 634/634/634 539/539/539
f 455/455/455 539/539/539 349/349/349
f 634/634/634 628/628/628 539/539/539
f 539/539/539 628/628/628 625/625/625
f 539/539/539 625/625/625 537/537/537
f 628/628/628 634/634/634 633/633/633
f 628/628/628 633/633/633 625/625/625
f 634/634/634 773/773/773 770/770/770
f 634/634/634 770/770/770 633/633/633
f 773/773/773 852/852/852 849/849/849
f 773/773/773 849/849/849 770/770/770
f 852/852/852 912/912/912 909/909/909
f 852/852/852 909/909/909 849/849/849
f 912/912/912 987/987/987 986/986/986
f 912/912/912 986/986/986 909/909/909
f 987/987/987 983/983/983 980/980/980
f 987/987/987 980/980/980 986/986/986
f 983/983/983 1048/1048/1048 1046/1046/1046
f 983/983/983 1046/1046/1046 980/980/980
f 1048/1048/1048 1094/1094/1094 1093/1093/1093
f 1048/1048/1048 1093/1093/1093 1047/1047/1047
f 1094/1094/1094 1138/1138/1138 1137/1137/1137
f 1094/1094/1094 1137/1137/1137 1093/1093/1093
f 1138/1138/1138 1176/1176/1176 1137/1137/1137
f 1239/1239/1239 1237/1237/1237 1176/1176/1176
f 1239/1239/1239 1176/1176/1176 1206/1206/1206
f 1206/1206/1206 1176/1176/1176 1138/1138/1138
f 1282/1282/1282 1237/1237/1237 1318/1318/1318
f 1282/1282/1282 1318/1318/1318 1315/1315/1315
f 1369/1369/1369 1279/1279/1279 1282/1282/1282
f 1369/1369/1369 1282/1282/1282 1315/1315/1315
f 1369/1369/1369 1367/1367/1367 1277/1277/1277
f 1369/1369/1369 1277/1277/1277 1279/1279/1279
f 1434/1434/1434 1367/1367/1367 1369/1369/1369
f 1434/1434/1434 1369/1369/1369 1315/1315/1315
f 1434/1434/1434 1315/1315/1315 1441/1441/1441
f 1524/1524/1524 1665/1665/1665 1434/1434/1434
f 1524/1524/1524 1434/1434/1434 1441/1441/1441
f 1524/1524/1524 1441/1441/1441 1539/1539/1539
f 1370/1370/1370 1539/1539/1539 1441/1441/1441
f 1318/1318/1318 1370/1370/1370 1441/1441/1441
f 1318/1318/1318 1441/1441/1441 1315/1315/1315
f 1370/1370/1370 1318/1318/1318 1441/1441/1441
f 1370/1370/1370 1441/1441/1441 1539/1539/1539
f 1318/1318/1318 1443/1443/1443 1441/1441/1441
f 1443/1443/1443 1318/1318/1318 1322/1322/1322
f 1322/1322/1322 1318/1318/1318 1237/1237/1237
f 1322/1322/1322 1237/1237/1237 1239/1239/1239
f 1378/1378/1378 1443/1443/1443 1322/1322/1322
f 1239/1239/1239 1206/1206/1206 1208/1208/1208
f 1208/1208/1208 1241/1241/1241 1239/1239/1239
f 1241/1241/1241 1328/1328/1328 1322/1322/1322
f 1241/1241/1241 1322/1322/1322 1239/1239/1239
f 1328/1328/1328 1384/1384/1384 1378/1378/1378
f 1328/1328/1328 1378/1378/1378 1322/1322/1322
f 1328/1328/1328 1241/1241/1241 1251/1251/1251
f 1251/1251/1251 1241/1241/1241 1208/1208/1208
f 1251/1251/1251 1208/1208/1208 1218/1218/1218
f 1218/1218/1218 1208/1208/1208 1140/1140/1140
f 1218/1218/1218 1140/1140/1140 1148/1148/1148
f 1148/1148/1148 1140/1140/1140 1096/1096/1096
f 1148/1148/1148 1096/1096/1096 1106/1106/1106
f 1140/1140/1140 1097/1097/1097 1096/1096/1096
f 1140/1140/1140 1138/1138/1138 1094/1094/1094
f 1140/1140/1140 1094/1094/1094 1097/1097/1097
f 1208/1208/1208 1206/1206/1206 1138/1138/1138
f 1208/1208/1208 1138/1138/1138 1140/1140/1140
f 1094/1094/1094 1048/1048/1048 983/983/983
f 1097/1097/1097 1094/1094/1094 983/983/983
f 1097/1097/1097 983/983/983 1052/1052/1052
f 1052/1052/1052 983/983/983 987/987/987
f 1052/1052/1052 987/987/987 912/912/912
f 1096/1096/1096 1097/1097/1097 1052/1052/1052
f 1052/1052/1052 912/912/912 923/923/923
f 923/923/923 912/912/912 852/852/852
f 923/923/923 852/852/852 858/858/858
f 1059/1059/1059 1052/1052/1052 923/923/923
f 858/858/858 852/852/852 703/703/703
f 858/858/858 703/703/703 793/793/793
f 793/793/793 703/703/703 634/634/634
f 793/793/793 634/634/634 651/651/651
f 852/852/852 773/773/773 703/703/703
f 703/703/703 773/773/773 634/634/634
f 651/651/651 634/634/634 463/463/463
f 651/651/651 463/463/463 568/568/568
f 463/463/463 634/634/634 455/455/455
f 568/568/568 463/463/463 361/361/361
f 568/568/568 361/361/361 380/380/380
f 361/361/361 463/463/463 455/455/455
f 361/361/361 455/455/455 349/349/349
f 361/361/361 349/349/349 268/268/268
f 568/568/568 380/380/380 475/475/475
f 475/475/475 380/380/380 379/379/379
f 568/568/568 475/475/475 474/474/474
f 474/474/474 475/475/475 379/379/379
f 659/659/659 568/568/568 474/474/474
f 659/659/659 474/474/474 580/580/580
f 716/716/716 651/651/651 568/568/568
f 725/725/725 716/716/716 568/568/568
f 725/725/725 568/568/568 659/659/659
f 725/725/725 793/793/793 716/716/716
f 864/864/864 858/858/858 793/793/793
f 864/864/864 793/793/793 725/725/725
f 864/864/864 725/725/725 804/804/804
f 863/863/863 864/864/864 804/804/804
f 793/793/793 651/651/651 716/716/716
f 922/922/922 923/923/923 858/858/858
f 922/922/922 858/858/858 864/864/864
f 1058/1058/1058 1059/1059/1059 923/923/923
f 1058/1058/1058 923/923/923 922/922/922
f 1071/1071/1071 1058/1058/1058 922/922/922
f 1071/1071/1071 922/922/922 940/940/940
f 940/940/940 922/922/922 864/864/864
f 940/940/940 864/864/864 863/863/863
f 1070/1070/1070 1071/1071/1071 940/940/940
f 1069/1069/1069 1070/1070/1070 940/940/940
f 1069/1069/1069 940/940/940 939/939/939
f 939/939/939 940/940/940 862/862/862
f 939/939/939 862/862/862 802/802/802
f 802/802/802 862/862/862 803/803/803
f 802/802/802 803/803/803 722/722/722
f 722/722/722 803/803/803 656/656/656
f 722/722/722 656/656/656 576/576/576
f 1115/1115/1115 1116/1116/1116 1070/1070/1070
f 1115/1115/1115 1070/1070/1070 1069/1069/1069
f 1116/1116/1116 1104/1104/1104 1071/1071/1071
f 1116/1116/1116 1071/1071/1071 1070/1070/1070
f 1152/1152/1152 1153/1153/1153 1116/1116/1116
f 1152/1152/1152 1116/1116/1116 1115/1115/1115
f 1153/1153/1153 1147/1147/1147 1104/1104/1104
f 1153/1153/1153 1104/1104/1104 1116/1116/1116
f 1147/1147/1147 1105/1105/1105 1104/1104/1104
f 1104/1104/1104 1105/1105/1105 1058/1058/1058
f 1104/1104/1104 1058/1058/1058 1071/1071/1071
f 1147/1147/1147 1148/1148/1148 1106/1106/1106
f 1147/1147/1147 1106/1106/1106 1105/1105/1105
f 1105/1105/1105 1106/1106/1106 1059/1059/1059
f 1105/1105/1105 1059/1059/1059 1058/1058/1058
f 1106/1106/1106 1096/1096/1096 1052/1052/1052
f 1106/1106/1106 1052/1052/1052 1059/1059/1059
f 1217/1217/1217 1218/1218/1218 1148/1148/1148
f 1217/1217/1217 1148/1148/1148 1147/1147/1147
f 1251/1251/1251 1218/1218/1218 1217/1217/1217
f 1250/1250/1250 1251/1251/1251 1217/1217/1217
f 1249/1249/1249 1250/1250/1250 1217/1217/1217
f 1249/1249/1249 1217/1217/1217 1216/1216/1216
f 1216/1216/1216 1217/1217/1217 1147/1147/1147
f 1216/1216/1216 1147/1147/1147 1153/1153/1153
f 1249/1249/1249 1216/1216/1216 1215/1215/1215
f 1215/1215/1215 1216/1216/1216 1153/1153/1153
f 1215/1215/1215 1153/1153/1153 1152/1152/1152
f 1334/1334/1334 1335/1335/1335 1250/1250/1250
f 1334/1334/1334 1250/1250/1250 1249/1249/1249
f 1335/1335/1335 1251/1251/1251 1250/1250/1250
f 1335/1335/1335 1336/1336/1336 1251/1251/1251
f 1336/1336/1336 1328/1328/1328 1251/1251/1251
f 123/123/123 194/194/194 193/193/193
f 192/192/192 123/123/123 193/193/193
f 127/127/127 206/206/206 204/204/204
f 126/126/126 127/127/127 204/204/204
f 126/126/126 204/204/204 203/203/203
f 126/126/126 203/203/203 202/202/202
f 126/126/126 202/202/202 125/125/125
f 125/125/125 202/202/202 201/201/201
f 119/119/119 189/189/189 188/188/188
f 188/188/188 187/187/187 186/186/186
f 186/186/186 187/187/187 267/267/267
f 269/269/269 267/267/267 266/266/266
f 269/269/269 266/266/266 350/350/350
f 350/350/350 266/266/266 348/348/348
f 350/350/350 348/348/348 454/454/454
f 350/350/350 454/454/454 456/456/456
f 456/456/456 454/454/454 629/629/629
f 454/454/454 348/348/348 535/535/535
f 454/454/454 535/535/535 629/629/629
f 629/629/629 535/535/535 621/621/621
f 774/774/774 635/635/635 629/629/629
f 774/774/774 629/629/629 699/699/699
f 635/635/635 548/548/548 456/456/456
f 635/635/635 456/456/456 629/629/629
f 853/853/853 774/774/774 699/699/699
f 853/853/853 699/699/699 845/845/845
f 845/845/845 699/699/699 766/766/766
f 699/699/699 629/629/629 766/766/766
f 913/913/913 853/853/853 845/845/845
f 913/913/913 845/845/845 906/906/906
f 1053/1053/1053 913/913/913 1049/1049/1049
f 1049/1049/1049 913/913/913 906/906/906
f 1049/1049/1049 906/906/906 984/984/984
f 1049/1049/1049 984/984/984 976/976/976
f 1095/1095/1095 1049/1049/1049 976/976/976
f 1095/1095/1095 976/976/976 1092/1092/1092
f 1092/1092/1092 976/976/976 1044/1044/1044
f 1139/1139/1139 1095/1095/1095 1092/1092/1092
f 1139/1139/1139 1092/1092/1092 1136/1136/1136
f 1205/1205/1205 1136/1136/1136 1175/1175/1175
f 1238/1238/1238 1205/1205/1205 1175/1175/1175
f 1238/1238/1238 1175/1175/1175 1236/1236/1236
f 1280/1280/1280 1317/1317/1317 1316/1316/1316
f 1280/1280/1280 1316/1316/1316 1236/1236/1236
f 1280/1280/1280 1281/1281/1281 1314/1314/1314
f 1280/1280/1280 1314/1314/1314 1317/1317/1317
f 1368/1368/1368 1314/1314/1314 1281/1281/1281
f 1368/1368/1368 1281/1281/1281 1278/1278/1278
f 1368/1368/1368 1278/1278/1278 1276/1276/1276
f 1368/1368/1368 1276/1276/1276 1364/1364/1364
f 1276/1276/1276 1272/1272/1272 1358/1358/1358
f 1276/1276/1276 1358/1358/1358 1364/1364/1364
f 1358/1358/1358 1272/1272/1272 1311/1311/1311
f 1230/1230/1230 1272/1272/1272 1311/1311/1311
f 1230/1230/1230 1311/1311/1311 1272/1272/1272
f 1271/1271/1271 1272/1272/1272 1230/1230/1230
f 1271/1271/1271 1230/1230/1230 1229/1229/1229
f 1271/1271/1271 1229/1229/1229 1233/1233/1233
f 1271/1271/1271 1233/1233/1233 1229/1229/1229
f 1357/1357/1357 1310/1310/1310 1421/1421/1421
f 1357/1357/1357 1421/1421/1421 1506/1506/1506
f 1506/1506/1506 1421/1421/1421 1497/1497/1497
f 1506/1506/1506 1497/1497/1497 1634/1634/1634
f 1634/1634/1634 1497/1497/1497 1721/1721/1721
f 1720/1720/1720 1721/1721/1721 1497/1497/1497
f 1902/1902/1902 1830/1830/1830 1721/1721/1721
f 1902/1902/1902 1721/1721/1721 1720/1720/1720
f 2068/2068/2068 1975/1975/1975 1830/1830/1830
f 2068/2068/2068 1830/1830/1830 1902/1902/1902
f 2068/2068/2068 2065/2065/2065 2230/2230/2230
f 2068/2068/2068 2230/2230/2230 2234/2234/2234
f 1902/1902/1902 1899/1899/1899 2065/2065/2065
f 1902/1902/1902 2065/2065/2065 2068/2068/2068
f 2074/2074/2074 2075/2075/2075 1975/1975/1975
f 2074/2074/2074 1975/1975/1975 2068/2068/2068
f 1830/1830/1830 1975/1975/1975 1941/1941/1941
f 1941/1941/1941 1975/1975/1975 2075/2075/2075
f 1941/1941/1941 2075/2075/2075 1979/1979/1979
f 2074/2074/2074 2155/2155/2155 2075/2075/2075
f 2238/2238/2238 2239/2239/2239 2155/2155/2155
f 2238/2238/2238 2155/2155/2155 2074/2074/2074
f 2238/2238/2238 2074/2074/2074 2068/2068/2068
f 2238/2238/2238 2068/2068/2068 2239/2239/2239
f 2068/2068/2068 2234/2234/2234 2239/2239/2239
f 2314/2314/2314 2238/2238/2238 2239/2239/2239
f 2239/2239/2239 2234/2234/2234 2309/2309/2309
f 2239/2239/2239 2309/2309/2309 2314/2314/2314
f 2397/2397/2397 2319/2319/2319 2314/2314/2314
f 2397/2397/2397 2314/2314/2314 2398/2398/2398
f 2314/2314/2314 2309/2309/2309 2392/2392/2392
f 2314/2314/2314 2392/2392/2392 2398/2398/2398
f 2319/2319/2319 2320/2320/2320 2315/2315/2315
f 2319/2319/2319 2315/2315/2315 2314/2314/2314
f 2314/2314/2314 2315/2315/2315 2239/2239/2239
f 2314/2314/2314 2239/2239/2239 2238/2238/2238
f 2326/2326/2326 2327/2327/2327 2320/2320/2320
f 2326/2326/2326 2320/2320/2320 2319/2319/2319
f 2407/2407/2407 2326/2326/2326 2319/2319/2319
f 2407/2407/2407 2319/2319/2319 2403/2403/2403
f 2319/2319/2319 2397/2397/2397 2403/2403/2403
f 2457/2457/2457 2407/2407/2407 2403/2403/2403
f 2457/2457/2457 2403/2403/2403 2454/2454/2454
f 2403/2403/2403 2397/2397/2397 2449/2449/2449
f 2403/2403/2403 2449/2449/2449 2454/2454/2454
f 2449/2449/2449 2397/2397/2397 2398/2398/2398
f 2449/2449/2449 2398/2398/2398 2450/2450/2450
f 2454/2454/2454 2449/2449/2449 2450/2450/2450
f 2454/2454/2454 2450/2450/2450 2455/2455/2455
f 2457/2457/2457 2454/2454/2454 2455/2455/2455
f 2455/2455/2455 2515/2515/2515 2521/2521/2521
f 2455/2455/2455 2521/2521/2521 2457/2457/2457
f 2450/2450/2450 2508/2508/2508 2515/2515/2515
f 2450/2450/2450 2515/2515/2515 2455/2455/2455
f 2515/2515/2515 2517/2517/2517 2522/2522/2522
f 2515/2515/2515 2522/2522/2522 2521/2521/2521
f 2508/2508/2508 2510/2510/2510 2517/2517/2517
f 2508/2508/2508 2517/2517/2517 2515/2515/2515
f 2501/2501/2501 2503/2503/2503 2510/2510/2510
f 2501/2501/2501 2510/2510/2510 2508/2508/2508
f 2492/2492/2492 2494/2494/2494 2503/2503/2503
f 2492/2492/2492 2503/2503/2503 2501/2501/2501
f 2441/2441/2441 2491/2491/2491 2492/2492/2492
f 2441/2441/2441 2492/2492/2492 2442/2442/2442
f 2442/2442/2442 2492/2492/2492 2501/2501/2501
f 2442/2442/2442 2501/2501/2501 2447/2447/2447
f 2447/2447/2447 2501/2501/2501 2508/2508/2508
f 2447/2447/2447 2508/2508/2508 2450/2450/2450
f 2442/2442/2442 2389/2389/2389 2443/2443/2443
f 2389/2389/2389 2305/2305/2305 2306/2306/2306
f 2305/2305/2305 2230/2230/2230 2231/2231/2231
f 2305/2305/2305 2231/2231/2231 2306/2306/2306
f 2230/2230/2230 2065/2065/2065 2231/2231/2231
f 1717/1717/1717 1493/1493/1493 1494/1494/1494
f 1493/1493/1493 1417/1417/1417 1418/1418/1418
f 1493/1493/1493 1418/1418/1418 1494/1494/1494
f 1417/1417/1417 1304/1304/1304 1305/1305/1305
f 1417/1417/1417 1305/1305/1305 1418/1418/1418
f 1304/1304/1304 1223/1223/1223 1224/1224/1224
f 1304/1304/1304 1224/1224/1224 1305/1305/1305
f 1223/1223/1223 1193/1193/1193 1194/1194/1194
f 1223/1223/1223 1194/1194/1194 1224/1224/1224
f 1193/1193/1193 1129/1129/1129 1127/1127/1127
f 1193/1193/1193 1127/1127/1127 1194/1194/1194
f 1129/1129/1129 1011/1011/1011 1012/1012/1012
f 1129/1129/1129 1012/1012/1012 1127/1127/1127
f 1079/1079/1079 1011/1011/1011 1129/1129/1129
f 1079/1079/1079 1129/1129/1129 1169/1169/1169
f 1169/1169/1169 1085/1085/1085 1079/1079/1079
f 1129/1129/1129 1193/1193/1193 1229/1229/1229
f 1129/1129/1129 1229/1229/1229 1169/1169/1169
f 1197/1197/1197 1169/1169/1169 1229/1229/1229
f 1200/1200/1200 1131/1131/1131 1169/1169/1169
f 1200/1200/1200 1169/1169/1169 1197/1197/1197
f 1131/1131/1131 1085/1085/1085 1169/1169/1169
f 1131/1131/1131 1200/1200/1200 1172/1172/1172
f 1131/1131/1131 1172/1172/1172 1133/1133/1133
f 1085/1085/1085 1131/1131/1131 1133/1133/1133
f 1085/1085/1085 1133/1133/1133 1089/1089/1089
f 1085/1085/1085 1089/1089/1089 1032/1032/1032
f 1200/1200/1200 1233/1233/1233 1202/1202/1202
f 1200/1200/1200 1202/1202/1202 1172/1172/1172
f 1233/1233/1233 1200/1200/1200 1197/1197/1197
f 1233/1233/1233 1197/1197/1197 1229/1229/1229
f 1271/1271/1271 1229/1229/1229 1268/1268/1268
f 1032/1032/1032 1035/1035/1035 1086/1086/1086
f 1032/1032/1032 1086/1086/1086 1085/1085/1085
f 1085/1085/1085 1086/1086/1086 1081/1081/1081
f 1085/1085/1085 1081/1081/1081 1079/1079/1079
f 1079/1079/1079 1081/1081/1081 1015/1015/1015
f 1079/1079/1079 1015/1015/1015 1011/1011/1011
f 1011/1011/1011 1015/1015/1015 1076/1076/1076
f 1011/1011/1011 1076/1076/1076 1075/1075/1075
f 1229/1229/1229 1193/1193/1193 1223/1223/1223
f 1229/1229/1229 1223/1223/1223 1268/1268/1268
f 1268/1268/1268 1223/1223/1223 1304/1304/1304
f 1268/1268/1268 1304/1304/1304 1308/1308/1308
f 1310/1310/1310 1271/1271/1271 1268/1268/1268
f 1310/1310/1310 1268/1268/1268 1308/1308/1308
f 1421/1421/1421 1310/1310/1310 1308/1308/1308
f 1308/1308/1308 1304/1304/1304 1417/1417/1417
f 1308/1308/1308 1417/1417/1417 1421/1421/1421
f 1421/1421/1421 1417/1417/1417 1493/1493/1493
f 1421/1421/1421 1493/1493/1493 1497/1497/1497
f 1493/1493/1493 1717/1717/1717 1720/1720/1720
f 1493/1493/1493 1720/1720/1720 1497/1497/1497
f 1720/1720/1720 1717/1717/1717 1899/1899/1899
f 1720/1720/1720 1899/1899/1899 1902/1902/1902
f 2234/2234/2234 2230/2230/2230 2305/2305/2305
f 2234/2234/2234 2305/2305/2305 2309/2309/2309
f 2309/2309/2309 2305/2305/2305 2389/2389/2389
f 2309/2309/2309 2389/2389/2389 2392/2392/2392
f 2392/2392/2392 2389/2389/2389 2442/2442/2442
f 2392/2392/2392 2442/2442/2442 2447/2447/2447
f 2398/2398/2398 2392/2392/2392 2447/2447/2447
f 2398/2398/2398 2447/2447/2447 2450/2450/2450
f 2446/2446/2446 2441/2441/2441 2491/2491/2491
f 2446/2446/2446 2491/2491/2491 2500/2500/2500
f 2446/2446/2446 2500/2500/2500 2491/2491/2491
f 2446/2446/2446 2491/2491/2491 2441/2441/2441
f 2449/2449/2449 2507/2507/2507 2500/2500/2500
f 2449/2449/2449 2500/2500/2500 2446/2446/2446
f 2449/2449/2449 2446/2446/2446 2500/2500/2500
f 2449/2449/2449 2500/2500/2500 2507/2507/2507
f 2454/2454/2454 2514/2514/2514 2507/2507/2507
f 2454/2454/2454 2507/2507/2507 2449/2449/2449
f 2457/2457/2457 2521/2521/2521 2514/2514/2514
f 2457/2457/2457 2514/2514/2514 2454/2454/2454
f 2457/2457/2457 2454/2454/2454 2514/2514/2514
f 2457/2457/2457 2514/2514/2514 2521/2521/2521
f 2454/2454/2454 2449/2449/2449 2507/2507/2507
f 2454/2454/2454 2507/2507/2507 2514/2514/2514
f 2459/2459/2459 2457/2457/2457 2521/2521/2521
f 2457/2457/2457 2521/2521/2521 2525/2525/2525
f 2525/2525/2525 2521/2521/2521 2457/2457/2457
f 2525/2525/2525 2457/2457/2457 2459/2459/2459
f 2525/2525/2525 2459/2459/2459 2457/2457/2457
f 2459/2459/2459 2411/2411/2411 2407/2407/2407
f 2459/2459/2459 2407/2407/2407 2457/2457/2457
f 2411/2411/2411 2326/2326/2326 2407/2407/2407
f 2411/2411/2411 2335/2335/2335 2327/2327/2327
f 2411/2411/2411 2327/2327/2327 2326/2326/2326
f 1526/1526/1526 1541/1541/1541 1435/1435/1435
f 1435/1435/1435 1541/1541/1541 1442/1442/1442
f 1371/1371/1371 1380/1380/1380 1379/1379/1379
f 1379/1379/1379 1380/1380/1380 1324/1324/1324
f 1331/1331/1331 1332/1332/1332 1337/1337/1337
f 1398/1398/1398 1399/1399/1399 1407/1407/1407
f 1407/1407/1407 1399/1399/1399 1400/1400/1400
f 1407/1407/1407 1400/1400/1400 1408/1408/1408
f 1408/1408/1408 1400/1400/1400 1401/1401/1401
f 1408/1408/1408 1401/1401/1401 1409/1409/1409
f 1409/1409/1409 1401/1401/1401 1402/1402/1402
f 1409/1409/1409 1402/1402/1402 1410/1410/1410
f 1414/1414/1414 1413/1413/1413 1403/1403/1403
f 1415/1415/1415 1414/1414/1414 1403/1403/1403
f 1415/1415/1415 1403/1403/1403 1404/1404/1404
f 1415/1415/1415 1355/1355/1355 1346/1346/1346
f 1415/1415/1415 1346/1346/1346 1414/1414/1414
f 1414/1414/1414 1346/1346/1346 1354/1354/1354
f 1414/1414/1414 1354/1354/1354 1413/1413/1413
f 1346/1346/1346 1355/1355/1355 1297/1297/1297
f 1346/1346/1346 1297/1297/1297 1296/1296/1296
f 1346/1346/1346 1296/1296/1296 1303/1303/1303
f 1346/1346/1346 1303/1303/1303 1354/1354/1354
f 1413/1413/1413 1354/1354/1354 1353/1353/1353
f 1413/1413/1413 1353/1353/1353 1412/1412/1412
f 1354/1354/1354 1303/1303/1303 1302/1302/1302
f 1354/1354/1354 1302/1302/1302 1353/1353/1353
f 1411/1411/1411 1412/1412/1412 1353/1353/1353
f 1411/1411/1411 1353/1353/1353 1352/1352/1352
f 1352/1352/1352 1353/1353/1353 1302/1302/1302
f 1352/1352/1352 1302/1302/1302 1301/1301/1301
f 1301/1301/1301 1302/1302/1302 1267/1267/1267
f 1301/1301/1301 1267/1267/1267 1262/1262/1262
f 1262/1262/1262 1267/1267/1267 1189/1189/1189
f 1262/1262/1262 1189/1189/1189 1188/1188/1188
f 1189/1189/1189 1167/1167/1167 1160/1160/1160
f 1189/1189/1189 1160/1160/1160 1167/1167/1167
f 1263/1263/1263 1189/1189/1189 1267/1267/1267
f 1167/1167/1167 1160/1160/1160 1122/1122/1122
f 1122/1122/1122 1066/1066/1066 1073/1073/1073
f 1122/1122/1122 1073/1073/1073 1066/1066/1066
f 1167/1167/1167 1122/1122/1122 1160/1160/1160
f 1122/1122/1122 1121/1121/1121 1159/1159/1159
f 1122/1122/1122 1159/1159/1159 1160/1160/1160
f 1066/1066/1066 1065/1065/1065 1121/1121/1121
f 1066/1066/1066 1121/1121/1121 1122/1122/1122
f 933/933/933 991/991/991 1065/1065/1065
f 933/933/933 1065/1065/1065 1066/1066/1066
f 1073/1073/1073 933/933/933 1066/1066/1066
f 933/933/933 1066/1066/1066 992/992/992
f 1073/1073/1073 1066/1066/1066 933/933/933
f 1121/1121/1121 1065/1065/1065 1111/1111/1111
f 1159/1159/1159 1121/1121/1121 1111/1111/1111
f 1159/1159/1159 1111/1111/1111 1158/1158/1158
f 1111/1111/1111 990/990/990 989/989/989
f 989/989/989 990/990/990 931/931/931
f 989/989/989 931/931/931 930/930/930
f 930/930/930 931/931/931 782/782/782
f 782/782/782 641/641/641 640/640/640
f 640/640/640 641/641/641 556/556/556
f 555/555/555 556/556/556 353/353/353
f 277/277/277 275/275/275 353/353/353
f 277/277/277 353/353/353 354/354/354
f 200/200/200 353/353/353 275/275/275
f 200/200/200 275/275/275 201/201/201
f 201/201/201 202/202/202 125/125/125
f 201/201/201 275/275/275 277/277/277
f 201/201/201 277/277/277 202/202/202
f 202/202/202 203/203/203 126/126/126
f 202/202/202 126/126/126 125/125/125
f 202/202/202 277/277/277 278/278/278
f 202/202/202 278/278/278 203/203/203
f 278/278/278 277/277/277 354/354/354
f 278/278/278 354/354/354 355/355/355
f 204/204/204 203/203/203 278/278/278
f 204/204/204 278/278/278 279/279/279
f 279/279/279 278/278/278 355/355/355
f 279/279/279 355/355/355 356/356/356
f 280/280/280 279/279/279 356/356/356
f 280/280/280 356/356/356 357/357/357
f 562/562/562 358/358/358 357/357/357
f 357/357/357 561/561/561 562/562/562
f 357/357/357 281/281/281 280/280/280
f 358/358/358 281/281/281 357/357/357
f 206/206/206 280/280/280 281/281/281
f 207/207/207 206/206/206 281/281/281
f 207/207/207 281/281/281 358/358/358
f 207/207/207 358/358/358 282/282/282
f 206/206/206 127/127/127 204/204/204
f 206/206/206 204/204/204 279/279/279
f 206/206/206 279/279/279 280/280/280
f 204/204/204 127/127/127 126/126/126
f 204/204/204 126/126/126 203/203/203
f 282/282/282 358/358/358 562/562/562
f 564/564/564 375/375/375 282/282/282
f 564/564/564 282/282/282 547/547/547
f 282/282/282 562/562/562 563/563/563
f 282/282/282 563/563/563 547/547/547
f 562/562/562 646/646/646 647/647/647
f 562/562/562 647/647/647 563/563/563
f 647/647/647 646/646/646 800/800/800
f 647/647/647 800/800/800 788/788/788
f 788/788/788 800/800/800 937/937/937
f 788/788/788 937/937/937 938/938/938
f 800/800/800 787/787/787 936/936/936
f 800/800/800 936/936/936 937/937/937
f 646/646/646 787/787/787 800/800/800
f 935/935/935 936/936/936 787/787/787
f 787/787/787 646/646/646 645/645/645
f 645/645/645 646/646/646 562/562/562
f 645/645/645 562/562/562 561/561/561
f 787/787/787 645/645/645 786/786/786
f 935/935/935 787/787/787 786/786/786
f 994/994/994 935/935/935 993/993/993
f 1113/1113/1113 994/994/994 993/993/993
f 1113/1113/1113 993/993/993 1112/1112/1112
f 1161/1161/1161 1113/1113/1113 1112/1112/1112
f 1161/1161/1161 1112/1112/1112 1123/1123/1123
f 1123/1123/1123 1112/1112/1112 1067/1067/1067
f 1123/1123/1123 1067/1067/1067 1066/1066/1066
f 1066/1066/1066 1067/1067/1067 992/992/992
f 1122/1122/1122 1123/1123/1123 1066/1066/1066
f 1160/1160/1160 1161/1161/1161 1123/1123/1123
f 1160/1160/1160 1123/1123/1123 1122/1122/1122
f 1189/1189/1189 1190/1190/1190 1161/1161/1161
f 1189/1189/1189 1161/1161/1161 1160/1160/1160
f 1190/1190/1190 1182/1182/1182 1161/1161/1161
f 1265/1265/1265 1182/1182/1182 1190/1190/1190
f 1265/1265/1265 1190/1190/1190 1264/1264/1264
f 1264/1264/1264 1190/1190/1190 1189/1189/1189
f 1264/1264/1264 1189/1189/1189 1263/1263/1263
f 1296/1296/1296 1265/1265/1265 1264/1264/1264
f 1296/1296/1296 1264/1264/1264 1303/1303/1303
f 1303/1303/1303 1264/1264/1264 1263/1263/1263
f 1303/1303/1303 1263/1263/1263 1267/1267/1267
f 1303/1303/1303 1267/1267/1267 1302/1302/1302
f 1296/1296/1296 1297/1297/1297 1265/1265/1265
f 1265/1265/1265 1191/1191/1191 1182/1182/1182
f 1298/1298/1298 1266/1266/1266 1265/1265/1265
f 1298/1298/1298 1265/1265/1265 1297/1297/1297
f 1191/1191/1191 1265/1265/1265 1266/1266/1266
f 1191/1191/1191 1266/1266/1266 1192/1192/1192
f 1163/1163/1163 1162/1162/1162 1191/1191/1191
f 1163/1163/1163 1191/1191/1191 1192/1192/1192
f 1164/1164/1164 1163/1163/1163 1192/1192/1192
f 1164/1164/1164 1192/1192/1192 1184/1184/1184
f 1192/1192/1192 1266/1266/1266 1256/1256/1256
f 1192/1192/1192 1256/1256/1256 1184/1184/1184
f 1184/1184/1184 1222/1222/1222 1165/1165/1165
f 1184/1184/1184 1165/1165/1165 1164/1164/1164
f 1256/1256/1256 1257/1257/1257 1222/1222/1222
f 1256/1256/1256 1222/1222/1222 1184/1184/1184
f 1222/1222/1222 1220/1220/1220 1151/1151/1151
f 1222/1222/1222 1151/1151/1151 1165/1165/1165
f 1257/1257/1257 1253/1253/1253 1220/1220/1220
f 1257/1257/1257 1220/1220/1220 1222/1222/1222
f 1145/1145/1145 1151/1151/1151 1220/1220/1220
f 1145/1145/1145 1220/1220/1220 1214/1214/1214
f 1220/1220/1220 1253/1253/1253 1247/1247/1247
f 1220/1220/1220 1247/1247/1247 1214/1214/1214
f 1114/1114/1114 1151/1151/1151 1145/1145/1145
f 1114/1114/1114 1145/1145/1145 1103/1103/1103
f 1165/1165/1165 1151/1151/1151 1114/1114/1114
f 1068/1068/1068 1114/1114/1114 1103/1103/1103
f 1068/1068/1068 1103/1103/1103 1056/1056/1056
f 1068/1068/1068 920/920/920 938/938/938
f 920/920/920 1068/1068/1068 1056/1056/1056
f 1126/1126/1126 1114/1114/1114 1068/1068/1068
f 1126/1126/1126 1068/1068/1068 995/995/995
f 995/995/995 1068/1068/1068 938/938/938
f 938/938/938 920/920/920 788/788/788
f 788/788/788 713/713/713 647/647/647
f 938/938/938 937/937/937 1000/1000/1000
f 938/938/938 1000/1000/1000 995/995/995
f 1000/1000/1000 1125/1125/1125 1126/1126/1126
f 1000/1000/1000 1126/1126/1126 995/995/995
f 1125/1125/1125 1163/1163/1163 1164/1164/1164
f 1125/1125/1125 1164/1164/1164 1126/1126/1126
f 1164/1164/1164 1165/1165/1165 1114/1114/1114
f 1164/1164/1164 1114/1114/1114 1126/1126/1126
f 999/999/999 1124/1124/1124 1125/1125/1125
f 999/999/999 1125/1125/1125 1000/1000/1000
f 1124/1124/1124 1162/1162/1162 1163/1163/1163
f 1124/1124/1124 1163/1163/1163 1125/1125/1125
f 937/937/937 936/936/936 999/999/999
f 937/937/937 999/999/999 1000/1000/1000
f 1113/1113/1113 1124/1124/1124 999/999/999
f 1113/1113/1113 999/999/999 994/994/994
f 994/994/994 999/999/999 936/936/936
f 994/994/994 936/936/936 935/935/935
f 1161/1161/1161 1162/1162/1162 1124/1124/1124
f 1161/1161/1161 1124/1124/1124 1113/1113/1113
f 1182/1182/1182 1191/1191/1191 1162/1162/1162
f 1182/1182/1182 1162/1162/1162 1161/1161/1161
f 647/647/647 713/713/713 547/547/547
f 647/647/647 547/547/547 563/563/563
f 200/200/200 213/213/213 294/294/294
f 199/199/199 212/212/212 213/213/213
f 199/199/199 213/213/213 200/200/200
f 212/212/212 293/293/293 213/213/213
f 294/294/294 213/213/213 293/293/293
f 382/382/382 367/367/367 293/293/293
f 382/382/382 293/293/293 292/292/292
f 367/367/367 294/294/294 293/293/293
f 553/553/553 367/367/367 572/572/572
f 572/572/572 367/367/367 382/382/382
f 572/572/572 382/382/382 655/655/655
f 381/381/381 382/382/382 292/292/292
f 381/381/381 292/292/292 291/291/291
f 364/364/364 476/476/476 381/381/381
f 364/364/364 381/381/381 291/291/291
f 291/291/291 290/290/290 364/364/364
f 290/290/290 291/291/291 364/364/364
f 291/291/291 292/292/292 293/293/293
f 291/291/291 365/365/365 465/465/465
f 291/291/291 465/465/465 364/364/364
f 293/293/293 366/366/366 365/365/365
f 293/293/293 365/365/365 291/291/291
f 272/272/272 271/271/271 365/365/365
f 272/272/272 365/365/365 366/366/366
f 271/271/271 351/351/351 465/465/465
f 271/271/271 465/465/465 365/365/365
f 270/270/270 351/351/351 271/271/271
f 270/270/270 271/271/271 197/197/197
f 197/197/197 271/271/271 272/272/272
f 197/197/197 272/272/272 198/198/198
f 198/198/198 272/272/272 273/273/273
f 198/198/198 273/273/273 199/199/199
f 273/273/273 272/272/272 366/366/366
f 273/273/273 366/366/366 367/367/367
f 293/293/293 367/367/367 366/366/366
f 367/367/367 293/293/293 273/273/273
f 212/212/212 293/293/293 367/367/367
f 212/212/212 367/367/367 293/293/293
f 199/199/199 273/273/273 293/293/293
f 199/199/199 293/293/293 212/212/212
f 199/199/199 200/200/200 189/189/189
f 119/119/119 199/199/199 189/189/189
f 197/197/197 198/198/198 199/199/199
f 188/188/188 197/197/197 199/199/199
f 188/188/188 199/199/199 119/119/119
f 270/270/270 197/197/197 196/196/196
f 186/186/186 196/196/196 197/197/197
f 186/186/186 197/197/197 188/188/188
f 196/196/196 269/269/269 270/270/270
f 269/269/269 196/196/196 267/267/267
f 267/267/267 196/196/196 186/186/186
f 363/363/363 269/269/269 350/350/350
f 363/363/363 290/290/290 289/289/289
f 363/363/363 289/289/289 269/269/269
f 364/364/364 289/289/289 290/290/290
f 363/363/363 364/364/364 290/290/290
f 364/364/364 465/465/465 351/351/351
f 269/269/269 351/351/351 270/270/270
f 289/289/289 364/364/364 351/351/351
f 289/289/289 351/351/351 269/269/269
f 464/464/464 363/363/363 362/362/362
f 362/362/362 363/363/363 350/350/350
f 548/548/548 464/464/464 362/362/362
f 548/548/548 362/362/362 350/350/350
f 548/548/548 350/350/350 456/456/456
f 549/549/549 464/464/464 548/548/548
f 704/704/704 549/549/549 548/548/548
f 704/704/704 548/548/548 635/635/635
f 775/775/775 704/704/704 635/635/635
f 775/775/775 635/635/635 774/774/774
f 717/717/717 653/653/653 549/549/549
f 717/717/717 549/549/549 704/704/704
f 717/717/717 704/704/704 775/775/775
f 859/859/859 717/717/717 775/775/775
f 859/859/859 775/775/775 854/854/854
f 854/854/854 775/775/775 774/774/774
f 854/854/854 774/774/774 853/853/853
f 915/915/915 859/859/859 854/854/854
f 915/915/915 854/854/854 914/914/914
f 914/914/914 854/854/854 853/853/853
f 914/914/914 853/853/853 913/913/913
f 1054/1054/1054 915/915/915 914/914/914
f 1054/1054/1054 914/914/914 913/913/913
f 1054/1054/1054 913/913/913 1053/1053/1053
f 1099/1099/1099 1054/1054/1054 1053/1053/1053
f 1099/1099/1099 1053/1053/1053 1098/1098/1098
f 1098/1098/1098 1053/1053/1053 1049/1049/1049
f 1098/1098/1098 1049/1049/1049 1095/1095/1095
f 1142/1142/1142 1099/1099/1099 1098/1098/1098
f 1142/1142/1142 1098/1098/1098 1141/1141/1141
f 1141/1141/1141 1098/1098/1098 1095/1095/1095
f 1141/1141/1141 1095/1095/1095 1139/1139/1139
f 1209/1209/1209 1141/1141/1141 1139/1139/1139
f 1209/1209/1209 1139/1139/1139 1207/1207/1207
f 1207/1207/1207 1238/1238/1238 1240/1240/1240
f 1238/1238/1238 1207/1207/1207 1205/1205/1205
f 1207/1207/1207 1139/1139/1139 1136/1136/1136
f 1207/1207/1207 1136/1136/1136 1205/1205/1205
f 1240/1240/1240 1238/1238/1238 1319/1319/1319
f 1240/1240/1240 1319/1319/1319 1323/1323/1323
f 1323/1323/1323 1319/1319/1319 1371/1371/1371
f 1323/1323/1323 1371/1371/1371 1379/1379/1379
f 1371/1371/1371 1319/1319/1319 1442/1442/1442
f 1323/1323/1323 1242/1242/1242 1240/1240/1240
f 1324/1324/1324 1323/1323/1323 1379/1379/1379
f 1242/1242/1242 1209/1209/1209 1207/1207/1207
f 1242/1242/1242 1207/1207/1207 1240/1240/1240
f 1329/1329/1329 1243/1243/1243 1242/1242/1242
f 1329/1329/1329 1242/1242/1242 1323/1323/1323
f 1243/1243/1243 1209/1209/1209 1242/1242/1242
f 1209/1209/1209 1142/1142/1142 1141/1141/1141
f 1210/1210/1210 1142/1142/1142 1209/1209/1209
f 1243/1243/1243 1210/1210/1210 1209/1209/1209
f 1211/1211/1211 1143/1143/1143 1142/1142/1142
f 1211/1211/1211 1142/1142/1142 1210/1210/1210
f 1143/1143/1143 1100/1100/1100 1099/1099/1099
f 1143/1143/1143 1099/1099/1099 1142/1142/1142
f 1100/1100/1100 1060/1060/1060 1054/1054/1054
f 1100/1100/1100 1054/1054/1054 1099/1099/1099
f 1107/1107/1107 1061/1061/1061 1060/1060/1060
f 1107/1107/1107 1060/1060/1060 1100/1100/1100
f 1149/1149/1149 1107/1107/1107 1100/1100/1100
f 1149/1149/1149 1100/1100/1100 1143/1143/1143
f 1061/1061/1061 924/924/924 1060/1060/1060
f 1060/1060/1060 924/924/924 915/915/915
f 1060/1060/1060 915/915/915 1054/1054/1054
f 924/924/924 860/860/860 859/859/859
f 924/924/924 859/859/859 915/915/915
f 794/794/794 717/717/717 859/859/859
f 860/860/860 794/794/794 859/859/859
f 1062/1062/1062 925/925/925 924/924/924
f 1062/1062/1062 924/924/924 1061/1061/1061
f 925/925/925 797/797/797 861/861/861
f 925/925/925 861/861/861 924/924/924
f 797/797/797 720/720/720 796/796/796
f 797/797/797 796/796/796 861/861/861
f 720/720/720 572/572/572 655/655/655
f 720/720/720 655/655/655 796/796/796
f 720/720/720 553/553/553 572/572/572
f 720/720/720 797/797/797 778/778/778
f 720/720/720 778/778/778 706/706/706
f 553/553/553 720/720/720 706/706/706
f 553/553/553 706/706/706 554/554/554
f 778/778/778 779/779/779 706/706/706
f 706/706/706 540/540/540 554/554/554
f 554/554/554 540/540/540 274/274/274
f 554/554/554 274/274/274 368/368/368
f 553/553/553 554/554/554 368/368/368
f 553/553/553 368/368/368 367/367/367
f 368/368/368 274/274/274 200/200/200
f 368/368/368 200/200/200 294/294/294
f 294/294/294 367/367/367 368/368/368
f 274/274/274 540/540/540 555/555/555
f 274/274/274 555/555/555 353/353/353
f 200/200/200 274/274/274 353/353/353
f 639/639/639 555/555/555 540/540/540
f 639/639/639 540/540/540 706/706/706
f 780/780/780 639/639/639 706/706/706
f 780/780/780 706/706/706 779/779/779
f 639/639/639 780/780/780 798/798/798
f 780/780/780 927/927/927 928/928/928
f 780/780/780 928/928/928 798/798/798
f 927/927/927 780/780/780 779/779/779
f 929/929/929 799/799/799 798/798/798
f 929/929/929 798/798/798 928/928/928
f 799/799/799 639/639/639 798/798/798
f 639/639/639 799/799/799 781/781/781
f 639/639/639 781/781/781 640/640/640
f 799/799/799 929/929/929 930/930/930
f 799/799/799 930/930/930 781/781/781
f 555/555/555 639/639/639 640/640/640
f 555/555/555 640/640/640 556/556/556
f 782/782/782 640/640/640 781/781/781
f 929/929/929 997/997/997 998/998/998
f 929/929/929 998/998/998 930/930/930
f 997/997/997 929/929/929 928/928/928
f 997/997/997 928/928/928 996/996/996
f 998/998/998 997/997/997 1119/1119/1119
f 998/998/998 1119/1119/1119 1120/1120/1120
f 1119/1119/1119 997/997/997 996/996/996
f 1119/1119/1119 996/996/996 1118/1118/1118
f 1120/1120/1120 1119/1119/1119 1155/1155/1155
f 1120/1120/1120 1155/1155/1155 1157/1157/1157
f 1155/1155/1155 1119/1119/1119 1118/1118/1118
f 1118/1118/1118 1117/1117/1117 1154/1154/1154
f 1118/1118/1118 1154/1154/1154 1155/1155/1155
f 996/996/996 988/988/988 1117/1117/1117
f 996/996/996 1117/1117/1117 1118/1118/1118
f 1154/1154/1154 1117/1117/1117 1110/1110/1110
f 1117/1117/1117 988/988/988 1064/1064/1064
f 1117/1117/1117 1064/1064/1064 1110/1110/1110
f 988/988/988 927/927/927 1064/1064/1064
f 927/927/927 988/988/988 996/996/996
f 927/927/927 996/996/996 928/928/928
f 1064/1064/1064 927/927/927 919/919/919
f 1064/1064/1064 919/919/919 1063/1063/1063
f 1110/1110/1110 1064/1064/1064 1063/1063/1063
f 1110/1110/1110 1063/1063/1063 1109/1109/1109
f 1063/1063/1063 1055/1055/1055 1102/1102/1102
f 1063/1063/1063 1102/1102/1102 1109/1109/1109
f 918/918/918 1055/1055/1055 1063/1063/1063
f 918/918/918 1063/1063/1063 919/919/919
f 1154/1154/1154 1110/1110/1110 1109/1109/1109
f 1154/1154/1154 1109/1109/1109 1150/1150/1150
f 1109/1109/1109 1102/1102/1102 1144/1144/1144
f 1109/1109/1109 1144/1144/1144 1150/1150/1150
f 1144/1144/1144 1102/1102/1102 1101/1101/1101
f 1101/1101/1101 1102/1102/1102 1055/1055/1055
f 1149/1149/1149 1144/1144/1144 1101/1101/1101
f 1149/1149/1149 1101/1101/1101 1108/1108/1108
f 1108/1108/1108 1101/1101/1101 1055/1055/1055
f 1108/1108/1108 1055/1055/1055 1062/1062/1062
f 1062/1062/1062 926/926/926 925/925/925
f 918/918/918 926/926/926 1062/1062/1062
f 918/918/918 1062/1062/1062 1055/1055/1055
f 926/926/926 797/797/797 925/925/925
f 926/926/926 918/918/918 778/778/778
f 926/926/926 778/778/778 797/797/797
f 918/918/918 779/779/779 778/778/778
f 779/779/779 918/918/918 919/919/919
f 927/927/927 779/779/779 919/919/919
f 1108/1108/1108 1062/1062/1062 1061/1061/1061
f 1108/1108/1108 1061/1061/1061 1107/1107/1107
f 1149/1149/1149 1108/1108/1108 1107/1107/1107
f 1212/1212/1212 1149/1149/1149 1211/1211/1211
f 1211/1211/1211 1149/1149/1149 1143/1143/1143
f 1245/1245/1245 1212/1212/1212 1211/1211/1211
f 1245/1245/1245 1211/1211/1211 1244/1244/1244
f 1244/1244/1244 1211/1211/1211 1243/1243/1243
f 1243/1243/1243 1211/1211/1211 1210/1210/1210
f 1330/1330/1330 1244/1244/1244 1243/1243/1243
f 1330/1330/1330 1243/1243/1243 1329/1329/1329
f 1329/1329/1329 1323/1323/1323 1324/1324/1324
f 1331/1331/1331 1245/1245/1245 1244/1244/1244
f 1331/1331/1331 1244/1244/1244 1330/1330/1330
f 1245/1245/1245 1213/1213/1213 1212/1212/1212
f 1245/1245/1245 1246/1246/1246 1213/1213/1213
f 1246/1246/1246 1245/1245/1245 1331/1331/1331
f 1246/1246/1246 1331/1331/1331 1285/1285/1285
f 1212/1212/1212 1213/1213/1213 1144/1144/1144
f 1212/1212/1212 1144/1144/1144 1149/1149/1149
f 1144/1144/1144 1213/1213/1213 1219/1219/1219
f 1144/1144/1144 1219/1219/1219 1150/1150/1150
f 1219/1219/1219 1213/1213/1213 1246/1246/1246
f 1219/1219/1219 1246/1246/1246 1252/1252/1252
f 1221/1221/1221 1154/1154/1154 1150/1150/1150
f 1221/1221/1221 1150/1150/1150 1219/1219/1219
f 1254/1254/1254 1221/1221/1221 1219/1219/1219
f 1254/1254/1254 1219/1219/1219 1252/1252/1252
f 1246/1246/1246 1285/1285/1285 1287/1287/1287
f 1246/1246/1246 1287/1287/1287 1252/1252/1252
f 1289/1289/1289 1254/1254/1254 1252/1252/1252
f 1289/1289/1289 1252/1252/1252 1287/1287/1287
f 1255/1255/1255 1179/1179/1179 1221/1221/1221
f 1255/1255/1255 1221/1221/1221 1254/1254/1254
f 1291/1291/1291 1255/1255/1255 1254/1254/1254
f 1291/1291/1291 1254/1254/1254 1289/1289/1289
f 1343/1343/1343 1291/1291/1291 1289/1289/1289
f 1343/1343/1343 1289/1289/1289 1340/1340/1340
f 1289/1289/1289 1287/1287/1287 1340/1340/1340
f 1255/1255/1255 1291/1291/1291 1292/1292/1292
f 1255/1255/1255 1292/1292/1292 1258/1258/1258
f 1292/1292/1292 1291/1291/1291 1343/1343/1343
f 1292/1292/1292 1343/1343/1343 1344/1344/1344
f 1344/1344/1344 1343/1343/1343 1398/1398/1398
f 1344/1344/1344 1398/1398/1398 1407/1407/1407
f 1398/1398/1398 1343/1343/1343 1395/1395/1395
f 1343/1343/1343 1340/1340/1340 1395/1395/1395
f 1407/1407/1407 1408/1408/1408 1349/1349/1349
f 1407/1407/1407 1349/1349/1349 1344/1344/1344
f 1349/1349/1349 1293/1293/1293 1292/1292/1292
f 1349/1349/1349 1292/1292/1292 1344/1344/1344
f 1293/1293/1293 1259/1259/1259 1258/1258/1258
f 1293/1293/1293 1258/1258/1258 1292/1292/1292
f 1259/1259/1259 1293/1293/1293 1294/1294/1294
f 1259/1259/1259 1294/1294/1294 1260/1260/1260
f 1294/1294/1294 1293/1293/1293 1349/1349/1349
f 1294/1294/1294 1349/1349/1349 1350/1350/1350
f 1345/1345/1345 1295/1295/1295 1294/1294/1294
f 1345/1345/1345 1294/1294/1294 1350/1350/1350
f 1295/1295/1295 1261/1261/1261 1260/1260/1260
f 1295/1295/1295 1260/1260/1260 1294/1294/1294
f 1350/1350/1350 1349/1349/1349 1408/1408/1408
f 1350/1350/1350 1408/1408/1408 1409/1409/1409
f 1409/1409/1409 1410/1410/1410 1345/1345/1345
f 1409/1409/1409 1345/1345/1345 1350/1350/1350
f 1410/1410/1410 1351/1351/1351 1345/1345/1345
f 1345/1345/1345 1351/1351/1351 1300/1300/1300
f 1345/1345/1345 1300/1300/1300 1295/1295/1295
f 1410/1410/1410 1411/1411/1411 1352/1352/1352
f 1410/1410/1410 1352/1352/1352 1351/1351/1351
f 1351/1351/1351 1352/1352/1352 1301/1301/1301
f 1351/1351/1351 1301/1301/1301 1300/1300/1300
f 1295/1295/1295 1300/1300/1300 1261/1261/1261
f 1300/1300/1300 1301/1301/1301 1262/1262/1262
f 1300/1300/1300 1262/1262/1262 1261/1261/1261
f 1261/1261/1261 1188/1188/1188 1181/1181/1181
f 1261/1261/1261 1262/1262/1262 1188/1188/1188
f 1188/1188/1188 1159/1159/1159 1158/1158/1158
f 1188/1188/1188 1158/1158/1158 1181/1181/1181
f 1160/1160/1160 1159/1159/1159 1188/1188/1188
f 1160/1160/1160 1188/1188/1188 1189/1189/1189
f 1261/1261/1261 1181/1181/1181 1187/1187/1187
f 1261/1261/1261 1187/1187/1187 1260/1260/1260
f 1181/1181/1181 1158/1158/1158 1157/1157/1157
f 1181/1181/1181 1157/1157/1157 1187/1187/1187
f 1155/1155/1155 1186/1186/1186 1187/1187/1187
f 1155/1155/1155 1187/1187/1187 1157/1157/1157
f 1187/1187/1187 1186/1186/1186 1259/1259/1259
f 1187/1187/1187 1259/1259/1259 1260/1260/1260
f 1186/1186/1186 1155/1155/1155 1185/1185/1185
f 1259/1259/1259 1186/1186/1186 1185/1185/1185
f 1259/1259/1259 1185/1185/1185 1258/1258/1258
f 1185/1185/1185 1179/1179/1179 1255/1255/1255
f 1185/1185/1185 1255/1255/1255 1258/1258/1258
f 1154/1154/1154 1179/1179/1179 1185/1185/1185
f 1154/1154/1154 1185/1185/1185 1155/1155/1155
f 1179/1179/1179 1154/1154/1154 1221/1221/1221
f 1158/1158/1158 1111/1111/1111 1120/1120/1120
f 1158/1158/1158 1120/1120/1120 1157/1157/1157
f 1287/1287/1287 1285/1285/1285 1331/1331/1331
f 1287/1287/1287 1331/1331/1331 1337/1337/1337
f 1287/1287/1287 1337/1337/1337 1340/1340/1340
f 1111/1111/1111 989/989/989 998/998/998
f 1111/1111/1111 998/998/998 1120/1120/1120
f 989/989/989 930/930/930 998/998/998
f 930/930/930 782/782/782 781/781/781
f 1442/1442/1442 1319/1319/1319 1316/1316/1316
f 1319/1319/1319 1238/1238/1238 1236/1236/1236
f 1319/1319/1319 1236/1236/1236 1316/1316/1316
f 653/653/653 569/569/569 464/464/464
f 653/653/653 464/464/464 549/549/549
f 569/569/569 476/476/476 364/364/364
f 569/569/569 364/364/364 464/464/464
f 464/464/464 364/364/364 363/363/363
f 1316/1316/1316 1435/1435/1435 1442/1442/1442
f 1368/1368/1368 1526/1526/1526 1435/1435/1435
f 1368/1368/1368 1435/1435/1435 1316/1316/1316
f 1368/1368/1368 1436/1436/1436 1526/1526/1526
f 1368/1368/1368 1316/1316/1316 1317/1317/1317
f 1317/1317/1317 1314/1314/1314 1436/1436/1436
f 1317/1317/1317 1436/1436/1436 1368/1368/1368
f 1430/1430/1430 1436/1436/1436 1314/1314/1314
f 1430/1430/1430 1314/1314/1314 1368/1368/1368
f 1513/1513/1513 1526/1526/1526 1436/1436/1436
f 1513/1513/1513 1436/1436/1436 1430/1430/1430
f 1513/1513/1513 1430/1430/1430 1653/1653/1653
f 1430/1430/1430 1368/1368/1368 1364/1364/1364
f 1430/1430/1430 1506/1506/1506 1644/1644/1644
f 1430/1430/1430 1644/1644/1644 1653/1653/1653
f 1364/1364/1364 1358/1358/1358 1506/1506/1506
f 1364/1364/1364 1506/1506/1506 1430/1430/1430
f 1506/1506/1506 1358/1358/1358 1426/1426/1426
f 1358/1358/1358 1311/1311/1311 1426/1426/1426
f 1426/1426/1426 1358/1358/1358 1506/1506/1506
f 1311/1311/1311 1358/1358/1358 1426/1426/1426
f 1506/1506/1506 1358/1358/1358 1357/1357/1357
f 1357/1357/1357 1358/1358/1358 1311/1311/1311
f 1357/1357/1357 1311/1311/1311 1310/1310/1310
f 1310/1310/1310 1311/1311/1311 1272/1272/1272
f 1310/1310/1310 1272/1272/1272 1271/1271/1271
f 1634/1634/1634 1644/1644/1644 1506/1506/1506
f 1721/1721/1721 1728/1728/1728 1644/1644/1644
f 1721/1721/1721 1644/1644/1644 1634/1634/1634
f 1789/1789/1789 1644/1644/1644 1728/1728/1728
f 1789/1789/1789 1904/1904/1904 1840/1840/1840
f 1941/1941/1941 1904/1904/1904 1789/1789/1789
f 1941/1941/1941 1789/1789/1789 1830/1830/1830
f 1830/1830/1830 1789/1789/1789 1728/1728/1728
f 1830/1830/1830 1728/1728/1728 1721/1721/1721
f 1840/1840/1840 1904/1904/1904 1943/1943/1943
f 1979/1979/1979 1943/1943/1943 1904/1904/1904
f 1979/1979/1979 1904/1904/1904 1941/1941/1941
f 976/976/976 979/979/979 1045/1045/1045
f 976/976/976 1045/1045/1045 1044/1044/1044
f 984/984/984 985/985/985 979/979/979
f 984/984/984 979/979/979 976/976/976
f 906/906/906 908/908/908 985/985/985
f 906/906/906 985/985/985 984/984/984
f 845/845/845 848/848/848 908/908/908
f 845/845/845 908/908/908 906/906/906
f 766/766/766 769/769/769 848/848/848
f 766/766/766 848/848/848 845/845/845
f 629/629/629 630/630/630 769/769/769
f 629/629/629 769/769/769 766/766/766
f 621/621/621 624/624/624 630/630/630
f 621/621/621 630/630/630 629/629/629
f 535/535/535 536/536/536 624/624/624
f 535/535/535 624/624/624 621/621/621
f 348/348/348 454/454/454 535/535/535
f 266/266/266 267/267/267 454/454/454
f 266/266/266 454/454/454 348/348/348
f 208/208/208 214/214/214 301/301/301
f 208/208/208 301/301/301 283/283/283
f 209/209/209 208/208/208 283/283/283
f 209/209/209 283/283/283 284/284/284
f 301/301/301 376/376/376 284/284/284
f 301/301/301 284/284/284 283/283/283
f 301/301/301 302/302/302 376/376/376
f 214/214/214 301/301/301 376/376/376
f 214/214/214 376/376/376 301/301/301
f 302/302/302 303/303/303 377/377/377
f 302/302/302 377/377/377 376/376/376
f 285/285/285 284/284/284 376/376/376
f 285/285/285 376/376/376 377/377/377
f 210/210/210 209/209/209 284/284/284
f 210/210/210 284/284/284 285/285/285
f 287/287/287 210/210/210 285/285/285
f 287/287/287 285/285/285 360/360/360
f 360/360/360 285/285/285 377/377/377
f 360/360/360 377/377/377 473/473/473
f 473/473/473 379/379/379 360/360/360
f 303/303/303 379/379/379 473/473/473
f 303/303/303 473/473/473 377/377/377
f 305/305/305 287/287/287 360/360/360
f 305/305/305 360/360/360 379/379/379
f 287/287/287 211/211/211 210/210/210
f 195/195/195 194/194/194 210/210/210
f 195/195/195 210/210/210 211/211/211
f 194/194/194 123/123/123 209/209/209
f 194/194/194 209/209/209 210/210/210
f 123/123/123 192/192/192 209/209/209
f 209/209/209 192/192/192 208/208/208
f 1009/1009/1009 1010/1010/1010 1006/1006/1006
f 1010/1010/1010 1009/1009/1009 2233/2233/2233
f 2305/2305/2305 2304/2304/2304 2388/2388/2388
f 2305/2305/2305 2388/2388/2388 2389/2389/2389
f 2230/2230/2230 2229/2229/2229 2304/2304/2304
f 2230/2230/2230 2304/2304/2304 2305/2305/2305
f 1001/1001/1001 2229/2229/2229 2230/2230/2230
f 2441/2441/2441 2442/2442/2442 2389/2389/2389
f 2388/2388/2388 2441/2441/2441 2389/2389/2389
f 2114/2114/2114 2115/2115/2115 2023/2023/2023
f 2114/2114/2114 2023/2023/2023 2022/2022/2022
f 1890/1890/1890 1714/1714/1714 1709/1709/1709
f 1714/1714/1714 1604/1604/1604 1591/1591/1591
f 1714/1714/1714 1591/1591/1591 1709/1709/1709
f 1604/1604/1604 1477/1477/1477 1476/1476/1476
f 1604/1604/1604 1476/1476/1476 1591/1591/1591
f 1484/1484/1484 1396/1396/1396 1476/1476/1476
f 1341/1341/1341 1342/1342/1342 1339/1339/1339
f 1335/1335/1335 1336/1336/1336 1327/1327/1327
f 1336/1336/1336 1384/1384/1384 1327/1327/1327
f 1443/1443/1443 1539/1539/1539 1552/1552/1552
f 1539/1539/1539 1538/1538/1538 1552/1552/1552
f 1539/1539/1539 1524/1524/1524 1538/1538/1538
f 1944/1944/1944 1981/1981/1981 1980/1980/1980
f 1981/1981/1981 2077/2077/2077 2076/2076/2076
f 1981/1981/1981 2076/2076/2076 1980/1980/1980
f 2077/2077/2077 2156/2156/2156 2076/2076/2076
f 2077/2077/2077 2240/2240/2240 2156/2156/2156
f 2351/2351/2351 2368/2368/2368 2350/2350/2350
f 2368/2368/2368 2278/2278/2278 2262/2262/2262
f 2368/2368/2368 2262/2262/2262 2350/2350/2350
f 2197/2197/2197 2023/2023/2023 2115/2115/2115
f 2197/2197/2197 2278/2278/2278 2024/2024/2024
f 2197/2197/2197 2024/2024/2024 2023/2023/2023
f 2023/2023/2023 2024/2024/2024 1892/1892/1892
f 2023/2023/2023 1892/1892/1892 1891/1891/1891
f 2278/2278/2278 2368/2368/2368 2024/2024/2024
f 2024/2024/2024 2011/2011/2011 1886/1886/1886
f 2024/2024/2024 1886/1886/1886 1892/1892/1892
f 2368/2368/2368 2351/2351/2351 2011/2011/2011
f 2368/2368/2368 2011/2011/2011 2024/2024/2024
f 1886/1886/1886 2011/2011/2011 2001/2001/2001
f 1886/1886/1886 2001/2001/2001 1881/1881/1881
f 2011/2011/2011 2351/2351/2351 2342/2342/2342
f 2011/2011/2011 2342/2342/2342 2001/2001/2001
f 1881/1881/1881 2001/2001/2001 1993/1993/1993
f 1993/1993/1993 2001/2001/2001 2339/2339/2339
f 2001/2001/2001 2342/2342/2342 2339/2339/2339
f 1881/1881/1881 1993/1993/1993 1876/1876/1876
f 1876/1876/1876 1993/1993/1993 1989/1989/1989
f 1876/1876/1876 1989/1989/1989 1869/1869/1869
f 1993/1993/1993 2339/2339/2339 1989/1989/1989
f 1869/1869/1869 1989/1989/1989 2079/2079/2079
f 1869/1869/1869 2079/2079/2079 1920/1920/1920
f 1989/1989/1989 2339/2339/2339 2334/2334/2334
f 1989/1989/1989 2334/2334/2334 2079/2079/2079
f 1920/1920/1920 2079/2079/2079 2077/2077/2077
f 2079/2079/2079 2334/2334/2334 2325/2325/2325
f 2079/2079/2079 2325/2325/2325 2077/2077/2077
f 2077/2077/2077 1856/1856/1856 1920/1920/1920
f 2325/2325/2325 2318/2318/2318 2077/2077/2077
f 2318/2318/2318 2240/2240/2240 2077/2077/2077
f 1981/1981/1981 1856/1856/1856 2077/2077/2077
f 1856/1856/1856 1981/1981/1981 1944/1944/1944
f 1845/1845/1845 1809/1809/1809 1856/1856/1856
f 1845/1845/1845 1856/1856/1856 1944/1944/1944
f 1845/1845/1845 1796/1796/1796 1809/1809/1809
f 1809/1809/1809 1796/1796/1796 1665/1665/1665
f 1665/1665/1665 1796/1796/1796 1651/1651/1651
f 1809/1809/1809 1665/1665/1665 1749/1749/1749
f 1809/1809/1809 1749/1749/1749 1856/1856/1856
f 1665/1665/1665 1524/1524/1524 1539/1539/1539
f 1665/1665/1665 1539/1539/1539 1749/1749/1749
f 1539/1539/1539 1760/1760/1760 1749/1749/1749
f 1760/1760/1760 1856/1856/1856 1749/1749/1749
f 1920/1920/1920 1856/1856/1856 1760/1760/1760
f 1552/1552/1552 1691/1691/1691 1760/1760/1760
f 1552/1552/1552 1760/1760/1760 1539/1539/1539
f 1691/1691/1691 1876/1876/1876 1869/1869/1869
f 1691/1691/1691 1869/1869/1869 1760/1760/1760
f 1760/1760/1760 1869/1869/1869 1920/1920/1920
f 1443/1443/1443 1552/1552/1552 1539/1539/1539
f 1443/1443/1443 1378/1378/1378 1448/1448/1448
f 1443/1443/1443 1448/1448/1448 1552/1552/1552
f 1448/1448/1448 1700/1700/1700 1691/1691/1691
f 1448/1448/1448 1691/1691/1691 1552/1552/1552
f 1378/1378/1378 1384/1384/1384 1448/1448/1448
f 1700/1700/1700 1881/1881/1881 1876/1876/1876
f 1700/1700/1700 1876/1876/1876 1691/1691/1691
f 1703/1703/1703 1886/1886/1886 1881/1881/1881
f 1703/1703/1703 1881/1881/1881 1700/1700/1700
f 1454/1454/1454 1703/1703/1703 1700/1700/1700
f 1454/1454/1454 1700/1700/1700 1448/1448/1448
f 1384/1384/1384 1454/1454/1454 1448/1448/1448
f 1703/1703/1703 1454/1454/1454 1467/1467/1467
f 1467/1467/1467 1454/1454/1454 1384/1384/1384
f 1467/1467/1467 1384/1384/1384 1336/1336/1336
f 1712/1712/1712 1703/1703/1703 1467/1467/1467
f 1712/1712/1712 1467/1467/1467 1466/1466/1466
f 1466/1466/1466 1467/1467/1467 1336/1336/1336
f 1466/1466/1466 1336/1336/1336 1335/1335/1335
f 1711/1711/1711 1712/1712/1712 1466/1466/1466
f 1710/1710/1710 1711/1711/1711 1466/1466/1466
f 1710/1710/1710 1466/1466/1466 1465/1465/1465
f 1465/1465/1465 1466/1466/1466 1335/1335/1335
f 1465/1465/1465 1335/1335/1335 1334/1334/1334
f 1709/1709/1709 1710/1710/1710 1465/1465/1465
f 1709/1709/1709 1465/1465/1465 1464/1464/1464
f 1464/1464/1464 1465/1465/1465 1334/1334/1334
f 1464/1464/1464 1334/1334/1334 1333/1333/1333
f 1709/1709/1709 1464/1464/1464 1477/1477/1477
f 1464/1464/1464 1333/1333/1333 1477/1477/1477
f 1709/1709/1709 1477/1477/1477 1604/1604/1604
f 1477/1477/1477 1476/1476/1476 1484/1484/1484
f 1477/1477/1477 1484/1484/1484 1476/1476/1476
f 1476/1476/1476 1477/1477/1477 1333/1333/1333
f 1476/1476/1476 1333/1333/1333 1339/1339/1339
f 1476/1476/1476 1396/1396/1396 1484/1484/1484
f 1476/1476/1476 1342/1342/1342 1341/1341/1341
f 1476/1476/1476 1341/1341/1341 1396/1396/1396
f 1476/1476/1476 1339/1339/1339 1342/1342/1342
f 1891/1891/1891 1709/1709/1709 1714/1714/1714
f 1891/1891/1891 1714/1714/1714 1890/1890/1890
f 1709/1709/1709 1604/1604/1604 1714/1714/1714
f 2023/2023/2023 1891/1891/1891 1890/1890/1890
f 2023/2023/2023 1890/1890/1890 2022/2022/2022
f 1891/1891/1891 1710/1710/1710 1709/1709/1709
f 1891/1891/1891 1892/1892/1892 1711/1711/1711
f 1891/1891/1891 1711/1711/1711 1710/1710/1710
f 1892/1892/1892 1712/1712/1712 1711/1711/1711
f 1892/1892/1892 1886/1886/1886 1703/1703/1703
f 1892/1892/1892 1703/1703/1703 1712/1712/1712
f 2109/2109/2109 2016/2016/2016 2015/2015/2015
f 2016/2016/2016 1889/1889/1889 1888/1888/1888
f 2016/2016/2016 1888/1888/1888 2015/2015/2015
f 1889/1889/1889 1707/1707/1707 1713/1713/1713
f 1713/1713/1713 1707/1707/1707 1577/1577/1577
f 1713/1713/1713 1577/1577/1577 1592/1592/1592
f 1592/1592/1592 1577/1577/1577 1468/1468/1468
f 1468/1468/1468 1469/1469/1469 1478/1478/1478
f 1478/1478/1478 1469/1469/1469 1395/1395/1395
f 1340/1340/1340 1338/1338/1338 1337/1337/1337
f 1337/1337/1337 1338/1338/1338 1332/1332/1332
f 1337/1337/1337 1332/1332/1332 1331/1331/1331
f 1329/1329/1329 1324/1324/1324 1380/1380/1380
f 1379/1379/1379 1380/1380/1380 1372/1372/1372
f 1379/1379/1379 1372/1372/1372 1371/1371/1371
f 1371/1371/1371 1372/1372/1372 1442/1442/1442
f 1442/1442/1442 1541/1541/1541 1525/1525/1525
f 1525/1525/1525 1541/1541/1541 1526/1526/1526
f 2075/2075/2075 2155/2155/2155 2074/2074/2074
f 2074/2074/2074 2155/2155/2155 2239/2239/2239
f 2074/2074/2074 2239/2239/2239 2238/2238/2238
f 2238/2238/2238 2239/2239/2239 2315/2315/2315
f 2238/2238/2238 2315/2315/2315 2314/2314/2314
f 2314/2314/2314 2315/2315/2315 2320/2320/2320
f 2314/2314/2314 2320/2320/2320 2319/2319/2319
f 2319/2319/2319 2320/2320/2320 2327/2327/2327
f 2319/2319/2319 2327/2327/2327 2326/2326/2326
f 2326/2326/2326 2327/2327/2327 2336/2336/2336
f 2326/2326/2326 2336/2336/2336 2335/2335/2335
f 2335/2335/2335 2336/2336/2336 2341/2341/2341
f 2335/2335/2335 2341/2341/2341 2340/2340/2340
f 2340/2340/2340 2341/2341/2341 2344/2344/2344
f 2340/2340/2340 2344/2344/2344 2343/2343/2343
f 2352/2352/2352 2344/2344/2344 2253/2253/2253
f 2352/2352/2352 2253/2253/2253 2263/2263/2263
f 2263/2263/2263 2253/2253/2253 2264/2264/2264
f 2182/2182/2182 2183/2183/2183 2109/2109/2109
f 2182/2182/2182 2109/2109/2109 2015/2015/2015
f 2182/2182/2182 2015/2015/2015 2264/2264/2264
f 2264/2264/2264 2015/2015/2015 2014/2014/2014
f 2264/2264/2264 2014/2014/2014 2263/2263/2263
f 2015/2015/2015 1888/1888/1888 1887/1887/1887
f 2015/2015/2015 1887/1887/1887 2014/2014/2014
f 2263/2263/2263 2014/2014/2014 2352/2352/2352
f 2014/2014/2014 1887/1887/1887 1883/1883/1883
f 2014/2014/2014 1883/1883/1883 2003/2003/2003
f 2352/2352/2352 2014/2014/2014 2003/2003/2003
f 2352/2352/2352 2003/2003/2003 2344/2344/2344
f 2003/2003/2003 1883/1883/1883 1882/1882/1882
f 2003/2003/2003 1882/1882/1882 2002/2002/2002
f 2344/2344/2344 2003/2003/2003 2002/2002/2002
f 2344/2344/2344 2002/2002/2002 2343/2343/2343
f 1882/1882/1882 1878/1878/1878 1994/1994/1994
f 1882/1882/1882 1994/1994/1994 2002/2002/2002
f 2002/2002/2002 1994/1994/1994 2340/2340/2340
f 2002/2002/2002 2340/2340/2340 2343/2343/2343
f 1990/1990/1990 2335/2335/2335 1994/1994/1994
f 1878/1878/1878 1990/1990/1990 1994/1994/1994
f 1994/1994/1994 2335/2335/2335 2340/2340/2340
f 1701/1701/1701 1692/1692/1692 1878/1878/1878
f 1701/1701/1701 1878/1878/1878 1882/1882/1882
f 1449/1449/1449 1444/1444/1444 1692/1692/1692
f 1449/1449/1449 1692/1692/1692 1701/1701/1701
f 1701/1701/1701 1450/1450/1450 1449/1449/1449
f 1883/1883/1883 1701/1701/1701 1882/1882/1882
f 1450/1450/1450 1380/1380/1380 1379/1379/1379
f 1450/1450/1450 1379/1379/1379 1449/1449/1449
f 1379/1379/1379 1444/1444/1444 1449/1449/1449
f 1455/1455/1455 1329/1329/1329 1380/1380/1380
f 1455/1455/1455 1380/1380/1380 1450/1450/1450
f 1702/1702/1702 1455/1455/1455 1450/1450/1450
f 1702/1702/1702 1450/1450/1450 1701/1701/1701
f 1704/1704/1704 1455/1455/1455 1702/1702/1702
f 1887/1887/1887 1704/1704/1704 1702/1702/1702
f 1887/1887/1887 1702/1702/1702 1883/1883/1883
f 1883/1883/1883 1702/1702/1702 1701/1701/1701
f 1705/1705/1705 1456/1456/1456 1455/1455/1455
f 1705/1705/1705 1455/1455/1455 1704/1704/1704
f 1888/1888/1888 1705/1705/1705 1704/1704/1704
f 1888/1888/1888 1704/1704/1704 1887/1887/1887
f 1456/1456/1456 1330/1330/1330 1329/1329/1329
f 1456/1456/1456 1329/1329/1329 1455/1455/1455
f 1456/1456/1456 1331/1331/1331 1330/1330/1330
f 1457/1457/1457 1331/1331/1331 1456/1456/1456
f 1706/1706/1706 1457/1457/1457 1456/1456/1456
f 1706/1706/1706 1456/1456/1456 1705/1705/1705
f 1889/1889/1889 1706/1706/1706 1705/1705/1705
f 1889/1889/1889 1705/1705/1705 1888/1888/1888
f 1706/1706/1706 1468/1468/1468 1457/1457/1457
f 1889/1889/1889 1713/1713/1713 1706/1706/1706
f 1706/1706/1706 1592/1592/1592 1468/1468/1468
f 1706/1706/1706 1713/1713/1713 1592/1592/1592
f 1457/1457/1457 1468/1468/1468 1331/1331/1331
f 1468/1468/1468 1337/1337/1337 1331/1331/1331
f 1468/1468/1468 1395/1395/1395 1340/1340/1340
f 1468/1468/1468 1478/1478/1478 1395/1395/1395
f 1468/1468/1468 1340/1340/1340 1337/1337/1337
f 1444/1444/1444 1540/1540/1540 1679/1679/1679
f 1444/1444/1444 1679/1679/1679 1692/1692/1692
f 1442/1442/1442 1540/1540/1540 1444/1444/1444
f 1442/1442/1442 1444/1444/1444 1371/1371/1371
f 1371/1371/1371 1444/1444/1444 1379/1379/1379
f 1540/1540/1540 1525/1525/1525 1750/1750/1750
f 1540/1540/1540 1750/1750/1750 1679/1679/1679
f 1442/1442/1442 1525/1525/1525 1540/1540/1540
f 1679/1679/1679 1750/1750/1750 1857/1857/1857
f 1679/1679/1679 1857/1857/1857 1870/1870/1870
f 1750/1750/1750 1913/1913/1913 1857/1857/1857
f 1913/1913/1913 1750/1750/1750 1846/1846/1846
f 1846/1846/1846 1750/1750/1750 1751/1751/1751
f 1526/1526/1526 1751/1751/1751 1750/1750/1750
f 1526/1526/1526 1750/1750/1750 1525/1525/1525
f 1751/1751/1751 1737/1737/1737 1846/1846/1846
f 1526/1526/1526 1737/1737/1737 1751/1751/1751
f 1797/1797/1797 1846/1846/1846 1737/1737/1737
f 1797/1797/1797 1737/1737/1737 1653/1653/1653
f 1653/1653/1653 1737/1737/1737 1526/1526/1526
f 1653/1653/1653 1526/1526/1526 1513/1513/1513
f 1797/1797/1797 1653/1653/1653 1789/1789/1789
f 1653/1653/1653 1644/1644/1644 1789/1789/1789
f 1840/1840/1840 1797/1797/1797 1789/1789/1789
f 1840/1840/1840 1943/1943/1943 1846/1846/1846
f 1840/1840/1840 1846/1846/1846 1797/1797/1797
f 1846/1846/1846 1943/1943/1943 1979/1979/1979
f 1979/1979/1979 2075/2075/2075 1846/1846/1846
f 2074/2074/2074 1913/1913/1913 1846/1846/1846
f 2074/2074/2074 1846/1846/1846 2075/2075/2075
f 1913/1913/1913 2074/2074/2074 2078/2078/2078
f 2078/2078/2078 2074/2074/2074 2319/2319/2319
f 2319/2319/2319 2074/2074/2074 2314/2314/2314
f 2314/2314/2314 2074/2074/2074 2238/2238/2238
f 2078/2078/2078 2319/2319/2319 2326/2326/2326
f 1857/1857/1857 1913/1913/1913 2078/2078/2078
f 1857/1857/1857 2078/2078/2078 1985/1985/1985
f 1985/1985/1985 2078/2078/2078 2326/2326/2326
f 1985/1985/1985 2326/2326/2326 2335/2335/2335
f 1870/1870/1870 1857/1857/1857 1985/1985/1985
f 1870/1870/1870 1985/1985/1985 1990/1990/1990
f 1990/1990/1990 1985/1985/1985 2335/2335/2335
f 1878/1878/1878 1870/1870/1870 1990/1990/1990
f 1692/1692/1692 1679/1679/1679 1870/1870/1870
f 1692/1692/1692 1870/1870/1870 1878/1878/1878
f 1621/1621/1621 1620/1620/1620 1772/1772/1772
f 1621/1621/1621 1772/1772/1772 1773/1773/1773
f 1396/1396/1396 1406/1406/1406 1620/1620/1620
f 1396/1396/1396 1620/1620/1620 1621/1621/1621
f 1773/1773/1773 1772/1772/1772 1929/1929/1929
f 1773/1773/1773 1929/1929/1929 1970/1970/1970
f 1970/1970/1970 1929/1929/1929 2053/2053/2053
f 1970/1970/1970 2053/2053/2053 2054/2054/2054
f 2141/2141/2141 2054/2054/2054 2053/2053/2053
f 2141/2141/2141 2053/2053/2053 2064/2064/2064
f 2141/2141/2141 2064/2064/2064 2152/2152/2152
f 2141/2141/2141 2152/2152/2152 2140/2140/2140
f 2141/2141/2141 2140/2140/2140 2219/2219/2219
f 2218/2218/2218 2217/2217/2217 2301/2301/2301
f 2217/2217/2217 2300/2300/2300 2301/2301/2301
f 2300/2300/2300 2299/2299/2299 2384/2384/2384
f 2384/2384/2384 2299/2299/2299 2383/2383/2383
f 2299/2299/2299 2298/2298/2298 2383/2383/2383
f 2382/2382/2382 2383/2383/2383 2298/2298/2298
f 2382/2382/2382 2298/2298/2298 2297/2297/2297
f 2296/2296/2296 2382/2382/2382 2297/2297/2297
f 2381/2381/2381 2382/2382/2382 2296/2296/2296
f 2295/2295/2295 2381/2381/2381 2296/2296/2296
f 2215/2215/2215 2294/2294/2294 2295/2295/2295
f 2215/2215/2215 2214/2214/2214 2294/2294/2294
f 2214/2214/2214 2215/2215/2215 2220/2220/2220
f 2220/2220/2220 2215/2215/2215 2221/2221/2221
f 2221/2221/2221 2215/2215/2215 2295/2295/2295
f 2144/2144/2144 2220/2220/2220 2221/2221/2221
f 2144/2144/2144 2221/2221/2221 2145/2145/2145
f 2056/2056/2056 2144/2144/2144 2145/2145/2145
f 2056/2056/2056 2145/2145/2145 2057/2057/2057
f 2057/2057/2057 2145/2145/2145 2058/2058/2058
f 2144/2144/2144 2214/2214/2214 2220/2220/2220
f 1931/1931/1931 2056/2056/2056 2057/2057/2057
f 1931/1931/1931 2057/2057/2057 1932/1932/1932
f 1775/1775/1775 1931/1931/1931 1932/1932/1932
f 1775/1775/1775 1932/1932/1932 1776/1776/1776
f 1776/1776/1776 1932/1932/1932 1933/1933/1933
f 1776/1776/1776 1933/1933/1933 1777/1777/1777
f 1932/1932/1932 2057/2057/2057 2058/2058/2058
f 1932/1932/1932 2058/2058/2058 1933/1933/1933
f 1971/1971/1971 1933/1933/1933 2058/2058/2058
f 1933/1933/1933 1934/1934/1934 1782/1782/1782
f 1933/1933/1933 1782/1782/1782 1777/1777/1777
f 1934/1934/1934 1939/1939/1939 1782/1782/1782
f 1939/1939/1939 1940/1940/1940 1783/1783/1783
f 1939/1939/1939 1783/1783/1783 1782/1782/1782
f 1940/1940/1940 1784/1784/1784 1783/1783/1783
f 1784/1784/1784 1628/1628/1628 1627/1627/1627
f 1784/1784/1784 1627/1627/1627 1783/1783/1783
f 1782/1782/1782 1783/1783/1783 1627/1627/1627
f 1782/1782/1782 1627/1627/1627 1626/1626/1626
f 1628/1628/1628 1413/1413/1413 1412/1412/1412
f 1628/1628/1628 1412/1412/1412 1627/1627/1627
f 1626/1626/1626 1627/1627/1627 1412/1412/1412
f 1626/1626/1626 1412/1412/1412 1411/1411/1411
f 1777/1777/1777 1782/1782/1782 1626/1626/1626
f 1777/1777/1777 1626/1626/1626 1625/1625/1625
f 1625/1625/1625 1626/1626/1626 1411/1411/1411
f 1625/1625/1625 1411/1411/1411 1410/1410/1410
f 1410/1410/1410 1402/1402/1402 1409/1409/1409
f 1408/1408/1408 1399/1399/1399 1407/1407/1407
f 1407/1407/1407 1399/1399/1399 1398/1398/1398
f 1961/1961/1961 2031/2031/2031 2043/2043/2043
f 2043/2043/2043 2031/2031/2031 2030/2030/2030
f 2109/2109/2109 2123/2123/2123 2122/2122/2122
f 2122/2122/2122 2123/2123/2123 2031/2031/2031
f 2044/2044/2044 1961/1961/1961 1966/1966/1966
f 1966/1966/1966 1961/1961/1961 1967/1967/1967
f 1966/1966/1966 1967/1967/1967 2050/2050/2050
f 2293/2293/2293 2214/2214/2214 2294/2294/2294
f 2302/2302/2302 2301/2301/2301 2218/2218/2218
f 2219/2219/2219 2302/2302/2302 2218/2218/2218
f 2045/2045/2045 1970/1970/1970 1962/1962/1962
f 2045/2045/2045 2036/2036/2036 2035/2035/2035
f 1963/1963/1963 2045/2045/2045 2035/2035/2035
f 1416/1416/1416 1406/1406/1406 1405/1405/1405
f 1414/1414/1414 1415/1415/1415 1403/1403/1403
f 1413/1413/1413 1414/1414/1414 1403/1403/1403
f 1629/1629/1629 1414/1414/1414 1413/1413/1413
f 1629/1629/1629 1413/1413/1413 1628/1628/1628
f 1779/1779/1779 1629/1629/1629 1628/1628/1628
f 1779/1779/1779 1628/1628/1628 1778/1778/1778
f 1778/1778/1778 1628/1628/1628 1784/1784/1784
f 1936/1936/1936 1779/1779/1779 1778/1778/1778
f 1936/1936/1936 1778/1778/1778 1935/1935/1935
f 1935/1935/1935 1778/1778/1778 1784/1784/1784
f 1935/1935/1935 1784/1784/1784 1940/1940/1940
f 1780/1780/1780 1779/1779/1779 1936/1936/1936
f 1780/1780/1780 1936/1936/1936 1937/1937/1937
f 1937/1937/1937 1936/1936/1936 2062/2062/2062
f 1937/1937/1937 2062/2062/2062 2063/2063/2063
f 1974/1974/1974 2062/2062/2062 1936/1936/1936
f 1973/1973/1973 1974/1974/1974 1936/1936/1936
f 2061/2061/2061 2062/2062/2062 1974/1974/1974
f 2061/2061/2061 1974/1974/1974 1973/1973/1973
f 2150/2150/2150 2062/2062/2062 2061/2061/2061
f 2150/2150/2150 2061/2061/2061 2149/2149/2149
f 2149/2149/2149 2061/2061/2061 2060/2060/2060
f 2149/2149/2149 2060/2060/2060 2148/2148/2148
f 2060/2060/2060 2061/2061/2061 1973/1973/1973
f 2059/2059/2059 1972/1972/1972 1971/1971/1971
f 2059/2059/2059 1971/1971/1971 2058/2058/2058
f 2146/2146/2146 2147/2147/2147 2059/2059/2059
f 2146/2146/2146 2059/2059/2059 2058/2058/2058
f 2145/2145/2145 2146/2146/2146 2058/2058/2058
f 2147/2147/2147 2148/2148/2148 2060/2060/2060
f 2147/2147/2147 2060/2060/2060 2059/2059/2059
f 2223/2223/2223 2147/2147/2147 2146/2146/2146
f 2223/2223/2223 2146/2146/2146 2222/2222/2222
f 2224/2224/2224 2148/2148/2148 2147/2147/2147
f 2224/2224/2224 2147/2147/2147 2223/2223/2223
f 2297/2297/2297 2298/2298/2298 2224/2224/2224
f 2297/2297/2297 2224/2224/2224 2223/2223/2223
f 2296/2296/2296 2297/2297/2297 2223/2223/2223
f 2296/2296/2296 2223/2223/2223 2222/2222/2222
f 2224/2224/2224 2225/2225/2225 2149/2149/2149
f 2224/2224/2224 2149/2149/2149 2148/2148/2148
f 2299/2299/2299 2225/2225/2225 2224/2224/2224
f 2299/2299/2299 2224/2224/2224 2298/2298/2298
f 2225/2225/2225 2226/2226/2226 2150/2150/2150
f 2225/2225/2225 2150/2150/2150 2149/2149/2149
f 2300/2300/2300 2226/2226/2226 2225/2225/2225
f 2300/2300/2300 2225/2225/2225 2299/2299/2299
f 2151/2151/2151 2150/2150/2150 2226/2226/2226
f 2151/2151/2151 2226/2226/2226 2227/2227/2227
f 2227/2227/2227 2226/2226/2226 2300/2300/2300
f 2227/2227/2227 2300/2300/2300 2217/2217/2217
f 2063/2063/2063 2062/2062/2062 2150/2150/2150
f 2063/2063/2063 2150/2150/2150 2151/2151/2151
f 2228/2228/2228 2152/2152/2152 2151/2151/2151
f 2228/2228/2228 2151/2151/2151 2227/2227/2227
f 2152/2152/2152 2064/2064/2064 2063/2063/2063
f 2152/2152/2152 2063/2063/2063 2151/2151/2151
f 2064/2064/2064 1938/1938/1938 1937/1937/1937
f 2064/2064/2064 1937/1937/1937 2063/2063/2063
f 2218/2218/2218 2140/2140/2140 2152/2152/2152
f 2152/2152/2152 2228/2228/2228 2218/2218/2218
f 2218/2218/2218 2219/2219/2219 2140/2140/2140
f 2218/2218/2218 2228/2228/2228 2227/2227/2227
f 2218/2218/2218 2227/2227/2227 2217/2217/2217
f 2053/2053/2053 1929/1929/1929 1938/1938/1938
f 2053/2053/2053 1938/1938/1938 2064/2064/2064
f 1929/1929/1929 1772/1772/1772 1781/1781/1781
f 1929/1929/1929 1781/1781/1781 1938/1938/1938
f 1772/1772/1772 1620/1620/1620 1631/1631/1631
f 1772/1772/1772 1631/1631/1631 1781/1781/1781
f 1938/1938/1938 1781/1781/1781 1780/1780/1780
f 1938/1938/1938 1780/1780/1780 1937/1937/1937
f 1781/1781/1781 1631/1631/1631 1630/1630/1630
f 1781/1781/1781 1630/1630/1630 1780/1780/1780
f 1631/1631/1631 1416/1416/1416 1415/1415/1415
f 1631/1631/1631 1415/1415/1415 1630/1630/1630
f 1630/1630/1630 1629/1629/1629 1779/1779/1779
f 1630/1630/1630 1779/1779/1779 1780/1780/1780
f 1415/1415/1415 1414/1414/1414 1629/1629/1629
f 1415/1415/1415 1629/1629/1629 1630/1630/1630
f 1620/1620/1620 1406/1406/1406 1416/1416/1416
f 1620/1620/1620 1416/1416/1416 1631/1631/1631
f 2295/2295/2295 2296/2296/2296 2222/2222/2222
f 2295/2295/2295 2222/2222/2222 2221/2221/2221
f 2222/2222/2222 2146/2146/2146 2145/2145/2145
f 2222/2222/2222 2145/2145/2145 2221/2221/2221
f 1621/1621/1621 1613/1613/1613 1396/1396/1396
f 1773/1773/1773 1613/1613/1613 1621/1621/1621
f 1970/1970/1970 2045/2045/2045 1963/1963/1963
f 2045/2045/2045 2035/2035/2035 2128/2128/2128
f 2045/2045/2045 2128/2128/2128 2036/2036/2036
f 2114/2114/2114 2036/2036/2036 2128/2128/2128
f 2197/2197/2197 2115/2115/2115 2114/2114/2114
f 2219/2219/2219 2218/2218/2218 2302/2302/2302
f 2218/2218/2218 2301/2301/2301 2302/2302/2302
f 2214/2214/2214 2293/2293/2293 2294/2294/2294
f 2137/2137/2137 2143/2143/2143 2055/2055/2055
f 2137/2137/2137 2055/2055/2055 2050/2050/2050
f 2137/2137/2137 2214/2214/2214 2138/2138/2138
f 2137/2137/2137 2138/2138/2138 2143/2143/2143
f 2214/2214/2214 2144/2144/2144 2143/2143/2143
f 2214/2214/2214 2143/2143/2143 2138/2138/2138
f 2055/2055/2055 2143/2143/2143 2144/2144/2144
f 2055/2055/2055 2144/2144/2144 2056/2056/2056
f 2050/2050/2050 2055/2055/2055 1930/1930/1930
f 2050/2050/2050 1930/1930/1930 1928/1928/1928
f 1930/1930/1930 2055/2055/2055 2056/2056/2056
f 1930/1930/1930 2056/2056/2056 1931/1931/1931
f 1928/1928/1928 1930/1930/1930 1774/1774/1774
f 1928/1928/1928 1774/1774/1774 1769/1769/1769
f 1774/1774/1774 1930/1930/1930 1931/1931/1931
f 1774/1774/1774 1931/1931/1931 1775/1775/1775
f 1967/1967/1967 2050/2050/2050 1928/1928/1928
f 1768/1768/1768 1967/1967/1967 1928/1928/1928
f 1768/1768/1768 1928/1928/1928 1769/1769/1769
f 1614/1614/1614 1768/1768/1768 1769/1769/1769
f 1614/1614/1614 1769/1769/1769 1615/1615/1615
f 1769/1769/1769 1774/1774/1774 1622/1622/1622
f 1769/1769/1769 1622/1622/1622 1615/1615/1615
f 1395/1395/1395 1614/1614/1614 1615/1615/1615
f 1395/1395/1395 1615/1615/1615 1398/1398/1398
f 1615/1615/1615 1622/1622/1622 1407/1407/1407
f 1615/1615/1615 1407/1407/1407 1398/1398/1398
f 1407/1407/1407 1622/1622/1622 1623/1623/1623
f 1407/1407/1407 1623/1623/1623 1408/1408/1408
f 1622/1622/1622 1774/1774/1774 1775/1775/1775
f 1622/1622/1622 1775/1775/1775 1623/1623/1623
f 1623/1623/1623 1775/1775/1775 1776/1776/1776
f 1623/1623/1623 1776/1776/1776 1624/1624/1624
f 1408/1408/1408 1623/1623/1623 1624/1624/1624
f 1408/1408/1408 1624/1624/1624 1409/1409/1409
f 1409/1409/1409 1624/1624/1624 1625/1625/1625
f 1409/1409/1409 1625/1625/1625 1410/1410/1410
f 1624/1624/1624 1776/1776/1776 1777/1777/1777
f 1624/1624/1624 1777/1777/1777 1625/1625/1625
f 1768/1768/1768 1966/1966/1966 1967/1967/1967
f 1967/1967/1967 1966/1966/1966 2050/2050/2050
f 1966/1966/1966 1961/1961/1961 2044/2044/2044
f 2044/2044/2044 2043/2043/2043 2031/2031/2031
f 2043/2043/2043 2044/2044/2044 1961/1961/1961
f 2043/2043/2043 2030/2030/2030 2122/2122/2122
f 2109/2109/2109 2122/2122/2122 2030/2030/2030
f 2043/2043/2043 2122/2122/2122 2031/2031/2031
f 1768/1768/1768 1614/1614/1614 1605/1605/1605
f 1614/1614/1614 1395/1395/1395 1605/1605/1605
f 561/561/561 374/374/374 299/299/299
f 561/561/561 299/299/299 545/545/545
f 645/645/645 561/561/561 545/545/545
f 645/645/645 545/545/545 644/644/644
f 299/299/299 374/374/374 300/300/300
f 300/300/300 279/279/279 299/299/299
f 279/279/279 300/300/300 280/280/280
f 280/280/280 300/300/300 374/374/374
f 280/280/280 374/374/374 357/357/357
f 357/357/357 374/374/374 561/561/561
f 357/357/357 561/561/561 546/546/546
f 561/561/561 645/645/645 632/632/632
f 561/561/561 632/632/632 546/546/546
f 645/645/645 786/786/786 632/632/632
f 935/935/935 786/786/786 785/785/785
f 935/935/935 785/785/785 934/934/934
f 786/786/786 645/645/645 644/644/644
f 786/786/786 644/644/644 785/785/785
f 934/934/934 785/785/785 784/784/784
f 934/934/934 784/784/784 933/933/933
f 785/785/785 644/644/644 643/643/643
f 785/785/785 643/643/643 784/784/784
f 932/932/932 933/933/933 784/784/784
f 932/932/932 784/784/784 783/783/783
f 783/783/783 784/784/784 643/643/643
f 783/783/783 643/643/643 642/642/642
f 931/931/931 932/932/932 783/783/783
f 931/931/931 783/783/783 782/782/782
f 782/782/782 783/783/783 642/642/642
f 782/782/782 642/642/642 641/641/641
f 641/641/641 642/642/642 543/543/543
f 641/641/641 543/543/543 556/556/556
f 642/642/642 643/643/643 544/544/544
f 642/642/642 544/544/544 543/543/543
f 556/556/556 543/543/543 297/297/297
f 556/556/556 297/297/297 370/370/370
f 543/543/543 544/544/544 298/298/298
f 543/543/543 298/298/298 297/297/297
f 644/644/644 545/545/545 544/544/544
f 644/644/644 544/544/544 643/643/643
f 545/545/545 299/299/299 298/298/298
f 545/545/545 298/298/298 544/544/544
f 296/296/296 297/297/297 277/277/277
f 277/277/277 297/297/297 298/298/298
f 277/277/277 298/298/298 278/278/278
f 277/277/277 276/276/276 296/296/296
f 279/279/279 278/278/278 298/298/298
f 279/279/279 298/298/298 299/299/299
f 276/276/276 275/275/275 295/295/295
f 276/276/276 295/295/295 296/296/296
f 275/275/275 353/353/353 369/369/369
f 275/275/275 369/369/369 295/295/295
f 353/353/353 541/541/541 556/556/556
f 353/353/353 556/556/556 369/369/369
f 556/556/556 541/541/541 631/631/631
f 556/556/556 631/631/631 641/641/641
f 641/641/641 631/631/631 782/782/782
f 1065/1065/1065 990/990/990 1111/1111/1111
f 990/990/990 1065/1065/1065 932/932/932
f 990/990/990 932/932/932 931/931/931
f 1065/1065/1065 991/991/991 932/932/932
f 933/933/933 932/932/932 991/991/991
f 933/933/933 992/992/992 934/934/934
f 1067/1067/1067 934/934/934 992/992/992
f 1067/1067/1067 1112/1112/1112 993/993/993
f 993/993/993 935/935/935 934/934/934
f 993/993/993 934/934/934 1067/1067/1067
f 556/556/556 370/370/370 369/369/369
f 370/370/370 295/295/295 369/369/369
f 370/370/370 296/296/296 295/295/295
f 297/297/297 296/296/296 370/370/370
f 268/268/268 265/265/265 185/185/185
f 268/268/268 349/349/349 347/347/347
f 268/268/268 347/347/347 265/265/265
f 194/194/194 123/123/123 193/193/193
f 123/123/123 122/122/122 192/192/192
f 123/123/123 192/192/192 193/193/193
f 122/122/122 208/208/208 192/192/192
f 206/206/206 127/127/127 204/204/204
f 127/127/127 126/126/126 203/203/203
f 127/127/127 203/203/203 204/204/204
f 125/125/125 202/202/202 203/203/203
f 125/125/125 203/203/203 126/126/126
f 201/201/201 202/202/202 125/125/125
f 201/201/201 125/125/125 124/124/124
f 126/126/126 127/127/127 205/205/205
f 126/126/126 205/205/205 203/203/203
f 126/126/126 203/203/203 202/202/202
f 126/126/126 202/202/202 125/125/125
f 125/125/125 202/202/202 201/201/201
f 125/125/125 201/201/201 124/124/124
f 124/124/124 201/201/201 200/200/200
f 200/200/200 190/190/190 120/120/120
f 190/190/190 120/120/120 107/107/107
f 190/190/190 107/107/107 120/120/120
f 192/192/192 122/122/122 116/116/116
f 192/192/192 116/116/116 122/122/122
f 121/121/121 122/122/122 192/192/192
f 121/121/121 192/192/192 191/191/191
f 207/207/207 121/121/121 191/191/191
f 128/128/128 207/207/207 206/206/206
f 127/127/127 128/128/128 206/206/206
f 127/127/127 206/206/206 205/205/205
f 207/207/207 128/128/128 206/206/206
f 206/206/206 128/128/128 127/127/127
f 208/208/208 122/122/122 207/207/207
f 122/122/122 121/121/121 207/207/207
f 123/123/123 117/117/117 122/122/122
f 122/122/122 117/117/117 116/116/116
f 118/118/118 102/102/102 100/100/100
f 118/118/118 100/100/100 117/117/117
f 194/194/194 118/118/118 117/117/117
f 194/194/194 117/117/117 123/123/123
f 117/117/117 100/100/100 116/116/116
f 27/27/27 98/98/98 96/96/96
f 26/26/26 27/27/27 96/96/96
f 26/26/26 96/96/96 95/95/95
f 26/26/26 95/95/95 94/94/94
f 26/26/26 94/94/94 25/25/25
f 25/25/25 94/94/94 92/92/92
f 89/89/89 174/174/174 87/87/87
f 87/87/87 174/174/174 173/173/173
f 173/173/173 262/262/262 261/261/261
f 346/346/346 261/261/261 442/442/442
f 346/346/346 442/442/442 449/449/449
f 442/442/442 444/444/444 450/450/450
f 442/442/442 450/450/450 449/449/449
f 449/449/449 450/450/450 536/536/536
f 449/449/449 536/536/536 535/535/535
f 348/348/348 346/346/346 449/449/449
f 348/348/348 449/449/449 535/535/535
f 188/188/188 189/189/189 119/119/119
f 119/119/119 189/189/189 200/200/200
f 200/200/200 201/201/201 124/124/124
f 119/119/119 200/200/200 120/120/120
f 120/120/120 107/107/107 106/106/106
f 120/120/120 106/106/106 119/119/119
f 188/188/188 119/119/119 106/106/106
f 188/188/188 106/106/106 105/105/105
f 105/105/105 106/106/106 90/90/90
f 105/105/105 90/90/90 89/89/89
f 186/186/186 188/188/188 105/105/105
f 186/186/186 105/105/105 183/183/183
f 183/183/183 105/105/105 89/89/89
f 183/183/183 89/89/89 87/87/87
f 267/267/267 186/186/186 183/183/183
f 267/267/267 183/183/183 182/182/182
f 182/182/182 183/183/183 87/87/87
f 182/182/182 87/87/87 173/173/173
f 267/267/267 182/182/182 264/264/264
f 267/267/267 264/264/264 266/266/266
f 182/182/182 173/173/173 264/264/264
f 266/266/266 264/264/264 346/346/346
f 266/266/266 346/346/346 348/348/348
f 264/264/264 173/173/173 261/261/261
f 264/264/264 261/261/261 346/346/346
f 106/106/106 107/107/107 90/90/90
f 107/107/107 91/91/91 90/90/90
f 107/107/107 108/108/108 92/92/92
f 107/107/107 92/92/92 91/91/91
f 108/108/108 110/110/110 109/109/109
f 108/108/108 109/109/109 25/25/25
f 108/108/108 25/25/25 92/92/92
f 110/110/110 111/111/111 109/109/109
f 109/109/109 111/111/111 26/26/26
f 109/109/109 26/26/26 25/25/25
f 113/113/113 27/27/27 26/26/26
f 113/113/113 26/26/26 111/111/111
f 114/114/114 98/98/98 27/27/27
f 114/114/114 27/27/27 113/113/113
f 115/115/115 99/99/99 98/98/98
f 115/115/115 98/98/98 114/114/114
f 116/116/116 100/100/100 99/99/99
f 116/116/116 99/99/99 115/115/115
f 102/102/102 104/104/104 179/179/179
f 104/104/104 180/180/180 179/179/179
f 180/180/180 181/181/181 263/263/263
f 263/263/263 448/448/448 447/447/447
f 347/347/347 453/453/453 448/448/448
f 347/347/347 448/448/448 263/263/263
f 453/453/453 452/452/452 447/447/447
f 453/453/453 447/447/447 448/448/448
f 447/447/447 452/452/452 451/451/451
f 447/447/447 451/451/451 445/445/445
f 452/452/452 538/538/538 537/537/537
f 452/452/452 537/537/537 451/451/451
f 539/539/539 538/538/538 452/452/452
f 539/539/539 452/452/452 453/453/453
f 349/349/349 539/539/539 453/453/453
f 349/349/349 453/453/453 347/347/347
f 539/539/539 349/349/349 538/538/538
f 265/265/265 347/347/347 263/263/263
f 265/265/265 263/263/263 181/181/181
f 185/185/185 265/265/265 181/181/181
f 185/185/185 181/181/181 180/180/180
f 185/185/185 180/180/180 104/104/104
f 185/185/185 104/104/104 184/184/184
f 268/268/268 185/185/185 184/184/184
f 268/268/268 184/184/184 195/195/195
f 195/195/195 184/184/184 118/118/118
f 195/195/195 118/118/118 194/194/194
f 184/184/184 104/104/104 102/102/102
f 184/184/184 102/102/102 118/118/118
f 205/205/205 113/113/113 112/112/112
f 205/205/205 112/112/112 127/127/127
f 112/112/112 111/111/111 126/126/126
f 112/112/112 126/126/126 127/127/127
f 113/113/113 111/111/111 112/112/112
f 203/203/203 205/205/205 127/127/127
f 203/203/203 127/127/127 126/126/126
f 203/203/203 126/126/126 125/125/125
f 203/203/203 125/125/125 202/202/202
f 202/202/202 125/125/125 110/110/110
f 110/110/110 125/125/125 126/126/126
f 110/110/110 126/126/126 111/111/111
f 448/448/448 345/345/345 447/447/447
f 441/441/441 447/447/447 445/445/445
f 441/441/441 445/445/445 439/439/439
f 428/428/428 441/441/441 439/439/439
f 428/428/428 439/439/439 426/426/426
f 417/417/417 428/428/428 426/426/426
f 417/417/417 426/426/426 413/413/413
f 417/417/417 413/413/413 401/401/401
f 416/416/416 417/417/417 401/401/401
f 416/416/416 401/401/401 403/403/403
f 403/403/403 333/333/333 334/334/334
f 403/403/403 334/334/334 416/416/416
f 417/417/417 416/416/416 334/334/334
f 417/417/417 334/334/334 335/335/335
f 417/417/417 335/335/335 339/339/339
f 417/417/417 339/339/339 428/428/428
f 334/334/334 249/249/249 250/250/250
f 334/334/334 250/250/250 335/335/335
f 339/339/339 335/335/335 250/250/250
f 339/339/339 250/250/250 258/258/258
f 258/258/258 250/250/250 257/257/257
f 249/249/249 257/257/257 250/250/250
f 249/249/249 163/163/163 257/257/257
f 163/163/163 258/258/258 257/257/257
f 172/172/172 260/260/260 258/258/258
f 172/172/172 258/258/258 163/163/163
f 171/171/171 172/172/172 163/163/163
f 86/86/86 170/170/170 171/171/171
f 170/170/170 85/85/85 169/169/169
f 85/85/85 84/84/84 168/168/168
f 85/85/85 168/168/168 169/169/169
f 84/84/84 101/101/101 177/177/177
f 84/84/84 177/177/177 168/168/168
f 101/101/101 102/102/102 178/178/178
f 101/101/101 178/178/178 177/177/177
f 102/102/102 103/103/103 179/179/179
f 102/102/102 179/179/179 178/178/178
f 103/103/103 180/180/180 179/179/179
f 180/180/180 181/181/181 172/172/172
f 180/180/180 172/172/172 171/171/171
f 181/181/181 263/263/263 260/260/260
f 181/181/181 260/260/260 172/172/172
f 345/345/345 447/447/447 448/448/448
f 260/260/260 263/263/263 345/345/345
f 260/260/260 345/345/345 343/343/343
f 343/343/343 345/345/345 448/448/448
f 343/343/343 448/448/448 441/441/441
f 448/448/448 447/447/447 441/441/441
f 343/343/343 441/441/441 428/428/428
f 343/343/343 428/428/428 339/339/339
f 260/260/260 343/343/343 339/339/339
f 260/260/260 339/339/339 258/258/258
f 345/345/345 447/447/447 448/448/448
f 345/345/345 448/448/448 447/447/447
f 448/448/448 447/447/447 345/345/345
f 102/102/102 103/103/103 104/104/104
f 102/102/102 104/104/104 103/103/103
f 104/104/104 180/180/180 103/103/103
f 101/101/101 103/103/103 102/102/102
f 100/100/100 101/101/101 84/84/84
f 100/100/100 84/84/84 83/83/83
f 72/72/72 84/84/84 85/85/85
f 72/72/72 85/85/85 86/86/86
f 83/83/83 84/84/84 72/72/72
f 83/83/83 72/72/72 84/84/84
f 72/72/72 161/161/161 160/160/160
f 161/161/161 72/72/72 86/86/86
f 161/161/161 86/86/86 162/162/162
f 83/83/83 84/84/84 425/425/425
f 83/83/83 425/425/425 438/438/438
f 425/425/425 84/84/84 72/72/72
f 72/72/72 160/160/160 426/426/426
f 72/72/72 426/426/426 425/425/425
f 160/160/160 153/153/153 413/413/413
f 160/160/160 413/413/413 426/426/426
f 153/153/153 246/246/246 413/413/413
f 246/246/246 401/401/401 413/413/413
f 246/246/246 247/247/247 402/402/402
f 246/246/246 402/402/402 401/401/401
f 402/402/402 247/247/247 333/333/333
f 402/402/402 333/333/333 403/403/403
f 247/247/247 248/248/248 333/333/333
f 333/333/333 248/248/248 249/249/249
f 333/333/333 249/249/249 334/334/334
f 247/247/247 154/154/154 248/248/248
f 154/154/154 161/161/161 162/162/162
f 154/154/154 162/162/162 248/248/248
f 248/248/248 162/162/162 163/163/163
f 248/248/248 163/163/163 249/249/249
f 162/162/162 86/86/86 171/171/171
f 162/162/162 171/171/171 163/163/163
f 160/160/160 161/161/161 154/154/154
f 160/160/160 154/154/154 153/153/153
f 153/153/153 154/154/154 247/247/247
f 153/153/153 247/247/247 246/246/246
f 83/83/83 438/438/438 437/437/437
f 23/23/23 83/83/83 437/437/437
f 23/23/23 437/437/437 436/436/436
f 22/22/22 23/23/23 436/436/436
f 424/424/424 82/82/82 22/22/22
f 424/424/424 22/22/22 436/436/436
f 69/69/69 82/82/82 424/424/424
f 68/68/68 69/69/69 424/424/424
f 150/150/150 68/68/68 424/424/424
f 150/150/150 424/424/424 412/412/412
f 150/150/150 412/412/412 411/411/411
f 228/228/228 150/150/150 411/411/411
f 228/228/228 411/411/411 398/398/398
f 228/228/228 398/398/398 397/397/397
f 228/228/228 397/397/397 227/227/227
f 226/226/226 227/227/227 397/397/397
f 226/226/226 397/397/397 396/396/396
f 396/396/396 395/395/395 226/226/226
f 226/226/226 395/395/395 409/409/409
f 226/226/226 409/409/409 147/147/147
f 147/147/147 409/409/409 423/423/423
f 147/147/147 423/423/423 65/65/65
f 65/65/65 423/423/423 422/422/422
f 65/65/65 422/422/422 64/64/64
f 64/64/64 422/422/422 78/78/78
f 422/422/422 435/435/435 18/18/18
f 422/422/422 18/18/18 78/78/78
f 435/435/435 434/434/434 18/18/18
f 18/18/18 434/434/434 433/433/433
f 18/18/18 433/433/433 77/77/77
f 77/77/77 433/433/433 76/76/76
f 433/433/433 432/432/432 76/76/76
f 76/76/76 432/432/432 421/421/421
f 421/421/421 61/61/61 76/76/76
f 61/61/61 421/421/421 158/158/158
f 158/158/158 421/421/421 408/408/408
f 158/158/158 408/408/408 144/144/144
f 144/144/144 408/408/408 235/235/235
f 235/235/235 408/408/408 392/392/392
f 235/235/235 392/392/392 391/391/391
f 391/391/391 390/390/390 330/330/330
f 391/391/391 330/330/330 235/235/235
f 235/235/235 330/330/330 234/234/234
f 330/330/330 329/329/329 233/233/233
f 330/330/330 233/233/233 234/234/234
f 390/390/390 405/405/405 329/329/329
f 390/390/390 329/329/329 330/330/330
f 405/405/405 404/404/404 418/418/418
f 405/405/405 418/418/418 336/336/336
f 405/405/405 336/336/336 329/329/329
f 336/336/336 252/252/252 233/233/233
f 336/336/336 233/233/233 329/329/329
f 251/251/251 252/252/252 336/336/336
f 259/259/259 251/251/251 336/336/336
f 259/259/259 336/336/336 340/340/340
f 340/340/340 336/336/336 418/418/418
f 340/340/340 418/418/418 429/429/429
f 418/418/418 421/421/421 432/432/432
f 418/418/418 432/432/432 429/429/429
f 404/404/404 408/408/408 421/421/421
f 404/404/404 421/421/421 418/418/418
f 405/405/405 392/392/392 408/408/408
f 405/405/405 408/408/408 404/404/404
f 405/405/405 390/390/390 392/392/392
f 429/429/429 432/432/432 444/444/444
f 429/429/429 444/444/444 442/442/442
f 261/261/261 262/262/262 173/173/173
f 173/173/173 174/174/174 87/87/87
f 87/87/87 174/174/174 88/88/88
f 93/93/93 94/94/94 25/25/25
f 25/25/25 94/94/94 95/95/95
f 25/25/25 95/95/95 26/26/26
f 27/27/27 26/26/26 95/95/95
f 27/27/27 95/95/95 96/96/96
f 103/103/103 101/101/101 102/102/102
f 104/104/104 103/103/103 102/102/102
f 104/104/104 102/102/102 179/179/179
f 180/180/180 104/104/104 179/179/179
f 181/181/181 180/180/180 263/263/263
f 97/97/97 100/100/100 28/28/28
f 96/96/96 97/97/97 28/28/28
f 96/96/96 28/28/28 27/27/27
f 28/28/28 100/100/100 83/83/83
f 28/28/28 83/83/83 23/23/23
f 27/27/27 28/28/28 23/23/23
f 27/27/27 23/23/23 22/22/22
f 22/22/22 82/82/82 69/69/69
f 22/22/22 69/69/69 82/82/82
f 65/65/65 148/148/148 147/147/147
f 148/148/148 226/226/226 147/147/147
f 148/148/148 149/149/149 227/227/227
f 148/148/148 227/227/227 226/226/226
f 150/150/150 228/228/228 227/227/227
f 150/150/150 227/227/227 149/149/149
f 79/79/79 65/65/65 64/64/64
f 19/19/19 79/79/79 64/64/64
f 19/19/19 64/64/64 78/78/78
f 25/25/25 19/19/19 18/18/18
f 25/25/25 18/18/18 24/24/24
f 24/24/24 18/18/18 77/77/77
f 24/24/24 77/77/77 91/91/91
f 91/91/91 77/77/77 76/76/76
f 91/91/91 76/76/76 90/90/90
f 90/90/90 76/76/76 75/75/75
f 90/90/90 75/75/75 89/89/89
f 60/60/60 74/74/74 75/75/75
f 76/76/76 60/60/60 75/75/75
f 76/76/76 61/61/61 60/60/60
f 61/61/61 158/158/158 60/60/60
f 158/158/158 157/157/157 74/74/74
f 158/158/158 74/74/74 60/60/60
f 157/157/157 156/156/156 165/165/165
f 157/157/157 165/165/165 74/74/74
f 74/74/74 165/165/165 73/73/73
f 156/156/156 155/155/155 164/164/164
f 156/156/156 164/164/164 165/165/165
f 173/173/173 164/164/164 259/259/259
f 173/173/173 259/259/259 261/261/261
f 164/164/164 155/155/155 252/252/252
f 164/164/164 252/252/252 259/259/259
f 233/233/233 252/252/252 155/155/155
f 233/233/233 155/155/155 156/156/156
f 259/259/259 252/252/252 251/251/251
f 234/234/234 233/233/233 156/156/156
f 234/234/234 156/156/156 157/157/157
f 235/235/235 234/234/234 144/144/144
f 144/144/144 234/234/234 157/157/157
f 144/144/144 157/157/157 158/158/158
f 259/259/259 340/340/340 344/344/344
f 259/259/259 344/344/344 261/261/261
f 261/261/261 262/262/262 344/344/344
f 344/344/344 262/262/262 261/261/261
f 340/340/340 429/429/429 442/442/442
f 340/340/340 442/442/442 344/344/344
f 89/89/89 176/176/176 175/175/175
f 89/89/89 175/175/175 88/88/88
f 88/88/88 175/175/175 174/174/174
f 88/88/88 174/174/174 87/87/87
f 87/87/87 174/174/174 173/173/173
f 165/165/165 166/166/166 74/74/74
f 74/74/74 166/166/166 167/167/167
f 74/74/74 167/167/167 75/75/75
f 75/75/75 167/167/167 176/176/176
f 75/75/75 176/176/176 89/89/89
f 74/74/74 73/73/73 165/165/165
f 93/93/93 24/24/24 91/91/91
f 25/25/25 24/24/24 93/93/93
f 26/26/26 20/20/20 19/19/19
f 26/26/26 19/19/19 25/25/25
f 26/26/26 27/27/27 22/22/22
f 26/26/26 22/22/22 20/20/20
f 19/19/19 78/78/78 18/18/18
f 82/82/82 69/69/69 68/68/68
f 85/85/85 170/170/170 86/86/86
f 3025/3025/3025 3024/3024/3024 3157/3157/3157
f 3025/3025/3025 3157/3157/3157 3142/3142/3142
f 3024/3024/3024 3124/3124/3124 3156/3156/3156
f 3024/3024/3024 3156/3156/3156 3157/3157/3157
f 3011/3011/3011 3025/3025/3025 3142/3142/3142
f 3011/3011/3011 3024/3024/3024 3025/3025/3025
f 3024/3024/3024 3011/3011/3011 3008/3008/3008
f 3024/3024/3024 3008/3008/3008 3021/3021/3021
f 3011/3011/3011 3081/3081/3081 3079/3079/3079
f 3011/3011/3011 3079/3079/3079 3008/3008/3008
f 3081/3081/3081 3075/3075/3075 3073/3073/3073
f 3081/3081/3081 3073/3073/3073 3079/3079/3079
f 3075/3075/3075 3069/3069/3069 3067/3067/3067
f 3075/3075/3075 3067/3067/3067 3073/3073/3073
f 3069/3069/3069 3062/3062/3062 3060/3060/3060
f 3069/3069/3069 3060/3060/3060 3067/3067/3067
f 3062/3062/3062 3054/3054/3054 3052/3052/3052
f 3062/3062/3062 3052/3052/3052 3060/3060/3060
f 3062/3062/3062 3128/3128/3128 3126/3126/3126
f 3062/3062/3062 3126/3126/3126 3054/3054/3054
f 3128/3128/3128 3178/3178/3178 3126/3126/3126
f 3178/3178/3178 3168/3168/3168 3126/3126/3126
f 3178/3178/3178 3237/3237/3237 3234/3234/3234
f 3178/3178/3178 3234/3234/3234 3168/3168/3168
f 3237/3237/3237 3317/3317/3317 3301/3301/3301
f 3237/3237/3237 3301/3301/3301 3234/3234/3234
f 3317/3317/3317 3385/3385/3385 3300/3300/3300
f 3317/3317/3317 3300/3300/3300 3301/3301/3301
f 3385/3385/3385 3384/3384/3384 3375/3375/3375
f 3385/3385/3385 3375/3375/3375 3300/3300/3300
f 3384/3384/3384 3383/3383/3383 3374/3374/3374
f 3384/3384/3384 3374/3374/3374 3375/3375/3375
f 3374/3374/3374 3383/3383/3383 3176/3176/3176
f 3383/3383/3383 3436/3436/3436 3175/3175/3175
f 3383/3383/3383 3175/3175/3175 3176/3176/3176
f 3436/3436/3436 3448/3448/3448 3175/3175/3175
f 3448/3448/3448 3447/3447/3447 3174/3174/3174
f 3448/3448/3448 3174/3174/3174 3175/3175/3175
f 3447/3447/3447 3446/3446/3446 3189/3189/3189
f 3447/3447/3447 3189/3189/3189 3174/3174/3174
f 3446/3446/3446 3445/3445/3445 3188/3188/3188
f 3446/3446/3446 3188/3188/3188 3189/3189/3189
f 3445/3445/3445 3444/3444/3444 3187/3187/3187
f 3445/3445/3445 3187/3187/3187 3188/3188/3188
f 3444/3444/3444 3492/3492/3492 3186/3186/3186
f 3444/3444/3444 3186/3186/3186 3187/3187/3187
f 3491/3491/3491 3185/3185/3185 3186/3186/3186
f 3491/3491/3491 3186/3186/3186 3492/3492/3492
f 3441/3441/3441 3184/3184/3184 3185/3185/3185
f 3441/3441/3441 3185/3185/3185 3491/3491/3491
f 3491/3491/3491 3490/3490/3490 3441/3441/3441
f 3440/3440/3440 3183/3183/3183 3184/3184/3184
f 3440/3440/3440 3184/3184/3184 3441/3441/3441
f 3439/3439/3439 3182/3182/3182 3183/3183/3183
f 3439/3439/3439 3183/3183/3183 3440/3440/3440
f 3439/3439/3439 3173/3173/3173 3182/3182/3182
f 3438/3438/3438 3173/3173/3173 3439/3439/3439
f 3433/3433/3433 3172/3172/3172 3173/3173/3173
f 3433/3433/3433 3173/3173/3173 3438/3438/3438
f 3380/3380/3380 3172/3172/3172 3433/3433/3433
f 3372/3372/3372 3172/3172/3172 3380/3380/3380
f 3379/3379/3379 3371/3371/3371 3372/3372/3372
f 3379/3379/3379 3372/3372/3372 3380/3380/3380
f 3378/3378/3378 3287/3287/3287 3371/3371/3371
f 3378/3378/3378 3371/3371/3371 3379/3379/3379
f 3437/3437/3437 3387/3387/3387 3379/3379/3379
f 3437/3437/3437 3379/3379/3379 3380/3380/3380
f 3387/3387/3387 3386/3386/3386 3378/3378/3378
f 3387/3387/3387 3378/3378/3378 3379/3379/3379
f 3386/3386/3386 3304/3304/3304 3378/3378/3378
f 3304/3304/3304 3286/3286/3286 3287/3287/3287
f 3304/3304/3304 3287/3287/3287 3378/3378/3378
f 3304/3304/3304 3303/3303/3303 3236/3236/3236
f 3236/3236/3236 3232/3232/3232 3286/3286/3286
f 3236/3236/3236 3286/3286/3286 3304/3304/3304
f 3171/3171/3171 3167/3167/3167 3232/3232/3232
f 3171/3171/3171 3232/3232/3232 3236/3236/3236
f 3171/3171/3171 3125/3125/3125 3167/3167/3167
f 3127/3127/3127 3125/3125/3125 3171/3171/3171
f 3056/3056/3056 3048/3048/3048 3125/3125/3125
f 3056/3056/3056 3125/3125/3125 3127/3127/3127
f 3064/3064/3064 3056/3056/3056 3127/3127/3127
f 3064/3064/3064 3127/3127/3127 3130/3130/3130
f 3171/3171/3171 3239/3239/3239 3181/3181/3181
f 3171/3171/3171 3181/3181/3181 3127/3127/3127
f 3127/3127/3127 3181/3181/3181 3130/3130/3130
f 3070/3070/3070 3064/3064/3064 3130/3130/3130
f 3070/3070/3070 3130/3130/3130 3134/3134/3134
f 3130/3130/3130 3181/3181/3181 3194/3194/3194
f 3130/3130/3130 3194/3194/3194 3134/3134/3134
f 3134/3134/3134 3194/3194/3194 3199/3199/3199
f 3134/3134/3134 3199/3199/3199 3138/3138/3138
f 3138/3138/3138 3199/3199/3199 3141/3141/3141
f 3141/3141/3141 3199/3199/3199 3251/3251/3251
f 3141/3141/3141 3251/3251/3251 3198/3198/3198
f 3198/3198/3198 3251/3251/3251 3333/3333/3333
f 3198/3198/3198 3333/3333/3333 3251/3251/3251
f 3333/3333/3333 3245/3245/3245 3251/3251/3251
f 3245/3245/3245 3333/3333/3333 3321/3321/3321
f 3245/3245/3245 3321/3321/3321 3239/3239/3239
f 3321/3321/3321 3240/3240/3240 3239/3239/3239
f 3239/3239/3239 3240/3240/3240 3171/3171/3171
f 3240/3240/3240 3239/3239/3239 3171/3171/3171
f 3239/3239/3239 3303/3303/3303 3321/3321/3321
f 3303/3303/3303 3239/3239/3239 3171/3171/3171
f 3303/3303/3303 3171/3171/3171 3236/3236/3236
f 3321/3321/3321 3303/3303/3303 3304/3304/3304
f 3333/3333/3333 3321/3321/3321 3395/3395/3395
f 3245/3245/3245 3321/3321/3321 3333/3333/3333
f 3245/3245/3245 3239/3239/3239 3321/3321/3321
f 3245/3245/3245 3333/3333/3333 3345/3345/3345
f 3245/3245/3245 3345/3345/3345 3251/3251/3251
f 3345/3345/3345 3333/3333/3333 3395/3395/3395
f 3321/3321/3321 3241/3241/3241 3247/3247/3247
f 3321/3321/3321 3247/3247/3247 3395/3395/3395
f 3386/3386/3386 3322/3322/3322 3241/3241/3241
f 3386/3386/3386 3241/3241/3241 3321/3321/3321
f 3386/3386/3386 3321/3321/3321 3304/3304/3304
f 3387/3387/3387 3323/3323/3323 3322/3322/3322
f 3387/3387/3387 3322/3322/3322 3386/3386/3386
f 3437/3437/3437 3323/3323/3323 3387/3387/3387
f 3324/3324/3324 3323/3323/3323 3437/3437/3437
f 3451/3451/3451 3337/3337/3337 3324/3324/3324
f 3451/3451/3451 3324/3324/3324 3437/3437/3437
f 3451/3451/3451 3437/3437/3437 3438/3438/3438
f 3451/3451/3451 3438/3438/3438 3452/3452/3452
f 3437/3437/3437 3380/3380/3380 3433/3433/3433
f 3437/3437/3437 3433/3433/3433 3438/3438/3438
f 3438/3438/3438 3439/3439/3439 3440/3440/3440
f 3452/3452/3452 3438/3438/3438 3440/3440/3440
f 3452/3452/3452 3440/3440/3440 3453/3453/3453
f 3453/3453/3453 3440/3440/3440 3490/3490/3490
f 3453/3453/3453 3490/3490/3490 3495/3495/3495
f 3440/3440/3440 3441/3441/3441 3490/3490/3490
f 3495/3495/3495 3490/3490/3490 3491/3491/3491
f 3495/3495/3495 3491/3491/3491 3496/3496/3496
f 3496/3496/3496 3491/3491/3491 3492/3492/3492
f 3496/3496/3496 3492/3492/3492 3497/3497/3497
f 3492/3492/3492 3444/3444/3444 3493/3493/3493
f 3498/3498/3498 3497/3497/3497 3492/3492/3492
f 3498/3498/3498 3492/3492/3492 3493/3493/3493
f 3499/3499/3499 3498/3498/3498 3493/3493/3493
f 3499/3499/3499 3493/3493/3493 3494/3494/3494
f 3494/3494/3494 3493/3493/3493 3444/3444/3444
f 3494/3494/3494 3444/3444/3444 3445/3445/3445
f 3456/3456/3456 3455/3455/3455 3445/3445/3445
f 3456/3456/3456 3445/3445/3445 3446/3446/3446
f 3455/3455/3455 3499/3499/3499 3494/3494/3494
f 3455/3455/3455 3494/3494/3494 3445/3445/3445
f 3457/3457/3457 3456/3456/3456 3446/3446/3446
f 3457/3457/3457 3446/3446/3446 3447/3447/3447
f 3458/3458/3458 3457/3457/3457 3447/3447/3447
f 3458/3458/3458 3447/3447/3447 3448/3448/3448
f 3448/3448/3448 3436/3436/3436 3383/3383/3383
f 3448/3448/3448 3383/3383/3383 3449/3449/3449
f 3458/3458/3458 3448/3448/3448 3325/3325/3325
f 3458/3458/3458 3325/3325/3325 3338/3338/3338
f 3325/3325/3325 3448/3448/3448 3449/3449/3449
f 3449/3449/3449 3391/3391/3391 3326/3326/3326
f 3449/3449/3449 3326/3326/3326 3325/3325/3325
f 3391/3391/3391 3392/3392/3392 3327/3327/3327
f 3391/3391/3391 3327/3327/3327 3326/3326/3326
f 3392/3392/3392 3328/3328/3328 3242/3242/3242
f 3392/3392/3392 3242/3242/3242 3327/3327/3327
f 3328/3328/3328 3402/3402/3402 3248/3248/3248
f 3328/3328/3328 3248/3248/3248 3242/3242/3242
f 3402/3402/3402 3401/3401/3401 3341/3341/3341
f 3402/3402/3402 3341/3341/3341 3248/3248/3248
f 3401/3401/3401 3400/3400/3400 3340/3340/3340
f 3401/3401/3401 3340/3340/3340 3341/3341/3341
f 3400/3400/3400 3458/3458/3458 3339/3339/3339
f 3400/3400/3400 3339/3339/3339 3340/3340/3340
f 3458/3458/3458 3338/3338/3338 3339/3339/3339
f 3471/3471/3471 3470/3470/3470 3457/3457/3457
f 3471/3471/3471 3457/3457/3457 3458/3458/3458
f 3470/3470/3470 3456/3456/3456 3457/3457/3457
f 3455/3455/3455 3468/3468/3468 3499/3499/3499
f 3499/3499/3499 3468/3468/3468 3467/3467/3467
f 3499/3499/3499 3467/3467/3467 3498/3498/3498
f 3467/3467/3467 3501/3501/3501 3497/3497/3497
f 3467/3467/3467 3497/3497/3497 3498/3498/3498
f 3500/3500/3500 3496/3496/3496 3497/3497/3497
f 3500/3500/3500 3497/3497/3497 3501/3501/3501
f 3464/3464/3464 3495/3495/3495 3496/3496/3496
f 3464/3464/3464 3496/3496/3496 3500/3500/3500
f 3453/3453/3453 3495/3495/3495 3464/3464/3464
f 3462/3462/3462 3452/3452/3452 3453/3453/3453
f 3461/3461/3461 3452/3452/3452 3462/3462/3462
f 3460/3460/3460 3451/3451/3451 3452/3452/3452
f 3460/3460/3460 3452/3452/3452 3461/3461/3461
f 3396/3396/3396 3335/3335/3335 3337/3337/3337
f 3396/3396/3396 3337/3337/3337 3451/3451/3451
f 3397/3397/3397 3396/3396/3396 3451/3451/3451
f 3403/3403/3403 3396/3396/3396 3397/3397/3397
f 3403/3403/3403 3397/3397/3397 3404/3404/3404
f 3404/3404/3404 3397/3397/3397 3451/3451/3451
f 3404/3404/3404 3451/3451/3451 3460/3460/3460
f 3404/3404/3404 3460/3460/3460 3406/3406/3406
f 3406/3406/3406 3460/3460/3460 3461/3461/3461
f 3406/3406/3406 3461/3461/3461 3407/3407/3407
f 3406/3406/3406 3404/3404/3404 3416/3416/3416
f 3416/3416/3416 3404/3404/3404 3351/3351/3351
f 3255/3255/3255 3204/3204/3204 3215/3215/3215
f 3215/3215/3215 3204/3204/3204 3144/3144/3144
f 3215/3215/3215 3144/3144/3144 3143/3143/3143
f 3012/3012/3012 3143/3143/3143 3106/3106/3106
f 3143/3143/3143 3203/3203/3203 3214/3214/3214
f 3214/3214/3214 3203/3203/3203 3215/3215/3215
f 3214/3214/3214 3215/3215/3215 3143/3143/3143
f 3214/3214/3214 3203/3203/3203 3254/3254/3254
f 3214/3214/3214 3254/3254/3254 3203/3203/3203
f 3203/3203/3203 3251/3251/3251 3254/3254/3254
f 3141/3141/3141 3203/3203/3203 3143/3143/3143
f 3203/3203/3203 3198/3198/3198 3251/3251/3251
f 3141/3141/3141 3198/3198/3198 3203/3203/3203
f 3012/3012/3012 3141/3141/3141 3143/3143/3143
f 3004/3004/3004 3141/3141/3141 3012/3012/3012
f 3004/3004/3004 3076/3076/3076 3138/3138/3138
f 3004/3004/3004 3138/3138/3138 3141/3141/3141
f 3076/3076/3076 3070/3070/3070 3134/3134/3134
f 3076/3076/3076 3134/3134/3134 3138/3138/3138
f 3076/3076/3076 3078/3078/3078 3072/3072/3072
f 3076/3076/3076 3072/3072/3072 3070/3070/3070
f 3070/3070/3070 3072/3072/3072 3066/3066/3066
f 3070/3070/3070 3066/3066/3066 3064/3064/3064
f 3064/3064/3064 3066/3066/3066 3059/3059/3059
f 3064/3064/3064 3059/3059/3059 3056/3056/3056
f 3056/3056/3056 3059/3059/3059 3050/3050/3050
f 3056/3056/3056 3050/3050/3050 3048/3048/3048
f 3004/3004/3004 3007/3007/3007 3078/3078/3078
f 3004/3004/3004 3078/3078/3078 3076/3076/3076
f 3012/3012/3012 3016/3016/3016 3007/3007/3007
f 3012/3012/3012 3007/3007/3007 3004/3004/3004
f 3254/3254/3254 3251/3251/3251 3255/3255/3255
f 3251/3251/3251 3345/3345/3345 3350/3350/3350
f 3251/3251/3251 3350/3350/3350 3255/3255/3255
f 3203/3203/3203 3254/3254/3254 3255/3255/3255
f 3255/3255/3255 3350/3350/3350 3346/3346/3346
f 3255/3255/3255 3346/3346/3346 3351/3351/3351
f 3350/3350/3350 3345/3345/3345 3395/3395/3395
f 3350/3350/3350 3395/3395/3395 3346/3346/3346
f 3351/3351/3351 3346/3346/3346 3403/3403/3403
f 3351/3351/3351 3403/3403/3403 3346/3346/3346
f 3346/3346/3346 3395/3395/3395 3396/3396/3396
f 3346/3346/3346 3396/3396/3396 3403/3403/3403
f 3346/3346/3346 3403/3403/3403 3404/3404/3404
f 3346/3346/3346 3404/3404/3404 3416/3416/3416
f 3346/3346/3346 3416/3416/3416 3351/3351/3351
f 3404/3404/3404 3406/3406/3406 3416/3416/3416
f 3203/3203/3203 3255/3255/3255 3215/3215/3215
f 3462/3462/3462 3408/3408/3408 3407/3407/3407
f 3462/3462/3462 3407/3407/3407 3461/3461/3461
f 3461/3461/3461 3462/3462/3462 3453/3453/3453
f 3461/3461/3461 3453/3453/3453 3462/3462/3462
f 3462/3462/3462 3453/3453/3453 3463/3463/3463
f 3463/3463/3463 3453/3453/3453 3464/3464/3464
f 3463/3463/3463 3408/3408/3408 3462/3462/3462
f 3464/3464/3464 3500/3500/3500 3465/3465/3465
f 3465/3465/3465 3500/3500/3500 3501/3501/3501
f 3465/3465/3465 3501/3501/3501 3466/3466/3466
f 3467/3467/3467 3466/3466/3466 3501/3501/3501
f 3469/3469/3469 3468/3468/3468 3455/3455/3455
f 3469/3469/3469 3455/3455/3455 3456/3456/3456
f 3468/3468/3468 3469/3469/3469 3410/3410/3410
f 3469/3469/3469 3470/3470/3470 3411/3411/3411
f 3469/3469/3469 3411/3411/3411 3410/3410/3410
f 3470/3470/3470 3412/3412/3412 3411/3411/3411
f 3413/3413/3413 3428/3428/3428 3414/3414/3414
f 3413/3413/3413 3414/3414/3414 3412/3412/3412
f 3428/3428/3428 3361/3361/3361 3414/3414/3414
f 3267/3267/3267 3225/3225/3225 3212/3212/3212
f 3267/3267/3267 3212/3212/3212 3266/3266/3266
f 3225/3225/3225 3156/3156/3156 3212/3212/3212
f 3157/3157/3157 3156/3156/3156 3225/3225/3225
f 3157/3157/3157 3225/3225/3225 3213/3213/3213
f 3225/3225/3225 3212/3212/3212 3267/3267/3267
f 3225/3225/3225 3267/3267/3267 3213/3213/3213
f 3212/3212/3212 3225/3225/3225 3267/3267/3267
f 3267/3267/3267 3266/3266/3266 3363/3363/3363
f 3266/3266/3266 3362/3362/3362 3348/3348/3348
f 3266/3266/3266 3348/3348/3348 3363/3363/3363
f 3362/3362/3362 3347/3347/3347 3415/3415/3415
f 3362/3362/3362 3415/3415/3415 3348/3348/3348
f 3362/3362/3362 3361/3361/3361 3347/3347/3347
f 3347/3347/3347 3414/3414/3414 3415/3415/3415
f 3347/3347/3347 3361/3361/3361 3428/3428/3428
f 3347/3347/3347 3428/3428/3428 3414/3414/3414
f 3414/3414/3414 3412/3412/3412 3471/3471/3471
f 3414/3414/3414 3428/3428/3428 3413/3413/3413
f 3414/3414/3414 3413/3413/3413 3412/3412/3412
f 3412/3412/3412 3470/3470/3470 3471/3471/3471
f 3470/3470/3470 3469/3469/3469 3456/3456/3456
f 3414/3414/3414 3471/3471/3471 3458/3458/3458
f 3414/3414/3414 3458/3458/3458 3400/3400/3400
f 3415/3415/3415 3414/3414/3414 3400/3400/3400
f 3415/3415/3415 3400/3400/3400 3401/3401/3401
f 3348/3348/3348 3415/3415/3415 3401/3401/3401
f 3348/3348/3348 3401/3401/3401 3402/3402/3402
f 3349/3349/3349 3402/3402/3402 3343/3343/3343
f 3343/3343/3343 3402/3402/3402 3328/3328/3328
f 3343/3343/3343 3328/3328/3328 3329/3329/3329
f 3329/3329/3329 3328/3328/3328 3317/3317/3317
f 3329/3329/3329 3317/3317/3317 3318/3318/3318
f 3392/3392/3392 3317/3317/3317 3328/3328/3328
f 3392/3392/3392 3385/3385/3385 3317/3317/3317
f 3317/3317/3317 3237/3237/3237 3318/3318/3318
f 3318/3318/3318 3237/3237/3237 3178/3178/3178
f 3318/3318/3318 3178/3178/3178 3244/3244/3244
f 3243/3243/3243 3329/3329/3329 3318/3318/3318
f 3243/3243/3243 3318/3318/3318 3244/3244/3244
f 3244/3244/3244 3178/3178/3178 3243/3243/3243
f 3329/3329/3329 3243/3243/3243 3244/3244/3244
f 3329/3329/3329 3244/3244/3244 3243/3243/3243
f 3250/3250/3250 3243/3243/3243 3329/3329/3329
f 3250/3250/3250 3329/3329/3329 3343/3343/3343
f 3250/3250/3250 3329/3329/3329 3243/3243/3243
f 3250/3250/3250 3343/3343/3343 3342/3342/3342
f 3343/3343/3343 3252/3252/3252 3250/3250/3250
f 3343/3343/3343 3250/3250/3250 3342/3342/3342
f 3253/3253/3253 3252/3252/3252 3343/3343/3343
f 3201/3201/3201 3253/3253/3253 3343/3343/3343
f 3201/3201/3201 3343/3343/3343 3252/3252/3252
f 3142/3142/3142 3201/3201/3201 3252/3252/3252
f 3142/3142/3142 3252/3252/3252 3200/3200/3200
f 3139/3139/3139 3142/3142/3142 3200/3200/3200
f 3136/3136/3136 3139/3139/3139 3200/3200/3200
f 3136/3136/3136 3200/3200/3200 3195/3195/3195
f 3133/3133/3133 3136/3136/3136 3195/3195/3195
f 3133/3133/3133 3195/3195/3195 3190/3190/3190
f 3128/3128/3128 3133/3133/3133 3190/3190/3190
f 3178/3178/3178 3128/3128/3128 3190/3190/3190
f 3178/3178/3178 3190/3190/3190 3243/3243/3243
f 3069/3069/3069 3133/3133/3133 3128/3128/3128
f 3069/3069/3069 3128/3128/3128 3062/3062/3062
f 3075/3075/3075 3136/3136/3136 3133/3133/3133
f 3075/3075/3075 3133/3133/3133 3069/3069/3069
f 3081/3081/3081 3139/3139/3139 3136/3136/3136
f 3081/3081/3081 3136/3136/3136 3075/3075/3075
f 3011/3011/3011 3142/3142/3142 3139/3139/3139
f 3011/3011/3011 3139/3139/3139 3081/3081/3081
f 3142/3142/3142 3213/3213/3213 3201/3201/3201
f 3213/3213/3213 3252/3252/3252 3253/3253/3253
f 3213/3213/3213 3253/3253/3253 3201/3201/3201
f 3142/3142/3142 3157/3157/3157 3213/3213/3213
f 3213/3213/3213 3267/3267/3267 3252/3252/3252
f 3252/3252/3252 3267/3267/3267 3363/3363/3363
f 3252/3252/3252 3363/3363/3363 3349/3349/3349
f 3250/3250/3250 3252/3252/3252 3349/3349/3349
f 3250/3250/3250 3349/3349/3349 3343/3343/3343
f 3363/3363/3363 3348/3348/3348 3402/3402/3402
f 3363/3363/3363 3402/3402/3402 3349/3349/3349
f 3250/3250/3250 3343/3343/3343 3329/3329/3329
f 3391/3391/3391 3384/3384/3384 3385/3385/3385
f 3391/3391/3391 3385/3385/3385 3392/3392/3392
f 3449/3449/3449 3383/3383/3383 3384/3384/3384
f 3449/3449/3449 3384/3384/3384 3391/3391/3391
f 3395/3395/3395 3334/3334/3334 3335/3335/3335
f 3395/3395/3395 3335/3335/3335 3396/3396/3396
f 3395/3395/3395 3247/3247/3247 3334/3334/3334
f 1405/1405/1405 1619/1619/1619 1616/1616/1616
f 1405/1405/1405 1616/1616/1616 1399/1399/1399
f 1396/1396/1396 1613/1613/1613 1619/1619/1619
f 1396/1396/1396 1619/1619/1619 1405/1405/1405
f 1613/1613/1613 1773/1773/1773 1771/1771/1771
f 1613/1613/1613 1771/1771/1771 1619/1619/1619
f 1773/1773/1773 1970/1970/1970 1969/1969/1969
f 1773/1773/1773 1969/1969/1969 1771/1771/1771
f 1970/1970/1970 2054/2054/2054 2052/2052/2052
f 1970/1970/1970 2052/2052/2052 1969/1969/1969
f 2054/2054/2054 2141/2141/2141 2140/2140/2140
f 2054/2054/2054 2140/2140/2140 2052/2052/2052
f 2141/2141/2141 2219/2219/2219 2217/2217/2217
f 2141/2141/2141 2217/2217/2217 2140/2140/2140
f 2219/2219/2219 2218/2218/2218 2217/2217/2217
f 2218/2218/2218 2301/2301/2301 2300/2300/2300
f 2218/2218/2218 2300/2300/2300 2217/2217/2217
f 2384/2384/2384 2383/2383/2383 2382/2382/2382
f 2384/2384/2384 2382/2382/2382 2381/2381/2381
f 2296/2296/2296 2381/2381/2381 2295/2295/2295
f 2216/2216/2216 2295/2295/2295 2294/2294/2294
f 2216/2216/2216 2294/2294/2294 2214/2214/2214
f 2215/2215/2215 2216/2216/2216 2214/2214/2214
f 2139/2139/2139 2215/2215/2215 2214/2214/2214
f 2139/2139/2139 2214/2214/2214 2137/2137/2137
f 2051/2051/2051 2139/2139/2139 2137/2137/2137
f 2051/2051/2051 2137/2137/2137 2050/2050/2050
f 1968/1968/1968 2051/2051/2051 2050/2050/2050
f 1968/1968/1968 2050/2050/2050 1966/1966/1966
f 1770/1770/1770 1968/1968/1968 1966/1966/1966
f 1770/1770/1770 1966/1966/1966 1768/1768/1768
f 1616/1616/1616 1770/1770/1770 1768/1768/1768
f 1616/1616/1616 1768/1768/1768 1605/1605/1605
f 1399/1399/1399 1616/1616/1616 1605/1605/1605
f 1399/1399/1399 1605/1605/1605 1395/1395/1395
f 1619/1619/1619 1771/1771/1771 1770/1770/1770
f 1619/1619/1619 1770/1770/1770 1616/1616/1616
f 1771/1771/1771 1969/1969/1969 1968/1968/1968
f 1771/1771/1771 1968/1968/1968 1770/1770/1770
f 1969/1969/1969 2052/2052/2052 2051/2051/2051
f 1969/1969/1969 2051/2051/2051 1968/1968/1968
f 2052/2052/2052 2140/2140/2140 2139/2139/2139
f 2052/2052/2052 2139/2139/2139 2051/2051/2051
f 2140/2140/2140 2217/2217/2217 2215/2215/2215
f 2140/2140/2140 2215/2215/2215 2139/2139/2139
f 2217/2217/2217 2216/2216/2216 2215/2215/2215
f 2217/2217/2217 2300/2300/2300 2295/2295/2295
f 2217/2217/2217 2295/2295/2295 2216/2216/2216
f 2300/2300/2300 2296/2296/2296 2295/2295/2295
f 2300/2300/2300 2384/2384/2384 2381/2381/2381
f 2300/2300/2300 2381/2381/2381 2296/2296/2296
f 1973/1973/1973 1936/1936/1936 1829/1829/1829
f 1973/1973/1973 1829/1829/1829 1898/1898/1898
f 1898/1898/1898 1492/1492/1492 1627/1627/1627
f 1898/1898/1898 1829/1829/1829 1492/1492/1492
f 1897/1897/1897 1898/1898/1898 1627/1627/1627
f 1896/1896/1896 1897/1897/1897 1627/1627/1627
f 1896/1896/1896 1627/1627/1627 1626/1626/1626
f 1895/1895/1895 1896/1896/1896 1626/1626/1626
f 1895/1895/1895 1626/1626/1626 1491/1491/1491
f 1828/1828/1828 1895/1895/1895 1491/1491/1491
f 1828/1828/1828 1491/1491/1491 1411/1411/1411
f 1828/1828/1828 1411/1411/1411 1490/1490/1490
f 1933/1933/1933 1971/1971/1971 1828/1828/1828
f 1971/1971/1971 1895/1895/1895 1828/1828/1828
f 1971/1971/1971 1972/1972/1972 1896/1896/1896
f 1971/1971/1971 1896/1896/1896 1895/1895/1895
f 1972/1972/1972 2059/2059/2059 1896/1896/1896
f 2059/2059/2059 2060/2060/2060 1897/1897/1897
f 2059/2059/2059 1897/1897/1897 1896/1896/1896
f 2060/2060/2060 1973/1973/1973 1898/1898/1898
f 2060/2060/2060 1898/1898/1898 1897/1897/1897
f 1829/1829/1829 1413/1413/1413 1492/1492/1492
f 1829/1829/1829 1492/1492/1492 1413/1413/1413
f 3443/3443/3443 3435/3435/3435 3434/3434/3434
f 3443/3443/3443 3434/3434/3434 3442/3442/3442
f 3442/3442/3442 3434/3434/3434 3435/3435/3435
f 3442/3442/3442 3435/3435/3435 3443/3443/3443
f 3492/3492/3492 3443/3443/3443 3442/3442/3442
f 3492/3492/3492 3442/3442/3442 3491/3491/3491
f 3491/3491/3491 3442/3442/3442 3488/3488/3488
f 3488/3488/3488 3442/3442/3442 3443/3443/3443
f 3488/3488/3488 3443/3443/3443 3489/3489/3489
f 3489/3489/3489 3492/3492/3492 3491/3491/3491
f 3489/3489/3489 3491/3491/3491 3488/3488/3488
f 3434/3434/3434 3488/3488/3488 3489/3489/3489
f 3434/3434/3434 3489/3489/3489 3435/3435/3435
f 3435/3435/3435 3489/3489/3489 3488/3488/3488
f 3435/3435/3435 3488/3488/3488 3434/3434/3434
f 3489/3489/3489 3443/3443/3443 3492/3492/3492
f 1607/1607/1607 1595/1595/1595 1596/1596/1596
f 727/727/727 807/807/807 806/806/806
f 727/727/727 806/806/806 726/726/726
f 807/807/807 727/727/727 726/726/726
f 807/807/807 726/726/726 806/806/806
f 2008/2008/2008 2007/2007/2007 2019/2019/2019
f 2008/2008/2008 2019/2019/2019 2007/2007/2007
f 3472/3472/3472 3423/3423/3423 3422/3422/3422
f 303/303/303 377/377/377 378/378/378
f 303/303/303 304/304/304 378/378/378
f 303/303/303 378/378/378 377/377/377
f 304/304/304 305/305/305 379/379/379
f 304/304/304 379/379/379 378/378/378
f 305/305/305 287/287/287 360/360/360
f 305/305/305 360/360/360 379/379/379
f 379/379/379 360/360/360 287/287/287
f 287/287/287 359/359/359 360/360/360
f 287/287/287 286/286/286 359/359/359
f 286/286/286 210/210/210 285/285/285
f 210/210/210 209/209/209 284/284/284
f 210/210/210 284/284/284 285/285/285
f 209/209/209 302/302/302 284/284/284
f 302/302/302 303/303/303 377/377/377
f 303/303/303 378/378/378 304/304/304
f 208/208/208 302/302/302 215/215/215
f 209/209/209 215/215/215 302/302/302
f 209/209/209 208/208/208 215/215/215
f 208/208/208 214/214/214 302/302/302
f 286/286/286 287/287/287 210/210/210
f 305/305/305 379/379/379 287/287/287
f 379/379/379 305/305/305 304/304/304
f 378/378/378 379/379/379 304/304/304
f 291/291/291 365/365/365 364/364/364
f 291/291/291 364/364/364 290/290/290
f 290/290/290 364/364/364 351/351/351
f 290/290/290 351/351/351 270/270/270
f 270/270/270 271/271/271 197/197/197
f 197/197/197 271/271/271 272/272/272
f 197/197/197 272/272/272 198/198/198
f 198/198/198 272/272/272 273/273/273
f 198/198/198 273/273/273 199/199/199
f 199/199/199 273/273/273 292/292/292
f 199/199/199 292/292/292 293/293/293
f 292/292/292 365/365/365 291/291/291
f 291/291/291 290/290/290 364/364/364
f 199/199/199 293/293/293 212/212/212
f 199/199/199 212/212/212 293/293/293
f 199/199/199 293/293/293 212/212/212
f 2830/2830/2830 2903/2903/2903 2908/2908/2908
f 2908/2908/2908 2903/2903/2903 2978/2978/2978
f 2903/2903/2903 2904/2904/2904 2979/2979/2979
f 2903/2903/2903 2979/2979/2979 2978/2978/2978
f 2830/2830/2830 2831/2831/2831 2904/2904/2904
f 2830/2830/2830 2904/2904/2904 2903/2903/2903
f 2754/2754/2754 2755/2755/2755 2831/2831/2831
f 2754/2754/2754 2831/2831/2831 2830/2830/2830
f 2685/2685/2685 2686/2686/2686 2755/2755/2755
f 2685/2685/2685 2755/2755/2755 2754/2754/2754
f 2609/2609/2609 2610/2610/2610 2686/2686/2686
f 2609/2609/2609 2686/2686/2686 2685/2685/2685
f 2549/2549/2549 2550/2550/2550 2610/2610/2610
f 2549/2549/2549 2610/2610/2610 2609/2609/2609
f 2500/2500/2500 2502/2502/2502 2550/2550/2550
f 2500/2500/2500 2550/2550/2550 2549/2549/2549
f 2507/2507/2507 2509/2509/2509 2502/2502/2502
f 2507/2507/2507 2502/2502/2502 2500/2500/2500
f 2514/2514/2514 2516/2516/2516 2509/2509/2509
f 2514/2514/2514 2509/2509/2509 2507/2507/2507
f 2569/2569/2569 2570/2570/2570 2516/2516/2516
f 2569/2569/2569 2516/2516/2516 2514/2514/2514
f 2574/2574/2574 2575/2575/2575 2570/2570/2570
f 2574/2574/2574 2570/2570/2570 2569/2569/2569
f 2575/2575/2575 2649/2649/2649 2643/2643/2643
f 2647/2647/2647 2649/2649/2649 2575/2575/2575
f 2647/2647/2647 2575/2575/2575 2574/2574/2574
f 2574/2574/2574 2642/2642/2642 2647/2647/2647
f 2642/2642/2642 2718/2718/2718 2647/2647/2647
f 2718/2718/2718 2719/2719/2719 2649/2649/2649
f 2718/2718/2718 2649/2649/2649 2647/2647/2647
f 2785/2785/2785 2786/2786/2786 2719/2719/2719
f 2785/2785/2785 2719/2719/2719 2718/2718/2718
f 2649/2649/2649 2719/2719/2719 2643/2643/2643
f 2863/2863/2863 2864/2864/2864 2786/2786/2786
f 2863/2863/2863 2786/2786/2786 2785/2785/2785
f 2941/2941/2941 2942/2942/2942 2864/2864/2864
f 2941/2941/2941 2864/2864/2864 2863/2863/2863
f 2863/2863/2863 2934/2934/2934 2941/2941/2941
f 2934/2934/2934 3004/3004/3004 2941/2941/2941
f 3004/3004/3004 3006/3006/3006 2942/2942/2942
f 3004/3004/3004 2942/2942/2942 2941/2941/2941
f 2942/2942/2942 2936/2936/2936 2864/2864/2864
f 2942/2942/2942 3006/3006/3006 2936/2936/2936
f 3076/3076/3076 3077/3077/3077 3006/3006/3006
f 3076/3076/3076 3006/3006/3006 3004/3004/3004
f 3070/3070/3070 3071/3071/3071 3077/3077/3077
f 3070/3070/3070 3077/3077/3077 3076/3076/3076
f 3064/3064/3064 3065/3065/3065 3071/3071/3071
f 3064/3064/3064 3071/3071/3071 3070/3070/3070
f 3056/3056/3056 3058/3058/3058 3065/3065/3065
f 3056/3056/3056 3065/3065/3065 3064/3064/3064
f 2978/2978/2978 2979/2979/2979 3058/3058/3058
f 2978/2978/2978 3058/3058/3058 3056/3056/3056
f 2982/2982/2982 2978/2978/2978 3056/3056/3056
f 2908/2908/2908 2978/2978/2978 2982/2982/2982
f 2982/2982/2982 3064/3064/3064 2986/2986/2986
f 2986/2986/2986 3064/3064/3064 3070/3070/3070
f 2986/2986/2986 3070/3070/3070 2992/2992/2992
f 2982/2982/2982 3056/3056/3056 3064/3064/3064
f 2992/2992/2992 3070/3070/3070 2998/2998/2998
f 3070/3070/3070 3076/3076/3076 2998/2998/2998
f 2998/2998/2998 3076/3076/3076 3004/3004/3004
f 2934/2934/2934 2998/2998/2998 3004/3004/3004
f 2934/2934/2934 2863/2863/2863 2857/2857/2857
f 2785/2785/2785 2857/2857/2857 2863/2863/2863
f 2785/2785/2785 2718/2718/2718 2712/2712/2712
f 2712/2712/2712 2718/2718/2718 2642/2642/2642
f 2642/2642/2642 2574/2574/2574 2569/2569/2569
f 2569/2569/2569 2636/2636/2636 2642/2642/2642
f 2563/2563/2563 2514/2514/2514 2507/2507/2507
f 2563/2563/2563 2507/2507/2507 2557/2557/2557
f 2569/2569/2569 2514/2514/2514 2563/2563/2563
f 2557/2557/2557 2507/2507/2507 2500/2500/2500
f 2557/2557/2557 2500/2500/2500 2553/2553/2553
f 2553/2553/2553 2500/2500/2500 2549/2549/2549
f 2614/2614/2614 2549/2549/2549 2609/2609/2609
f 2553/2553/2553 2549/2549/2549 2614/2614/2614
f 2614/2614/2614 2609/2609/2609 2685/2685/2685
f 2685/2685/2685 2690/2690/2690 2614/2614/2614
f 2979/2979/2979 2983/2983/2983 3058/3058/3058
f 2979/2979/2979 2910/2910/2910 2983/2983/2983
f 2904/2904/2904 2910/2910/2910 2979/2979/2979
f 2831/2831/2831 2910/2910/2910 2904/2904/2904
f 2610/2610/2610 2692/2692/2692 2686/2686/2686
f 2550/2550/2550 2616/2616/2616 2692/2692/2692
f 2550/2550/2550 2692/2692/2692 2610/2610/2610
f 2550/2550/2550 2554/2554/2554 2616/2616/2616
f 2502/2502/2502 2554/2554/2554 2550/2550/2550
f 2509/2509/2509 2559/2559/2559 2554/2554/2554
f 2509/2509/2509 2554/2554/2554 2502/2502/2502
f 2516/2516/2516 2565/2565/2565 2559/2559/2559
f 2516/2516/2516 2559/2559/2559 2509/2509/2509
f 2570/2570/2570 2565/2565/2565 2516/2516/2516
f 2575/2575/2575 2638/2638/2638 2570/2570/2570
f 2643/2643/2643 2638/2638/2638 2575/2575/2575
f 2719/2719/2719 2714/2714/2714 2643/2643/2643
f 2786/2786/2786 2714/2714/2714 2719/2719/2719
f 2864/2864/2864 2859/2859/2859 2786/2786/2786
f 2936/2936/2936 2859/2859/2859 2864/2864/2864
f 3006/3006/3006 3000/3000/3000 2936/2936/2936
f 3077/3077/3077 3000/3000/3000 3006/3006/3006
f 3071/3071/3071 2994/2994/2994 3000/3000/3000
f 3071/3071/3071 3000/3000/3000 3077/3077/3077
f 3065/3065/3065 2988/2988/2988 2994/2994/2994
f 3065/3065/3065 2994/2994/2994 3071/3071/3071
f 3058/3058/3058 2983/2983/2983 2988/2988/2988
f 3058/3058/3058 2988/2988/2988 3065/3065/3065
f 2772/2772/2772 2769/2769/2769 2845/2845/2845
f 2772/2772/2772 2845/2845/2845 2849/2849/2849
f 2849/2849/2849 2845/2845/2845 2846/2846/2846
f 2849/2849/2849 2846/2846/2846 2850/2850/2850
f 2998/2998/2998 2993/2993/2993 2992/2992/2992
f 2998/2998/2998 2924/2924/2924 2993/2993/2993
f 2982/2982/2982 2915/2915/2915 2914/2914/2914
f 2845/2845/2845 2914/2914/2914 2920/2920/2920
f 2928/2928/2928 2924/2924/2924 2998/2998/2998
f 2849/2849/2849 2924/2924/2924 2928/2928/2928
f 2849/2849/2849 2928/2928/2928 2853/2853/2853
f 2849/2849/2849 2850/2850/2850 2772/2772/2772
f 2772/2772/2772 2850/2850/2850 2773/2773/2773
f 2772/2772/2772 2773/2773/2773 2776/2776/2776
f 2775/2775/2775 2772/2772/2772 2776/2776/2776
f 2779/2779/2779 2775/2775/2775 2780/2780/2780
f 2857/2857/2857 2863/2863/2863 2779/2779/2779
f 3004/3004/3004 2934/2934/2934 2928/2928/2928
f 2998/2998/2998 3004/3004/3004 2928/2928/2928
f 2863/2863/2863 2785/2785/2785 2779/2779/2779
f 2775/2775/2775 2718/2718/2718 2712/2712/2712
f 2775/2775/2775 2712/2712/2712 2708/2708/2708
f 2775/2775/2775 2779/2779/2779 2718/2718/2718
f 2785/2785/2785 2718/2718/2718 2779/2779/2779
f 2712/2712/2712 2713/2713/2713 2708/2708/2708
f 2708/2708/2708 2705/2705/2705 2772/2772/2772
f 2705/2705/2705 2704/2704/2704 2772/2772/2772
f 2563/2563/2563 2632/2632/2632 2564/2564/2564
f 2569/2569/2569 2636/2636/2636 2642/2642/2642
f 2632/2632/2632 2563/2563/2563 2626/2626/2626
f 2614/2614/2614 2620/2620/2620 2553/2553/2553
f 2690/2690/2690 2691/2691/2691 2614/2614/2614
f 2690/2690/2690 2696/2696/2696 2691/2691/2691
f 2696/2696/2696 2700/2700/2700 2701/2701/2701
f 2700/2700/2700 2769/2769/2769 2701/2701/2701
f 2769/2769/2769 2700/2700/2700 2696/2696/2696
f 2696/2696/2696 2690/2690/2690 2685/2685/2685
f 2696/2696/2696 2685/2685/2685 2690/2690/2690
f 2908/2908/2908 2841/2841/2841 2909/2909/2909
f 2841/2841/2841 2845/2845/2845 2842/2842/2842
f 2845/2845/2845 2769/2769/2769 2770/2770/2770
f 2845/2845/2845 2770/2770/2770 2842/2842/2842
f 2914/2914/2914 2841/2841/2841 2908/2908/2908
f 2914/2914/2914 2908/2908/2908 2978/2978/2978
f 2908/2908/2908 2835/2835/2835 2830/2830/2830
f 2914/2914/2914 2978/2978/2978 2982/2982/2982
f 2841/2841/2841 2914/2914/2914 2845/2845/2845
f 2754/2754/2754 2830/2830/2830 2835/2835/2835
f 2754/2754/2754 2835/2835/2835 2759/2759/2759
f 2685/2685/2685 2754/2754/2754 2759/2759/2759
f 2690/2690/2690 2685/2685/2685 2759/2759/2759
f 2690/2690/2690 2759/2759/2759 2691/2691/2691
f 2690/2690/2690 2691/2691/2691 2759/2759/2759
f 2765/2765/2765 2766/2766/2766 2770/2770/2770
f 2765/2765/2765 2770/2770/2770 2769/2769/2769
f 2765/2765/2765 2690/2690/2690 2759/2759/2759
f 2696/2696/2696 2690/2690/2690 2765/2765/2765
f 2769/2769/2769 2696/2696/2696 2765/2765/2765
f 2701/2701/2701 2769/2769/2769 2700/2700/2700
f 2557/2557/2557 2558/2558/2558 2626/2626/2626
f 2626/2626/2626 2563/2563/2563 2557/2557/2557
f 2704/2704/2704 2632/2632/2632 2626/2626/2626
f 2704/2704/2704 2626/2626/2626 2700/2700/2700
f 2700/2700/2700 2772/2772/2772 2704/2704/2704
f 2769/2769/2769 2772/2772/2772 2700/2700/2700
f 2772/2772/2772 2775/2775/2775 2708/2708/2708
f 2773/2773/2773 2776/2776/2776 2850/2850/2850
f 2773/2773/2773 2850/2850/2850 2776/2776/2776
f 2773/2773/2773 2776/2776/2776 2705/2705/2705
f 2773/2773/2773 2705/2705/2705 2776/2776/2776
f 2773/2773/2773 2701/2701/2701 2705/2705/2705
f 2701/2701/2701 2773/2773/2773 2705/2705/2705
f 2770/2770/2770 2701/2701/2701 2766/2766/2766
f 2766/2766/2766 2701/2701/2701 2697/2697/2697
f 2701/2701/2701 2766/2766/2766 2697/2697/2697
f 2770/2770/2770 2766/2766/2766 2701/2701/2701
f 2770/2770/2770 2766/2766/2766 2842/2842/2842
f 2770/2770/2770 2842/2842/2842 2766/2766/2766
f 2770/2770/2770 2846/2846/2846 2842/2842/2842
f 2846/2846/2846 2770/2770/2770 2842/2842/2842
f 2776/2776/2776 2850/2850/2850 2854/2854/2854
f 2850/2850/2850 2776/2776/2776 2854/2854/2854
f 2616/2616/2616 2615/2615/2615 2691/2691/2691
f 2616/2616/2616 2691/2691/2691 2692/2692/2692
f 2615/2615/2615 2614/2614/2614 2690/2690/2690
f 2615/2615/2615 2690/2690/2690 2691/2691/2691
f 2621/2621/2621 2620/2620/2620 2614/2614/2614
f 2621/2621/2621 2614/2614/2614 2615/2615/2615
f 2622/2622/2622 2621/2621/2621 2615/2615/2615
f 2622/2622/2622 2615/2615/2615 2616/2616/2616
f 2692/2692/2692 2610/2610/2610 2616/2616/2616
f 2616/2616/2616 2554/2554/2554 2622/2622/2622
f 2622/2622/2622 2554/2554/2554 2628/2628/2628
f 2628/2628/2628 2554/2554/2554 2559/2559/2559
f 2565/2565/2565 2570/2570/2570 2638/2638/2638
f 2638/2638/2638 2570/2570/2570 2575/2575/2575
f 2638/2638/2638 2575/2575/2575 2643/2643/2643
f 2638/2638/2638 2643/2643/2643 2714/2714/2714
f 2714/2714/2714 2643/2643/2643 2719/2719/2719
f 2714/2714/2714 2719/2719/2719 2786/2786/2786
f 2714/2714/2714 2786/2786/2786 2781/2781/2781
f 2781/2781/2781 2786/2786/2786 2864/2864/2864
f 2781/2781/2781 2864/2864/2864 2859/2859/2859
f 2859/2859/2859 2864/2864/2864 2936/2936/2936
f 2936/2936/2936 3006/3006/3006 2930/2930/2930
f 2930/2930/2930 3006/3006/3006 3000/3000/3000
f 2988/2988/2988 2983/2983/2983 2916/2916/2916
f 2916/2916/2916 2983/2983/2983 2910/2910/2910
f 2910/2910/2910 2904/2904/2904 2837/2837/2837
f 2837/2837/2837 2904/2904/2904 2831/2831/2831
f 2837/2837/2837 2831/2831/2831 2755/2755/2755
f 2837/2837/2837 2755/2755/2755 2761/2761/2761
f 2761/2761/2761 2755/2755/2755 2686/2686/2686
f 2761/2761/2761 2686/2686/2686 2692/2692/2692
f 2692/2692/2692 2686/2686/2686 2610/2610/2610
f 2692/2692/2692 2691/2691/2691 2760/2760/2760
f 2692/2692/2692 2760/2760/2760 2761/2761/2761
f 2691/2691/2691 2690/2690/2690 2759/2759/2759
f 2691/2691/2691 2759/2759/2759 2760/2760/2760
f 2760/2760/2760 2759/2759/2759 2835/2835/2835
f 2760/2760/2760 2835/2835/2835 2836/2836/2836
f 2761/2761/2761 2760/2760/2760 2836/2836/2836
f 2761/2761/2761 2836/2836/2836 2837/2837/2837
f 2836/2836/2836 2835/2835/2835 2908/2908/2908
f 2836/2836/2836 2908/2908/2908 2909/2909/2909
f 2837/2837/2837 2836/2836/2836 2909/2909/2909
f 2837/2837/2837 2909/2909/2909 2910/2910/2910
f 2909/2909/2909 2908/2908/2908 2982/2982/2982
f 2909/2909/2909 2982/2982/2982 2915/2915/2915
f 2910/2910/2910 2909/2909/2909 2915/2915/2915
f 2910/2910/2910 2915/2915/2915 2916/2916/2916
f 2915/2915/2915 2982/2982/2982 2986/2986/2986
f 2915/2915/2915 2986/2986/2986 2987/2987/2987
f 2916/2916/2916 2915/2915/2915 2987/2987/2987
f 2916/2916/2916 2987/2987/2987 2988/2988/2988
f 2987/2987/2987 2986/2986/2986 2992/2992/2992
f 2987/2987/2987 2992/2992/2992 2993/2993/2993
f 2988/2988/2988 2987/2987/2987 2993/2993/2993
f 2988/2988/2988 2993/2993/2993 2994/2994/2994
f 2993/2993/2993 2992/2992/2992 2998/2998/2998
f 2993/2993/2993 2998/2998/2998 2999/2999/2999
f 2994/2994/2994 2993/2993/2993 2999/2999/2999
f 2994/2994/2994 2999/2999/2999 3000/3000/3000
f 2999/2999/2999 2998/2998/2998 2928/2928/2928
f 2999/2999/2999 2928/2928/2928 2929/2929/2929
f 3000/3000/3000 2999/2999/2999 2929/2929/2929
f 3000/3000/3000 2929/2929/2929 2930/2930/2930
f 2929/2929/2929 2928/2928/2928 2934/2934/2934
f 2929/2929/2929 2934/2934/2934 2935/2935/2935
f 2930/2930/2930 2929/2929/2929 2935/2935/2935
f 2930/2930/2930 2935/2935/2935 2936/2936/2936
f 2935/2935/2935 2934/2934/2934 2857/2857/2857
f 2935/2935/2935 2857/2857/2857 2858/2858/2858
f 2936/2936/2936 2935/2935/2935 2858/2858/2858
f 2936/2936/2936 2858/2858/2858 2859/2859/2859
f 2858/2858/2858 2857/2857/2857 2779/2779/2779
f 2858/2858/2858 2779/2779/2779 2780/2780/2780
f 2859/2859/2859 2858/2858/2858 2780/2780/2780
f 2859/2859/2859 2780/2780/2780 2781/2781/2781
f 2780/2780/2780 2779/2779/2779 2712/2712/2712
f 2780/2780/2780 2712/2712/2712 2713/2713/2713
f 2781/2781/2781 2780/2780/2780 2713/2713/2713
f 2781/2781/2781 2713/2713/2713 2714/2714/2714
f 2713/2713/2713 2712/2712/2712 2642/2642/2642
f 2713/2713/2713 2642/2642/2642 2636/2636/2636
f 2713/2713/2713 2636/2636/2636 2637/2637/2637
f 2714/2714/2714 2713/2713/2713 2637/2637/2637
f 2714/2714/2714 2637/2637/2637 2638/2638/2638
f 2637/2637/2637 2636/2636/2636 2569/2569/2569
f 2637/2637/2637 2569/2569/2569 2563/2563/2563
f 2637/2637/2637 2563/2563/2563 2564/2564/2564
f 2638/2638/2638 2637/2637/2637 2564/2564/2564
f 2638/2638/2638 2564/2564/2564 2565/2565/2565
f 2564/2564/2564 2563/2563/2563 2557/2557/2557
f 2564/2564/2564 2557/2557/2557 2558/2558/2558
f 2565/2565/2565 2564/2564/2564 2558/2558/2558
f 2565/2565/2565 2558/2558/2558 2559/2559/2559
f 2558/2558/2558 2557/2557/2557 2627/2627/2627
f 2559/2559/2559 2558/2558/2558 2627/2627/2627
f 2559/2559/2559 2627/2627/2627 2628/2628/2628
f 2627/2627/2627 2557/2557/2557 2620/2620/2620
f 2627/2627/2627 2620/2620/2620 2621/2621/2621
f 2628/2628/2628 2627/2627/2627 2621/2621/2621
f 2628/2628/2628 2621/2621/2621 2622/2622/2622
f 2553/2553/2553 2620/2620/2620 2557/2557/2557
f 2614/2614/2614 2620/2620/2620 2553/2553/2553
f 2754/2754/2754 2759/2759/2759 2690/2690/2690
f 2754/2754/2754 2690/2690/2690 2685/2685/2685
f 2830/2830/2830 2835/2835/2835 2759/2759/2759
f 2830/2830/2830 2759/2759/2759 2754/2754/2754
f 2908/2908/2908 2835/2835/2835 2830/2830/2830
f 2934/2934/2934 2928/2928/2928 2998/2998/2998
f 2785/2785/2785 2779/2779/2779 2857/2857/2857
f 2712/2712/2712 2779/2779/2779 2785/2785/2785
f 2691/2691/2691 2766/2766/2766 2760/2760/2760
f 2697/2697/2697 2766/2766/2766 2691/2691/2691
f 2621/2621/2621 2701/2701/2701 2697/2697/2697
f 2627/2627/2627 2701/2701/2701 2621/2621/2621
f 2633/2633/2633 2705/2705/2705 2701/2701/2701
f 2633/2633/2633 2701/2701/2701 2627/2627/2627
f 2637/2637/2637 2705/2705/2705 2633/2633/2633
f 2709/2709/2709 2705/2705/2705 2637/2637/2637
f 2780/2780/2780 2776/2776/2776 2709/2709/2709
f 2858/2858/2858 2854/2854/2854 2776/2776/2776
f 2858/2858/2858 2776/2776/2776 2780/2780/2780
f 2929/2929/2929 2850/2850/2850 2854/2854/2854
f 2929/2929/2929 2854/2854/2854 2858/2858/2858
f 2925/2925/2925 2850/2850/2850 2929/2929/2929
f 2921/2921/2921 2846/2846/2846 2850/2850/2850
f 2921/2921/2921 2850/2850/2850 2925/2925/2925
f 2915/2915/2915 2846/2846/2846 2921/2921/2921
f 2836/2836/2836 2842/2842/2842 2846/2846/2846
f 2836/2836/2836 2846/2846/2846 2915/2915/2915
f 2836/2836/2836 2766/2766/2766 2842/2842/2842
f 2760/2760/2760 2766/2766/2766 2836/2836/2836
f 2766/2766/2766 2836/2836/2836 2842/2842/2842
f 2766/2766/2766 2760/2760/2760 2836/2836/2836
f 2766/2766/2766 2691/2691/2691 2760/2760/2760
f 2842/2842/2842 2836/2836/2836 2915/2915/2915
f 2842/2842/2842 2915/2915/2915 2846/2846/2846
f 2846/2846/2846 2915/2915/2915 2921/2921/2921
f 2846/2846/2846 2921/2921/2921 2925/2925/2925
f 2846/2846/2846 2925/2925/2925 2850/2850/2850
f 2850/2850/2850 2925/2925/2925 2929/2929/2929
f 2850/2850/2850 2929/2929/2929 2858/2858/2858
f 2850/2850/2850 2858/2858/2858 2854/2854/2854
f 2854/2854/2854 2858/2858/2858 2780/2780/2780
f 2854/2854/2854 2780/2780/2780 2776/2776/2776
f 2776/2776/2776 2780/2780/2780 2709/2709/2709
f 2709/2709/2709 2637/2637/2637 2705/2705/2705
f 2705/2705/2705 2637/2637/2637 2633/2633/2633
f 2705/2705/2705 2633/2633/2633 2627/2627/2627
f 2705/2705/2705 2627/2627/2627 2701/2701/2701
f 2701/2701/2701 2627/2627/2627 2621/2621/2621
f 2701/2701/2701 2621/2621/2621 2697/2697/2697
f 2697/2697/2697 2691/2691/2691 2766/2766/2766
f 2709/2709/2709 2637/2637/2637 2705/2705/2705
f 2705/2705/2705 2637/2637/2637 2633/2633/2633
f 2637/2637/2637 2709/2709/2709 2713/2713/2713
f 2709/2709/2709 2705/2705/2705 2637/2637/2637
f 2705/2705/2705 2633/2633/2633 2637/2637/2637
f 2637/2637/2637 2713/2713/2713 2709/2709/2709
f 2624/2624/2624 2618/2618/2618 2619/2619/2619
f 2624/2624/2624 2619/2619/2619 2625/2625/2625
f 2618/2618/2618 2694/2694/2694 2695/2695/2695
f 2618/2618/2618 2695/2695/2695 2619/2619/2619
f 2617/2617/2617 2693/2693/2693 2694/2694/2694
f 2617/2617/2617 2694/2694/2694 2618/2618/2618
f 2623/2623/2623 2617/2617/2617 2618/2618/2618
f 2623/2623/2623 2618/2618/2618 2624/2624/2624
f 2693/2693/2693 2617/2617/2617 2611/2611/2611
f 2617/2617/2617 2623/2623/2623 2555/2555/2555
f 2623/2623/2623 2629/2629/2629 2555/2555/2555
f 2629/2629/2629 2560/2560/2560 2555/2555/2555
f 2566/2566/2566 2639/2639/2639 2571/2571/2571
f 2639/2639/2639 2578/2578/2578 2571/2571/2571
f 2639/2639/2639 2715/2715/2715 2644/2644/2644
f 2639/2639/2639 2644/2644/2644 2578/2578/2578
f 2715/2715/2715 2720/2720/2720 2644/2644/2644
f 2715/2715/2715 2782/2782/2782 2787/2787/2787
f 2715/2715/2715 2787/2787/2787 2720/2720/2720
f 2782/2782/2782 2865/2865/2865 2787/2787/2787
f 2782/2782/2782 2860/2860/2860 2865/2865/2865
f 2860/2860/2860 2937/2937/2937 2865/2865/2865
f 2937/2937/2937 2931/2931/2931 3009/3009/3009
f 2931/2931/2931 3001/3001/3001 3009/3009/3009
f 2989/2989/2989 2917/2917/2917 2984/2984/2984
f 2917/2917/2917 2911/2911/2911 2984/2984/2984
f 2911/2911/2911 2838/2838/2838 2905/2905/2905
f 2838/2838/2838 2832/2832/2832 2905/2905/2905
f 2838/2838/2838 2762/2762/2762 2756/2756/2756
f 2838/2838/2838 2756/2756/2756 2832/2832/2832
f 2762/2762/2762 2693/2693/2693 2687/2687/2687
f 2762/2762/2762 2687/2687/2687 2756/2756/2756
f 2693/2693/2693 2611/2611/2611 2687/2687/2687
f 2693/2693/2693 2762/2762/2762 2763/2763/2763
f 2693/2693/2693 2763/2763/2763 2694/2694/2694
f 2694/2694/2694 2763/2763/2763 2764/2764/2764
f 2694/2694/2694 2764/2764/2764 2695/2695/2695
f 2763/2763/2763 2839/2839/2839 2840/2840/2840
f 2763/2763/2763 2840/2840/2840 2764/2764/2764
f 2762/2762/2762 2838/2838/2838 2839/2839/2839
f 2762/2762/2762 2839/2839/2839 2763/2763/2763
f 2839/2839/2839 2912/2912/2912 2913/2913/2913
f 2839/2839/2839 2913/2913/2913 2840/2840/2840
f 2838/2838/2838 2911/2911/2911 2912/2912/2912
f 2838/2838/2838 2912/2912/2912 2839/2839/2839
f 2912/2912/2912 2918/2918/2918 2985/2985/2985
f 2912/2912/2912 2985/2985/2985 2913/2913/2913
f 2911/2911/2911 2917/2917/2917 2918/2918/2918
f 2911/2911/2911 2918/2918/2918 2912/2912/2912
f 2918/2918/2918 2990/2990/2990 2991/2991/2991
f 2918/2918/2918 2991/2991/2991 2985/2985/2985
f 2917/2917/2917 2989/2989/2989 2990/2990/2990
f 2917/2917/2917 2990/2990/2990 2918/2918/2918
f 2990/2990/2990 2996/2996/2996 2997/2997/2997
f 2990/2990/2990 2997/2997/2997 2991/2991/2991
f 2989/2989/2989 2995/2995/2995 2996/2996/2996
f 2989/2989/2989 2996/2996/2996 2990/2990/2990
f 2996/2996/2996 3002/3002/3002 3003/3003/3003
f 2996/2996/2996 3003/3003/3003 2997/2997/2997
f 2995/2995/2995 3001/3001/3001 3002/3002/3002
f 2995/2995/2995 3002/3002/3002 2996/2996/2996
f 3002/3002/3002 2932/2932/2932 2933/2933/2933
f 3002/3002/3002 2933/2933/2933 3003/3003/3003
f 3001/3001/3001 2931/2931/2931 2932/2932/2932
f 3001/3001/3001 2932/2932/2932 3002/3002/3002
f 2932/2932/2932 2939/2939/2939 2940/2940/2940
f 2932/2932/2932 2940/2940/2940 2933/2933/2933
f 2931/2931/2931 2937/2937/2937 2939/2939/2939
f 2931/2931/2931 2939/2939/2939 2932/2932/2932
f 2939/2939/2939 2861/2861/2861 2862/2862/2862
f 2939/2939/2939 2862/2862/2862 2940/2940/2940
f 2937/2937/2937 2860/2860/2860 2861/2861/2861
f 2937/2937/2937 2861/2861/2861 2939/2939/2939
f 2861/2861/2861 2783/2783/2783 2784/2784/2784
f 2861/2861/2861 2784/2784/2784 2862/2862/2862
f 2860/2860/2860 2782/2782/2782 2783/2783/2783
f 2860/2860/2860 2783/2783/2783 2861/2861/2861
f 2783/2783/2783 2716/2716/2716 2717/2717/2717
f 2783/2783/2783 2717/2717/2717 2784/2784/2784
f 2782/2782/2782 2715/2715/2715 2716/2716/2716
f 2782/2782/2782 2716/2716/2716 2783/2783/2783
f 2716/2716/2716 2646/2646/2646 2717/2717/2717
f 2716/2716/2716 2640/2640/2640 2641/2641/2641
f 2716/2716/2716 2641/2641/2641 2646/2646/2646
f 2715/2715/2715 2639/2639/2639 2640/2640/2640
f 2715/2715/2715 2640/2640/2640 2716/2716/2716
f 2640/2640/2640 2573/2573/2573 2641/2641/2641
f 2640/2640/2640 2567/2567/2567 2568/2568/2568
f 2640/2640/2640 2568/2568/2568 2573/2573/2573
f 2639/2639/2639 2566/2566/2566 2567/2567/2567
f 2639/2639/2639 2567/2567/2567 2640/2640/2640
f 2567/2567/2567 2561/2561/2561 2562/2562/2562
f 2567/2567/2567 2562/2562/2562 2568/2568/2568
f 2566/2566/2566 2560/2560/2560 2561/2561/2561
f 2566/2566/2566 2561/2561/2561 2567/2567/2567
f 2561/2561/2561 2630/2630/2630 2562/2562/2562
f 2560/2560/2560 2629/2629/2629 2630/2630/2630
f 2560/2560/2560 2630/2630/2630 2561/2561/2561
f 2630/2630/2630 2624/2624/2624 2625/2625/2625
f 2630/2630/2630 2625/2625/2625 2562/2562/2562
f 2629/2629/2629 2623/2623/2623 2624/2624/2624
f 2629/2629/2629 2624/2624/2624 2630/2630/2630
f 2556/2556/2556 2562/2562/2562 2625/2625/2625
f 2619/2619/2619 2556/2556/2556 2625/2625/2625
f 2758/2758/2758 2689/2689/2689 2695/2695/2695
f 2758/2758/2758 2695/2695/2695 2764/2764/2764
f 2834/2834/2834 2758/2758/2758 2764/2764/2764
f 2834/2834/2834 2764/2764/2764 2840/2840/2840
f 2913/2913/2913 2834/2834/2834 2840/2840/2840
f 2940/2940/2940 3003/3003/3003 2933/2933/2933
f 2789/2789/2789 2862/2862/2862 2784/2784/2784
f 2717/2717/2717 2789/2789/2789 2784/2784/2784
f 2834/2834/2834 2913/2913/2913 2907/2907/2907
f 2913/2913/2913 2981/2981/2981 2907/2907/2907
f 2913/2913/2913 2985/2985/2985 2981/2981/2981
f 2985/2985/2985 3062/3062/3062 2981/2981/2981
f 2991/2991/2991 2997/2997/2997 3075/3075/3075
f 2991/2991/2991 3075/3075/3075 3069/3069/3069
f 2985/2985/2985 2991/2991/2991 3069/3069/3069
f 2985/2985/2985 3069/3069/3069 3062/3062/3062
f 3075/3075/3075 3003/3003/3003 3081/3081/3081
f 2997/2997/2997 3003/3003/3003 3075/3075/3075
f 3003/3003/3003 3011/3011/3011 3081/3081/3081
f 2940/2940/2940 3011/3011/3011 3003/3003/3003
f 2940/2940/2940 2862/2862/2862 2867/2867/2867
f 2789/2789/2789 2867/2867/2867 2862/2862/2862
f 2789/2789/2789 2717/2717/2717 2722/2722/2722
f 2717/2717/2717 2646/2646/2646 2722/2722/2722
f 2646/2646/2646 2573/2573/2573 2580/2580/2580
f 2573/2573/2573 2646/2646/2646 2641/2641/2641
f 2573/2573/2573 2568/2568/2568 2520/2520/2520
f 2568/2568/2568 2562/2562/2562 2513/2513/2513
f 2568/2568/2568 2513/2513/2513 2520/2520/2520
f 2562/2562/2562 2556/2556/2556 2506/2506/2506
f 2562/2562/2562 2506/2506/2506 2513/2513/2513
f 2556/2556/2556 2552/2552/2552 2506/2506/2506
f 2556/2556/2556 2619/2619/2619 2552/2552/2552
f 2619/2619/2619 2613/2613/2613 2552/2552/2552
f 2619/2619/2619 2689/2689/2689 2613/2613/2613
f 2613/2613/2613 2689/2689/2689 2688/2688/2688
f 2613/2613/2613 2688/2688/2688 2612/2612/2612
f 2552/2552/2552 2613/2613/2613 2612/2612/2612
f 2552/2552/2552 2612/2612/2612 2551/2551/2551
f 2506/2506/2506 2552/2552/2552 2551/2551/2551
f 2506/2506/2506 2551/2551/2551 2505/2505/2505
f 2513/2513/2513 2506/2506/2506 2505/2505/2505
f 2513/2513/2513 2505/2505/2505 2512/2512/2512
f 2520/2520/2520 2513/2513/2513 2512/2512/2512
f 2520/2520/2520 2512/2512/2512 2519/2519/2519
f 2573/2573/2573 2520/2520/2520 2519/2519/2519
f 2573/2573/2573 2519/2519/2519 2572/2572/2572
f 2580/2580/2580 2573/2573/2573 2572/2572/2572
f 2580/2580/2580 2572/2572/2572 2579/2579/2579
f 2580/2580/2580 2653/2653/2653 2646/2646/2646
f 2653/2653/2653 2580/2580/2580 2579/2579/2579
f 2653/2653/2653 2579/2579/2579 2652/2652/2652
f 2646/2646/2646 2653/2653/2653 2722/2722/2722
f 2722/2722/2722 2653/2653/2653 2652/2652/2652
f 2722/2722/2722 2652/2652/2652 2721/2721/2721
f 2579/2579/2579 2645/2645/2645 2652/2652/2652
f 2652/2652/2652 2645/2645/2645 2721/2721/2721
f 2789/2789/2789 2722/2722/2722 2721/2721/2721
f 2789/2789/2789 2721/2721/2721 2788/2788/2788
f 2867/2867/2867 2789/2789/2789 2788/2788/2788
f 2867/2867/2867 2788/2788/2788 2866/2866/2866
f 2948/2948/2948 2867/2867/2867 2866/2866/2866
f 2948/2948/2948 2866/2866/2866 2947/2947/2947
f 2867/2867/2867 2948/2948/2948 2940/2940/2940
f 2947/2947/2947 2866/2866/2866 2938/2938/2938
f 2947/2947/2947 2938/2938/2938 3010/3010/3010
f 3011/3011/3011 2948/2948/2948 2947/2947/2947
f 3011/3011/3011 2947/2947/2947 3010/3010/3010
f 3081/3081/3081 3011/3011/3011 3010/3010/3010
f 3081/3081/3081 3010/3010/3010 3080/3080/3080
f 2940/2940/2940 2948/2948/2948 3011/3011/3011
f 3075/3075/3075 3081/3081/3081 3080/3080/3080
f 3075/3075/3075 3080/3080/3080 3074/3074/3074
f 3069/3069/3069 3075/3075/3075 3074/3074/3074
f 3069/3069/3069 3074/3074/3074 3068/3068/3068
f 3062/3062/3062 3069/3069/3069 3068/3068/3068
f 3062/3062/3062 3068/3068/3068 3061/3061/3061
f 2981/2981/2981 3062/3062/3062 3061/3061/3061
f 2981/2981/2981 3061/3061/3061 2980/2980/2980
f 2907/2907/2907 2981/2981/2981 2980/2980/2980
f 2907/2907/2907 2980/2980/2980 2906/2906/2906
f 2834/2834/2834 2907/2907/2907 2906/2906/2906
f 2834/2834/2834 2906/2906/2906 2833/2833/2833
f 2758/2758/2758 2834/2834/2834 2833/2833/2833
f 2758/2758/2758 2833/2833/2833 2757/2757/2757
f 2757/2757/2757 2833/2833/2833 2832/2832/2832
f 2757/2757/2757 2832/2832/2832 2756/2756/2756
f 2833/2833/2833 2906/2906/2906 2911/2911/2911
f 2833/2833/2833 2911/2911/2911 2832/2832/2832
f 2688/2688/2688 2757/2757/2757 2756/2756/2756
f 2688/2688/2688 2756/2756/2756 2687/2687/2687
f 2612/2612/2612 2688/2688/2688 2687/2687/2687
f 2612/2612/2612 2687/2687/2687 2693/2693/2693
f 2551/2551/2551 2612/2612/2612 2693/2693/2693
f 2551/2551/2551 2693/2693/2693 2617/2617/2617
f 2551/2551/2551 2617/2617/2617 2555/2555/2555
f 2505/2505/2505 2551/2551/2551 2555/2555/2555
f 2512/2512/2512 2505/2505/2505 2555/2555/2555
f 2512/2512/2512 2555/2555/2555 2560/2560/2560
f 2519/2519/2519 2512/2512/2512 2560/2560/2560
f 2519/2519/2519 2560/2560/2560 2566/2566/2566
f 2572/2572/2572 2519/2519/2519 2566/2566/2566
f 2572/2572/2572 2566/2566/2566 2571/2571/2571
f 2579/2579/2579 2572/2572/2572 2571/2571/2571
f 2579/2579/2579 2571/2571/2571 2639/2639/2639
f 2645/2645/2645 2579/2579/2579 2639/2639/2639
f 2645/2645/2645 2639/2639/2639 2644/2644/2644
f 2721/2721/2721 2645/2645/2645 2644/2644/2644
f 2721/2721/2721 2644/2644/2644 2715/2715/2715
f 2788/2788/2788 2721/2721/2721 2715/2715/2715
f 2788/2788/2788 2715/2715/2715 2787/2787/2787
f 2866/2866/2866 2788/2788/2788 2787/2787/2787
f 2866/2866/2866 2787/2787/2787 2860/2860/2860
f 2938/2938/2938 2866/2866/2866 2860/2860/2860
f 2938/2938/2938 2860/2860/2860 2937/2937/2937
f 3010/3010/3010 2938/2938/2938 2937/2937/2937
f 3010/3010/3010 2937/2937/2937 3001/3001/3001
f 3080/3080/3080 3010/3010/3010 3001/3001/3001
f 3074/3074/3074 3080/3080/3080 3001/3001/3001
f 3074/3074/3074 3001/3001/3001 2995/2995/2995
f 3068/3068/3068 3074/3074/3074 2995/2995/2995
f 3068/3068/3068 2995/2995/2995 2989/2989/2989
f 3061/3061/3061 3068/3068/3068 2989/2989/2989
f 3061/3061/3061 2989/2989/2989 2984/2984/2984
f 2980/2980/2980 3061/3061/3061 2984/2984/2984
f 2980/2980/2980 2984/2984/2984 2911/2911/2911
f 2906/2906/2906 2980/2980/2980 2911/2911/2911
f 2689/2689/2689 2758/2758/2758 2757/2757/2757
f 2689/2689/2689 2757/2757/2757 2688/2688/2688
f 2689/2689/2689 2619/2619/2619 2695/2695/2695
f 2774/2774/2774 2852/2852/2852 2848/2848/2848
f 2774/2774/2774 2848/2848/2848 2771/2771/2771
f 3003/3003/3003 2997/2997/2997 2927/2927/2927
f 2933/2933/2933 3003/3003/3003 2927/2927/2927
f 2852/2852/2852 2933/2933/2933 2927/2927/2927
f 2852/2852/2852 2856/2856/2856 2933/2933/2933
f 2862/2862/2862 2784/2784/2784 2867/2867/2867
f 3011/3011/3011 2933/2933/2933 2940/2940/2940
f 3003/3003/3003 2933/2933/2933 3011/3011/3011
f 2867/2867/2867 2784/2784/2784 2789/2789/2789
f 2789/2789/2789 2784/2784/2784 2722/2722/2722
f 2778/2778/2778 2722/2722/2722 2784/2784/2784
f 2711/2711/2711 2774/2774/2774 2707/2707/2707
f 2703/2703/2703 2707/2707/2707 2774/2774/2774
f 2573/2573/2573 2646/2646/2646 2641/2641/2641
f 2778/2778/2778 2711/2711/2711 2717/2717/2717
f 2778/2778/2778 2717/2717/2717 2722/2722/2722
f 2635/2635/2635 2631/2631/2631 2568/2568/2568
f 2619/2619/2619 2556/2556/2556 2625/2625/2625
f 2771/2771/2771 2699/2699/2699 2703/2703/2703
f 2699/2699/2699 2689/2689/2689 2695/2695/2695
f 2771/2771/2771 2768/2768/2768 2699/2699/2699
f 2758/2758/2758 2764/2764/2764 2840/2840/2840
f 2758/2758/2758 2840/2840/2840 2834/2834/2834
f 2689/2689/2689 2764/2764/2764 2758/2758/2758
f 2695/2695/2695 2764/2764/2764 2689/2689/2689
f 2848/2848/2848 2844/2844/2844 2771/2771/2771
f 2919/2919/2919 2981/2981/2981 2913/2913/2913
f 2919/2919/2919 2913/2913/2913 2844/2844/2844
f 2913/2913/2913 2834/2834/2834 2840/2840/2840
f 2699/2699/2699 2695/2695/2695 2689/2689/2689
f 2768/2768/2768 2764/2764/2764 2695/2695/2695
f 2699/2699/2699 2768/2768/2768 2695/2695/2695
f 2919/2919/2919 2985/2985/2985 2981/2981/2981
f 2848/2848/2848 2923/2923/2923 2919/2919/2919
f 2844/2844/2844 2848/2848/2848 2919/2919/2919
f 2631/2631/2631 2562/2562/2562 2568/2568/2568
f 2707/2707/2707 2703/2703/2703 2631/2631/2631
f 2707/2707/2707 2631/2631/2631 2635/2635/2635
f 2771/2771/2771 2703/2703/2703 2774/2774/2774
f 2774/2774/2774 2711/2711/2711 2778/2778/2778
f 2774/2774/2774 2778/2778/2778 2852/2852/2852
f 2774/2774/2774 2852/2852/2852 2778/2778/2778
f 2852/2852/2852 2856/2856/2856 2778/2778/2778
f 2778/2778/2778 2856/2856/2856 2852/2852/2852
f 2774/2774/2774 2778/2778/2778 2707/2707/2707
f 2703/2703/2703 2707/2707/2707 2774/2774/2774
f 2774/2774/2774 2707/2707/2707 2703/2703/2703
f 2771/2771/2771 2703/2703/2703 2768/2768/2768
f 2703/2703/2703 2699/2699/2699 2768/2768/2768
f 2768/2768/2768 2699/2699/2699 2703/2703/2703
f 2771/2771/2771 2768/2768/2768 2703/2703/2703
f 2771/2771/2771 2844/2844/2844 2768/2768/2768
f 2771/2771/2771 2768/2768/2768 2844/2844/2844
f 2771/2771/2771 2844/2844/2844 2848/2848/2848
f 2848/2848/2848 2844/2844/2844 2771/2771/2771
f 2774/2774/2774 2707/2707/2707 2778/2778/2778
f 2698/2698/2698 2767/2767/2767 2768/2768/2768
f 2698/2698/2698 2768/2768/2768 2699/2699/2699
f 2694/2694/2694 2763/2763/2763 2767/2767/2767
f 2698/2698/2698 2694/2694/2694 2767/2767/2767
f 2699/2699/2699 2695/2695/2695 2694/2694/2694
f 2699/2699/2699 2694/2694/2694 2698/2698/2698
f 2695/2695/2695 2764/2764/2764 2763/2763/2763
f 2695/2695/2695 2763/2763/2763 2694/2694/2694
f 2625/2625/2625 2699/2699/2699 2698/2698/2698
f 2625/2625/2625 2698/2698/2698 2624/2624/2624
f 2624/2624/2624 2698/2698/2698 2702/2702/2702
f 2631/2631/2631 2625/2625/2625 2624/2624/2624
f 2631/2631/2631 2624/2624/2624 2630/2630/2630
f 2630/2630/2630 2624/2624/2624 2702/2702/2702
f 2702/2702/2702 2698/2698/2698 2699/2699/2699
f 2702/2702/2702 2699/2699/2699 2703/2703/2703
f 2706/2706/2706 2702/2702/2702 2703/2703/2703
f 2706/2706/2706 2703/2703/2703 2707/2707/2707
f 2634/2634/2634 2630/2630/2630 2702/2702/2702
f 2634/2634/2634 2702/2702/2702 2706/2706/2706
f 2635/2635/2635 2631/2631/2631 2630/2630/2630
f 2635/2635/2635 2630/2630/2630 2634/2634/2634
f 2641/2641/2641 2635/2635/2635 2634/2634/2634
f 2641/2641/2641 2634/2634/2634 2640/2640/2640
f 2640/2640/2640 2634/2634/2634 2706/2706/2706
f 2711/2711/2711 2641/2641/2641 2640/2640/2640
f 2711/2711/2711 2640/2640/2640 2710/2710/2710
f 2710/2710/2710 2640/2640/2640 2706/2706/2706
f 2710/2710/2710 2706/2706/2706 2707/2707/2707
f 2710/2710/2710 2707/2707/2707 2711/2711/2711
f 2777/2777/2777 2710/2710/2710 2711/2711/2711
f 2777/2777/2777 2711/2711/2711 2778/2778/2778
f 2783/2783/2783 2710/2710/2710 2777/2777/2777
f 2784/2784/2784 2711/2711/2711 2710/2710/2710
f 2784/2784/2784 2710/2710/2710 2783/2783/2783
f 2862/2862/2862 2784/2784/2784 2783/2783/2783
f 2862/2862/2862 2783/2783/2783 2861/2861/2861
f 2861/2861/2861 2783/2783/2783 2777/2777/2777
f 2861/2861/2861 2777/2777/2777 2855/2855/2855
f 2933/2933/2933 2862/2862/2862 2861/2861/2861
f 2933/2933/2933 2861/2861/2861 2932/2932/2932
f 2932/2932/2932 2861/2861/2861 2855/2855/2855
f 2932/2932/2932 2855/2855/2855 2851/2851/2851
f 2851/2851/2851 2855/2855/2855 2856/2856/2856
f 2851/2851/2851 2856/2856/2856 2852/2852/2852
f 2855/2855/2855 2777/2777/2777 2778/2778/2778
f 2855/2855/2855 2778/2778/2778 2856/2856/2856
f 2926/2926/2926 2932/2932/2932 2851/2851/2851
f 2927/2927/2927 2933/2933/2933 2932/2932/2932
f 2927/2927/2927 2932/2932/2932 2926/2926/2926
f 2923/2923/2923 2927/2927/2927 2926/2926/2926
f 2923/2923/2923 2926/2926/2926 2922/2922/2922
f 2922/2922/2922 2926/2926/2926 2851/2851/2851
f 2922/2922/2922 2851/2851/2851 2847/2847/2847
f 2919/2919/2919 2923/2923/2923 2922/2922/2922
f 2919/2919/2919 2922/2922/2922 2918/2918/2918
f 2918/2918/2918 2922/2922/2922 2847/2847/2847
f 2847/2847/2847 2851/2851/2851 2852/2852/2852
f 2847/2847/2847 2852/2852/2852 2848/2848/2848
f 2843/2843/2843 2847/2847/2847 2848/2848/2848
f 2843/2843/2843 2848/2848/2848 2844/2844/2844
f 2839/2839/2839 2918/2918/2918 2847/2847/2847
f 2839/2839/2839 2847/2847/2847 2843/2843/2843
f 2840/2840/2840 2919/2919/2919 2918/2918/2918
f 2840/2840/2840 2918/2918/2918 2839/2839/2839
f 2839/2839/2839 2843/2843/2843 2767/2767/2767
f 2764/2764/2764 2840/2840/2840 2839/2839/2839
f 2764/2764/2764 2839/2839/2839 2763/2763/2763
f 2763/2763/2763 2839/2839/2839 2767/2767/2767
f 2767/2767/2767 2843/2843/2843 2844/2844/2844
f 2767/2767/2767 2844/2844/2844 2768/2768/2768
f 2768/2768/2768 2844/2844/2844 2840/2840/2840
f 2768/2768/2768 2840/2840/2840 2764/2764/2764
f 2768/2768/2768 2764/2764/2764 2695/2695/2695
f 2844/2844/2844 2848/2848/2848 2919/2919/2919
f 2844/2844/2844 2919/2919/2919 2840/2840/2840
f 2848/2848/2848 2923/2923/2923 2919/2919/2919
f 2848/2848/2848 2852/2852/2852 2927/2927/2927
f 2848/2848/2848 2927/2927/2927 2923/2923/2923
f 2852/2852/2852 2933/2933/2933 2927/2927/2927
f 2852/2852/2852 2856/2856/2856 2862/2862/2862
f 2852/2852/2852 2862/2862/2862 2933/2933/2933
f 2856/2856/2856 2778/2778/2778 2784/2784/2784
f 2856/2856/2856 2784/2784/2784 2862/2862/2862
f 2778/2778/2778 2711/2711/2711 2784/2784/2784
f 2711/2711/2711 2707/2707/2707 2641/2641/2641
f 2707/2707/2707 2635/2635/2635 2641/2641/2641
f 2707/2707/2707 2703/2703/2703 2631/2631/2631
f 2707/2707/2707 2631/2631/2631 2635/2635/2635
f 2703/2703/2703 2625/2625/2625 2631/2631/2631
f 2703/2703/2703 2699/2699/2699 2625/2625/2625
f 2699/2699/2699 2768/2768/2768 2695/2695/2695
f 2711/2711/2711 2717/2717/2717 2716/2716/2716
f 2711/2711/2711 2716/2716/2716 2710/2710/2710
f 2717/2717/2717 2711/2711/2711 2710/2710/2710
f 2717/2717/2717 2710/2710/2710 2716/2716/2716
f 2710/2710/2710 2711/2711/2711 2641/2641/2641
f 2710/2710/2710 2641/2641/2641 2640/2640/2640
f 2640/2640/2640 2641/2641/2641 2635/2635/2635
f 2640/2640/2640 2635/2635/2635 2634/2634/2634
f 2711/2711/2711 2707/2707/2707 2641/2641/2641
f 2707/2707/2707 2635/2635/2635 2641/2641/2641
f 2634/2634/2634 2635/2635/2635 2631/2631/2631
f 2634/2634/2634 2631/2631/2631 2630/2630/2630
f 2630/2630/2630 2631/2631/2631 2625/2625/2625
f 2630/2630/2630 2625/2625/2625 2624/2624/2624
f 2624/2624/2624 2625/2625/2625 2631/2631/2631
f 2624/2624/2624 2631/2631/2631 2630/2630/2630
f 2630/2630/2630 2631/2631/2631 2635/2635/2635
f 2630/2630/2630 2635/2635/2635 2634/2634/2634
f 2635/2635/2635 2707/2707/2707 2706/2706/2706
f 2635/2635/2635 2706/2706/2706 2634/2634/2634
f 2706/2706/2706 2707/2707/2707 2635/2635/2635
f 2706/2706/2706 2635/2635/2635 2634/2634/2634
f 2634/2634/2634 2635/2635/2635 2707/2707/2707
f 2634/2634/2634 2707/2707/2707 2706/2706/2706
f 2707/2707/2707 2711/2711/2711 2710/2710/2710
f 2707/2707/2707 2710/2710/2710 2706/2706/2706
f 2634/2634/2634 2635/2635/2635 2641/2641/2641
f 2634/2634/2634 2641/2641/2641 2640/2640/2640
f 2641/2641/2641 2635/2635/2635 2634/2634/2634
f 2641/2641/2641 2634/2634/2634 2640/2640/2640
f 2635/2635/2635 2631/2631/2631 2630/2630/2630
f 2635/2635/2635 2630/2630/2630 2634/2634/2634
f 2630/2630/2630 2631/2631/2631 2635/2635/2635
f 2630/2630/2630 2635/2635/2635 2634/2634/2634
f 2630/2630/2630 2631/2631/2631 2625/2625/2625
f 2630/2630/2630 2625/2625/2625 2624/2624/2624
f 2624/2624/2624 2625/2625/2625 2631/2631/2631
f 2624/2624/2624 2631/2631/2631 2630/2630/2630
f 2630/2630/2630 2631/2631/2631 2635/2635/2635
f 2630/2630/2630 2635/2635/2635 2634/2634/2634
f 2634/2634/2634 2635/2635/2635 2631/2631/2631
f 2634/2634/2634 2631/2631/2631 2630/2630/2630
f 2640/2640/2640 2641/2641/2641 2635/2635/2635
f 2640/2640/2640 2635/2635/2635 2634/2634/2634
f 2635/2635/2635 2641/2641/2641 2640/2640/2640
f 2635/2635/2635 2640/2640/2640 2634/2634/2634
f 2640/2640/2640 2641/2641/2641 2711/2711/2711
f 2640/2640/2640 2711/2711/2711 2710/2710/2710
f 2710/2710/2710 2711/2711/2711 2717/2717/2717
f 2710/2710/2710 2717/2717/2717 2716/2716/2716
f 2641/2641/2641 2717/2717/2717 2711/2711/2711
f 2717/2717/2717 2641/2641/2641 2640/2640/2640
f 2717/2717/2717 2640/2640/2640 2716/2716/2716
f 2630/2630/2630 2631/2631/2631 2625/2625/2625
f 2630/2630/2630 2625/2625/2625 2624/2624/2624
f 2624/2624/2624 2625/2625/2625 2631/2631/2631
f 2624/2624/2624 2631/2631/2631 2630/2630/2630
f 2710/2710/2710 2640/2640/2640 2706/2706/2706
f 2706/2706/2706 2640/2640/2640 2634/2634/2634
f 2640/2640/2640 2710/2710/2710 2716/2716/2716
f 2710/2710/2710 2711/2711/2711 2717/2717/2717
f 2710/2710/2710 2717/2717/2717 2716/2716/2716
f 2717/2717/2717 2711/2711/2711 2710/2710/2710
f 2717/2717/2717 2710/2710/2710 2716/2716/2716
f 2710/2710/2710 2711/2711/2711 2641/2641/2641
f 2710/2710/2710 2641/2641/2641 2640/2640/2640
f 2640/2640/2640 2641/2641/2641 2711/2711/2711
f 2640/2640/2640 2711/2711/2711 2710/2710/2710
f 665/665/665 734/734/734 733/733/733
f 665/665/665 733/733/733 664/664/664
f 734/734/734 814/814/814 813/813/813
f 734/734/734 813/813/813 733/733/733
f 734/734/734 733/733/733 813/813/813
f 734/734/734 813/813/813 814/814/814
f 733/733/733 734/734/734 665/665/665
f 733/733/733 665/665/665 664/664/664
f 874/874/874 875/875/875 814/814/814
f 874/874/874 814/814/814 813/813/813
f 814/814/814 875/875/875 869/869/869
f 814/814/814 869/869/869 813/813/813
f 875/875/875 946/946/946 945/945/945
f 875/875/875 945/945/945 869/869/869
f 945/945/945 946/946/946 875/875/875
f 945/945/945 875/875/875 874/874/874
f 945/945/945 951/951/951 1019/1019/1019
f 946/946/946 952/952/952 951/951/951
f 946/946/946 951/951/951 945/945/945
f 951/951/951 1024/1024/1024 1019/1019/1019
f 952/952/952 958/958/958 1024/1024/1024
f 952/952/952 1024/1024/1024 951/951/951
f 957/957/957 958/958/958 952/952/952
f 957/957/957 952/952/952 951/951/951
f 951/951/951 952/952/952 946/946/946
f 951/951/951 946/946/946 945/945/945
f 1030/1030/1030 1031/1031/1031 1025/1025/1025
f 1030/1030/1030 1025/1025/1025 1024/1024/1024
f 1024/1024/1024 1025/1025/1025 958/958/958
f 1024/1024/1024 958/958/958 957/957/957
f 1025/1025/1025 1031/1031/1031 1030/1030/1030
f 1025/1025/1025 1030/1030/1030 1024/1024/1024
f 958/958/958 1025/1025/1025 1024/1024/1024
f 1031/1031/1031 969/969/969 1038/1038/1038
f 1031/1031/1031 1038/1038/1038 1030/1030/1030
f 969/969/969 975/975/975 974/974/974
f 969/969/969 974/974/974 1038/1038/1038
f 974/974/974 975/975/975 969/969/969
f 974/974/974 969/969/969 968/968/968
f 968/968/968 969/969/969 1031/1031/1031
f 968/968/968 1031/1031/1031 1030/1030/1030
f 975/975/975 905/905/905 904/904/904
f 975/975/975 904/904/904 974/974/974
f 900/900/900 905/905/905 975/975/975
f 900/900/900 975/975/975 974/974/974
f 905/905/905 844/844/844 904/904/904
f 843/843/843 844/844/844 905/905/905
f 843/843/843 905/905/905 900/900/900
f 974/974/974 904/904/904 982/982/982
f 904/904/904 843/843/843 851/851/851
f 844/844/844 843/843/843 904/904/904
f 843/843/843 764/764/764 772/772/772
f 843/843/843 772/772/772 851/851/851
f 844/844/844 765/765/765 764/764/764
f 844/844/844 764/764/764 843/843/843
f 764/764/764 765/765/765 844/844/844
f 764/764/764 844/844/844 843/843/843
f 765/765/765 698/698/698 697/697/697
f 765/765/765 697/697/697 764/764/764
f 697/697/697 698/698/698 765/765/765
f 697/697/697 765/765/765 764/764/764
f 698/698/698 628/628/628 627/627/627
f 698/698/698 627/627/627 697/697/697
f 620/620/620 628/628/628 698/698/698
f 620/620/620 698/698/698 697/697/697
f 764/764/764 697/697/697 772/772/772
f 628/628/628 534/534/534 533/533/533
f 628/628/628 533/533/533 627/627/627
f 534/534/534 528/528/528 527/527/527
f 534/534/534 527/527/527 533/533/533
f 527/527/527 528/528/528 534/534/534
f 527/527/527 534/534/534 620/620/620
f 620/620/620 534/534/534 628/628/628
f 528/528/528 523/523/523 441/441/441
f 528/528/528 441/441/441 527/527/527
f 522/522/522 523/523/523 528/528/528
f 522/522/522 528/528/528 527/527/527
f 523/523/523 517/517/517 428/428/428
f 523/523/523 428/428/428 441/441/441
f 516/516/516 517/517/517 523/523/523
f 516/516/516 523/523/523 522/522/522
f 428/428/428 516/516/516 417/417/417
f 517/517/517 516/516/516 428/428/428
f 516/516/516 510/510/510 417/417/417
f 517/517/517 511/511/511 510/510/510
f 517/517/517 510/510/510 516/516/516
f 510/510/510 511/511/511 517/517/517
f 510/510/510 517/517/517 516/516/516
f 511/511/511 593/593/593 592/592/592
f 511/511/511 592/592/592 510/510/510
f 592/592/592 593/593/593 511/511/511
f 592/592/592 511/511/511 510/510/510
f 593/593/593 588/588/588 592/592/592
f 670/670/670 593/593/593 592/592/592
f 510/510/510 592/592/592 498/498/498
f 592/592/592 588/588/588 498/498/498
f 593/593/593 665/665/665 664/664/664
f 593/593/593 664/664/664 588/588/588
f 588/588/588 664/664/664 663/663/663
f 588/588/588 663/663/663 587/587/587
f 498/498/498 588/588/588 587/587/587
f 498/498/498 587/587/587 497/497/497
f 497/497/497 509/509/509 415/415/415
f 417/417/417 498/498/498 497/497/497
f 417/417/417 497/497/497 415/415/415
f 510/510/510 498/498/498 417/417/417
f 428/428/428 417/417/417 415/415/415
f 428/428/428 415/415/415 427/427/427
f 441/441/441 428/428/428 427/427/427
f 441/441/441 427/427/427 440/440/440
f 440/440/440 526/526/526 446/446/446
f 447/447/447 441/441/441 440/440/440
f 447/447/447 440/440/440 446/446/446
f 446/446/446 526/526/526 532/532/532
f 533/533/533 447/447/447 446/446/446
f 533/533/533 446/446/446 532/532/532
f 441/441/441 447/447/447 527/527/527
f 527/527/527 447/447/447 533/533/533
f 627/627/627 533/533/533 532/532/532
f 627/627/627 532/532/532 626/626/626
f 627/627/627 702/702/702 697/697/697
f 702/702/702 627/627/627 626/626/626
f 702/702/702 626/626/626 701/701/701
f 626/626/626 696/696/696 701/701/701
f 701/701/701 696/696/696 771/771/771
f 772/772/772 702/702/702 701/701/701
f 772/772/772 701/701/701 771/771/771
f 851/851/851 772/772/772 771/771/771
f 851/851/851 771/771/771 850/850/850
f 697/697/697 702/702/702 772/772/772
f 851/851/851 911/911/911 904/904/904
f 911/911/911 851/851/851 850/850/850
f 911/911/911 850/850/850 910/910/910
f 904/904/904 911/911/911 982/982/982
f 982/982/982 911/911/911 910/910/910
f 982/982/982 910/910/910 981/981/981
f 850/850/850 903/903/903 910/910/910
f 910/910/910 903/903/903 981/981/981
f 974/974/974 982/982/982 981/981/981
f 974/974/974 981/981/981 973/973/973
f 1038/1038/1038 974/974/974 973/973/973
f 1038/1038/1038 973/973/973 1037/1037/1037
f 1030/1030/1030 1038/1038/1038 1037/1037/1037
f 1030/1030/1030 1037/1037/1037 1029/1029/1029
f 1024/1024/1024 1030/1030/1030 1029/1029/1029
f 1024/1024/1024 1029/1029/1029 1023/1023/1023
f 1019/1019/1019 1024/1024/1024 1023/1023/1023
f 1019/1019/1019 1023/1023/1023 1017/1017/1017
f 1009/1009/1009 1019/1019/1019 1017/1017/1017
f 1009/1009/1009 1017/1017/1017 1008/1008/1008
f 1019/1019/1019 1009/1009/1009 945/945/945
f 945/945/945 1009/1009/1009 1008/1008/1008
f 945/945/945 1008/1008/1008 944/944/944
f 869/869/869 945/945/945 944/944/944
f 869/869/869 944/944/944 868/868/868
f 1008/1008/1008 1017/1017/1017 944/944/944
f 813/813/813 869/869/869 868/868/868
f 813/813/813 868/868/868 812/812/812
f 733/733/733 813/813/813 812/812/812
f 733/733/733 812/812/812 732/732/732
f 812/812/812 868/868/868 873/873/873
f 587/587/587 663/663/663 669/669/669
f 497/497/497 587/587/587 669/669/669
f 497/497/497 669/669/669 591/591/591
f 509/509/509 497/497/497 591/591/591
f 415/415/415 509/509/509 515/515/515
f 427/427/427 415/415/415 515/515/515
f 440/440/440 427/427/427 515/515/515
f 440/440/440 515/515/515 521/521/521
f 526/526/526 440/440/440 521/521/521
f 532/532/532 526/526/526 618/618/618
f 626/626/626 532/532/532 618/618/618
f 696/696/696 626/626/626 618/618/618
f 771/771/771 696/696/696 763/763/763
f 850/850/850 771/771/771 763/763/763
f 850/850/850 763/763/763 842/842/842
f 903/903/903 850/850/850 842/842/842
f 981/981/981 903/903/903 842/842/842
f 981/981/981 842/842/842 899/899/899
f 973/973/973 981/981/981 899/899/899
f 1037/1037/1037 973/973/973 967/967/967
f 1029/1029/1029 1037/1037/1037 967/967/967
f 1017/1017/1017 1023/1023/1023 956/956/956
f 1017/1017/1017 956/956/956 950/950/950
f 944/944/944 1017/1017/1017 950/950/950
f 868/868/868 944/944/944 873/873/873
f 664/664/664 733/733/733 732/732/732
f 664/664/664 732/732/732 663/663/663
f 664/664/664 665/665/665 593/593/593
f 664/664/664 593/593/593 670/670/670
f 749/749/749 830/830/830 826/826/826
f 749/749/749 826/826/826 746/746/746
f 830/830/830 889/889/889 888/888/888
f 889/889/889 895/895/895 894/894/894
f 889/889/889 894/894/894 888/888/888
f 895/895/895 968/968/968 894/894/894
f 968/968/968 888/888/888 894/894/894
f 1030/1030/1030 1024/1024/1024 957/957/957
f 1030/1030/1030 957/957/957 963/963/963
f 968/968/968 1030/1030/1030 963/963/963
f 830/830/830 895/895/895 889/889/889
f 830/830/830 834/834/834 895/895/895
f 834/834/834 835/835/835 895/895/895
f 835/835/835 834/834/834 894/894/894
f 835/835/835 894/894/894 895/895/895
f 895/895/895 894/894/894 974/974/974
f 904/904/904 900/900/900 843/843/843
f 974/974/974 894/894/894 900/900/900
f 834/834/834 749/749/749 753/753/753
f 834/834/834 830/830/830 749/749/749
f 754/754/754 760/760/760 759/759/759
f 754/754/754 759/759/759 753/753/753
f 760/760/760 764/764/764 759/759/759
f 895/895/895 974/974/974 968/968/968
f 760/760/760 697/697/697 764/764/764
f 754/754/754 693/693/693 760/760/760
f 753/753/753 686/686/686 754/754/754
f 754/754/754 686/686/686 692/692/692
f 754/754/754 692/692/692 693/693/693
f 693/693/693 692/692/692 697/697/697
f 527/527/527 620/620/620 614/614/614
f 753/753/753 749/749/749 686/686/686
f 608/608/608 522/522/522 607/607/607
f 682/682/682 608/608/608 607/607/607
f 682/682/682 607/607/607 681/681/681
f 681/681/681 608/608/608 682/682/682
f 527/527/527 533/533/533 620/620/620
f 620/620/620 697/697/697 692/692/692
f 697/697/697 620/620/620 627/627/627
f 760/760/760 693/693/693 697/697/697
f 592/592/592 510/510/510 599/599/599
f 677/677/677 674/674/674 673/673/673
f 674/674/674 670/670/670 673/673/673
f 674/674/674 664/664/664 670/670/670
f 742/742/742 743/743/743 674/674/674
f 742/742/742 674/674/674 746/746/746
f 746/746/746 674/674/674 677/677/677
f 743/743/743 742/742/742 670/670/670
f 670/670/670 742/742/742 739/739/739
f 874/874/874 822/822/822 880/880/880
f 881/881/881 874/874/874 880/880/880
f 823/823/823 881/881/881 880/880/880
f 823/823/823 880/880/880 822/822/822
f 826/826/826 823/823/823 822/822/822
f 826/826/826 827/827/827 823/823/823
f 827/827/827 881/881/881 823/823/823
f 881/881/881 945/945/945 874/874/874
f 813/813/813 733/733/733 739/739/739
f 813/813/813 739/739/739 819/819/819
f 733/733/733 664/664/664 739/739/739
f 664/664/664 670/670/670 739/739/739
f 674/674/674 743/743/743 670/670/670
f 674/674/674 670/670/670 664/664/664
f 881/881/881 951/951/951 945/945/945
f 881/881/881 884/884/884 951/951/951
f 885/885/885 884/884/884 881/881/881
f 826/826/826 884/884/884 885/885/885
f 826/826/826 885/885/885 827/827/827
f 827/827/827 885/885/885 881/881/881
f 681/681/681 677/677/677 607/607/607
f 681/681/681 607/607/607 608/608/608
f 677/677/677 603/603/603 607/607/607
f 608/608/608 607/607/607 522/522/522
f 522/522/522 607/607/607 603/603/603
f 522/522/522 603/603/603 516/516/516
f 681/681/681 749/749/749 677/677/677
f 749/749/749 746/746/746 677/677/677
f 750/750/750 830/830/830 831/831/831
f 750/750/750 749/749/749 830/830/830
f 750/750/750 830/830/830 831/831/831
f 831/831/831 830/830/830 750/750/750
f 750/750/750 746/746/746 749/749/749
f 747/747/747 746/746/746 750/750/750
f 750/750/750 749/749/749 746/746/746
f 750/750/750 746/746/746 747/747/747
f 750/750/750 830/830/830 749/749/749
f 831/831/831 826/826/826 830/830/830
f 831/831/831 830/830/830 750/750/750
f 831/831/831 830/830/830 826/826/826
f 750/750/750 830/830/830 831/831/831
f 831/831/831 830/830/830 750/750/750
f 830/830/830 834/834/834 749/749/749
f 749/749/749 834/834/834 830/830/830
f 749/749/749 753/753/753 834/834/834
f 749/749/749 834/834/834 753/753/753
f 749/749/749 753/753/753 686/686/686
f 749/749/749 686/686/686 681/681/681
f 749/749/749 681/681/681 686/686/686
f 749/749/749 686/686/686 753/753/753
f 749/749/749 677/677/677 681/681/681
f 746/746/746 677/677/677 749/749/749
f 749/749/749 677/677/677 746/746/746
f 749/749/749 681/681/681 677/677/677
f 746/746/746 677/677/677 742/742/742
f 677/677/677 746/746/746 742/742/742
f 742/742/742 746/746/746 677/677/677
f 746/746/746 742/742/742 677/677/677
f 746/746/746 826/826/826 742/742/742
f 826/826/826 822/822/822 742/742/742
f 746/746/746 742/742/742 826/826/826
f 742/742/742 822/822/822 826/826/826
f 826/826/826 884/884/884 888/888/888
f 826/826/826 888/888/888 830/830/830
f 830/830/830 888/888/888 884/884/884
f 830/830/830 884/884/884 826/826/826
f 599/599/599 670/670/670 592/592/592
f 597/597/597 669/669/669 670/670/670
f 597/597/597 670/670/670 599/599/599
f 669/669/669 597/597/597 591/591/591
f 597/597/597 509/509/509 591/591/591
f 597/597/597 515/515/515 509/509/509
f 521/521/521 612/612/612 526/526/526
f 612/612/612 532/532/532 526/526/526
f 612/612/612 690/690/690 626/626/626
f 612/612/612 626/626/626 532/532/532
f 690/690/690 696/696/696 626/626/626
f 690/690/690 758/758/758 763/763/763
f 690/690/690 763/763/763 696/696/696
f 758/758/758 838/838/838 842/842/842
f 758/758/758 842/842/842 763/763/763
f 838/838/838 899/899/899 903/903/903
f 838/838/838 903/903/903 842/842/842
f 899/899/899 893/893/893 973/973/973
f 899/899/899 973/973/973 903/903/903
f 893/893/893 967/967/967 973/973/973
f 967/967/967 962/962/962 1029/1029/1029
f 962/962/962 1023/1023/1023 1029/1029/1029
f 962/962/962 956/956/956 1023/1023/1023
f 956/956/956 950/950/950 1023/1023/1023
f 950/950/950 879/879/879 944/944/944
f 879/879/879 873/873/873 944/944/944
f 873/873/873 818/818/818 812/812/812
f 818/818/818 738/738/738 732/732/732
f 818/818/818 732/732/732 812/812/812
f 738/738/738 669/669/669 663/663/663
f 738/738/738 663/663/663 732/732/732
f 669/669/669 591/591/591 663/663/663
f 669/669/669 738/738/738 739/739/739
f 669/669/669 739/739/739 670/670/670
f 738/738/738 818/818/818 819/819/819
f 738/738/738 819/819/819 739/739/739
f 818/818/818 873/873/873 874/874/874
f 818/818/818 874/874/874 819/819/819
f 873/873/873 879/879/879 880/880/880
f 873/873/873 880/880/880 874/874/874
f 880/880/880 951/951/951 874/874/874
f 879/879/879 950/950/950 951/951/951
f 879/879/879 951/951/951 880/880/880
f 950/950/950 956/956/956 957/957/957
f 950/950/950 957/957/957 951/951/951
f 956/956/956 962/962/962 963/963/963
f 956/956/956 963/963/963 957/957/957
f 962/962/962 967/967/967 968/968/968
f 962/962/962 968/968/968 963/963/963
f 968/968/968 894/894/894 974/974/974
f 967/967/967 893/893/893 894/894/894
f 967/967/967 894/894/894 968/968/968
f 894/894/894 900/900/900 974/974/974
f 893/893/893 899/899/899 900/900/900
f 893/893/893 900/900/900 894/894/894
f 900/900/900 839/839/839 843/843/843
f 899/899/899 838/838/838 839/839/839
f 899/899/899 839/839/839 900/900/900
f 839/839/839 759/759/759 764/764/764
f 839/839/839 764/764/764 843/843/843
f 838/838/838 758/758/758 759/759/759
f 838/838/838 759/759/759 839/839/839
f 759/759/759 692/692/692 697/697/697
f 759/759/759 697/697/697 764/764/764
f 758/758/758 690/690/690 692/692/692
f 758/758/758 692/692/692 759/759/759
f 692/692/692 620/620/620 697/697/697
f 692/692/692 614/614/614 620/620/620
f 690/690/690 612/612/612 614/614/614
f 690/690/690 614/614/614 692/692/692
f 614/614/614 527/527/527 620/620/620
f 614/614/614 522/522/522 527/527/527
f 612/612/612 521/521/521 522/522/522
f 612/612/612 522/522/522 614/614/614
f 521/521/521 515/515/515 516/516/516
f 521/521/521 516/516/516 522/522/522
f 515/515/515 597/597/597 599/599/599
f 515/515/515 599/599/599 516/516/516
f 510/510/510 516/516/516 599/599/599
f 592/592/592 510/510/510 599/599/599
f 733/733/733 664/664/664 670/670/670
f 733/733/733 670/670/670 739/739/739
f 813/813/813 733/733/733 739/739/739
f 813/813/813 739/739/739 819/819/819
f 874/874/874 813/813/813 819/819/819
f 951/951/951 945/945/945 874/874/874
f 1030/1030/1030 1024/1024/1024 957/957/957
f 1030/1030/1030 957/957/957 963/963/963
f 968/968/968 1030/1030/1030 963/963/963
f 670/670/670 739/739/739 742/742/742
f 673/673/673 670/670/670 742/742/742
f 673/673/673 742/742/742 677/677/677
f 599/599/599 673/673/673 677/677/677
f 603/603/603 599/599/599 677/677/677
f 607/607/607 603/603/603 677/677/677
f 607/607/607 677/677/677 681/681/681
f 614/614/614 607/607/607 681/681/681
f 614/614/614 681/681/681 686/686/686
f 692/692/692 614/614/614 686/686/686
f 692/692/692 686/686/686 753/753/753
f 759/759/759 692/692/692 753/753/753
f 839/839/839 759/759/759 753/753/753
f 839/839/839 753/753/753 834/834/834
f 900/900/900 839/839/839 834/834/834
f 894/894/894 900/900/900 834/834/834
f 894/894/894 834/834/834 830/830/830
f 963/963/963 894/894/894 830/830/830
f 963/963/963 830/830/830 888/888/888
f 957/957/957 963/963/963 888/888/888
f 884/884/884 957/957/957 888/888/888
f 884/884/884 888/888/888 826/826/826
f 880/880/880 884/884/884 826/826/826
f 822/822/822 880/880/880 826/826/826
f 819/819/819 822/822/822 826/826/826
f 819/819/819 826/826/826 742/742/742
f 739/739/739 819/819/819 742/742/742
f 742/742/742 826/826/826 822/822/822
f 742/742/742 822/822/822 819/819/819
f 742/742/742 819/819/819 739/739/739
f 742/742/742 739/739/739 670/670/670
f 826/826/826 880/880/880 822/822/822
f 826/826/826 884/884/884 880/880/880
f 826/826/826 888/888/888 957/957/957
f 826/826/826 957/957/957 884/884/884
f 888/888/888 963/963/963 957/957/957
f 888/888/888 830/830/830 894/894/894
f 888/888/888 894/894/894 963/963/963
f 830/830/830 834/834/834 900/900/900
f 830/830/830 900/900/900 894/894/894
f 834/834/834 839/839/839 900/900/900
f 834/834/834 753/753/753 759/759/759
f 834/834/834 759/759/759 839/839/839
f 753/753/753 692/692/692 759/759/759
f 753/753/753 686/686/686 614/614/614
f 753/753/753 614/614/614 692/692/692
f 686/686/686 681/681/681 614/614/614
f 681/681/681 607/607/607 614/614/614
f 681/681/681 677/677/677 603/603/603
f 681/681/681 603/603/603 607/607/607
f 677/677/677 599/599/599 603/603/603
f 677/677/677 673/673/673 599/599/599
f 677/677/677 742/742/742 670/670/670
f 677/677/677 670/670/670 673/673/673
f 826/826/826 888/888/888 830/830/830
f 826/826/826 830/830/830 888/888/888
f 686/686/686 681/681/681 614/614/614
f 681/681/681 607/607/607 614/614/614
f 686/686/686 614/614/614 692/692/692
f 620/620/620 692/692/692 614/614/614
f 685/685/685 686/686/686 692/692/692
f 685/685/685 692/692/692 691/691/691
f 692/692/692 614/614/614 613/613/613
f 692/692/692 613/613/613 691/691/691
f 614/614/614 607/607/607 606/606/606
f 614/614/614 606/606/606 613/613/613
f 606/606/606 607/607/607 603/603/603
f 606/606/606 603/603/603 602/602/602
f 603/603/603 599/599/599 598/598/598
f 603/603/603 598/598/598 602/602/602
f 598/598/598 599/599/599 603/603/603
f 598/598/598 603/603/603 602/602/602
f 603/603/603 607/607/607 606/606/606
f 603/603/603 606/606/606 602/602/602
f 606/606/606 607/607/607 681/681/681
f 606/606/606 681/681/681 680/680/680
f 681/681/681 607/607/607 606/606/606
f 681/681/681 606/606/606 680/680/680
f 607/607/607 681/681/681 680/680/680
f 607/607/607 680/680/680 606/606/606
f 681/681/681 686/686/686 685/685/685
f 681/681/681 685/685/685 680/680/680
f 685/685/685 691/691/691 613/613/613
f 685/685/685 613/613/613 680/680/680
f 613/613/613 606/606/606 680/680/680
f 614/614/614 607/607/607 606/606/606
f 614/614/614 606/606/606 613/613/613
f 607/607/607 614/614/614 613/613/613
f 607/607/607 613/613/613 606/606/606
f 692/692/692 614/614/614 613/613/613
f 692/692/692 613/613/613 691/691/691
f 614/614/614 692/692/692 691/691/691
f 614/614/614 691/691/691 613/613/613
f 603/603/603 599/599/599 598/598/598
f 603/603/603 598/598/598 602/602/602
f 599/599/599 603/603/603 602/602/602
f 599/599/599 602/602/602 598/598/598
f 607/607/607 603/603/603 602/602/602
f 607/607/607 602/602/602 606/606/606
f 602/602/602 603/603/603 607/607/607
f 602/602/602 607/607/607 606/606/606
f 607/607/607 614/614/614 613/613/613
f 607/607/607 613/613/613 606/606/606
f 613/613/613 614/614/614 607/607/607
f 613/613/613 607/607/607 606/606/606
f 619/619/619 613/613/613 691/691/691
f 620/620/620 614/614/614 613/613/613
f 620/620/620 613/613/613 619/619/619
f 614/614/614 692/692/692 691/691/691
f 614/614/614 691/691/691 613/613/613
f 691/691/691 692/692/692 620/620/620
f 691/691/691 620/620/620 619/619/619
f 603/603/603 599/599/599 598/598/598
f 603/603/603 598/598/598 602/602/602
f 599/599/599 603/603/603 602/602/602
f 599/599/599 602/602/602 598/598/598
f 809/809/809 865/865/865 870/870/870
f 870/870/870 865/865/865 941/941/941
f 865/865/865 866/866/866 942/942/942
f 865/865/865 942/942/942 941/941/941
f 809/809/809 810/810/810 866/866/866
f 809/809/809 866/866/866 865/865/865
f 942/942/942 866/866/866 867/867/867
f 942/942/942 867/867/867 943/943/943
f 866/866/866 810/810/810 811/811/811
f 866/866/866 811/811/811 867/867/867
f 731/731/731 811/811/811 810/810/810
f 731/731/731 810/810/810 730/730/730
f 729/729/729 730/730/730 810/810/810
f 729/729/729 810/810/810 809/809/809
f 730/730/730 661/661/661 662/662/662
f 730/730/730 662/662/662 731/731/731
f 660/660/660 661/661/661 730/730/730
f 660/660/660 730/730/730 729/729/729
f 661/661/661 585/585/585 586/586/586
f 661/661/661 586/586/586 662/662/662
f 584/584/584 585/585/585 661/661/661
f 584/584/584 661/661/661 660/660/660
f 485/485/485 486/486/486 585/585/585
f 485/485/485 585/585/585 584/584/584
f 585/585/585 486/486/486 487/487/487
f 585/585/585 487/487/487 586/586/586
f 486/486/486 500/500/500 487/487/487
f 486/486/486 406/406/406 407/407/407
f 486/486/486 407/407/407 500/500/500
f 404/404/404 406/406/406 486/486/486
f 404/404/404 486/486/486 485/485/485
f 406/406/406 419/419/419 420/420/420
f 406/406/406 420/420/420 407/407/407
f 418/418/418 419/419/419 406/406/406
f 418/418/418 406/406/406 404/404/404
f 499/499/499 404/404/404 485/485/485
f 429/429/429 430/430/430 419/419/419
f 429/429/429 419/419/419 418/418/418
f 429/429/429 524/524/524 442/442/442
f 442/442/442 443/443/443 430/430/430
f 442/442/442 430/430/430 429/429/429
f 419/419/419 430/430/430 431/431/431
f 419/419/419 431/431/431 420/420/420
f 430/430/430 443/443/443 525/525/525
f 430/430/430 525/525/525 431/431/431
f 443/443/443 530/530/530 531/531/531
f 443/443/443 531/531/531 525/525/525
f 529/529/529 530/530/530 443/443/443
f 529/529/529 443/443/443 442/442/442
f 530/530/530 622/622/622 623/623/623
f 530/530/530 623/623/623 531/531/531
f 621/621/621 622/622/622 530/530/530
f 621/621/621 530/530/530 529/529/529
f 524/524/524 529/529/529 442/442/442
f 621/621/621 694/694/694 699/699/699
f 699/699/699 700/700/700 622/622/622
f 699/699/699 622/622/622 621/621/621
f 694/694/694 766/766/766 699/699/699
f 766/766/766 767/767/767 700/700/700
f 766/766/766 700/700/700 699/699/699
f 622/622/622 700/700/700 695/695/695
f 622/622/622 695/695/695 623/623/623
f 700/700/700 767/767/767 768/768/768
f 700/700/700 768/768/768 695/695/695
f 767/767/767 846/846/846 847/847/847
f 767/767/767 847/847/847 768/768/768
f 845/845/845 846/846/846 767/767/767
f 845/845/845 767/767/767 766/766/766
f 846/846/846 907/907/907 902/902/902
f 846/846/846 902/902/902 847/847/847
f 906/906/906 907/907/907 846/846/846
f 906/906/906 846/846/846 845/845/845
f 845/845/845 901/901/901 906/906/906
f 901/901/901 976/976/976 906/906/906
f 976/976/976 977/977/977 907/907/907
f 976/976/976 907/907/907 906/906/906
f 970/970/970 971/971/971 977/977/977
f 970/970/970 977/977/977 976/976/976
f 907/907/907 977/977/977 978/978/978
f 907/907/907 978/978/978 902/902/902
f 977/977/977 971/971/971 972/972/972
f 977/977/977 972/972/972 978/978/978
f 971/971/971 1033/1033/1033 1034/1034/1034
f 971/971/971 1034/1034/1034 972/972/972
f 1032/1032/1032 1033/1033/1033 971/971/971
f 1032/1032/1032 971/971/971 970/970/970
f 1033/1033/1033 1027/1027/1027 1028/1028/1028
f 1033/1033/1033 1028/1028/1028 1034/1034/1034
f 1026/1026/1026 1027/1027/1027 1033/1033/1033
f 1026/1026/1026 1033/1033/1033 1032/1032/1032
f 1020/1020/1020 1021/1021/1021 1027/1027/1027
f 1020/1020/1020 1027/1027/1027 1026/1026/1026
f 1011/1011/1011 1013/1013/1013 1021/1021/1021
f 1011/1011/1011 1021/1021/1021 1020/1020/1020
f 1027/1027/1027 1021/1021/1021 1022/1022/1022
f 1027/1027/1027 1022/1022/1022 1028/1028/1028
f 1021/1021/1021 1013/1013/1013 1014/1014/1014
f 1021/1021/1021 1014/1014/1014 1022/1022/1022
f 1013/1013/1013 1002/1002/1002 1014/1014/1014
f 1001/1001/1001 1002/1002/1002 1013/1013/1013
f 1001/1001/1001 1013/1013/1013 1011/1011/1011
f 1002/1002/1002 942/942/942 943/943/943
f 1002/1002/1002 943/943/943 1014/1014/1014
f 941/941/941 942/942/942 1002/1002/1002
f 941/941/941 1002/1002/1002 1001/1001/1001
f 1011/1011/1011 941/941/941 1001/1001/1001
f 947/947/947 1011/1011/1011 1020/1020/1020
f 941/941/941 1011/1011/1011 947/947/947
f 947/947/947 1020/1020/1020 953/953/953
f 1026/1026/1026 1032/1032/1032 964/964/964
f 964/964/964 1032/1032/1032 970/970/970
f 896/896/896 970/970/970 901/901/901
f 840/840/840 896/896/896 901/901/901
f 970/970/970 976/976/976 901/901/901
f 901/901/901 845/845/845 840/840/840
f 840/840/840 845/845/845 766/766/766
f 840/840/840 766/766/766 761/761/761
f 615/615/615 694/694/694 621/621/621
f 761/761/761 766/766/766 694/694/694
f 615/615/615 621/621/621 529/529/529
f 524/524/524 615/615/615 529/529/529
f 524/524/524 429/429/429 518/518/518
f 518/518/518 429/429/429 418/418/418
f 518/518/518 418/418/418 512/512/512
f 418/418/418 404/404/404 512/512/512
f 512/512/512 404/404/404 499/499/499
f 589/589/589 485/485/485 584/584/584
f 499/499/499 485/485/485 589/589/589
f 589/589/589 584/584/584 660/660/660
f 660/660/660 666/666/666 589/589/589
f 1014/1014/1014 949/949/949 955/955/955
f 943/943/943 949/949/949 1014/1014/1014
f 867/867/867 872/872/872 943/943/943
f 811/811/811 872/872/872 867/867/867
f 586/586/586 668/668/668 662/662/662
f 487/487/487 590/590/590 668/668/668
f 487/487/487 668/668/668 586/586/586
f 500/500/500 590/590/590 487/487/487
f 407/407/407 514/514/514 500/500/500
f 420/420/420 514/514/514 407/407/407
f 431/431/431 520/520/520 514/514/514
f 431/431/431 514/514/514 420/420/420
f 525/525/525 520/520/520 431/431/431
f 531/531/531 617/617/617 525/525/525
f 623/623/623 617/617/617 531/531/531
f 695/695/695 617/617/617 623/623/623
f 768/768/768 762/762/762 695/695/695
f 847/847/847 841/841/841 762/762/762
f 847/847/847 762/762/762 768/768/768
f 902/902/902 841/841/841 847/847/847
f 978/978/978 898/898/898 841/841/841
f 978/978/978 841/841/841 902/902/902
f 972/972/972 898/898/898 978/978/978
f 1034/1034/1034 966/966/966 972/972/972
f 1028/1028/1028 966/966/966 1034/1034/1034
f 1014/1014/1014 955/955/955 1022/1022/1022
f 748/748/748 744/744/744 824/824/824
f 748/748/748 824/824/824 828/828/828
f 964/964/964 890/890/890 886/886/886
f 876/876/876 947/947/947 882/882/882
f 1026/1026/1026 959/959/959 953/953/953
f 1026/1026/1026 953/953/953 1020/1020/1020
f 964/964/964 959/959/959 1026/1026/1026
f 890/890/890 964/964/964 970/970/970
f 828/828/828 886/886/886 890/890/890
f 828/828/828 890/890/890 832/832/832
f 901/901/901 840/840/840 896/896/896
f 970/970/970 896/896/896 890/890/890
f 832/832/832 748/748/748 828/828/828
f 832/832/832 751/751/751 748/748/748
f 755/755/755 761/761/761 694/694/694
f 751/751/751 755/755/755 687/687/687
f 751/751/751 687/687/687 683/683/683
f 524/524/524 609/609/609 615/615/615
f 751/751/751 683/683/683 748/748/748
f 524/524/524 615/615/615 529/529/529
f 694/694/694 621/621/621 615/615/615
f 615/615/615 687/687/687 694/694/694
f 589/589/589 594/594/594 499/499/499
f 671/671/671 666/666/666 660/660/660
f 671/671/671 660/660/660 666/666/666
f 870/870/870 876/876/876 820/820/820
f 876/876/876 870/870/870 941/941/941
f 876/876/876 941/941/941 947/947/947
f 824/824/824 876/876/876 882/882/882
f 824/824/824 820/820/820 876/876/876
f 666/666/666 735/735/735 740/740/740
f 809/809/809 815/815/815 735/735/735
f 809/809/809 735/735/735 729/729/729
f 729/729/729 735/735/735 660/660/660
f 660/660/660 735/735/735 666/666/666
f 671/671/671 666/666/666 740/740/740
f 740/740/740 744/744/744 671/671/671
f 744/744/744 675/675/675 671/671/671
f 678/678/678 604/604/604 675/675/675
f 675/675/675 604/604/604 600/600/600
f 518/518/518 512/512/512 600/600/600
f 518/518/518 600/600/600 604/604/604
f 678/678/678 675/675/675 748/748/748
f 748/748/748 675/675/675 744/744/744
f 755/755/755 694/694/694 687/687/687
f 828/828/828 748/748/748 832/832/832
f 748/748/748 751/751/751 832/832/832
f 748/748/748 832/832/832 751/751/751
f 748/748/748 828/828/828 832/832/832
f 748/748/748 683/683/683 751/751/751
f 748/748/748 751/751/751 683/683/683
f 748/748/748 683/683/683 678/678/678
f 748/748/748 678/678/678 683/683/683
f 748/748/748 675/675/675 678/678/678
f 748/748/748 678/678/678 675/675/675
f 748/748/748 744/744/744 675/675/675
f 744/744/744 748/748/748 675/675/675
f 744/744/744 675/675/675 740/740/740
f 740/740/740 675/675/675 744/744/744
f 675/675/675 740/740/740 744/744/744
f 744/744/744 740/740/740 675/675/675
f 744/744/744 740/740/740 824/824/824
f 824/824/824 740/740/740 820/820/820
f 740/740/740 824/824/824 820/820/820
f 744/744/744 824/824/824 740/740/740
f 824/824/824 828/828/828 886/886/886
f 824/824/824 886/886/886 882/882/882
f 828/828/828 824/824/824 882/882/882
f 828/828/828 882/882/882 886/886/886
f 596/596/596 595/595/595 667/667/667
f 596/596/596 667/667/667 668/668/668
f 595/595/595 589/589/589 666/666/666
f 595/595/595 666/666/666 667/667/667
f 595/595/595 594/594/594 589/589/589
f 668/668/668 590/590/590 596/596/596
f 596/596/596 590/590/590 500/500/500
f 596/596/596 500/500/500 514/514/514
f 520/520/520 525/525/525 611/611/611
f 611/611/611 525/525/525 531/531/531
f 611/611/611 531/531/531 623/623/623
f 611/611/611 623/623/623 689/689/689
f 689/689/689 623/623/623 695/695/695
f 689/689/689 695/695/695 762/762/762
f 689/689/689 762/762/762 757/757/757
f 757/757/757 762/762/762 841/841/841
f 757/757/757 841/841/841 837/837/837
f 837/837/837 841/841/841 902/902/902
f 837/837/837 902/902/902 898/898/898
f 898/898/898 902/902/902 972/972/972
f 898/898/898 972/972/972 892/892/892
f 892/892/892 972/972/972 966/966/966
f 966/966/966 1028/1028/1028 961/961/961
f 961/961/961 1028/1028/1028 1022/1022/1022
f 961/961/961 1022/1022/1022 955/955/955
f 955/955/955 1022/1022/1022 949/949/949
f 949/949/949 943/943/943 878/878/878
f 878/878/878 943/943/943 872/872/872
f 872/872/872 811/811/811 817/817/817
f 817/817/817 811/811/811 731/731/731
f 817/817/817 731/731/731 737/737/737
f 737/737/737 731/731/731 662/662/662
f 737/737/737 662/662/662 668/668/668
f 668/668/668 662/662/662 590/590/590
f 668/668/668 667/667/667 736/736/736
f 668/668/668 736/736/736 737/737/737
f 667/667/667 666/666/666 735/735/735
f 667/667/667 735/735/735 736/736/736
f 736/736/736 735/735/735 815/815/815
f 736/736/736 815/815/815 816/816/816
f 737/737/737 736/736/736 816/816/816
f 737/737/737 816/816/816 817/817/817
f 816/816/816 815/815/815 870/870/870
f 816/816/816 870/870/870 871/871/871
f 817/817/817 816/816/816 871/871/871
f 817/817/817 871/871/871 872/872/872
f 871/871/871 870/870/870 877/877/877
f 872/872/872 871/871/871 877/877/877
f 872/872/872 877/877/877 878/878/878
f 877/877/877 870/870/870 947/947/947
f 877/877/877 947/947/947 948/948/948
f 878/878/878 877/877/877 948/948/948
f 878/878/878 948/948/948 949/949/949
f 948/948/948 947/947/947 953/953/953
f 948/948/948 953/953/953 954/954/954
f 949/949/949 948/948/948 954/954/954
f 949/949/949 954/954/954 955/955/955
f 954/954/954 953/953/953 960/960/960
f 955/955/955 954/954/954 960/960/960
f 955/955/955 960/960/960 961/961/961
f 960/960/960 953/953/953 959/959/959
f 960/960/960 959/959/959 964/964/964
f 960/960/960 964/964/964 965/965/965
f 961/961/961 960/960/960 965/965/965
f 961/961/961 965/965/965 966/966/966
f 965/965/965 964/964/964 970/970/970
f 965/965/965 970/970/970 891/891/891
f 966/966/966 965/965/965 891/891/891
f 966/966/966 891/891/891 892/892/892
f 891/891/891 970/970/970 896/896/896
f 891/891/891 896/896/896 897/897/897
f 892/892/892 891/891/891 897/897/897
f 892/892/892 897/897/897 898/898/898
f 897/897/897 896/896/896 840/840/840
f 897/897/897 840/840/840 836/836/836
f 898/898/898 897/897/897 836/836/836
f 898/898/898 836/836/836 837/837/837
f 836/836/836 840/840/840 761/761/761
f 836/836/836 761/761/761 756/756/756
f 837/837/837 836/836/836 756/756/756
f 837/837/837 756/756/756 757/757/757
f 756/756/756 761/761/761 694/694/694
f 756/756/756 694/694/694 688/688/688
f 757/757/757 756/756/756 688/688/688
f 757/757/757 688/688/688 689/689/689
f 688/688/688 694/694/694 615/615/615
f 688/688/688 615/615/615 610/610/610
f 689/689/689 688/688/688 610/610/610
f 689/689/689 610/610/610 611/611/611
f 610/610/610 615/615/615 524/524/524
f 610/610/610 524/524/524 518/518/518
f 610/610/610 518/518/518 519/519/519
f 611/611/611 610/610/610 519/519/519
f 611/611/611 519/519/519 520/520/520
f 519/519/519 518/518/518 512/512/512
f 519/519/519 512/512/512 513/513/513
f 520/520/520 519/519/519 513/513/513
f 520/520/520 513/513/513 514/514/514
f 513/513/513 512/512/512 594/594/594
f 513/513/513 594/594/594 595/595/595
f 514/514/514 513/513/513 595/595/595
f 514/514/514 595/595/595 596/596/596
f 499/499/499 594/594/594 512/512/512
f 589/589/589 594/594/594 499/499/499
f 729/729/729 735/735/735 666/666/666
f 729/729/729 666/666/666 660/660/660
f 809/809/809 815/815/815 735/735/735
f 809/809/809 735/735/735 729/729/729
f 870/870/870 815/815/815 809/809/809
f 947/947/947 870/870/870 941/941/941
f 1026/1026/1026 959/959/959 953/953/953
f 1026/1026/1026 953/953/953 1020/1020/1020
f 964/964/964 959/959/959 1026/1026/1026
f 667/667/667 741/741/741 736/736/736
f 672/672/672 676/676/676 741/741/741
f 672/672/672 741/741/741 667/667/667
f 595/595/595 676/676/676 672/672/672
f 601/601/601 676/676/676 595/595/595
f 605/605/605 679/679/679 676/676/676
f 605/605/605 676/676/676 601/601/601
f 610/610/610 679/679/679 605/605/605
f 610/610/610 684/684/684 679/679/679
f 688/688/688 752/752/752 684/684/684
f 688/688/688 684/684/684 610/610/610
f 756/756/756 752/752/752 688/688/688
f 836/836/836 833/833/833 752/752/752
f 836/836/836 752/752/752 756/756/756
f 897/897/897 833/833/833 836/836/836
f 891/891/891 829/829/829 833/833/833
f 891/891/891 833/833/833 897/897/897
f 960/960/960 887/887/887 829/829/829
f 960/960/960 829/829/829 891/891/891
f 954/954/954 887/887/887 960/960/960
f 883/883/883 825/825/825 887/887/887
f 883/883/883 887/887/887 954/954/954
f 877/877/877 825/825/825 883/883/883
f 821/821/821 825/825/825 877/877/877
f 816/816/816 741/741/741 825/825/825
f 816/816/816 825/825/825 821/821/821
f 736/736/736 741/741/741 816/816/816
f 741/741/741 816/816/816 821/821/821
f 741/741/741 821/821/821 825/825/825
f 741/741/741 736/736/736 816/816/816
f 741/741/741 667/667/667 736/736/736
f 825/825/825 821/821/821 877/877/877
f 825/825/825 877/877/877 883/883/883
f 825/825/825 883/883/883 954/954/954
f 825/825/825 954/954/954 887/887/887
f 887/887/887 954/954/954 960/960/960
f 887/887/887 960/960/960 891/891/891
f 887/887/887 891/891/891 829/829/829
f 829/829/829 891/891/891 897/897/897
f 829/829/829 897/897/897 833/833/833
f 833/833/833 897/897/897 836/836/836
f 833/833/833 836/836/836 756/756/756
f 833/833/833 756/756/756 752/752/752
f 752/752/752 756/756/756 688/688/688
f 752/752/752 688/688/688 610/610/610
f 752/752/752 610/610/610 684/684/684
f 684/684/684 610/610/610 679/679/679
f 679/679/679 610/610/610 605/605/605
f 679/679/679 605/605/605 601/601/601
f 679/679/679 601/601/601 676/676/676
f 676/676/676 601/601/601 595/595/595
f 676/676/676 595/595/595 672/672/672
f 676/676/676 672/672/672 667/667/667
f 676/676/676 667/667/667 741/741/741
f 820/820/820 821/821/821 741/741/741
f 820/820/820 741/741/741 740/740/740
f 740/740/740 741/741/741 821/821/821
f 740/740/740 821/821/821 820/820/820
f 744/744/744 745/745/745 741/741/741
f 744/744/744 741/741/741 740/740/740
f 740/740/740 741/741/741 745/745/745
f 740/740/740 745/745/745 744/744/744
f 678/678/678 679/679/679 684/684/684
f 678/678/678 684/684/684 683/683/683
f 683/683/683 684/684/684 679/679/679
f 683/683/683 679/679/679 678/678/678
f 751/751/751 752/752/752 833/833/833
f 751/751/751 833/833/833 832/832/832
f 832/832/832 833/833/833 752/752/752
f 832/832/832 752/752/752 751/751/751
f 832/832/832 833/833/833 829/829/829
f 832/832/832 829/829/829 828/828/828
f 828/828/828 829/829/829 833/833/833
f 828/828/828 833/833/833 832/832/832
f 824/824/824 825/825/825 887/887/887
f 824/824/824 887/887/887 886/886/886
f 825/825/825 829/829/829 887/887/887
f 828/828/828 829/829/829 825/825/825
f 828/828/828 825/825/825 824/824/824
f 824/824/824 886/886/886 828/828/828
f 886/886/886 887/887/887 829/829/829
f 886/886/886 829/829/829 828/828/828
f 683/683/683 684/684/684 688/688/688
f 683/683/683 688/688/688 687/687/687
f 688/688/688 610/610/610 609/609/609
f 688/688/688 609/609/609 687/687/687
f 610/610/610 605/605/605 604/604/604
f 610/610/610 604/604/604 609/609/609
f 604/604/604 605/605/605 601/601/601
f 604/604/604 601/601/601 600/600/600
f 601/601/601 595/595/595 594/594/594
f 601/601/601 594/594/594 600/600/600
f 594/594/594 595/595/595 601/601/601
f 594/594/594 601/601/601 600/600/600
f 601/601/601 605/605/605 604/604/604
f 601/601/601 604/604/604 600/600/600
f 604/604/604 605/605/605 679/679/679
f 604/604/604 679/679/679 678/678/678
f 679/679/679 605/605/605 604/604/604
f 679/679/679 604/604/604 678/678/678
f 605/605/605 679/679/679 678/678/678
f 605/605/605 678/678/678 604/604/604
f 679/679/679 684/684/684 683/683/683
f 679/679/679 683/683/683 678/678/678
f 683/683/683 687/687/687 609/609/609
f 683/683/683 609/609/609 678/678/678
f 609/609/609 604/604/604 678/678/678
f 616/616/616 610/610/610 688/688/688
f 684/684/684 679/679/679 610/610/610
f 679/679/679 605/605/605 610/610/610
f 684/684/684 610/610/610 688/688/688
f 616/616/616 688/688/688 610/610/610
