
# Vertices

v -3.2718236 1.1298107 -6.862423
v -2.2764635 1.1298107 -6.913701
v 2.2764635 1.1298107 -6.913701
v 3.2718236 1.1298107 -6.862423
v -3.2718236 3.502698 -6.862423
v -2.2764635 3.5026982 -6.9137015
v 2.2764635 3.5026982 -6.9137015
v 3.2718236 3.502698 -6.862423
v -4.231629 0.9023027 -6.2040834
v -3.2493777 0.90230274 -6.2040834
v 3.2493777 0.90230274 -6.2040834
v 4.231629 0.9023027 -6.2040834
v -4.231629 1.3494978 -6.2040834
v -3.2493777 1.3494978 -6.2040834
v 3.2493777 1.3494978 -6.2040834
v 4.231629 1.3494978 -6.2040834
v -4.231629 0.4891575 -6.032949
v -3.2493777 0.4891575 -6.032949
v 3.2493777 0.4891575 -6.032949
v 4.231629 0.4891575 -6.032949
v -4.231629 1.7626431 -6.032949
v -3.2493777 1.7626431 -6.0329485
v 3.2493777 1.7626431 -6.0329485
v 4.231629 1.7626431 -6.032949
v -4.231629 0.17295492 -5.716747
v -3.2493777 0.17295492 -5.716747
v 3.2493777 0.17295492 -5.716747
v 4.231629 0.17295492 -5.716747
v -4.231629 2.0788455 -5.716747
v -3.2493775 2.0788455 -5.716747
v 3.2493775 2.0788455 -5.716747
v 4.231629 2.0788455 -5.716747
v -4.3162856 0.8232699 -5.53292
v -4.231629 0.81639487 -5.5432024
v 4.231629 0.81639487 -5.5432024
v 4.3162856 0.8232699 -5.53292
v -4.3162856 1.0196265 -5.6142616
v -4.231629 1.0172161 -5.6263843
v 4.231629 1.0172161 -5.6263843
v 4.3162856 1.0196265 -5.6142616
v -4.3162856 1.2321742 -5.6142616
v -4.231629 1.2345845 -5.6263843
v 4.231629 1.2345845 -5.6263843
v 4.3162856 1.2321742 -5.6142616
v -4.3162856 1.4285307 -5.53292
v -4.231629 1.435406 -5.5432014
v 4.231629 1.435406 -5.5432014
v 4.3162856 1.4285307 -5.53292
v -4.4968786 0.65461695 -5.410002
v -4.42187 0.65566295 -5.4084377
v -4.231629 0.66270226 -5.389499
v 4.231629 0.66270226 -5.389499
v 4.4277644 0.6555807 -5.4085603
v -4.6921673 0.924545 -5.381358
v 4.6921673 0.924545 -5.381358
v -4.6921673 1.1259054 -5.4495444
v 4.6921673 1.1259054 -5.4495444
v -4.6921673 1.3272555 -5.381358
v 4.6921673 1.3272555 -5.381358
v -4.3162856 1.5788162 -5.3826346
v -4.231629 1.5890982 -5.3895097
v 4.231629 1.5890982 -5.3895097
v 4.3162856 1.5788162 -5.3826346
v -4.231629 0.0018204709 -5.3035913
v -3.2493775 0.0018204709 -5.3035913
v 3.2493775 0.0018204709 -5.3035913
v 4.231629 0.0018204709 -5.3035913
v -4.3162856 0.5916429 -5.1862674
v -4.231629 0.57952 -5.188688
v 4.231629 0.57952 -5.188688
v 4.3162856 0.5916429 -5.1862674
v -4.6921673 0.7844908 -5.2214155
v 4.6921673 0.7844908 -5.2214155
v -2.1852465 1.1298107 -5.1434712
v 2.1852465 1.1298107 -5.1434712
v -4.6921673 1.4673097 -5.2214155
v 4.6921673 1.4673097 -5.2214155
v -4.3162856 1.6601577 -5.186278
v -4.231629 1.6722806 -5.188688
v 4.231629 1.6722806 -5.188688
v 4.3162856 1.6601577 -5.186278
v -4.231629 2.24998 -5.303591
v -3.2493777 2.24998 -5.3035913
v 3.2493777 2.24998 -5.3035913
v 4.231629 2.24998 -5.303591
v -2.1852465 3.502698 -5.1434712
v 2.1852465 3.502698 -5.1434712
v -2.1852465 3.9493947 -5.1434712
v 2.1852465 3.9493947 -5.1434712
v -4.3162856 0.5916429 -4.97373
v -4.231629 0.57952 -4.9713197
v 4.231629 0.57952 -4.9713197
v 4.3162856 0.5916429 -4.97373
v -4.6921673 0.7704253 -5.0093007
v 4.6921673 0.7704253 -5.0093007
v -4.6921673 1.1259054 -5.080009
v -4.3162856 1.1259054 -5.079999
v -3.199967 1.1287112 -5.0887604
v 3.199967 1.1287112 -5.0887604
v 4.3162856 1.1259054 -5.079999
v 4.6921673 1.1259054 -5.080009
v -4.6921673 1.4813751 -5.0093007
v 4.6921673 1.4813751 -5.0093007
v -4.3162856 1.6601578 -4.97373
v -4.231629 1.6722806 -4.9713197
v 4.231629 1.6722806 -4.9713197
v 4.3162856 1.6601578 -4.97373
v -2.2021596 2.642378 -4.9781137
v 2.2021596 2.642378 -4.9781137
v -3.1806068 3.502698 -5.092193
v -2.2021596 3.5550442 -4.9781137
v 2.2021596 3.5550442 -4.9781137
v 3.1806068 3.502698 -5.092193
v -3.1806068 3.9493952 -5.092193
v 3.1806068 3.9493952 -5.092193
v -4.231629 0.0018204709 -4.856406
v -3.249378 0.0018204709 -4.856406
v 3.249378 0.0018204709 -4.856406
v 4.231629 0.0018204709 -4.856406
v -4.3162856 0.67298436 -4.7773733
v -4.231629 0.66270226 -4.7704988
v 4.231629 0.66270226 -4.7704988
v 4.3162856 0.67298436 -4.7773733
v -4.6921673 0.924545 -4.7786503
v 4.6921673 0.924545 -4.7786503
v -4.6921673 1.3272555 -4.7786503
v 4.6921673 1.3272555 -4.7786503
v -4.4968786 1.5971837 -4.7500052
v -4.395894 1.5843713 -4.7413507
v -4.231629 1.5890981 -4.7704988
v 4.231629 1.5890981 -4.7704988
v 4.4172664 1.5870831 -4.7431827
v -4.4339657 1.6236303 -4.7877674
v 4.4339657 1.6236303 -4.7877674
v -4.231629 2.24998 -4.856406
v -3.2493777 2.24998 -4.856406
v 3.2493777 2.24998 -4.856406
v 4.231629 2.24998 -4.856406
v -4.3162856 0.8232699 -4.627088
v -4.231629 0.8163948 -4.616796
v 4.231629 0.8163948 -4.616796
v 4.3162856 0.8232699 -4.627088
v -4.6921673 1.1259054 -4.7104635
v -4.3162856 1.0196265 -4.5457463
v -4.231629 1.0172161 -4.5336237
v 4.231629 1.0172161 -4.5336237
v 4.3162856 1.0196265 -4.5457463
v 4.6921673 1.1259054 -4.7104635
v -4.3162856 1.2321742 -4.5457463
v -4.231629 1.2345845 -4.5336237
v 4.231629 1.2345845 -4.5336237
v 4.3162856 1.2321742 -4.5457463
v -4.4124694 1.5400121 -4.689894
v -4.231629 1.435406 -4.616796
v 4.231629 1.435406 -4.616796
v 4.4124694 1.5400121 -4.689894
v -4.231629 0.17295492 -4.443261
v -3.2493777 0.17295492 -4.443261
v 3.2493777 0.17295492 -4.443261
v 4.231629 0.17295492 -4.443261
v -4.231629 2.0788455 -4.443261
v -3.2493777 2.0788455 -4.443261
v 3.2493777 2.0788455 -4.443261
v 4.231629 2.0788455 -4.443261
v -4.231629 0.4891575 -4.1270585
v -3.2493777 0.4891575 -4.1270585
v 3.2493777 0.4891575 -4.1270585
v 4.231629 0.4891575 -4.1270585
v -4.231629 1.7626431 -4.1270485
v -3.249378 1.762643 -4.1270485
v 3.249378 1.762643 -4.1270485
v 4.231629 1.7626431 -4.1270485
v -0.17318372 5.5152287 -4.1808286
v 0 5.4365754 -4.180829
v 0.17318372 5.5152287 -4.1808286
v -0.21653433 5.7004256 -4.1808286
v 0 5.657353 -4.212539
v 0.21653433 5.7004256 -4.1808286
v -0.1449155 5.8339334 -4.1808286
v -0.0000000010048141 5.8781333 -4.180828
v 0.1449155 5.8339334 -4.1808286
v -4.231629 0.9023027 -3.955924
v -3.2493777 0.90230274 -3.955924
v 3.2493777 0.90230274 -3.955924
v 4.231629 0.9023027 -3.955924
v -4.231629 1.3494978 -3.955924
v -3.2493777 1.3494978 -3.955924
v -2.1853073 1.2763367 -4.043032
v 2.1853073 1.2039174 -4.043032
v 3.2493777 1.3494978 -3.955924
v 4.231629 1.3494978 -3.955924
v -3.167961 3.0783632 -4.018149
v 3.167961 3.0783632 -4.018149
v -3.1662745 3.2607422 -3.9815574
v 3.1662745 3.2607422 -3.9815574
v -0.307863 5.1966004 -3.9456625
v -0.16008446 5.1296296 -3.9456627
v 0 5.103217 -3.9456625
v 0.16008446 5.1296296 -3.9456627
v 0.307863 5.1966004 -3.9456625
v -0.38416013 5.324153 -3.9939508
v -0.198965 5.285112 -4.0905166
v 0 5.238665 -4.0905166
v 0.23261036 5.309226 -4.090517
v 0.426295 5.3075013 -3.9456627
v -0.527723 5.497268 -3.9456627
v -0.38681805 5.497134 -4.090517
v 0.38681805 5.497134 -4.090517
v 0.527723 5.497268 -3.9456627
v -0.548811 5.711407 -3.9456627
v -0.42004573 5.6987247 -4.090517
v 0.42004573 5.6987247 -4.090517
v 0.548811 5.711407 -3.9456627
v -0.51195914 5.8694124 -3.9456623
v -0.37628213 5.9087763 -4.0543056
v 0.2998997 5.957252 -4.090517
v 0.40174302 5.8926177 -4.042235
v 0.51195914 5.8694124 -3.9456623
v -0.34985122 6.083647 -3.9456623
v -0.20332967 6.0761647 -4.042234
v 0 6.0759883 -4.0905166
v 0.20332967 6.0761647 -4.042234
v 0.34985122 6.083647 -3.9456623
v -0.10810954 6.2008495 -3.9456625
v 0 6.211498 -3.9456627
v 0.10810954 6.2008495 -3.9456625
v -3.1578667 3.0774186 -3.804155
v 3.107066 3.137892 -3.754228
v 3.1744525 3.057674 -3.820456
v -3.1569977 3.2613623 -3.8396358
v 3.1569977 3.2613623 -3.8396358
v -0.33326823 5.1585846 -3.758876
v -0.1732957 5.0860806 -3.7588763
v 0 5.0574822 -3.758876
v 0.1732957 5.0860806 -3.7588763
v 0.33326823 5.1585846 -3.758876
v -0.49877852 5.3240843 -3.758876
v -0.42416972 5.2331824 -3.758876
v 0.46147397 5.278633 -3.7588758
v -0.57127684 5.484057 -3.758876
v 0.57127684 5.484057 -3.758876
v -0.59410924 5.7158666 -3.758876
v 0.59410924 5.7158666 -3.758876
v -0.5264921 5.9387684 -3.758876
v 0.49877852 5.9906206 -3.7588763
v 0.55420625 5.8869147 -3.758876
v -0.37871915 6.1188264 -3.7588758
v 0.37871915 6.1188264 -3.7588758
v -0.17329553 6.22863 -3.7588758
v 0 6.257508 -3.758876
v 0.17329553 6.22863 -3.7588758
v -2.1853073 1.2039174 -3.5153396
v 2.1853073 1.2763367 -3.5153396
v -0.32760343 5.167066 -3.560109
v -0.17034644 5.0957932 -3.5601091
v 0 5.0676827 -3.5601091
v 0.17034644 5.0957932 -3.5601091
v 0.32760343 5.167066 -3.560109
v -0.45362797 5.285072 -3.5601091
v 0.45362797 5.285072 -3.5601091
v -0.5615645 5.487006 -3.560109
v 0.5615645 5.487006 -3.560109
v -0.584005 5.7148757 -3.5601087
v 0.584005 5.7148757 -3.5601087
v -0.54478866 5.88301 -3.560109
v -0.49029657 5.9849563 -3.560109
v 0.49029657 5.9849563 -3.560109
v 0.54478866 5.88301 -3.560109
v -0.3722814 6.11098 -3.560109
v 0.3722814 6.11098 -3.560109
v -0.1703458 6.218918 -3.560109
v 0 6.2475514 -3.5601091
v 0.1703458 6.218918 -3.560109
v -3.092604 1.1298107 -3.3840723
v -2.0972435 1.1298107 -3.435351
v 2.0972435 1.1298107 -3.435351
v 3.092604 1.1298107 -3.3840723
v -3.092604 3.502698 -3.3840723
v -2.0972435 3.502698 -3.435351
v 2.0972435 3.502698 -3.435351
v 3.092604 3.502698 -3.3840723
v -3.092604 3.949395 -3.3840723
v -2.0972435 3.9493947 -3.435351
v 2.0972435 3.9493947 -3.435351
v 3.092604 3.949395 -3.3840723
v -3.092604 4.446109 -3.3840723
v -2.0972435 4.446109 -3.435351
v 2.0972435 4.446109 -3.435351
v 3.092604 4.446109 -3.3840723
v -0.15817736 5.1359143 -3.3806858
v 0.053409263 5.1150756 -3.3806858
v 0.20953721 5.1514955 -3.380686
v -0.3822111 5.2751455 -3.380686
v 0.30420172 5.2020926 -3.3806858
v 0.42121518 5.3116713 -3.380686
v -0.521443 5.499181 -3.380686
v 0.5058672 5.447826 -3.3806858
v 0.5370186 5.5505347 -3.3806858
v -0.54228175 5.7107654 -3.3806858
v 0.54228175 5.7107654 -3.3806858
v -0.5058672 5.8668904 -3.3806858
v -0.45526013 5.9615536 -3.3806858
v 0.48056385 5.914222 -3.3806858
v -0.34568623 6.0785728 -3.3806856
v -0.15819192 6.1787963 -3.3806856
v 0.10681791 6.194381 -3.3806858
v 0.2568694 6.1379213 -3.3806858
v 0.38717046 6.0445232 -3.380686
v 0 6.2053857 -3.3806858
v 0 5.191033 -3.1978254
v -0.36341813 5.359106 -3.1978252
v -0.22161928 5.2427373 -3.197825
v 0.22161928 5.2427373 -3.197825
v 0.36341813 5.359106 -3.1978252
v -0.44989032 5.520889 -3.1978254
v 0.44989032 5.520889 -3.1978254
v -0.4678712 5.7034445 -3.1978252
v 0.4678712 5.7034445 -3.1978252
v -0.38776028 5.9164524 -3.1978252
v 0.38776028 5.9164524 -3.1978252
v -0.22161958 6.071977 -3.1978252
v 0 6.1238537 -3.1978254
v 0.22161958 6.071977 -3.1978252
v -0.3168128 5.3405504 -3.0006654
v -0.21018802 5.264126 -3.000665
v 0 5.2151365 -3.0006652
v 0.21018802 5.264126 -3.000665
v 0.3168128 5.3405504 -3.0006654
v -0.40863633 5.4880958 -3.0006652
v 0.40863633 5.4880958 -3.0006652
v -0.4437373 5.7010636 -3.0006652
v 0.4437373 5.7010636 -3.0006652
v -0.36776194 5.9030895 -3.0006652
v 0.36776194 5.9030895 -3.0006652
v -0.21018821 6.050589 -3.0006652
v 0 6.0997906 -3.000665
v 0.21018821 6.050589 -3.0006652
v -0.14348763 5.1843405 -2.8194928
v 0.04845013 5.165439 -2.8194926
v 0.1900714 5.198472 -2.8194926
v -0.3821006 5.3437786 -2.8194923
v -0.27594882 5.24437 -2.8194926
v 0.27594882 5.24437 -2.8194926
v 0.3821006 5.3437786 -2.8194923
v -0.47301227 5.5138707 -2.8194923
v 0.47301227 5.5138707 -2.8194923
v -0.49669364 5.657352 -2.8194926
v -0.4871438 5.7542543 -2.8194926
v 0.4919187 5.705803 -2.8194928
v -0.43593174 5.890367 -2.8194926
v 0.43593174 5.890367 -2.8194926
v -0.35121867 6.0085707 -2.8194923
v -0.18758814 6.1103854 -2.8194926
v 0.051284634 6.149208 -2.8194926
v 0.23301038 6.0932946 -2.8194928
v 0.35121867 6.0085707 -2.8194923
v -0.21755138 4.5636153 -2.5170503
v 0 4.5421867 -2.5170503
v 0.21755138 4.5636153 -2.5170503
v -0.61955 4.7301226 -2.5170503
v -0.42675298 4.6270676 -2.5170503
v 0 4.796911 -2.591832
v 0.42675298 4.6270676 -2.5170503
v 0.61955 4.7301226 -2.5170503
v -0.7885284 4.868804 -2.5170503
v -0.40365013 4.902162 -2.591832
v -0.16785961 4.813437 -2.591832
v 0 4.9930234 -2.6762958
v 0.16785961 4.813437 -2.591832
v 0.40365013 4.902162 -2.591832
v 0.7885284 4.868804 -2.5170503
v -0.92721975 5.037792 -2.5170503
v -0.7154349 5.1793113 -2.591832
v -0.60842377 5.0489287 -2.591832
v -0.41942123 5.1462884 -2.6762955
v -0.19191818 5.0246882 -2.676296
v 0.19191818 5.0246882 -2.676296
v 0.41942123 5.1462884 -2.6762955
v 0.60842377 5.0489287 -2.591832
v 0.7154349 5.1793113 -2.591832
v 0.92721975 5.037792 -2.5170503
v -1.0302645 5.2305894 -2.5170503
v -0.7949457 5.328071 -2.591832
v -0.5523757 5.288265 -2.6762958
v 0.5523757 5.288265 -2.6762958
v 0.7949457 5.328071 -2.591832
v 1.0302645 5.2305894 -2.5170503
v -1.0937268 5.439781 -2.5170503
v -0.84390527 5.489483 -2.591832
v -0.6326647 5.4654365 -2.6762958
v 0.6326647 5.4654365 -2.6762958
v 0.84390527 5.489483 -2.591832
v 1.0937268 5.439781 -2.5170503
v -1.1151555 5.6573424 -2.5170503
v -0.8604421 5.6573424 -2.591832
v -0.65794784 5.722157 -2.6762958
v 0.65794784 5.722157 -2.6762958
v 0.8604421 5.6573424 -2.591832
v 1.1151555 5.6573424 -2.5170503
v -1.0937268 5.8748937 -2.5170503
v -0.8194256 5.905917 -2.591832
v -0.61376315 5.911578 -2.6762958
v 0.61376315 5.911578 -2.6762958
v 0.8194256 5.905917 -2.591832
v 1.0937268 5.8748937 -2.5170503
v -1.0302645 6.0840955 -2.5170503
v -0.7154349 6.1353836 -2.591832
v -0.5523757 6.0264406 -2.6762958
v -0.4697527 6.1271057 -2.6762958
v 0.4697527 6.1271057 -2.6762958
v 0.5523757 6.0264406 -2.6762958
v 0.7154349 6.1353836 -2.591832
v 1.0302645 6.0840955 -2.5170503
v -0.92721975 6.2768826 -2.5170503
v -0.60842377 6.265766 -2.591832
v -0.42983738 6.3006477 -2.6291966
v -0.19184306 6.2900395 -2.6762955
v 0 6.322282 -2.6762958
v 0.19184306 6.2900395 -2.6762955
v 0.42983755 6.3006487 -2.6291964
v 0.60842377 6.265766 -2.591832
v 0.92721975 6.2768826 -2.5170503
v -0.7885284 6.445871 -2.5170503
v -0.61955 6.5845623 -2.5170503
v -0.32927132 6.452288 -2.591832
v -0.16785961 6.501258 -2.591832
v 0 6.5185575 -2.591832
v 0.16785961 6.501258 -2.591832
v 0.3292815 6.452288 -2.591832
v 0.61955 6.5845623 -2.5170503
v 0.7885284 6.445871 -2.5170503
v -0.42675298 6.6876073 -2.5170503
v -0.21755138 6.751069 -2.5170503
v 0 6.7734942 -2.5170503
v 0.21755138 6.751069 -2.5170503
v 0.42675298 6.6876073 -2.5170503
v -0.5222006 4.396631 -2.3766603
v -0.26621592 4.318981 -2.3766603
v 0 4.2927623 -2.3766603
v 0.26621592 4.318981 -2.3766603
v 0.5222006 4.396631 -2.3766603
v -0.75811934 4.5227313 -2.3766603
v -0.4479579 4.575881 -2.4416177
v -0.2283623 4.509266 -2.4416177
v 0 4.4867797 -2.4416177
v 0.2283623 4.509266 -2.4416177
v 0.4479579 4.575881 -2.4416177
v 0.75811934 4.5227313 -2.3766603
v -0.9649005 4.692432 -2.3766603
v -0.6503251 4.6840515 -2.4416177
v 0.6503251 4.6840515 -2.4416177
v 0.9649005 4.692432 -2.3766603
v -1.1346009 4.899223 -2.3766603
v -0.82771426 4.829628 -2.4416177
v 0.82771426 4.829628 -2.4416177
v 1.1346009 4.899223 -2.3766603
v -1.2607017 5.1351314 -2.3766603
v -0.97329086 5.007007 -2.4416177
v 0.97329086 5.007007 -2.4416177
v 1.2607017 5.1351314 -2.3766603
v -1.3383512 5.3911166 -2.3766603
v -1.0814614 5.2093844 -2.4416177
v 1.0814614 5.2093844 -2.4416177
v 1.3383512 5.3911166 -2.3766603
v -1.1480663 5.4289703 -2.4416177
v 1.1480663 5.4289703 -2.4416177
v -1.3645701 5.657332 -2.3766603
v -1.1705629 5.6573424 -2.4416177
v 1.1705629 5.6573424 -2.4416177
v 1.3645701 5.657332 -2.3766603
v -1.3383512 5.923548 -2.3766603
v -1.1480663 5.885705 -2.4416177
v 1.1480663 5.885705 -2.4416177
v 1.3383512 5.923548 -2.3766603
v -1.2607017 6.1795325 -2.3766603
v -1.0814614 6.1052904 -2.4416177
v 1.0814614 6.1052904 -2.4416177
v 1.2607017 6.1795325 -2.3766603
v -0.9732909 6.3076673 -2.4416177
v 0.9732909 6.3076673 -2.4416177
v -1.1346009 6.415451 -2.3766603
v -0.82771426 6.485057 -2.4416177
v 0.82771426 6.485057 -2.4416177
v 1.1346009 6.415451 -2.3766603
v -0.9649005 6.6222324 -2.3766603
v -0.75811934 6.7919326 -2.3766603
v -0.6503251 6.6306233 -2.4416177
v -0.4479579 6.7387934 -2.4416177
v 0.4479579 6.7387934 -2.4416177
v 0.6503251 6.6306233 -2.4416177
v 0.75811934 6.7919326 -2.3766603
v 0.9649005 6.6222324 -2.3766603
v -0.5222006 6.9180336 -2.3766603
v -0.24912709 6.9097853 -2.405985
v 0 6.828953 -2.4416177
v 0.24912709 6.9097853 -2.405985
v 0.5222006 6.9180336 -2.3766603
v 0 7.0231333 -2.3766603
v -3.0328841 1.1298107 -2.2251036
v -2.037524 1.1298107 -2.276382
v 2.037524 1.1298107 -2.276382
v 3.0328841 1.1298107 -2.2251036
v -3.0328841 3.502698 -2.2251036
v -2.037524 3.502698 -2.276382
v 2.037524 3.502698 -2.276382
v 3.0328841 3.502698 -2.2251036
v -3.0328841 3.949395 -2.2251036
v -2.037524 3.949395 -2.276382
v 2.037524 3.949395 -2.276382
v 3.0328841 3.949395 -2.2251036
v -0.30405936 4.128696 -2.194359
v 0 4.098755 -2.194359
v 0.30405936 4.128696 -2.194359
v -0.86590344 4.3614216 -2.194359
v -0.59644324 4.2173905 -2.194359
v 0.59644324 4.2173905 -2.194359
v 0.86590344 4.3614216 -2.194359
v -3.0328841 4.446109 -2.2251036
v -2.037524 4.446109 -2.276382
v -1.1020765 4.5552454 -2.194359
v 1.1020765 4.5552454 -2.194359
v 2.037524 4.446109 -2.276382
v 3.0328841 4.446109 -2.2251036
v -1.295911 4.791429 -2.194359
v 1.295911 4.791429 -2.194359
v -1.4399416 5.060889 -2.194359
v 1.4399416 5.060889 -2.194359
v -1.5286261 5.353263 -2.194359
v 1.5286261 5.353263 -2.194359
v -1.5585773 5.657332 -2.194359
v 1.5585773 5.657332 -2.194359
v -1.528626 5.961392 -2.194359
v 1.528626 5.961392 -2.194359
v -1.4399416 6.253765 -2.194359
v 1.4399416 6.253765 -2.194359
v -1.295911 6.5232253 -2.194359
v 1.295911 6.5232253 -2.194359
v -1.1020765 6.759409 -2.194359
v 1.1020765 6.759409 -2.194359
v -0.8659035 6.9532332 -2.194359
v 0.8659035 6.9532332 -2.194359
v -0.59644324 7.097264 -2.194359
v -0.30405936 7.1859584 -2.194359
v 0.30405936 7.1859584 -2.194359
v 0.59644324 7.097264 -2.194359
v 0 7.217303 -2.194359
v -0.78201944 3.769351 -1.943907
v -0.39399686 3.6765666 -1.9565544
v 0 3.664699 -1.9806969
v 0.39399686 3.6765666 -1.9565544
v 0.78201944 3.769351 -1.943907
v -1.1353229 3.958192 -1.943907
v -0.72519976 3.9065382 -2.0530813
v -0.36321956 3.831278 -2.0979657
v 0.36321956 3.831278 -2.0979657
v 0.72519976 3.9065382 -2.0530813
v 1.1353229 3.958192 -1.943907
v -1.0528202 4.0816574 -2.0530803
v 1.0528202 4.0816574 -2.0530803
v -1.4062128 4.2511015 -1.9842242
v 1.4062128 4.2511015 -1.9842242
v -1.69913 4.5219994 -1.943907
v -1.6067944 4.5836916 -2.0024977
v 1.6791981 4.535316 -1.9565545
v -1.5480411 4.6229486 -2.0979657
v 1.5480411 4.6229486 -2.0979657
v -1.837309 4.89628 -1.984224
v 1.837309 4.89628 -1.984224
v -1.9807473 5.2633176 -1.9565547
v -1.8260442 5.2941027 -2.0979657
v 1.8586259 5.2876186 -2.053081
v 2.0042572 5.258639 -1.9439071
v -2.0195532 5.657312 -1.9565545
v -1.861813 5.6573224 -2.0979657
v 1.861813 5.6573224 -2.0979657
v 2.0195532 5.657312 -1.9565545
v -1.9807472 6.051309 -1.9565544
v -1.8260442 6.0205417 -2.0979657
v 1.8586261 6.0270205 -2.0530808
v 2.0042572 6.055985 -1.943907
v -1.750784 6.382517 -2.0530806
v 1.750784 6.382517 -2.0530806
v -1.8879708 6.439331 -1.9439069
v 1.8879708 6.439331 -1.9439069
v -1.69913 6.7926345 -1.9439069
v -1.5756645 6.710142 -2.0530806
v 1.6535356 6.7621713 -1.9842235
v -1.3165056 6.9738173 -2.0979657
v 1.3165056 6.9738173 -2.0979657
v -1.4280357 7.08535 -1.9565544
v 1.4280357 7.08535 -1.9565544
v -1.1353229 7.3564415 -1.9439071
v -1.0528202 7.232982 -2.0530803
v -0.7124856 7.377413 -2.0979657
v 0.7124856 7.377413 -2.0979657
v 1.0528256 7.232982 -2.0530803
v 1.1353229 7.3564415 -1.9439071
v -0.7727756 7.522962 -1.9566532
v -0.3697091 7.5159664 -2.0530412
v 0 7.5532017 -2.0542393
v 0.3697091 7.5159664 -2.0530412
v 0.7727756 7.522962 -1.9566532
v -0.39867297 7.6615686 -1.9439071
v 0 7.7026772 -1.943907
v 0.39867297 7.6615686 -1.9439071
v -2.998387 1.3837003 -1.5554144
v -2.0030165 1.3837003 -1.6067028
v 2.0030165 1.3837003 -1.6067028
v 2.998387 1.3837003 -1.5554144
v -3.000177 3.5143633 -1.590278
v -2.0055995 3.502698 -1.6568117
v 2.0055995 3.502698 -1.6568117
v 3.000177 3.5143633 -1.590278
v -3.0005534 3.9555378 -1.5974989
v -2.0055995 3.949395 -1.6568116
v 2.0055995 3.949395 -1.6568116
v 3.0005534 3.9555378 -1.5974989
v -3.00096 4.446109 -1.6055232
v -2.0055995 4.446109 -1.6568116
v 2.0055995 4.446109 -1.6568116
v 3.00096 4.446109 -1.6055232
v -3.00096 4.8929987 -1.6055231
v -2.0055995 4.8929987 -1.6568118
v 2.0055995 4.8929987 -1.6568118
v 3.00096 4.8929987 -1.6055231
v -1.9594166 1.5910814 -0.76038736
v 1.9594166 1.5910814 -0.76038736
v -2.9556723 3.5085256 -0.7265307
v -1.9607084 3.5026982 -0.78544676
v 1.9607084 3.5026982 -0.78544676
v 2.9556723 3.5085256 -0.7265307
v -2.9558651 3.952466 -0.73014104
v -1.9607083 3.949395 -0.78544676
v 1.9607083 3.949395 -0.78544676
v 2.9558651 3.952466 -0.73014104
v -2.9560688 4.446109 -0.7341584
v -1.9607083 4.446109 -0.7854468
v 1.9607083 4.446109 -0.7854468
v 2.9560688 4.446109 -0.7341584
v -2.9560688 4.8929987 -0.73415834
v -1.9607081 4.8929987 -0.78544676
v 1.9607081 4.8929987 -0.78544676
v 2.9560688 4.8929987 -0.73415834
v -2.954777 1.5910814 -0.7090989
v 2.954777 1.5910814 -0.7090989
v -0.36947426 3.799862 -0.51581365
v 0 3.7634728 -0.51581365
v 0.36947426 3.799862 -0.51581365
v -0.72474074 3.907636 -0.51581365
v 0.72474074 3.907636 -0.51581365
v -1.052161 4.082645 -0.51581365
v 1.052161 4.082645 -0.51581365
v -1.3391445 4.318167 -0.51581365
v 1.3391445 4.318167 -0.51581365
v -1.5746667 4.605151 -0.51581365
v 1.5746667 4.605151 -0.51581365
v -1.7496864 4.9325714 -0.51581365
v 1.7496864 4.9325714 -0.51581365
v -1.8574499 5.287848 -0.51581365
v 1.8574499 5.287848 -0.51581365
v -1.893839 5.657312 -0.51581365
v 1.893839 5.657312 -0.51581365
v -1.85745 6.026786 -0.51581365
v 1.85745 6.026786 -0.51581365
v -1.7496861 6.3820524 -0.51581365
v 1.7496861 6.3820524 -0.51581365
v -1.5746667 6.709473 -0.51581365
v 1.5746667 6.709473 -0.51581365
v -1.3391445 6.9964666 -0.51581365
v 1.3391445 6.9964666 -0.51581365
v -1.052161 7.2319894 -0.51581365
v 1.052161 7.2319894 -0.51581365
v -0.72474074 7.4069977 -0.51581365
v -0.42796326 7.4970245 -0.51581365
v 0.42796326 7.4970245 -0.51581365
v 0.72474074 7.4069977 -0.51581365
v 0 3.5925012 -0.3287018
v -0.7668759 3.7496722 -0.3287018
v -0.39007977 3.6660664 -0.38073164
v 0 3.6624625 -0.43404502
v 0.39007977 3.6660664 -0.38073164
v 0.7668759 3.7496722 -0.3287018
v -1.1108246 3.9694357 -0.3811257
v -0.7634078 3.814314 -0.43404502
v 0.7634078 3.814314 -0.43404502
v 1.1108246 3.9694357 -0.3811257
v -1.4170078 4.1972737 -0.3287018
v 1.4170078 4.1972737 -0.3287018
v -1.4105904 4.2467523 -0.43404502
v 1.4105904 4.2467523 -0.43404502
v -1.6624385 4.5296984 -0.38162202
v 1.6624385 4.5296984 -0.38162202
v -1.8471861 4.88066 -0.3818454
v 1.8471861 4.88066 -0.3818454
v -1.9609443 5.2614064 -0.3820108
v 1.9609443 5.2614064 -0.3820108
v -1.9994229 5.657327 -0.3812949
v 1.9994229 5.657327 -0.3812949
v -1.9610687 6.053438 -0.38053888
v 1.9610687 6.053438 -0.38053888
v -1.8473058 6.4343805 -0.38034573
v 1.8473058 6.4343805 -0.38034573
v -1.6586831 6.765633 -0.43404502
v 1.6586831 6.765633 -0.43404502
v -1.6662294 6.804463 -0.3287018
v 1.6662294 6.804463 -0.3287018
v -1.4138498 7.093036 -0.38054344
v 1.4138498 7.093036 -0.38054344
v -1.1108459 7.3454676 -0.38068187
v 1.1108459 7.3454676 -0.38068187
v -0.7652314 7.533339 -0.3800265
v 0.7652314 7.533339 -0.3800265
v -0.3926246 7.643478 -0.41396293
v 0 7.6827335 -0.41332045
v 0.3926246 7.643478 -0.41396293
v -0.75375634 3.7823184 -0.21322903
v -0.37559888 3.7605007 -0.15112908
v 0 3.723358 -0.1511184
v 0.37559888 3.7605007 -0.15112908
v 0.75375634 3.7823184 -0.21322903
v -1.0942861 3.9698577 -0.21322903
v -0.7338634 3.885597 -0.14054239
v 0.7338634 3.885597 -0.14054239
v 1.0942861 3.9698577 -0.21322903
v -1.0654129 4.0628133 -0.14054239
v 1.0654129 4.0628133 -0.14054239
v -1.3614291 4.2896614 -0.15124804
v 1.3614291 4.2896614 -0.15124804
v -1.6008917 4.582711 -0.15129584
v 1.6008917 4.582711 -0.15129584
v -1.7788447 4.917095 -0.15133569
v 1.7788447 4.917095 -0.15133569
v -1.9318144 5.261385 -0.21322903
v -1.8808415 5.28319 -0.14054239
v 1.8808415 5.28319 -0.14054239
v 1.9318144 5.261385 -0.21322903
v -1.9254313 5.6573114 -0.15136994
v 1.9254313 5.6573114 -0.15136994
v -1.9318147 6.05325 -0.21322903
v -1.8808415 6.0314336 -0.14054239
v 1.8808415 6.0314336 -0.14054239
v 1.9318147 6.05325 -0.21322903
v -1.7717149 6.3911858 -0.14054239
v 1.7717149 6.3911858 -0.14054239
v -1.8197286 6.4339614 -0.21322903
v 1.8197286 6.4339614 -0.21322903
v -1.6009761 6.7320347 -0.15143736
v 1.6009761 6.7320347 -0.15143736
v -1.3615822 7.0253 -0.15155134
v 1.3615822 7.0253 -0.15155134
v -1.0942861 7.344766 -0.21321884
v -1.0654129 7.25182 -0.14054239
v 1.0697962 7.26593 -0.15157571
v -0.7368742 7.444613 -0.1515104
v -0.37412205 7.538153 -0.14054239
v 0 7.5750103 -0.14054237
v 0.37412205 7.538153 -0.14054239
v 0.7368742 7.444613 -0.1515104
v -0.38426176 7.647788 -0.21320869
v 0 7.686781 -0.2131985
v 0.38426176 7.647788 -0.21320869
v -1.9158067 1.69195 0.08592827
v 1.9158068 1.6919498 0.08592827
v -1.9158067 3.502698 0.08592827
v 1.9158067 3.502698 0.08592827
v -1.9158067 3.949395 0.08592827
v 1.9158067 3.949395 0.08592827
v -1.9158067 4.446109 0.08592827
v 1.9158067 4.446109 0.08592827
v -1.9158067 4.8929987 0.08592827
v 1.9158067 4.8929987 0.08592827
v -1.9158065 5.254306 0.08592827
v 1.9158067 5.2543063 0.08592826
v -2.9111671 1.6919498 0.13720655
v 2.9111671 1.6919498 0.13720655
v -2.9111674 3.502698 0.13720655
v 2.9111674 3.502698 0.13720655
v -2.9111671 3.949395 0.13720655
v 2.9111671 3.949395 0.13720655
v -2.9111671 4.446109 0.13720655
v 2.9111671 4.446109 0.13720655
v -2.9111671 4.8929987 0.13720655
v 2.9111671 4.8929987 0.13720655
v -2.9111671 5.2543063 0.13720655
v 2.9111671 5.2543063 0.13720655
v -2.9815245 3.1147954 0.4650439
v -2.8894942 3.1147954 0.40773466
v 2.8894942 3.1147954 0.40773466
v 2.9815245 3.1147954 0.4650439
v -2.8813074 2.9769683 0.5666602
v 2.8813074 2.9769683 0.5666602
v -2.9739287 3.0517907 0.61240876
v 2.9739287 3.0517907 0.61240876
v -2.9765627 3.2071507 0.5612642
v -2.8813074 3.252622 0.5666636
v 2.8813074 3.252622 0.5666636
v 2.9765627 3.2071507 0.5612642
v -2.8731203 3.1147954 0.72560513
v 2.8731203 3.1147954 0.72560513
v -2.8586886 1.6672566 1.2355608
v -1.8633282 1.6672566 1.1842723
v 1.8634096 1.6672565 1.1825434
v 2.8587801 1.6672566 1.2338318
v -2.8558512 3.502698 1.2108777
v -1.8604908 3.502698 1.1595892
v 1.8605824 3.502698 1.1577687
v 2.8559425 3.502698 1.209047
v -2.8558512 3.949395 1.2108777
v -1.8604908 3.949395 1.159589
v 1.8605824 3.949395 1.1577687
v 2.8559425 3.949395 1.209047
v -2.8558512 4.446109 1.2108777
v -1.8604908 4.446109 1.1595892
v 1.8605824 4.446109 1.1577687
v 2.8559425 4.446109 1.209047
v -2.8558512 4.8929987 1.2108777
v -1.8604908 4.8929987 1.1595892
v 1.8605824 4.8929987 1.1577687
v 2.8559425 4.8929987 1.209047
v -2.8558512 5.2543063 1.2108777
v -1.8604908 5.2543063 1.1595892
v 1.8605825 5.2543063 1.1577687
v 2.8559425 5.2543063 1.209047
v -2.8025389 1.4986137 2.2286532
v -1.8071785 1.4986137 2.1773646
v 1.8071073 1.4986137 2.1787071
v 2.8024676 1.4986137 2.2299855
v -2.8025389 3.5033288 2.2377048
v -1.8071785 3.502698 2.1943285
v 1.8071073 3.502698 2.195671
v 2.8024676 3.5033288 2.239047
v -2.8025389 3.9498727 2.2397182
v -1.8071785 3.949395 2.1943285
v -0.70285434 3.9604702 2.223812
v -0.3583175 3.8559508 2.223812
v 0 3.82066 2.223812
v 0.3583175 3.8559508 2.223812
v 0.70285434 3.9604702 2.223812
v 1.8071073 3.949395 2.195671
v 2.8024676 3.9498727 2.2410607
v -1.0203892 4.130191 2.223812
v 1.0203892 4.130191 2.223812
v -1.2987078 4.358604 2.223812
v 1.2987078 4.358604 2.223812
v -2.8025389 4.446404 2.2419658
v -1.8071785 4.446109 2.1943285
v 1.8071073 4.446109 2.195671
v 2.8024676 4.446404 2.2433083
v -1.527121 4.636923 2.223812
v 1.527121 4.636923 2.223812
v -2.8025389 4.8931313 2.2439797
v -1.7321926 4.9347706 2.2143676
v 1.6968517 4.9544573 2.223812
v 1.8071073 4.8929987 2.195671
v 2.8024676 4.8931313 2.245322
v -2.8025389 5.2543063 2.245617
v -1.8035437 5.282234 2.2127502
v 1.8035192 5.2822175 2.2132435
v 2.8024676 5.2543063 2.2469494
v -1.8366518 5.6573114 2.223812
v 1.8366518 5.6573114 2.223812
v -1.8013611 6.01563 2.223812
v 1.8013611 6.01563 2.223812
v -1.6968517 6.3601766 2.223812
v 1.6968517 6.3601766 2.223812
v -1.527121 6.6777015 2.223812
v 1.527121 6.6777015 2.223812
v -1.2987078 6.95603 2.223812
v 1.2987078 6.95603 2.223812
v -1.0203892 7.1844325 2.223812
v 1.0203892 7.1844325 2.223812
v -0.7028544 7.3541636 2.223812
v 0.7028544 7.3541636 2.223812
v -0.3583175 7.4586835 2.223812
v 0 7.493974 2.223812
v 0.3583175 7.4586835 2.223812
v -0.37477297 3.7732055 2.4246233
v 0 3.7362878 2.4246233
v 0.37477297 3.7732055 2.4246233
v -0.7351448 3.8825152 2.4246233
v 0.7351448 3.8825152 2.4246233
v -1.0672638 4.0600367 2.4246233
v 1.0672638 4.0600367 2.4246233
v -1.3583663 4.2989454 2.4246233
v 1.3583663 4.2989454 2.4246233
v -1.5972753 4.590048 2.4246233
v 1.5972753 4.590048 2.4246233
v -1.7747965 4.9221673 2.4246233
v 1.7747965 4.9221673 2.4246233
v -1.8841163 5.282539 2.4246233
v 1.8841163 5.282539 2.4246233
v -1.921024 5.657312 2.4246233
v 1.921024 5.657312 2.4246233
v -1.8841163 6.0320845 2.4246233
v 1.8841163 6.0320845 2.4246233
v -1.7747964 6.3924565 2.4246233
v 1.7747964 6.3924565 2.4246233
v -1.5972751 6.724576 2.4246233
v 1.5972751 6.724576 2.4246233
v -1.3583663 7.0156784 2.4246233
v 1.3583663 7.015679 2.4246233
v -1.0672638 7.254587 2.4246233
v 1.0672638 7.254587 2.4246233
v -0.73514485 7.432108 2.4246233
v -0.374773 7.5414286 2.4246233
v 0 7.5783362 2.4246233
v 0.374773 7.5414286 2.4246233
v 0.73514485 7.432108 2.4246233
v -0.37784433 3.7577572 2.6332147
v 0 3.720534 2.6332147
v 0.37784433 3.7577572 2.6332147
v -0.7411758 3.867962 2.6332147
v 0.7411758 3.867962 2.6332147
v -1.0760102 4.0469475 2.6332147
v 1.0760102 4.0469475 2.6332147
v -1.3695027 4.2878094 2.6332147
v 1.3695027 4.2878094 2.6332147
v -1.6103745 4.5813017 2.6332147
v 1.6103745 4.5813017 2.6332147
v -1.7893502 4.9161463 2.6332147
v 1.7893502 4.9161463 2.6332147
v -1.8995649 5.2794676 2.6332147
v 1.8995649 5.2794676 2.6332147
v -1.9367777 5.657312 2.6332147
v 1.9367777 5.657312 2.6332147
v -1.899565 6.0351563 2.6332147
v 1.899565 6.0351563 2.6332147
v -1.7893502 6.3984876 2.6332147
v 1.7893502 6.3984876 2.6332147
v -1.6103745 6.733332 2.6332147
v 1.6103745 6.733332 2.6332147
v -1.3695027 7.0268245 2.6332147
v 1.3695027 7.0268245 2.6332147
v -1.0760102 7.2676864 2.6332147
v 1.0760204 7.267686 2.6332147
v -0.7411758 7.446662 2.6332147
v -0.37784436 7.5568767 2.6332147
v 0 7.59409 2.6332147
v 0.37784436 7.5568767 2.6332147
v 0.7411758 7.446662 2.6332147
v -0.3702065 3.7961395 2.8418062
v 0 3.7596796 2.8418062
v 0.3702065 3.7961395 2.8418062
v -0.72619504 3.9041271 2.8418062
v 0.72619504 3.9041271 2.8418062
v -1.0542662 4.079492 2.8418062
v 1.0542662 4.079492 2.8418062
v -1.3418294 4.315482 2.8418062
v 1.3418294 4.315482 2.8418062
v -1.5778193 4.6030455 2.8418062
v 1.5778193 4.6030455 2.8418062
v -1.7531847 4.931117 2.8418062
v 1.7531847 4.931117 2.8418062
v -1.8611723 5.287105 2.8418062
v 1.8611723 5.287105 2.8418062
v -1.8976326 5.657312 2.8418062
v 1.8976326 5.657312 2.8418062
v -1.8611723 6.0275292 2.8418062
v 1.8611723 6.0275292 2.8418062
v -1.7531848 6.3835063 2.8418062
v 1.7531848 6.3835063 2.8418062
v -1.5778195 6.711578 2.8418062
v 1.5778195 6.711578 2.8418062
v -1.3418294 6.999141 2.8418062
v 1.3418294 6.999141 2.8418062
v -1.0542662 7.2351418 2.8418062
v 1.0542662 7.2351418 2.8418062
v -0.7261951 7.4104967 2.8418062
v -0.3702065 7.518484 2.8418062
v 0 7.5549445 2.8418062
v 0.3702065 7.518484 2.8418062
v 0.72619504 7.410496 2.8418062
v -3.7319858 0.993072 3.041885
v -2.7722619 0.993072 3.041885
v 2.7722619 0.993072 3.041885
v 3.7319858 0.993072 3.041885
v -1.7538662 1.1298107 3.0626218
v 1.7536322 1.1298107 3.0671172
v -3.7319858 1.4862467 3.041885
v -2.7722619 1.4862467 3.041885
v 2.7722619 1.4862467 3.041885
v 3.7319858 1.4862467 3.041885
v -0.6865718 3.9997683 3.0226836
v -0.35001862 3.897679 3.0226836
v 0 3.863202 3.0226836
v 0.35001862 3.897679 3.0226836
v 0.6865718 3.9997683 3.0226836
v -0.99675363 4.165563 3.0226836
v 0.99675363 4.165563 3.0226836
v -1.2686242 4.3886876 3.0226836
v 1.2686242 4.3886876 3.0226836
v -1.4917488 4.660558 3.0226836
v 1.4917488 4.660558 3.0226836
v -1.657544 4.9707403 3.0226836
v 1.657544 4.9707403 3.0226836
v -2.3726332 5.303445 3.0275555
v -1.7918409 5.3040442 3.026104
v 1.7918409 5.3040442 3.026104
v 2.3726332 5.303445 3.0275555
v -1.7941097 5.657312 3.0226836
v 1.7941097 5.657312 3.0226836
v -1.759643 6.0073304 3.0226836
v 1.759643 6.0073304 3.0226836
v -1.657544 6.343894 3.0226836
v 1.657544 6.343894 3.0226836
v -1.4917488 6.654065 3.0226836
v 1.4917488 6.654065 3.0226836
v -1.2686242 6.9259467 3.0226836
v 1.2686242 6.9259467 3.0226836
v -0.99675363 7.1490602 3.0226836
v 0.99675363 7.1490602 3.0226836
v -0.686582 7.3148556 3.0226836
v 0.686582 7.3148556 3.0226836
v -0.35001862 7.4169555 3.0226836
v 0 7.451422 3.0226836
v 0.35001862 7.4169555 3.0226836
v -3.7319858 0.5374458 3.230614
v -2.7722619 0.5374458 3.230614
v 2.7722619 0.5374458 3.230614
v 3.7319858 0.5374458 3.230614
v -2.7492266 1.1298107 3.1139004
v 2.7489927 1.1298107 3.1184056
v -3.7319858 1.9418731 3.230614
v -2.7722619 1.941873 3.230614
v 2.7722619 1.941873 3.230614
v 3.7319858 1.9418731 3.230614
v -2.7492266 3.502698 3.2803564
v -1.7538662 3.502698 3.2290683
v 1.7536322 3.5026977 3.2335732
v 2.7489927 3.5026977 3.2848518
v -2.7492266 3.949395 3.2803564
v -1.7538662 3.949395 3.2290678
v 1.7536322 3.949395 3.2335734
v 2.7489927 3.949395 3.2848516
v -2.7492266 4.446109 3.2803564
v -1.7538662 4.446109 3.229068
v 1.7536322 4.446109 3.2335734
v 2.7489927 4.446109 3.2848516
v -2.7492266 4.8929987 3.2803566
v -1.7538662 4.8929987 3.229068
v 1.7536322 4.8929987 3.2335737
v 2.7489927 4.8929987 3.2848516
v -2.7492266 5.2543063 3.2803562
v -2.101393 5.356008 3.2235513
v -1.9638071 5.356008 3.191776
v -1.7538662 5.2543063 3.229068
v 1.7536321 5.2543063 3.2335734
v 2.0188415 5.3560085 3.2044861
v 2.7489927 5.2543063 3.2848513
v -2.101393 5.4128294 3.2153866
v -1.9695929 5.4128284 3.1899664
v 2.0188415 5.4128294 3.199465
v -2.0188413 5.3560085 3.3188713
v 2.0188413 5.3560085 3.3188713
v -2.0188413 5.4128294 3.3188713
v 2.0188413 5.4128294 3.3188713
v -3.7319858 0.18872894 3.5793307
v -2.7722619 0.18872894 3.5793307
v 2.7722619 0.18872894 3.5793307
v 3.7319858 0.18872894 3.5793307
v -3.7319858 1.1198032 3.6789784
v 3.7319858 1.1198032 3.6789784
v -3.7319856 1.3595155 3.6789784
v 3.7319856 1.3595155 3.6789784
v -3.7319858 2.2905898 3.5793307
v -2.7722616 2.2905898 3.5793304
v 2.7722616 2.2905898 3.5793304
v 3.7319858 2.2905898 3.5793307
v -1.7189924 5.277098 3.6570923
v 1.7189924 5.277098 3.6570923
v -3.7664275 0.90141886 3.7753272
v 3.7664275 0.90141886 3.7753272
v -3.8166428 1.1224576 3.6923628
v 3.8166428 1.1224576 3.6923628
v -3.8166428 1.3568509 3.6923628
v 3.8166428 1.3568509 3.6923628
v -3.7700617 1.5775745 3.7758143
v 3.7700617 1.5775745 3.7758143
v -0.3448623 3.9235725 3.705665
v 0 3.8896046 3.705665
v 0.3448623 3.9235725 3.705665
v -0.9820882 4.1875105 3.7056656
v -0.6764728 4.024156 3.7056653
v 0.6764728 4.024156 3.7056653
v 0.9820882 4.1875105 3.7056656
v -1.2499619 4.40735 3.7056653
v 1.2499619 4.40735 3.7056653
v -1.4590211 4.667057 3.7849524
v 1.4590211 4.667057 3.7849524
v -1.6281418 4.986382 3.6905622
v 1.6281418 4.986382 3.6905622
v -2.345509 5.3560085 3.8361192
v -1.7783763 5.3560085 3.836119
v 1.7783763 5.3560085 3.836119
v 2.345509 5.3560085 3.8361192
v -2.3445125 5.506508 3.8660498
v -1.7694558 5.5440254 3.7847104
v 1.7694558 5.5440254 3.7847104
v 2.3445125 5.506508 3.8660498
v -1.727983 5.977379 3.710476
v 1.727983 5.977379 3.710476
v -1.6323013 6.333439 3.729443
v 1.6323013 6.333439 3.729443
v -1.4690387 6.6388917 3.7294433
v 1.4690387 6.6388917 3.7294433
v -1.249311 6.9066224 3.7294433
v 1.249311 6.9066224 3.7294433
v -0.98157966 7.126351 3.7294433
v 0.98157966 7.126351 3.7294433
v -0.676127 7.2896132 3.7294433
v -0.34467924 7.3901563 3.729443
v 0.34467924 7.3901563 3.729443
v 0.676127 7.2896132 3.7294433
v 0 7.424104 3.729443
v -3.7319858 0 4.034957
v -2.7722616 0 4.034957
v 2.7722616 0 4.034957
v 3.7319858 0 4.034957
v -3.946907 0.7625204 3.9599023
v -3.8414261 0.7609103 3.9498315
v 3.8414261 0.7609103 3.9498315
v 3.946907 0.7625204 3.9599023
v -4.2299 0.9783557 4.020241
v -3.908124 0.80380404 3.900954
v 3.908124 0.80380404 3.900954
v 4.2299 0.9783557 4.020241
v -4.2299 1.0982424 3.9401398
v 4.2299 1.0982424 3.9401398
v -4.2299 1.310368 3.9260743
v 4.2299 1.310368 3.9260743
v -4.2299 1.5009631 4.020241
v 4.2299 1.5009631 4.020241
v -3.7700586 1.7453897 3.9436285
v 3.7700586 1.7453897 3.9436285
v -3.7319858 2.4793189 4.034957
v -2.7722619 2.4793189 4.034957
v 2.7722619 2.4793189 4.034957
v 3.7319858 2.4793189 4.034957
v -0.3420858 3.9375463 4.074397
v 0 3.9038525 4.074397
v 0.3420858 3.9375463 4.074397
v -0.9741655 4.199369 4.074397
v -0.6710216 4.037327 4.074397
v 0.6710216 4.037327 4.074397
v 0.9741655 4.199369 4.074397
v -1.2398831 4.417429 4.074397
v 1.2398831 4.417429 4.074397
v -2.9110553 4.861644 4.082228
v -1.5530144 4.861644 4.082228
v 1.5530144 4.861644 4.082228
v 2.9110553 4.861644 4.082228
v -2.9110553 5.0417995 3.9618533
v -1.6413428 5.0417995 3.9618533
v 1.6413428 5.0417995 3.9618533
v 2.9110553 5.0417995 3.9618535
v -2.9110553 5.2543063 3.919586
v -2.3427122 5.2543063 3.919586
v -1.7440858 5.254307 3.919586
v 1.7075104 5.2543063 3.919586
v 1.7755796 5.2543063 3.9195862
v 2.3427122 5.2543063 3.919586
v 2.9110553 5.2543063 3.919586
v -2.9110553 5.466823 3.9618533
v -2.3412986 5.466823 3.9618533
v -1.7503706 5.466823 3.961853
v 1.7503707 5.466823 3.9618533
v 2.3412986 5.466823 3.9618533
v 2.9110553 5.466823 3.9618533
v -2.9110553 5.646979 4.082228
v -2.3387558 5.6916995 4.0375137
v -1.763256 5.672485 4.056726
v 1.7607559 5.66675 4.0624595
v 2.3387558 5.6916995 4.0375137
v 2.9110553 5.646979 4.082228
v -3.7700613 0.64310867 4.1628866
v 3.7700613 0.64310867 4.1628866
v -4.2299 0.88418955 4.210836
v 4.2299 0.88418955 4.210836
v -4.2299 1.2396594 4.281544
v -3.8166428 1.2396594 4.281544
v -2.7722619 1.2396594 4.281544
v 2.7722619 1.2396594 4.281544
v 3.8166428 1.2396594 4.281544
v 4.2299 1.2396594 4.281544
v -4.2299 1.5810637 4.140127
v 4.2299 1.5810637 4.140127
v -4.2299 1.6091945 4.281544
v 4.2299 1.6091945 4.281544
v -3.7700603 1.8362056 4.1628866
v 3.7700603 1.8362056 4.1628866
v -2.9110553 4.741259 4.262394
v -1.4661877 4.7187195 4.23684
v 1.4601833 4.7094674 4.2263503
v 2.9110553 4.7412596 4.262394
v -2.9110553 5.767364 4.262394
v -2.3312097 5.767364 4.262394
v -1.7435294 5.767364 4.262394
v 1.7450924 5.767364 4.262394
v 2.3312097 5.767364 4.262394
v 2.9110553 5.7673645 4.262394
v -2.332542 5.863158 4.2227097
v -1.7654094 5.8631577 4.2227097
v 1.7654094 5.8631577 4.2227097
v 2.332542 5.863158 4.2227097
v -1.7060255 6.033163 4.1251264
v 1.7060255 6.033163 4.1251264
v -1.6188359 6.3278556 4.1065044
v 1.6188359 6.3278556 4.1065044
v -1.4569157 6.630796 4.1065044
v 1.4569157 6.630796 4.1065044
v -1.2390085 6.896321 4.1065044
v 1.2390085 6.896321 4.1065044
v -0.97348416 7.1142273 4.1065044
v 0.97348416 7.1142273 4.1065044
v -0.6705435 7.2761474 4.1065044
v -0.34184173 7.375867 4.1065044
v 0.34184173 7.375867 4.1065044
v 0.6705435 7.2761474 4.1065044
v 0 7.40953 4.1065044
v -3.7700608 0.6431086 4.400207
v 3.7700608 0.6431086 4.400207
v -4.2299 0.89825493 4.4229617
v 4.2299 0.89825493 4.4229617
v -4.2299 1.5810637 4.4229617
v 4.2299 1.5810637 4.4229617
v -3.7700603 1.8362057 4.4002066
v 3.7700603 1.8362057 4.4002066
v -0.33906528 3.9527001 4.4740467
v 0 3.919301 4.4740467
v 0.33906528 3.9527001 4.4740467
v -0.6651126 4.0516057 4.4740467
v 0.6651126 4.0516057 4.4740467
v -0.9655819 4.212214 4.4740467
v 0.9655921 4.212214 4.4740467
v -1.3586918 4.5864377 4.4740467
v -1.2289603 4.4283514 4.4740467
v 1.2289603 4.4283514 4.4740467
v 1.3586918 4.5864377 4.4740467
v -2.9110553 4.6989913 4.4749007
v -1.4489526 4.6989913 4.4749007
v 1.4489526 4.6989913 4.4749007
v 2.9110553 4.6989913 4.4749007
v -2.9110553 5.2543063 4.4749007
v 2.9110553 5.2543063 4.4749007
v -2.9110553 5.8096313 4.4749007
v -2.3240905 5.8727884 4.4749002
v -1.7420012 5.8449883 4.4749007
v 1.7420012 5.8449883 4.4749007
v 2.3240905 5.8727884 4.4749002
v 2.9110553 5.8096313 4.474901
v -1.6843017 6.0633383 4.4740467
v 1.6843017 6.0633383 4.4740467
v -1.6057163 6.322424 4.4740467
v 1.6057163 6.322424 4.4740467
v -1.4451082 6.6229033 4.4740467
v 1.4451082 6.6229033 4.4740467
v -1.2289603 6.8862724 4.4740467
v 1.2289603 6.8862724 4.4740467
v -0.965592 7.1024203 4.4740467
v 0.965592 7.1024203 4.4740467
v -0.6651126 7.2630286 4.4740467
v -0.33906528 7.3619337 4.4740467
v 0 7.395323 4.4740467
v 0.33906528 7.3619337 4.4740467
v 0.6651126 7.2630286 4.4740467
v -3.7319858 0 4.528132
v -2.7722619 0 4.528132
v 2.7722619 0 4.528132
v 3.7319858 0 4.528132
v -3.770059 0.73392904 4.61946
v 3.770059 0.73392904 4.61946
v -4.2299 0.9783557 4.542848
v 4.2299 0.9783557 4.542848
v -4.2299 1.0982424 4.6229486
v 4.2299 1.0982424 4.6229486
v -4.2299 1.310368 4.637014
v 4.2299 1.310368 4.637014
v -4.2299 1.5009631 4.542848
v 4.2299 1.5009631 4.542848
v -3.94141 1.7109461 4.611545
v -3.8414266 1.7184086 4.613259
v 3.8414266 1.7184086 4.613259
v 3.94141 1.7109461 4.611545
v -3.7319858 2.4793189 4.528132
v -2.7722619 2.4793189 4.528132
v 2.7722619 2.4793189 4.528132
v 3.7319858 2.4793189 4.528132
v -3.7700605 0.901744 4.787274
v 3.7700605 0.901744 4.787274
v -3.7700596 1.120997 4.878095
v 3.7700596 1.120997 4.878095
v -3.7700603 1.3583171 4.8780947
v 3.7700603 1.3583171 4.8780947
v -3.7700603 1.5775747 4.787275
v 3.7700603 1.5775747 4.787275
v -2.9110553 4.741259 4.6874075
v -1.4408128 4.7136874 4.7225018
v 1.4408128 4.7136874 4.7225013
v 2.9110553 4.741259 4.6874075
v -2.9110553 4.861644 4.867573
v -1.5187609 4.861644 4.8675733
v 1.5187609 4.861644 4.867573
v 2.9110553 4.861644 4.8675733
v -2.9110553 5.6951766 4.7954416
v -2.3139098 5.706653 4.778266
v -1.7289909 5.707794 4.776558
v 1.7277412 5.697256 4.7923293
v 2.3139098 5.706653 4.778266
v 2.9110553 5.7065983 4.778348
v -2.315629 5.8631577 4.727092
v -1.7484963 5.8631577 4.727092
v 1.7484963 5.8631577 4.727092
v 2.315629 5.8631577 4.727092
v -1.6786879 6.0332136 4.84111
v 1.6786879 6.0332136 4.84111
v -1.5915393 6.3165565 4.8708887
v 1.5915393 6.3165565 4.8708887
v -1.4323444 6.6143813 4.8708887
v 1.4323444 6.6143813 4.8708887
v -1.2181087 6.8754306 4.8708887
v 1.2181087 6.8754306 4.8708887
v -0.9570694 7.0896664 4.8708887
v 0.9570694 7.0896664 4.8708887
v -0.6592342 7.248851 4.8708887
v -0.33607522 7.346882 4.8708887
v 0 7.3799863 4.870889
v 0.33607522 7.346882 4.8708887
v 0.6592342 7.248851 4.8708887
v -3.7319858 0.18872894 4.983758
v -2.7722619 0.18872896 4.983758
v 2.7722619 0.18872896 4.983758
v 3.7319858 0.18872894 4.983758
v -3.7319858 2.2905898 4.983758
v -2.7722619 2.2905898 4.983758
v 2.7722619 2.2905898 4.983758
v 3.7319858 2.2905898 4.983758
v -2.7516675 3.0951056 5.072117
v -2.6588132 3.0951056 5.031029
v 2.6588132 3.0951056 5.031029
v 2.7516675 3.0951056 5.072117
v -0.33580062 3.9691353 4.907522
v 0 3.9360616 4.907522
v 0.33580062 3.9691353 4.907522
v -0.6586952 4.067085 4.907522
v 0.6586952 4.067085 4.907522
v -0.9562761 4.226147 4.907522
v 0.9562761 4.226147 4.907522
v -1.2174476 4.439864 4.8951344
v 1.2174476 4.439864 4.8951344
v -2.9110553 5.0417995 4.987948
v -1.6001025 5.0417995 4.987948
v 1.6001025 5.0417995 4.987948
v 2.9110553 5.0417995 4.987948
v -2.9110553 5.2543063 5.0302157
v -2.3054588 5.2543063 5.0302157
v -1.738326 5.2543063 5.0302157
v -1.662863 5.2543063 5.0302157
v 1.662863 5.2543063 5.0302157
v 1.738326 5.2543063 5.0302157
v 2.3054588 5.2543063 5.0302157
v 2.9110553 5.2543063 5.0302157
v -2.9110553 5.466823 4.987948
v -2.3049316 5.4907846 5.045794
v -1.7148645 5.474858 5.0073457
v 1.6993843 5.466823 4.987948
v 1.7381119 5.486925 5.0364766
v 2.3049316 5.4907846 5.045794
v 2.9110553 5.466823 4.987948
v -2.3084588 5.720306 4.940891
v -1.7413262 5.7203064 4.940891
v 1.7413262 5.7203064 4.940891
v 2.3084588 5.720306 4.940891
v -2.7451742 2.9886847 5.1982
v -2.6506207 2.957279 5.18997
v -1.6923974 2.9330025 5.255161
v 1.6923974 2.9330025 5.255161
v 2.6506207 2.957279 5.18997
v 2.7451742 2.9886847 5.1982
v -2.745519 3.2015371 5.191503
v -2.650621 3.2329328 5.189971
v 2.650621 3.2329328 5.189971
v 2.745519 3.2015371 5.191503
v -1.6923974 3.8054352 5.255161
v 1.6923974 3.8054352 5.255161
v -1.4205877 4.714206 5.283637
v 1.4205877 4.714206 5.283637
v -2.302662 5.3560085 5.113683
v -1.7355292 5.3560085 5.1136827
v 1.7355292 5.3560085 5.1136827
v 2.302662 5.3560085 5.113683
v -1.6756673 5.971826 5.2826304
v 1.6756673 5.971826 5.2826304
v -3.7319858 0.5374458 5.3324747
v -2.7722619 0.5374458 5.332474
v 2.7722619 0.5374458 5.332474
v 3.7319858 0.5374458 5.3324747
v -3.7319858 1.941873 5.3324747
v -2.7722619 1.9418731 5.332474
v 2.7722619 1.9418731 5.332474
v 3.7319858 1.941873 5.3324747
v -2.7390258 3.0951056 5.317586
v -2.642429 3.0951056 5.34891
v 2.642429 3.0951056 5.34891
v 2.7390258 3.0951056 5.317586
v -0.3329021 3.9837093 5.291906
v 0 3.9509203 5.291906
v 0.3329021 3.9837093 5.291906
v -0.6530101 4.0808043 5.291906
v 0.6530101 4.0808043 5.291906
v -0.9480281 4.2384934 5.291906
v 0.9480281 4.2384934 5.291906
v -1.2066367 4.450675 5.2905636
v 1.2066367 4.450675 5.2905636
v -1.5775754 5.009011 5.3006725
v 1.5775754 5.009011 5.3006725
v -1.6708466 5.317097 5.3052692
v 1.6708466 5.317097 5.3052692
v -1.7040117 5.6365647 5.3006725
v 1.7040117 5.6365647 5.3006725
v -1.5766499 6.310383 5.2879186
v 1.5766499 6.310383 5.2879186
v -1.4189402 6.6054215 5.2879186
v 1.4189402 6.6054215 5.2879186
v -1.206718 6.86403 5.2879186
v 1.206718 6.86403 5.2879186
v -0.9481094 7.0762625 5.2879186
v 0.9481094 7.0762625 5.2879186
v -0.65307105 7.2339616 5.2879186
v -0.33293262 7.331077 5.2879186
v 0 7.3638663 5.2879186
v 0.33293262 7.331077 5.2879186
v 0.65307105 7.2339616 5.2879186
v -3.7319858 0.993072 5.5212035
v -2.7722619 0.993072 5.5212035
v 2.7722619 0.993072 5.5212035
v 3.7319858 0.993072 5.5212035
v -3.7319858 1.4862467 5.5212035
v -2.7722619 1.4862467 5.5212035
v 2.7722619 1.4862467 5.5212035
v 3.7319858 1.4862467 5.5212035
v -1.9485242 5.3560085 5.6390867
v 1.9485242 5.3560085 5.6390867
v -1.9485242 5.4128294 5.6390867
v 1.9485242 5.4128294 5.6390867
v -2.0035577 5.356008 5.7661843
v -1.8659828 5.3560085 5.7344127
v 1.8659828 5.3560085 5.7344127
v 2.0035577 5.356008 5.7661843
v -1.997774 5.412829 5.7679925
v -1.8659827 5.4128294 5.742568
v 1.8659827 5.4128294 5.742568
v 1.997774 5.412829 5.7679925
v -2.2734632 5.302831 5.984102
v -1.7063304 5.3034945 5.9841013
v 1.7063304 5.3034945 5.9841013
v 2.2734632 5.302831 5.984102
v -2.5872757 1.1298107 6.4234962
v -1.5919154 1.1298107 6.372208
v 1.5919154 1.1298107 6.372208
v 2.5872757 1.1298107 6.4234962
v -2.5872757 3.502698 6.4234962
v -1.5919154 3.502698 6.372208
v 1.5919154 3.502698 6.372208
v 2.5872757 3.5026982 6.4234962
v -2.5872757 3.949395 6.4234962
v -1.5919154 3.949395 6.372208
v 1.5919154 3.9493947 6.372208
v 2.5872757 3.949395 6.4234962
v -2.5872757 4.446109 6.423496
v -1.5919155 4.446109 6.372208
v 1.5919154 4.446109 6.3722086
v 2.5872757 4.446109 6.423496
v -2.5872757 4.8929987 6.423496
v -1.5919155 4.8929987 6.372208
v 1.5919154 4.8929987 6.3722076
v 2.5872757 4.8929987 6.4234962
v -2.5872757 5.2543063 6.4234962
v -1.5919154 5.2543063 6.372208
v 1.5919155 5.2543063 6.3722076
v 2.5872757 5.2543063 6.4234962
v -0.3309189 3.9936452 6.674986
v 0 3.96105 6.674986
v 0.3309189 3.9936452 6.674986
v -0.63627535 4.1212163 6.626177
v -0.32271153 4.0349264 6.613842
v 0 4.0031443 6.613842
v 0.32271153 4.0349264 6.613842
v 0.63627535 4.1212163 6.626177
v -0.9237291 4.274861 6.626177
v 0.9237291 4.274861 6.626177
v -1.1756812 4.4816303 6.6261764
v 1.1756812 4.4816303 6.6261764
v -1.3824456 4.733595 6.6261673
v 1.3824456 4.733595 6.6261673
v -1.5360725 5.021052 6.626128
v 1.5360725 5.021052 6.626128
v -1.6307603 5.3329353 6.626247
v 1.6307603 5.3329353 6.626247
v -1.696262 5.657312 6.674986
v -1.6541675 5.657312 6.613842
v 1.6627153 5.657312 6.626258
v -1.6307304 5.981685 6.626202
v 1.6307304 5.981685 6.626202
v -1.5360425 6.2935624 6.626081
v 1.5360425 6.2935624 6.626081
v -1.382435 6.58103 6.6261487
v 1.382435 6.58103 6.6261487
v -1.1756675 6.832979 6.6261487
v 1.1756675 6.832979 6.6261487
v -0.9237186 7.0397468 6.6261487
v -0.6330256 7.1855717 6.613842
v 0.6330256 7.1855717 6.613842
v 0.9237186 7.0397468 6.6261487
v -0.64913523 7.224453 6.674986
v -0.32436344 7.2880063 6.626149
v 0 7.3198047 6.625923
v 0.32436344 7.2880063 6.626149
v 0.64913523 7.224453 6.674986
v -0.33253428 3.985569 6.793195
v 0 3.9526913 6.7927785
v 0.33253428 3.985569 6.793195
v -0.6324101 4.1305494 6.8725386
v -0.3206775 4.045178 6.8860383
v 0 4.0135894 6.8860383
v 0.3206775 4.045178 6.8860383
v 0.6324101 4.1305494 6.8725386
v -0.91811466 4.283259 6.872539
v 0.91811466 4.283259 6.872539
v -1.1685328 4.488779 6.8725386
v 1.1685328 4.488779 6.8725386
v -1.3740529 4.7391977 6.872539
v 1.3740529 4.7391977 6.872539
v -1.5267625 5.024911 6.8725386
v 1.5267625 5.024911 6.8725386
v -1.6208009 5.334921 6.8725386
v 1.6208009 5.334921 6.8725386
v -1.7044967 5.657312 6.793195
v -1.6437227 5.657312 6.8860383
v 1.647555 5.657312 6.881758
v 1.7162871 5.657312 6.7551274
v -1.6208011 5.979713 6.872539
v 1.6208011 5.979713 6.872539
v -1.5267622 6.2897215 6.8725386
v 1.5267622 6.2897215 6.8725386
v -1.3698925 6.5726466 6.8817577
v 1.3698925 6.5726466 6.8817577
v -1.4270357 6.6108317 6.7551274
v 1.4270357 6.6108317 6.7551274
v -1.1685331 6.825845 6.872539
v 1.1685331 6.825845 6.872539
v -0.91811454 7.031364 6.8725386
v -0.6290286 7.17591 6.8860383
v 0.6290286 7.17591 6.8860383
v 0.91811454 7.031364 6.8725386
v -0.6522843 7.23206 6.793195
v -0.32240146 7.278121 6.872539
v 0 7.3098917 6.872507
v 0.32240146 7.278121 6.872539
v 0.6522843 7.23206 6.793195
v -0.21663605 4.943164 7.958896
v 0 4.90742 7.9588957
v 0.21663605 4.943164 7.958896
v -0.5302554 5.127056 7.958896
v -0.4166234 5.0337954 7.958896
v 0.4166234 5.0337954 7.958896
v 0.5302554 5.127056 7.958896
v -0.6928163 5.3703384 7.958896
v -0.6235164 5.240699 7.958896
v 0.6581664 5.305519 7.958897
v -0.7354906 5.511013 7.958896
v 0.7354906 5.511013 7.958896
v -0.74989164 5.657312 7.958896
v 0 5.657312 7.9588857
v 0.74989164 5.657312 7.958896
v -0.71415347 5.8739476 7.958896
v 0.6928163 5.944285 7.958896
v 0.7354906 5.803611 7.958896
v -0.5768859 6.130751 7.958896
v 0.5768859 6.130751 7.958896
v -0.4166234 6.280828 7.958896
v -0.21663605 6.371465 7.958896
v 0.21663605 6.371465 7.958896
v 0.4166234 6.280828 7.958896
v 0 6.4072137 7.958896
v -0.29526207 4.1729465 11.033539
v -0.29125503 4.1930733 10.964188
v 0 4.1541314 10.998863
v 0.29325855 4.1830096 10.998863
v -0.8408237 4.398929 11.033539
v -0.5436597 4.3448043 10.923584
v -0.27473858 4.2761035 10.912289
v 0 4.2490506 10.912289
v 0.27473858 4.2761035 10.912289
v 0.5436597 4.3448043 10.923584
v 0.8408237 4.398929 11.033539
v -1.0701623 4.5871496 11.033539
v -0.78567773 4.4814706 10.915912
v 0.78567773 4.4814706 10.915912
v 1.0701623 4.5871496 11.033539
v -0.9999754 4.657346 10.915911
v 0.9999754 4.657346 10.915911
v -1.1812263 4.868046 10.923585
v 1.1812263 4.868046 10.923585
v -1.3125095 5.113653 10.923585
v 1.3010672 5.1183915 10.91229
v 1.3887653 5.082074 10.998864
v -1.3933548 5.380157 10.923583
v 1.3933548 5.380157 10.923583
v -1.5031852 5.6573124 10.998862
v -1.4082614 5.657312 10.912288
v 1.4141704 5.6573114 10.91591
v 1.5134419 5.657312 11.033539
v -1.393355 5.9344664 10.923584
v 1.393355 5.9344664 10.923584
v -1.3010672 6.1962323 10.912288
v 1.3010672 6.1962323 10.912288
v -1.3887652 6.232561 10.998864
v 1.3887652 6.232561 10.998864
v -1.1812261 6.4465876 10.923584
v 1.1812261 6.4465876 10.923584
v -1.0045542 6.661867 10.923584
v 1.0045542 6.661867 10.923584
v -0.7892753 6.8385386 10.923583
v -0.53892046 6.958379 10.91229
v 0.53892046 6.958379 10.91229
v 0.7892753 6.8385386 10.923583
v -0.57524353 7.0460773 10.998863
v -0.29526207 7.1416774 11.033539
v -0.27589124 7.0443153 10.915911
v 0 7.077931 10.923564
v 0.27715498 7.0506673 10.923584
v 0.5752485 7.0460773 10.998863
v -0.29125503 4.1930733 11.102889
v 0 4.1643934 11.102889
v 0.29125503 4.1930733 11.102889
v -0.54423636 4.3434105 11.146272
v -0.27473858 4.2761035 11.154788
v 0 4.2490506 11.154788
v 0.27473858 4.2761035 11.154788
v 0.54423636 4.3434105 11.146272
v -0.7901134 4.4748316 11.146271
v 0.7901134 4.4748316 11.146271
v -1.0056218 4.651698 11.146271
v 1.0056218 4.651698 11.146271
v -1.1824806 4.867207 11.146271
v 1.1824806 4.867207 11.146271
v -1.3139043 5.1130753 11.146271
v 1.3010672 5.1183915 11.154788
v 1.3792864 5.0859995 11.102889
v -1.3948348 5.379863 11.146271
v 1.3948348 5.379863 11.146271
v -1.4929286 5.657312 11.102889
v -1.4082614 5.657312 11.154788
v 1.4221562 5.657312 11.14627
v -1.394835 5.9347606 11.146271
v 1.394835 5.9347606 11.146271
v -1.3010672 6.1962323 11.154788
v 1.3010672 6.1962323 11.154788
v -1.3792864 6.228635 11.102889
v 1.3792864 6.228635 11.102889
v -1.1824807 6.447426 11.146272
v 1.1824807 6.447426 11.146272
v -1.0056218 6.662934 11.146271
v 1.0056218 6.662934 11.146271
v -0.7901135 6.839794 11.146271
v -0.53892046 6.958379 11.154788
v 0.53892046 6.958379 11.154788
v 0.7901135 6.839794 11.146271
v -0.5713126 7.0365987 11.102889
v -0.27744916 7.052147 11.14627
v 0 7.0794773 11.14627
v 0.27744916 7.052147 11.14627
v 0.5713228 7.0365987 11.102889
v 0 3.9705284 12.644544
v -0.6455044 4.098928 12.644544
v -0.3290781 4.002941 12.644544
v 0.3290781 4.002941 12.644544
v 0.6455044 4.098928 12.644544
v -0.9371256 4.254807 12.644544
v 0.9371256 4.254807 12.644544
v -1.1927339 4.4645777 12.644544
v 1.1927339 4.4645777 12.644544
v -1.4025153 4.720186 12.644544
v 1.4025153 4.720186 12.644544
v -1.5583842 5.0118074 12.644544
v 1.5583842 5.0118074 12.644544
v -1.6543708 5.3282337 12.644544
v 1.6543708 5.3282337 12.644544
v -1.6867836 5.657312 12.644544
v 1.6867836 5.657312 12.644544
v -1.6543709 5.98639 12.644544
v 1.6543709 5.98639 12.644544
v -1.5583842 6.3028164 12.644544
v 1.5583842 6.3028164 12.644544
v -1.4025153 6.594438 12.644544
v 1.4025153 6.594438 12.644544
v -1.1927339 6.850056 12.644544
v 1.1927339 6.850056 12.644544
v -0.93712556 7.0598273 12.644544
v 0.93712556 7.0598273 12.644544
v -0.6455044 7.215696 12.644544
v -0.3290781 7.311693 12.644544
v 0 7.344095 12.644544
v 0.3290781 7.311693 12.644544
v 0.6455044 7.215696 12.644544
v -0.29606554 4.168909 12.742311
v 0 4.139751 12.742311
v 0.29606554 4.168909 12.742311
v -0.84311193 4.395512 12.742311
v -0.5807404 4.255275 12.742311
v 0.5807404 4.255275 12.742311
v 0.843112 4.395512 12.742311
v -1.0730813 4.584241 12.742311
v 1.0730813 4.584241 12.742311
v -1.2618101 4.8142 12.742311
v 1.2618101 4.8142 12.742311
v -1.4020475 5.0765715 12.742311
v 1.4020475 5.0765715 12.742311
v -1.4884027 5.3612566 12.742311
v 1.4884027 5.3612566 12.742311
v -1.5175608 5.657312 12.742311
v 1.5175608 5.657312 12.742311
v -1.4884028 5.9533772 12.742311
v 1.4884028 5.9533772 12.742311
v -1.4020475 6.2380624 12.742311
v 1.4020475 6.2380624 12.742311
v -1.2618101 6.500424 12.742311
v 1.2618101 6.5004244 12.742311
v -1.0730813 6.730393 12.742311
v 1.0730813 6.730393 12.742311
v -0.84311193 6.9191217 12.742311
v 0.84311193 6.9191217 12.742311
v -0.5807506 7.059359 12.742311
v -0.29606554 7.145715 12.742311
v 0 7.1748724 12.742311
v 0.29606554 7.145715 12.742311
v 0.5807506 7.059359 12.742311
v -0.46903062 4.524969 13.086299
v -0.23911226 4.455221 13.086298
v 0 4.431667 13.086298
v 0.23911226 4.455221 13.086298
v 0.46903062 4.524969 13.086299
v -0.86665606 4.790656 13.086298
v -0.68092734 4.6382246 13.086298
v 0.68092734 4.6382246 13.086298
v 0.8666663 4.790656 13.086298
v -1.0190874 4.9763846 13.086298
v -0.21663605 4.943164 13.086298
v 0 4.90742 13.086298
v 0.21663605 4.943164 13.086298
v 1.0190874 4.9763846 13.086298
v -1.1323432 5.188281 13.086298
v -0.5302554 5.127056 13.086298
v -0.4166234 5.0337954 13.086298
v 0.4166234 5.0337954 13.086298
v 0.5302554 5.127056 13.086298
v 1.1323432 5.188281 13.086298
v -0.6928163 5.3703384 13.086298
v -0.6235164 5.240699 13.086298
v 0.6581664 5.305519 13.086299
v -1.2020906 5.4182 13.086298
v -0.7354906 5.511013 13.086298
v 0.7354906 5.511013 13.086298
v 1.2020906 5.4182 13.086298
v -1.2256448 5.657312 13.086298
v -0.74989164 5.657312 13.086298
v 0.74989164 5.657312 13.086298
v 1.2256448 5.657312 13.086298
v -1.2020906 5.8964243 13.086298
v -0.71415347 5.8739476 13.086298
v 0.6928163 5.944285 13.086298
v 0.7354906 5.803611 13.086298
v 1.2020906 5.8964243 13.086298
v -1.1323432 6.126353 13.086298
v -0.5768859 6.130751 13.086298
v 0.5768859 6.130751 13.086298
v 1.1323432 6.126353 13.086298
v -1.0190874 6.338249 13.086298
v -0.4166234 6.280828 13.086298
v -0.21663605 6.371465 13.086298
v 0.21663605 6.371465 13.086298
v 0.4166234 6.280828 13.086298
v 1.0190874 6.338249 13.086298
v -0.86665606 6.5239787 13.086298
v 0 6.4072137 13.086298
v 0.86666626 6.5239787 13.086298
v -0.68092746 6.676399 13.086298
v -0.46903062 6.789665 13.086298
v 0.46903062 6.789665 13.086298
v 0.68092746 6.676399 13.086298
v -0.23911226 6.8594127 13.086298
v 0 6.8829565 13.086298
v 0.23911226 6.8594127 13.086298

# uv indices

vt 0.74487644 0.49096218
vt 0.56137925 0.2198044
vt 0.9339403 0.2808542
vt 0.71527123 0.44507158
vt 0.60684454 0.22131775
vt 0.48351 0.25831673
vt 0.8604363 0.5299508
vt 0.72612405 0.41858622
vt 0.52549905 0.85299903
vt 0.4296774 0.85276
vt 0.6482944 0.86276025
vt 0.65204006 0.84900004
vt 0.53300506 0.86050504
vt 0.43868458 0.8587647
vt 0.63928664 0.8687654
vt 0.6445335 0.8565065
vt 0.5208655 0.8460644
vt 0.4183718 0.8472116
vt 0.6595996 0.8572118
vt 0.65667355 0.84206444
vt 0.54338247 0.86743945
vt 0.4453932 0.8643131
vt 0.63257736 0.8743142
vt 0.6341549 0.86344194
vt 0.518667 0.84075695
vt 0.40511853 0.8429656
vt 0.6728536 0.85296506
vt 0.658871 0.83675635
vt 0.55619645 0.87274694
vt 0.4501546 0.86855924
vt 0.62781703 0.8785606
vt 0.62134105 0.86875
vt 0.291921 0.95980114
vt 0.3499545 0.9479721
vt 0.6840925 0.9229756
vt 0.701344 0.95980906
vt 0.296881 0.96462995
vt 0.351578 0.9540499
vt 0.6824684 0.92905456
vt 0.696385 0.96463805
vt 0.303277 0.96702194
vt 0.35525498 0.9591445
vt 0.67879146 0.93414897
vt 0.689987 0.96703
vt 0.310214 0.96695596
vt 0.36071196 0.962515
vt 0.6733345 0.93751997
vt 0.68305 0.96696293
vt 0.5211512 0.1904348
vt 0.49980482 0.22989549
vt 0.350789 0.94160444
vt 0.6832575 0.9166085
vt 0.5158749 0.18915142
vt 0.24799322 0.7587798
vt 0.6268478 0.77717865
vt 0.21941347 0.7831695
vt 0.6171835 0.806169
vt 0.2477248 0.75587785
vt 0.62711686 0.77427715
vt 0.316629 0.96407807
vt 0.36709452 0.96346
vt 0.6669515 0.9384654
vt 0.676635 0.964085
vt 0.5581275 0.83788455
vt 0.4866394 0.84066755
vt 0.59133154 0.8506661
vt 0.6194096 0.83388394
vt 0.288556 0.94653195
vt 0.3540495 0.93617153
vt 0.6799965 0.9111751
vt 0.704709 0.9465389
vt 0.2498722 0.761658
vt 0.62496823 0.78005725
vt 0.56174153 0.47295055
vt 0.8878445 0.4000565
vt 0.2498724 0.7534029
vt 0.6249688 0.7718019
vt 0.32161203 0.95895606
vt 0.37348148 0.96185106
vt 0.660564 0.93685704
vt 0.67165107 0.95896304
vt 0.570637 0.8756195
vt 0.4536132 0.8708571
vt 0.6243581 0.880859
vt 0.6068995 0.8716225
vt 0.5889745 0.2708181
vt 0.80655694 0.35957488
vt 0.34955323 0.6690655
vt 0.65670323 0.6355855
vt 0.291051 0.939943
vt 0.35902804 0.9322185
vt 0.67501795 0.90722144
vt 0.70221394 0.93995
vt 0.2527208 0.7271022
vt 0.6221194 0.7532459
vt 0.09484198 0.911366
vt 0.30633193 0.9494489
vt 0.37646836 0.7740144
vt 0.7114724 0.7271829
vt 0.68693286 0.9494557
vt 0.5505321 0.9573649
vt 0.25272137 0.74923503
vt 0.62212 0.7676342
vt 0.324108 0.952366
vt 0.37845948 0.957898
vt 0.655586 0.93290293
vt 0.6691561 0.952373
vt 0.23401134 0.50434697
vt 0.11945001 0.60547864
vt 0.7751417 0.42656818
vt 0.035528 0.41088697
vt 0.035527 0.55874795
vt 0.5573538 0.60351294
vt 0.5713372 0.67906296
vt 0.5268243 0.59869796
vt 0.63819057 0.83788455
vt 0.519665 0.84066755
vt 0.5583052 0.850666
vt 0.53934455 0.83388406
vt 0.296034 0.934821
vt 0.36541548 0.9306089
vt 0.6686305 0.90561295
vt 0.697231 0.9348271
vt 0.25581822 0.72723556
vt 0.61902183 0.7456347
vt 0.2558188 0.7413567
vt 0.6190224 0.7597562
vt 0.67085916 0.197712
vt 0.60413414 0.322218
vt 0.381721 0.9524651
vt 0.6523245 0.92746955
vt 0.5179955 0.25726506
vt 0.671384 0.19875586
vt 0.49134007 0.15208851
vt 0.585649 0.8756195
vt 0.45661512 0.87085724
vt 0.6213562 0.88085836
vt 0.59188694 0.8716225
vt 0.302449 0.931943
vt 0.37179703 0.9315545
vt 0.66224754 0.90655804
vt 0.690816 0.9319491
vt 0.2567344 0.7342964
vt 0.309386 0.931877
vt 0.3772545 0.93492556
vt 0.65679055 0.909929
vt 0.683878 0.93188304
vt 0.6181064 0.75269544
vt 0.31578296 0.9342679
vt 0.3809315 0.9400195
vt 0.6531134 0.9150235
vt 0.677481 0.93427503
vt 0.6062173 0.33092332
vt 0.38255504 0.9460975
vt 0.65148896 0.92110246
vt 0.5255521 0.29254067
vt 0.63761896 0.840757
vt 0.5051098 0.8429656
vt 0.5728612 0.8529644
vt 0.539915 0.83675694
vt 0.6000895 0.872747
vt 0.46007374 0.8685591
vt 0.6178978 0.87856054
vt 0.5774455 0.86875004
vt 0.6354205 0.8460646
vt 0.49185616 0.84721196
vt 0.58611476 0.85721076
vt 0.542113 0.84206504
vt 0.61290294 0.86744004
vt 0.4648352 0.8643131
vt 0.6131369 0.8743141
vt 0.5646315 0.86344206
vt 0.6126818 0.014954503
vt 0.60697895 0.012373173
vt 0.6012758 0.014954503
vt 0.6141167 0.021055605
vt 0.60697937 0.019636014
vt 0.59984094 0.021055602
vt 0.6117595 0.025457503
vt 0.6069788 0.026921468
vt 0.6021985 0.025457503
vt 0.63078755 0.85299903
vt 0.4805516 0.85276
vt 0.5974204 0.86275965
vt 0.5467465 0.849
vt 0.6232816 0.8605051
vt 0.47154438 0.8587649
vt 0.8172699 0.81519115
vt 0.6705371 0.829665
vt 0.60642827 0.8687655
vt 0.5542531 0.85650647
vt 0.7543995 0.13738418
vt 0.2859266 0.11087727
vt 0.7483016 0.13485324
vt 0.28147689 0.115752324
vt 0.501779 0.859464
vt 0.506916 0.85946405
vt 0.457261 0.859464
vt 0.407607 0.859464
vt 0.41274396 0.859464
vt 0.5170532 0.716642
vt 0.5586815 0.42978093
vt 0.54043776 0.38187262
vt 0.5058294 0.43019727
vt 0.4178806 0.8594641
vt 0.489794 0.85946393
vt 0.55596554 0.4334509
vt 0.50827473 0.4334509
vt 0.42472896 0.8594639
vt 0.48294494 0.85946393
vt 0.5522794 0.43695626
vt 0.51196045 0.43695623
vt 0.43157747 0.85946393
vt 0.47780898 0.859464
vt 0.5286675 0.5450818
vt 0.52002805 0.441473
vt 0.4908511 0.5796181
vt 0.43671396 0.859464
vt 0.46924797 0.859464
vt 0.5146279 0.58164555
vt 0.52396446 0.48814416
vt 0.49970847 0.5816455
vt 0.44527504 0.85946405
vt 0.460687 0.859464
vt 0.457262 0.85946405
vt 0.453836 0.859464
vt 0.75032884 0.14348727
vt 0.27589196 0.106828004
vt 0.28049913 0.107129745
vt 0.74598074 0.13924395
vt 0.2775143 0.11275919
vt 0.501779 0.86596805
vt 0.506916 0.865968
vt 0.45726103 0.8659679
vt 0.407607 0.865968
vt 0.412744 0.86596805
vt 0.494931 0.8659679
vt 0.498355 0.8659679
vt 0.41788048 0.86596787
vt 0.48979405 0.86596805
vt 0.42472896 0.8659679
vt 0.48294505 0.8659676
vt 0.4315775 0.8659679
vt 0.47609657 0.865968
vt 0.44013903 0.865968
vt 0.436714 0.8659679
vt 0.46924803 0.86596805
vt 0.44527504 0.86596805
vt 0.462399 0.86596787
vt 0.45726204 0.865968
vt 0.45212403 0.8659679
vt 0.8172701 0.8337299
vt 0.6705369 0.831532
vt 0.5017791 0.872698
vt 0.5069159 0.8726979
vt 0.457261 0.872698
vt 0.40760702 0.87269807
vt 0.412744 0.872698
vt 0.49664307 0.87269807
vt 0.41788056 0.87269807
vt 0.48979393 0.87269795
vt 0.424729 0.87269807
vt 0.48294494 0.8726981
vt 0.43157753 0.87269807
vt 0.47780898 0.872698
vt 0.47438404 0.872698
vt 0.440139 0.872698
vt 0.436714 0.872698
vt 0.46924797 0.87269795
vt 0.44527504 0.872698
vt 0.46239898 0.87269807
vt 0.45726195 0.87269795
vt 0.4521241 0.87269807
vt 0.66769004 0.6041165
vt 0.5615625 0.47295046
vt 0.859134 0.428945
vt 0.7188004 0.576945
vt 0.843341 0.359687
vt 0.631087 0.063687
vt 0.847547 0.211687
vt 0.533214 0.50768703
vt 0.6032868 0.45076296
vt 0.4838666 0.15319575
vt 0.84948885 0.287127
vt 0.6129895 0.57062733
vt 0.59777975 0.17636976
vt 0.68448275 0.16383351
vt 0.655734 0.33792576
vt 0.7171533 0.318614
vt 0.50691605 0.87893003
vt 0.4315778 0.87893
vt 0.409319 0.87893003
vt 0.49835506 0.8789301
vt 0.41274402 0.87893
vt 0.41788056 0.8789301
vt 0.48979402 0.87893
vt 0.42301702 0.8789299
vt 0.426441 0.87893
vt 0.48294508 0.8789299
vt 0.43157753 0.8789299
vt 0.47780904 0.87893003
vt 0.47438404 0.87893
vt 0.43842646 0.87893015
vt 0.46924794 0.8789299
vt 0.4623995 0.87893
vt 0.45383596 0.87893003
vt 0.44869953 0.8789299
vt 0.443563 0.87893
vt 0.457262 0.87893
vt 0.45726132 0.8856158
vt 0.49664298 0.8856161
vt 0.5034915 0.88561594
vt 0.41103148 0.88561594
vt 0.41788056 0.8856161
vt 0.48979408 0.88561606
vt 0.42472905 0.8856161
vt 0.482945 0.885616
vt 0.43157747 0.88561594
vt 0.47438428 0.8856158
vt 0.44013867 0.885616
vt 0.46582347 0.88561594
vt 0.45726174 0.8856161
vt 0.44869947 0.88561594
vt 0.49835503 0.8923339
vt 0.5034916 0.892334
vt 0.45726126 0.8923339
vt 0.41103154 0.892334
vt 0.41616797 0.8923339
vt 0.49150625 0.892334
vt 0.423017 0.89233404
vt 0.48294502 0.89233416
vt 0.43157753 0.89233416
vt 0.4743842 0.892334
vt 0.44013864 0.892334
vt 0.46582347 0.89233404
vt 0.45726177 0.8923339
vt 0.4486995 0.89233404
vt 0.29481605 0.8267549
vt 0.22290967 0.8144416
vt 0.24133901 0.82695746
vt 0.2930195 0.8289934
vt 0.294102 0.8276
vt 0.241847 0.8276034
vt 0.24292403 0.82899785
vt 0.29086578 0.8313747
vt 0.24506928 0.83138084
vt 0.288626 0.8333835
vt 0.28677702 0.8347395
vt 0.24822427 0.8340702
vt 0.2834835 0.8366426
vt 0.25243226 0.8366522
vt 0.279718 0.8382935
vt 0.27399227 0.83971167
vt 0.2960302 0.849406
vt 0.26040152 0.8394636
vt 0.2561775 0.83828443
vt 0.085537 0.733551
vt 0.078701 0.73291206
vt 0.071867 0.733544
vt 0.098177 0.738783
vt 0.09210401 0.735555
vt 0.078698 0.741189
vt 0.06529799 0.73554206
vt 0.059222 0.738761
vt 0.10351501 0.743128
vt 0.09128796 0.74446356
vt 0.083934 0.741702
vt 0.078695 0.74777204
vt 0.07346 0.74169797
vt 0.06610253 0.74445194
vt 0.05388 0.743097
vt 0.107912004 0.74843305
vt 0.10104 0.75309396
vt 0.097687006 0.749031
vt 0.09149953 0.7524366
vt 0.08454952 0.7487316
vt 0.072837465 0.74872893
vt 0.06587797 0.752429
vt 0.059697002 0.7490101
vt 0.056335 0.75306594
vt 0.049476005 0.74839103
vt 0.11119599 0.75449795
vt 0.10353899 0.75773495
vt 0.09557 0.7567669
vt 0.061797 0.75675493
vt 0.053825997 0.7577019
vt 0.046181 0.754446
vt 0.11323799 0.7610949
vt 0.105088 0.762779
vt 0.09803652 0.7621795
vt 0.059316497 0.76216304
vt 0.052266005 0.76274
vt 0.044125997 0.7610319
vt 0.113953 0.76797307
vt 0.105621 0.768034
vt 0.09882251 0.77003413
vt 0.0585055 0.77001244
vt 0.051717 0.767987
vt 0.043392003 0.767899
vt 0.113311 0.774865
vt 0.10435549 0.7758284
vt 0.09747401 0.77583796
vt 0.059833005 0.77581406
vt 0.052956503 0.77577657
vt 0.044011995 0.774784
vt 0.111331 0.781509
vt 0.101104 0.783036
vt 0.095591 0.77936095
vt 0.093054004 0.782448
vt 0.064217 0.7824231
vt 0.061698996 0.779334
vt 0.056176998 0.78298295
vt 0.045968004 0.781422
vt 0.10808501 0.787642
vt 0.097746 0.787136
vt 0.0920164 0.7880588
vt 0.08451522 0.7874433
vt 0.07861901 0.78841794
vt 0.07272479 0.7874262
vt 0.06522891 0.7880259
vt 0.059513003 0.787085
vt 0.049186 0.787555
vt 0.103695005 0.793026
vt 0.098330006 0.79744804
vt 0.088966995 0.79299796
vt 0.08388801 0.79453105
vt 0.078608 0.79507
vt 0.073329 0.794514
vt 0.068259 0.79296595
vt 0.058888998 0.79737896
vt 0.053549 0.79294497
vt 0.09219299 0.80072993
vt 0.085512996 0.8027339
vt 0.078591004 0.8034831
vt 0.071672 0.80270797
vt 0.065006 0.80067885
vt 0.095777996 0.726625
vt 0.087412 0.724103
vt 0.078706 0.72321093
vt 0.07000001 0.72409606
vt 0.061636 0.72661
vt 0.103515 0.730721
vt 0.09323901 0.732784
vt 0.086112 0.7306461
vt 0.078703 0.72988605
vt 0.071294 0.7306389
vt 0.064167 0.73277
vt 0.053898003 0.730695
vt 0.11032399 0.7362449
vt 0.09983 0.736277
vt 0.057574 0.736255
vt 0.047086995 0.73620594
vt 0.11594 0.74299604
vt 0.105625 0.740989
vt 0.051774003 0.740955
vt 0.041465998 0.742943
vt 0.120142005 0.750723
vt 0.110401 0.746742
vt 0.046992004 0.746697
vt 0.037253994 0.7506531
vt 0.12276101 0.7591331
vt 0.113970004 0.753323
vt 0.043413 0.75326496
vt 0.034619004 0.75904614
vt 0.11619099 0.7604831
vt 0.041177005 0.76041204
vt 0.123691 0.76790696
vt 0.11697401 0.767949
vt 0.040375 0.7678661
vt 0.033667997 0.767803
vt 0.12288799 0.776707
vt 0.116282016 0.77543306
vt 0.041044004 0.77534103
vt 0.034445 0.77659
vt 0.12037599 0.785194
vt 0.114137016 0.7826481
vt 0.043162 0.7825491
vt 0.036924995 0.785069
vt 0.110617004 0.789311
vt 0.046653003 0.789212
vt 0.116244 0.793035
vt 0.105853 0.795162
vt 0.051386006 0.79507005
vt 0.041020997 0.792909
vt 0.11064699 0.7999251
vt 0.10379499 0.80558807
vt 0.100027 0.799968
vt 0.093365 0.80354106
vt 0.06382399 0.803484
vt 0.057184003 0.79989
vt 0.053398 0.80548686
vt 0.046581 0.79980594
vt 0.095953 0.809795
vt 0.08683661 0.809378
vt 0.078585 0.80649096
vt 0.070321485 0.80934304
vt 0.061211 0.8097199
vt 0.07857 0.81330913
vt 0.62860745 0.6041165
vt 0.5614405 0.47295052
vt 0.839654 0.44854653
vt 0.7382805 0.5965465
vt 0.804381 0.359687
vt 0.670048 0.063687
vt 0.80858606 0.21168701
vt 0.572174 0.507687
vt 0.804381 0.34469104
vt 0.67004794 0.048691
vt 0.80858594 0.19669102
vt 0.5721741 0.49269104
vt 0.08911199 0.7153779
vt 0.07871 0.7143849
vt 0.068309 0.7153711
vt 0.108412996 0.72325504
vt 0.09913601 0.71837103
vt 0.058288 0.71835494
vt 0.049012996 0.7232279
vt 0.838181 0.33117852
vt 0.7710145 0.16644701
vt 0.11658698 0.72985697
vt 0.040839 0.729814
vt 0.612433 0.3168645
vt 0.5109565 0.4648645
vt 0.123337984 0.7379369
vt 0.034084 0.73787504
vt 0.128398 0.747194
vt 0.029016 0.74711096
vt 0.131563 0.75727797
vt 0.025835 0.757172
vt 0.132702 0.767806
vt 0.024673 0.76767695
vt 0.131761 0.77837193
vt 0.025582 0.778223
vt 0.128766 0.788568
vt 0.028538 0.7884061
vt 0.123824015 0.79799706
vt 0.033435002 0.797832
vt 0.11711701 0.80629
vt 0.040095005 0.806133
vt 0.10889601 0.813115
vt 0.04827 0.81298107
vt 0.099477 0.81819993
vt 0.089223996 0.821343
vt 0.067878 0.82128996
vt 0.057651 0.818102
vt 0.078547 0.82238805
vt 0.30113602 0.55275005
vt 0.24988623 0.588266
vt 0.25772303 0.49065432
vt 0.23310256 0.43152973
vt 0.273389 0.36608002
vt 0.3082915 0.549439
vt 0.10397508 0.70642453
vt 0.091189 0.704657
vt 0.06624 0.704653
vt 0.05346132 0.70641375
vt 0.267885 0.37598154
vt 0.115485564 0.71244335
vt 0.041958265 0.7124184
vt 0.24482219 0.6113095
vt 0.17763428 0.5102102
vt 0.31988403 0.5462285
vt 0.135875 0.7293369
vt 0.20778331 0.4703792
vt 0.132419 0.731716
vt 0.025026998 0.73164696
vt 0.25615627 0.6183864
vt 0.16787267 0.5338334
vt 0.2878074 0.5911559
vt 0.14237799 0.754991
vt 0.013112192 0.754445
vt 0.25452402 0.42538148
vt 0.28917855 0.59458166
vt 0.14377601 0.767673
vt 0.013620999 0.767513
vt 0.20138915 0.50997305
vt 0.28884366 0.59805
vt 0.14266899 0.78041
vt 0.012737967 0.78057694
vt 0.25535047 0.45283598
vt 0.1409374 0.7934486
vt 0.016376918 0.79323065
vt 0.326411 0.5480825
vt 0.2578425 0.46633598
vt 0.32353702 0.54800403
vt 0.13482665 0.80518234
vt 0.1733069 0.5995824
vt 0.125082 0.81411403
vt 0.032110002 0.81390506
vt 0.2781392 0.6054144
vt 0.2153604 0.5618015
vt 0.31426498 0.545264
vt 0.11631069 0.8240337
vt 0.10380999 0.82852894
vt 0.053268995 0.82839495
vt 0.040815208 0.8238433
vt 0.27266803 0.50288
vt 0.26411447 0.60532206
vt 0.091803335 0.8343016
vt 0.07851151 0.83560646
vt 0.065229364 0.8342264
vt 0.22991292 0.58249474
vt 0.26721615 0.65377265
vt 0.24275349 0.7058275
vt 0.25256065 0.6395187
vt 0.60602504 0.5998545
vt 0.5613701 0.46868905
vt 0.8283975 0.45561054
vt 0.749537 0.60361004
vt 0.7830399 0.35929596
vt 0.690876 0.063687
vt 0.78775805 0.21168701
vt 0.59351397 0.507296
vt 0.78328294 0.34448504
vt 0.690876 0.048690997
vt 0.78775793 0.196691
vt 0.593272 0.49248496
vt 0.82539505 0.34238806
vt 0.78396463 0.15683974
vt 0.7505901 0.24184166
vt 0.5819815 0.44334158
vt 0.9048857 0.5201458
vt 0.8479183 0.55691296
vt 0.6683003 0.60539776
vt 0.6765098 0.5074182
vt 0.56128156 0.46520856
vt 0.8141725 0.46644253
vt 0.754004 0.35949203
vt 0.720168 0.063687
vt 0.75846606 0.211688
vt 0.6225501 0.50749207
vt 0.75412494 0.344588
vt 0.72016793 0.048691
vt 0.75846595 0.196691
vt 0.62242895 0.492588
vt 0.7542599 0.32801503
vt 0.72016793 0.032014996
vt 0.75846595 0.180016
vt 0.62229395 0.476015
vt 0.82703793 0.6245925
vt 0.7932614 0.47659197
vt 0.62974095 0.5676789
vt 0.561655 0.69894797
vt 0.57748604 0.5963735
vt 0.76376206 0.61444247
vt 0.44696596 0.41090196
vt 0.4451205 0.21857052
vt 0.44696695 0.026238998
vt 0.448595 0.398362
vt 0.44859597 0.038778998
vt 0.450022 0.38573402
vt 0.450022 0.051407002
vt 0.451299 0.373054
vt 0.451299 0.064088
vt 0.45247304 0.360336
vt 0.45247304 0.076805
vt 0.45358104 0.34759304
vt 0.45358104 0.08954801
vt 0.45464206 0.33483
vt 0.45464307 0.102311
vt 0.455664 0.322053
vt 0.455664 0.11508901
vt 0.45665297 0.309266
vt 0.45665297 0.127876
vt 0.45761397 0.296473
vt 0.45761397 0.14066799
vt 0.45854902 0.283683
vt 0.45854902 0.15345801
vt 0.45945197 0.270903
vt 0.45945197 0.166238
vt 0.46029997 0.25815398
vt 0.46029997 0.17898798
vt 0.46108404 0.24547802
vt 0.44117078 0.3054514
vt 0.44117078 0.2719214
vt 0.46108404 0.191663
vt 0.43686104 0.21857049
vt 0.440262 0.398062
vt 0.4406581 0.4104251
vt 0.440973 0.21857098
vt 0.44065806 0.026716452
vt 0.440262 0.039079003
vt 0.4437361 0.38546056
vt 0.44433296 0.397851
vt 0.44433296 0.03929
vt 0.4437356 0.051680952
vt 0.44314104 0.37314096
vt 0.44314104 0.064
vt 0.446982 0.37257898
vt 0.446981 0.064562
vt 0.44628718 0.36014768
vt 0.44628724 0.07699325
vt 0.44743884 0.347337
vt 0.44743878 0.08980454
vt 0.4485317 0.33445022
vt 0.4485312 0.10269132
vt 0.4495474 0.3215158
vt 0.44954687 0.11562574
vt 0.45051807 0.30856273
vt 0.45051807 0.12857878
vt 0.45146602 0.295631
vt 0.45146602 0.1415105
vt 0.45420107 0.28335002
vt 0.45420107 0.15379101
vt 0.45061696 0.282171
vt 0.45061696 0.15497
vt 0.4532304 0.26993963
vt 0.4532304 0.16720186
vt 0.45400682 0.25720572
vt 0.45400777 0.1799363
vt 0.45466453 0.24450456
vt 0.4546645 0.19263694
vt 0.4211561 0.35445213
vt 0.42995957 0.31056
vt 0.42115605 0.32804438
vt 0.43631607 0.397556
vt 0.43114558 0.40898168
vt 0.4292232 0.21857053
vt 0.43114558 0.028159311
vt 0.43631607 0.039586
vt 0.43778098 0.38519397
vt 0.43229404 0.396333
vt 0.43229404 0.040808
vt 0.43778098 0.051946998
vt 0.434006 0.383812
vt 0.434006 0.053329
vt 0.4361448 0.37147352
vt 0.43614465 0.06566762
vt 0.43760964 0.35887814
vt 0.43760964 0.078263745
vt 0.438941 0.34622744
vt 0.43894097 0.09091436
vt 0.44268602 0.3341
vt 0.439688 0.33343
vt 0.439688 0.10371101
vt 0.44268706 0.10304199
vt 0.4411976 0.32079592
vt 0.4411975 0.116345815
vt 0.44474703 0.30792198
vt 0.44167998 0.30806
vt 0.44167998 0.129081
vt 0.44474703 0.12921901
vt 0.442473 0.295344
vt 0.442473 0.14179802
vt 0.445695 0.29487
vt 0.445695 0.14227198
vt 0.443651 0.28250557
vt 0.44365093 0.15463632
vt 0.44423604 0.26974058
vt 0.44423604 0.16740051
vt 0.448087 0.256384
vt 0.44411203 0.25708503
vt 0.44471544 0.18016241
vt 0.44510514 0.24420778
vt 0.444722 0.231446
vt 0.444792 0.218571
vt 0.444722 0.20569602
vt 0.4451051 0.1929342
vt 0.44914293 0.23118602
vt 0.44922996 0.21857099
vt 0.44914293 0.205955
vt 0.56119305 0.46351546
vt 0.79994744 0.47906253
vt 0.74946004 0.063688
vt 0.7291741 0.21168803
vt 0.74946004 0.048691
vt 0.72917396 0.19669102
vt 0.74946 0.032015
vt 0.72917295 0.180016
vt 0.60663134 0.23256962
vt 0.5962548 0.22867927
vt 0.67339104 0.461881
vt 0.757319 0.401879
vt 0.5489475 0.59468055
vt 0.777987 0.62706256
vt 0.724968 0.359688
vt 0.651587 0.507688
vt 0.72496796 0.34469098
vt 0.65158707 0.49269104
vt 0.72496814 0.328016
vt 0.65158707 0.476016
vt 0.68883884 0.48762584
vt 0.57013434 0.52448034
vt 0.46077827 0.45288274
vt 0.5811143 0.2958795
vt 0.18538801 0.40557504
vt 0.18765098 0.40912804
vt 0.165334 0.396886
vt 0.163003 0.400428
vt 0.17869708 0.40578973
vt 0.15631008 0.40022728
vt 0.18220174 0.40264344
vt 0.15978017 0.40340865
vt 0.18654715 0.402046
vt 0.18941054 0.40001854
vt 0.16691503 0.40609497
vt 0.16406634 0.4040207
vt 0.181015 0.396931
vt 0.158524 0.40905797
vt 0.51326054 0.5950955
vt 0.5624215 0.46393052
vt 0.78151906 0.496676
vt 0.79641604 0.6446761
vt 0.688875 0.35968804
vt 0.78555304 0.063688
vt 0.693142 0.211688
vt 0.687618 0.507688
vt 0.6888751 0.344692
vt 0.78555304 0.048691005
vt 0.693142 0.19669102
vt 0.6876181 0.492691
vt 0.688875 0.32801598
vt 0.785553 0.032016
vt 0.693142 0.180016
vt 0.6876181 0.47601604
vt 0.6888751 0.31301302
vt 0.78555304 0.017013
vt 0.69314206 0.165013
vt 0.68761796 0.46101308
vt 0.81727004 0.53092754
vt 0.84887797 0.38292748
vt 0.84004045 0.4568935
vt 0.82054996 0.6048935
vt 0.47813302 0.5979265
vt 0.5606875 0.46676093
vt 0.7647705 0.5179885
vt 0.81316406 0.66598904
vt 0.65435594 0.35966703
vt 0.8203381 0.063688
vt 0.65825105 0.21168798
vt 0.722244 0.50766706
vt 0.65428805 0.34467605
vt 0.8203381 0.048691005
vt 0.35446998 0.38713598
vt 0.352935 0.399155
vt 0.351402 0.21857047
vt 0.352935 0.037986
vt 0.35446998 0.050004996
vt 0.65825105 0.196692
vt 0.72231096 0.4926759
vt 0.355943 0.37510303
vt 0.355943 0.062038
vt 0.357327 0.363068
vt 0.357327 0.074074
vt 0.65421295 0.32800603
vt 0.8203381 0.032016005
vt 0.65825105 0.180016
vt 0.7223871 0.47600603
vt 0.358607 0.35103598
vt 0.358607 0.08610499
vt 0.65414506 0.31300905
vt 0.5073081 0.23586224
vt 0.359778 0.098136
vt 0.658251 0.16501302
vt 0.722455 0.46100903
vt 0.79987794 0.54832053
vt 0.5504677 0.35449353
vt 0.5342523 0.24693458
vt 0.83799547 0.6223369
vt 0.36177102 0.314943
vt 0.36177003 0.122199
vt 0.362594 0.30290797
vt 0.362594 0.13423401
vt 0.363306 0.290868
vt 0.363305 0.146273
vt 0.363908 0.27882704
vt 0.363908 0.158315
vt 0.36440596 0.26678
vt 0.36440596 0.17036098
vt 0.364801 0.254729
vt 0.364801 0.182412
vt 0.36509302 0.242677
vt 0.36509302 0.19446398
vt 0.365279 0.23062399
vt 0.365345 0.218571
vt 0.365279 0.20651698
vt 0.345704 0.39849097
vt 0.34412953 0.21857052
vt 0.345704 0.038649995
vt 0.34728798 0.38637298
vt 0.34728897 0.050768
vt 0.348768 0.374333
vt 0.348768 0.062809
vt 0.350141 0.362329
vt 0.35014 0.07481299
vt 0.35140404 0.35034403
vt 0.35140404 0.08679701
vt 0.35255602 0.33836803
vt 0.35255602 0.098774016
vt 0.353593 0.32639503
vt 0.353594 0.11074602
vt 0.354515 0.31442398
vt 0.35451603 0.12271801
vt 0.35532403 0.302451
vt 0.35532403 0.13468999
vt 0.35602102 0.29047602
vt 0.35602102 0.146665
vt 0.356613 0.278499
vt 0.356613 0.158643
vt 0.35710198 0.266518
vt 0.357102 0.170624
vt 0.357489 0.254533
vt 0.357489 0.182608
vt 0.357774 0.24254598
vt 0.357962 0.23056
vt 0.358076 0.218571
vt 0.357962 0.206581
vt 0.35777497 0.19459498
vt 0.33882704 0.39770103
vt 0.33706996 0.21857098
vt 0.33882704 0.03944
vt 0.34042197 0.385567
vt 0.34042197 0.051573996
vt 0.341889 0.373554
vt 0.341889 0.063587
vt 0.34324196 0.36159497
vt 0.34324196 0.075546
vt 0.344486 0.34966296
vt 0.344486 0.087478
vt 0.34562004 0.33774403
vt 0.34562004 0.09939701
vt 0.34664002 0.32583
vt 0.346641 0.111311
vt 0.34754604 0.31391904
vt 0.34754604 0.12322201
vt 0.348338 0.302008
vt 0.34833896 0.135133
vt 0.349021 0.290096
vt 0.349021 0.147046
vt 0.349602 0.27818
vt 0.349602 0.158961
vt 0.350082 0.26626104
vt 0.350082 0.17088
vt 0.350462 0.254339
vt 0.35046202 0.18280298
vt 0.35074 0.242414
vt 0.35092497 0.23048897
vt 0.351044 0.218571
vt 0.35092497 0.206652
vt 0.35074 0.19472702
vt 0.331889 0.396679
vt 0.32998696 0.2185705
vt 0.331889 0.040462
vt 0.333475 0.384664
vt 0.33347598 0.052477002
vt 0.334917 0.37272805
vt 0.334917 0.06441401
vt 0.336246 0.360834
vt 0.336246 0.07630699
vt 0.337467 0.348965
vt 0.337467 0.088176005
vt 0.338583 0.33710796
vt 0.338583 0.100033
vt 0.33958504 0.32525703
vt 0.339586 0.11188501
vt 0.340473 0.313409
vt 0.340473 0.12373199
vt 0.341249 0.301562
vt 0.341249 0.13557902
vt 0.341917 0.28971297
vt 0.341917 0.14742802
vt 0.34248498 0.277861
vt 0.34248498 0.15928
vt 0.34295604 0.266005
vt 0.34295604 0.171136
vt 0.34332904 0.25414503
vt 0.343328 0.18299599
vt 0.34360102 0.242283
vt 0.34377304 0.23041901
vt 0.343873 0.218571
vt 0.343774 0.206722
vt 0.343601 0.194858
vt 0.61181295 0.77517056
vt 0.80789715 0.7529614
vt 0.3071804 0.8603535
vt 0.288804 0.848551
vt 0.55807304 0.47295204
vt 0.74983096 0.54173297
vt 0.611813 0.77517104
vt 0.80789655 0.74965
vt 0.2972456 0.8669764
vt 0.28052503 0.8568296
vt 0.32665604 0.38371703
vt 0.32508996 0.39551398
vt 0.323245 0.2185705
vt 0.32508996 0.041626997
vt 0.32665604 0.053424004
vt 0.32807302 0.371895
vt 0.32807302 0.065247
vt 0.329377 0.36008
vt 0.329377 0.077061996
vt 0.330577 0.34828198
vt 0.330577 0.08886
vt 0.33167604 0.336488
vt 0.33167604 0.100653
vt 0.812148 0.37456843
vt 0.66326463 0.38235462
vt 0.48105165 0.2836915
vt 0.50036216 0.08659895
vt 0.33352897 0.31291798
vt 0.33352897 0.124223985
vt 0.33428803 0.301136
vt 0.33428803 0.136005
vt 0.334938 0.289351
vt 0.334938 0.14779
vt 0.335496 0.27755997
vt 0.335496 0.159581
vt 0.335958 0.26576504
vt 0.335958 0.17137602
vt 0.33632198 0.253967
vt 0.33632198 0.183174
vt 0.336586 0.24216798
vt 0.336586 0.194974
vt 0.33674702 0.23036897
vt 0.33677903 0.21857102
vt 0.33674702 0.20677198
vt 0.614981 0.77580047
vt 0.8053628 0.7567772
vt 0.31964898 0.85423523
vt 0.2939145 0.84090245
vt 0.44574505 0.6041175
vt 0.8281035 0.68973345
vt 0.6149815 0.77454054
vt 0.8053622 0.74583423
vt 0.2898458 0.8730952
vt 0.26907852 0.86447805
vt 0.619306 0.359688
vt 0.8551221 0.06368801
vt 0.62336 0.21168797
vt 0.7573999 0.507688
vt 0.619306 0.34469196
vt 0.85512197 0.048691005
vt 0.62336 0.19669199
vt 0.75740004 0.49269202
vt 0.619306 0.32801598
vt 0.855122 0.032016
vt 0.62336 0.180016
vt 0.75740004 0.476016
vt 0.619306 0.313013
vt 0.85512197 0.017013
vt 0.6233599 0.16501299
vt 0.75740004 0.461013
vt 0.7824855 0.5657135
vt 0.42953154 0.0067930003
vt 0.43539625 0.0067930003
vt 0.8836626 0.41771346
vt 0.80514956 0.49178004
vt 0.6778709 0.016411472
vt 0.855441 0.63978
vt 0.33974 0.016584028
vt 0.32209384 0.017442925
vt 0.6871381 0.011744241
vt 0.42473197 0.0067929993
vt 0.6778709 0.008086001
vt 0.294625 0.021592
vt 0.68906593 0.009254999
vt 0.6208346 0.7782256
vt 0.8006796 0.7620279
vt 0.334266 0.8495524
vt 0.29633904 0.83504903
vt 0.2629965 0.9188065
vt 0.57752144 0.60480446
vt 0.26306197 0.92730993
vt 0.57745546 0.613308
vt 0.6208345 0.772115
vt 0.800679 0.7405838
vt 0.28459442 0.87777805
vt 0.25494602 0.87033147
vt 0.31143904 0.324249
vt 0.31143904 0.112892
vt 0.23896658 0.92303264
vt 0.7303356 0.4812823
vt 0.196238 0.947783
vt 0.960825 0.319782
vt 0.19638999 0.95551807
vt 0.9606729 0.327516
vt 0.2391835 0.94630194
vt 0.7295931 0.50507283
vt 0.302714 0.39213097
vt 0.301021 0.2185705
vt 0.302714 0.04501
vt 0.30558404 0.369092
vt 0.30422503 0.38063103
vt 0.30422503 0.056510005
vt 0.30558404 0.068049006
vt 0.30682 0.357531
vt 0.30682102 0.079610005
vt 0.30529398 0.34611896
vt 0.30529398 0.091023
vt 0.30951205 0.334349
vt 0.30951205 0.10279201
vt 0.6145776 0.6020214
vt 0.87278676 0.42932096
vt 0.51118755 0.42007342
vt 0.53121185 0.10176319
vt 0.7207923 0.44095224
vt 0.55270255 0.43903348
vt 0.46469322 0.33540127
vt 0.4347595 0.07741499
vt 0.31119797 0.30052993
vt 0.31119797 0.13661098
vt 0.311226 0.288151
vt 0.311225 0.148989
vt 0.311748 0.276555
vt 0.311748 0.16058598
vt 0.31218 0.264957
vt 0.31218 0.17218402
vt 0.312518 0.253359
vt 0.312518 0.183781
vt 0.312762 0.241763
vt 0.312908 0.230166
vt 0.31290698 0.206975
vt 0.312761 0.195379
vt 0.31295398 0.21857099
vt 0.62848294 0.73918474
vt 0.7945608 0.6634646
vt 0.24435382 0.8470176
vt 0.25281683 0.8318805
vt 0.09998376 0.23846336
vt 0.13240018 0.3985296
vt 0.5258131 0.12642108
vt 0.46265137 0.020221734
vt 0.5905455 0.8566265
vt 0.07534925 0.3052615
vt 0.54915524 0.017819751
vt 0.707644 0.854627
vt 0.47279504 0.8010169
vt 0.6746937 0.80001724
vt 0.5677788 0.8452423
vt 0.70301056 0.84342486
vt 0.5437142 0.8308326
vt 0.69419503 0.8292334
vt 0.24504903 0.9520221
vt 0.72371656 0.510804
vt 0.62848306 0.76700497
vt 0.794561 0.733184
vt 0.2807786 0.8803128
vt 0.23901899 0.8735001
vt 0.290675 0.39045396
vt 0.289096 0.21857052
vt 0.290675 0.046687
vt 0.29343098 0.36763397
vt 0.292118 0.379058
vt 0.292118 0.058082
vt 0.29343098 0.06950701
vt 0.294626 0.35618204
vt 0.294626 0.080959
vt 0.12769501 0.9193202
vt 0.20150949 0.5914835
vt 0.2347775 0.40308097
vt 0.21421461 0.8333207
vt 0.1217142 0.9217388
vt 0.1800706 0.64144444
vt 0.2287214 0.46816278
vt 0.2201958 0.8357398
vt 0.11678321 0.92459285
vt 0.6143834 0.73294026
vt 0.569099 0.584431
vt 0.253533 0.36965328
vt 0.9627646 0.51521784
vt 0.8576563 0.1617756
vt 0.22512779 0.838593
vt 0.11298601 0.9274468
vt 0.72156006 0.61852425
vt 0.38674954 0.66092396
vt 0.46977773 0.53284234
vt 0.8971141 0.16488928
vt 0.22892459 0.84144694
vt 0.1183335 0.9396871
vt 0.67418635 0.5661863
vt 0.5388831 0.5844207
vt 0.48486713 0.4379197
vt 0.6389013 0.114311054
vt 0.22682433 0.8286526
vt 0.25236225 0.9139839
vt 0.7164115 0.47275788
vt 0.5462736 0.8230343
vt 0.6916353 0.8291793
vt 0.83347404 0.9713698
vt 0.21575299 0.95145893
vt 0.56148285 0.89450055
vt 0.26198795 0.8945069
vt 0.94131094 0.32345793
vt 0.766116 0.9673719
vt 0.5453242 0.82900363
vt 0.692585 0.8274048
vt 0.547223 0.8264772
vt 0.6906858 0.8248789
vt 0.25261265 0.95515263
vt 0.7161573 0.513931
vt 0.13110301 0.9131836
vt 0.23486656 0.5020536
vt 0.23584752 0.36427456
vt 0.21773499 0.85148346
vt 0.10200899 0.9246659
vt 0.60754645 0.7138768
vt 0.42838076 0.52173585
vt 0.46983346 0.45237267
vt 0.86441004 0.1601722
vt 0.23955801 0.86870706
vt 0.60685104 0.6007758
vt 0.87844175 0.43483672
vt 0.5184354 0.412869
vt 0.54797125 0.091613
vt 0.29740104 0.297775
vt 0.29740104 0.139367
vt 0.29856497 0.287525
vt 0.29856497 0.14961602
vt 0.299072 0.27603
vt 0.299072 0.16111097
vt 0.29948896 0.264536
vt 0.29948896 0.17260501
vt 0.299814 0.253043
vt 0.299814 0.184098
vt 0.300047 0.241552
vt 0.30018696 0.230061
vt 0.30018696 0.20708002
vt 0.300047 0.195589
vt 0.300234 0.218571
vt 0.26055458 0.9138835
vt 0.7082169 0.47265953
vt 0.5491222 0.7965998
vt 0.6887866 0.7950002
vt 0.5491222 0.82319504
vt 0.6887866 0.8215962
vt 0.26080436 0.9550527
vt 0.70796573 0.51383036
vt 0.27764103 0.38874805
vt 0.276166 0.2185705
vt 0.27764103 0.048393
vt 0.279007 0.377451
vt 0.279007 0.059690002
vt 0.280261 0.366133
vt 0.280261 0.071008004
vt 0.282036 0.347968
vt 0.281407 0.35479
vt 0.281407 0.08235101
vt 0.282036 0.089173
vt 0.095146604 0.9171353
vt 0.18257883 0.5923245
vt 0.259491 0.39874604
vt 0.2234904 0.8311362
vt 0.171992 0.9756094
vt 0.26212212 0.96760505
vt 0.10678459 0.93205035
vt 0.6668095 0.5656812
vt 0.5628223 0.56370234
vt 0.5133558 0.47622302
vt 0.6517449 0.114159934
vt 0.23512919 0.84605026
vt 0.28575698 0.295982
vt 0.28575698 0.141159
vt 0.28622 0.286919
vt 0.28622097 0.150222
vt 0.286712 0.275521
vt 0.286712 0.16162
vt 0.287114 0.26412803
vt 0.287114 0.173013
vt 0.287427 0.25273702
vt 0.287427 0.18440399
vt 0.28765196 0.24134798
vt 0.28778598 0.229959
vt 0.287831 0.218571
vt 0.28778598 0.207182
vt 0.28765196 0.19579302
vt 0.63676107 0.6591601
vt 0.78793776 0.6204166
vt 0.20792821 0.847018
vt 0.16451252 0.83188045
vt 0.26811978 0.91701275
vt 0.700646 0.47579435
vt 0.55073184 0.80058044
vt 0.6871766 0.7989804
vt 0.5518074 0.8050946
vt 0.686101 0.80349505
vt 0.5519961 0.81229943
vt 0.6859119 0.81070006
vt 0.55073184 0.8192155
vt 0.6871766 0.81761557
vt 0.3458971 0.23467696
vt 0.32210532 0.4082691
vt 0.6730166 0.12931332
vt 0.66545945 0.0076345387
vt 0.636761 0.7587265
vt 0.78793824 0.7232498
vt 0.27746716 0.88031286
vt 0.222462 0.8735
vt 0.27398214 0.9227349
vt 0.6947899 0.48151124
vt 0.27711847 0.9302972
vt 0.69165 0.4890767
vt 0.27721828 0.9384896
vt 0.6915533 0.497266
vt 0.27408826 0.94605386
vt 0.6946828 0.5048304
vt 0.079089195 0.91770315
vt 0.17415299 0.532684
vt 0.27140254 0.32621896
vt 0.2628266 0.83170384
vt 0.102423 0.92650396
vt 0.12688544 0.6262915
vt 0.2662144 0.34288982
vt 0.2568333 0.8198646
vt 0.111649156 0.935955
vt 0.68830144 0.6173001
vt 0.3614489 0.6165544
vt 0.4427797 0.45069975
vt 0.90189874 0.17825444
vt 0.23707698 0.83622307
vt 0.6618155 0.5189455
vt 0.87180245 0.5061995
vt 0.57088596 0.48078546
vt 0.5077901 0.080301
vt 0.273396 0.2962
vt 0.273396 0.140941
vt 0.27289 0.286245
vt 0.27289 0.150896
vt 0.273363 0.27496603
vt 0.273363 0.16217501
vt 0.273749 0.263688
vt 0.273749 0.173453
vt 0.274048 0.25240904
vt 0.274048 0.184732
vt 0.274262 0.24113
vt 0.274392 0.22985
vt 0.274435 0.21857102
vt 0.274392 0.20729102
vt 0.274262 0.196011
vt 0.64440894 0.67060643
vt 0.78181946 0.6328852
vt 0.22398081 0.84955245
vt 0.165143 0.835049
vt 0.644409 0.74728
vt 0.7818194 0.7107812
vt 0.2736518 0.8777785
vt 0.20653549 0.8703315
vt 0.28504804 0.31932002
vt 0.28854904 0.31693503
vt 0.14014702 0.404761
vt 0.136645 0.40237603
vt 0.26351 0.38700604
vt 0.26213503 0.21857049
vt 0.26351 0.050136
vt 0.26479104 0.37581307
vt 0.26479104 0.061327998
vt 0.26597703 0.36460906
vt 0.26597703 0.072532
vt 0.267475 0.35342804
vt 0.26747498 0.08371301
vt 0.0918534 0.9217392
vt 0.16371815 0.55101824
vt 0.2608153 0.36526957
vt 0.25006223 0.8357398
vt 0.09678539 0.9245934
vt 0.7062449 0.5924738
vt 0.86010855 0.6938611
vt 0.1266938 0.63796306
vt 0.253901 0.4725118
vt 0.93511814 0.6770522
vt 0.91180426 0.19704285
vt 0.2451302 0.838593
vt 0.09073334 0.9213026
vt 0.5908335 0.65605056
vt 0.5215585 0.5246453
vt 0.25110868 0.45922682
vt 0.7334896 0.4788062
vt 0.69782716 0.13010937
vt 0.2419275 0.86366254
vt 0.7052837 0.46255007
vt 0.85673654 0.59862036
vt 0.6398066 0.5788278
vt 0.47490543 0.07430086
vt 0.2834194 0.32331133
vt 0.28504348 0.32655352
vt 0.206677 0.49809703
vt 0.2066765 0.611731
vt 0.13664098 0.395141
vt 0.1350159 0.39838418
vt 0.28080484 0.31842014
vt 0.27887845 0.31554005
vt 0.13047396 0.4061575
vt 0.1324003 0.40327635
vt 0.379181 0.428001
vt 0.379181 0.541635
vt 0.255546 0.340976
vt 0.255546 0.096165
vt 0.7028939 0.4756661
vt 0.8602869 0.6114698
vt 0.64183944 0.5862324
vt 0.48527 0.07963857
vt 0.25846997 0.29729298
vt 0.25846997 0.13984801
vt 0.6502625 0.68473846
vt 0.7771366 0.64750224
vt 0.23859821 0.8542352
vt 0.1675675 0.8409025
vt 0.650263 0.7331485
vt 0.7771366 0.6961642
vt 0.26840082 0.8730956
vt 0.192403 0.8644775
vt 0.279094 0.322606
vt 0.275914 0.324291
vt 0.127509 0.397404
vt 0.13069 0.399089
vt 0.250977 0.38554198
vt 0.2497 0.218571
vt 0.250977 0.0516
vt 0.252183 0.37444
vt 0.252183 0.062701
vt 0.253303 0.363336
vt 0.253303 0.073805
vt 0.25437602 0.352231
vt 0.25437602 0.084910005
vt 0.255811 0.32983604
vt 0.25581 0.107305005
vt 0.256394 0.319127
vt 0.256394 0.118013985
vt 0.25722703 0.308456
vt 0.25722703 0.128685
vt 0.25887 0.28553903
vt 0.25887 0.15160201
vt 0.25932404 0.274389
vt 0.25932503 0.16275202
vt 0.259694 0.263231
vt 0.259694 0.17390898
vt 0.25998002 0.25207007
vt 0.259981 0.18507102
vt 0.260186 0.240905
vt 0.260309 0.22973801
vt 0.260352 0.218571
vt 0.260309 0.207403
vt 0.260186 0.196236
vt 0.6534306 0.70066506
vt 0.77460223 0.66355485
vt 0.25106642 0.860354
vt 0.17267804 0.8485511
vt 0.6534305 0.7172215
vt 0.7746022 0.68011117
vt 0.26100057 0.8669768
vt 0.1809565 0.85682946
vt 0.370706 0.004884
vt 0.397725 0.006786
vt 0.5315089 0.007226
vt 0.27583098 0.0223855
vt 0.37711072 0.0048839995
vt 0.37871203 0.0048839995
vt 0.4057232 0.0067859995
vt 0.40412307 0.006786001
vt 0.50707185 0.0076635224
vt 0.4880505 0.006134301
vt 0.31997544 0.015614263
vt 0.30011058 0.017570162
vt 0.7239503 0.47128066
vt 0.9244526 0.40247056
vt 0.5978732 0.34521323
vt 0.5818914 0.10495206
vt 0.59775174 0.776738
vt 0.526607 0.6744535
vt 0.60066146 0.52319676
vt 0.51350176 0.3905765
vt 0.686092 0.61469054
vt 0.89293104 0.46669042
vt 0.290771 0.108283505
vt 0.4633009 0.27301353
vt 0.6860925 0.59969306
vt 0.89293104 0.45169306
vt 0.2832725 0.100784995
vt 0.4558024 0.265515
vt 0.6860925 0.5830175
vt 0.89293104 0.43501753
vt 0.274935 0.09244749
vt 0.44746494 0.2571775
vt 0.6860925 0.56801397
vt 0.89293057 0.42001402
vt 0.26743352 0.084946
vt 0.4399635 0.24967599
vt 0.75543195 0.6570136
vt 0.8967849 0.51354855
vt 0.40648255 0.25033978
vt 0.72753423 0.56169105
vt 0.20538902 0.38066497
vt 0.204299 0.2185705
vt 0.20539002 0.056477003
vt 0.2083328 0.37003636
vt 0.20780802 0.38089696
vt 0.206705 0.21857099
vt 0.20780802 0.056244005
vt 0.2083328 0.06710461
vt 0.2092582 0.3592286
vt 0.20925818 0.077913165
vt 0.21010599 0.3484233
vt 0.21010597 0.08871775
vt 0.21088153 0.3376187
vt 0.21088152 0.09952207
vt 0.21159068 0.32681328
vt 0.21159069 0.11032776
vt 0.2122285 0.3160031
vt 0.21222848 0.12113783
vt 0.21082596 0.305086
vt 0.213311 0.305216
vt 0.2128066 0.13195139
vt 0.21332368 0.2943732
vt 0.21332365 0.14276783
vt 0.21377856 0.28355435
vt 0.21377856 0.1535874
vt 0.21415785 0.27273074
vt 0.21415706 0.16441032
vt 0.21447042 0.26190415
vt 0.21447143 0.17523693
vt 0.21471676 0.25107333
vt 0.215399 0.24024703
vt 0.215399 0.19689302
vt 0.21471676 0.18606766
vt 0.212892 0.24021603
vt 0.21500261 0.22940698
vt 0.21505101 0.218571
vt 0.21500279 0.20773399
vt 0.212892 0.196925
vt 0.2014149 0.3802562
vt 0.20035337 0.21857026
vt 0.20141493 0.056884803
vt 0.19921239 0.3691672
vt 0.19774 0.379848
vt 0.19674498 0.2185705
vt 0.197741 0.057294
vt 0.19921239 0.0679738
vt 0.20008461 0.35842976
vt 0.20008466 0.07871208
vt 0.20089114 0.3476899
vt 0.20089117 0.089451
vt 0.20163304 0.3369501
vt 0.20163314 0.100190975
vt 0.20231177 0.32620633
vt 0.20231181 0.11093456
vt 0.20292741 0.31545877
vt 0.20292747 0.121683136
vt 0.20672546 0.3048726
vt 0.202931 0.304679
vt 0.20312327 0.1324523
vt 0.20806 0.13219902
vt 0.20397604 0.29395172
vt 0.20397593 0.14318931
vt 0.20440613 0.28319293
vt 0.20440611 0.15394802
vt 0.20441054 0.27241805
vt 0.2044105 0.16472298
vt 0.20937799 0.272576
vt 0.20937799 0.164565
vt 0.20507476 0.261663
vt 0.20507471 0.17547801
vt 0.20531219 0.2508926
vt 0.20492798 0.24011299
vt 0.20492798 0.19702798
vt 0.2053122 0.18624759
vt 0.20875598 0.24016151
vt 0.20559263 0.22934535
vt 0.20563944 0.21857013
vt 0.20559266 0.20779544
vt 0.208756 0.19697948
vt 0.6312178 0.64501154
vt 0.579813 0.690374
vt 0.63703626 0.7308861
vt 0.627006 0.65488416
vt 0.62853205 0.6506708
vt 0.6397216 0.7276616
vt 0.64124763 0.72595274
vt 0.6248233 0.6640734
vt 0.62575364 0.6593712
vt 0.6429652 0.7239076
vt 0.62425005 0.66892415
vt 0.64400357 0.7222252
vt 0.6240564 0.6738496
vt 0.308244 0.73007476
vt 0.64419687 0.72122866
vt 0.62453663 0.6812005
vt 0.6434304 0.71915966
vt 0.64400357 0.7202314
vt 0.62637985 0.69057155
vt 0.6418738 0.71722233
vt 0.62853193 0.697029
vt 0.63121766 0.7026876
vt 0.6370358 0.7115712
vt 0.6397216 0.71479553
vt 0.670336 0.70231533
vt 0.060238 0.368837
vt 0.062655 0.36878797
vt 0.061320253 0.21857049
vt 0.061446507 0.0683285
vt 0.060662005 0.34907204
vt 0.0657917 0.3589157
vt 0.066 0.36874202
vt 0.065432 0.2185705
vt 0.066 0.068399
vt 0.06579081 0.078225255
vt 0.060662005 0.088068
vt 0.060929004 0.339157
vt 0.06650142 0.3490402
vt 0.06650142 0.08809983
vt 0.060930006 0.097984
vt 0.06681353 0.3391321
vt 0.06681351 0.098008804
vt 0.066728935 0.32919294
vt 0.066729814 0.10794801
vt 0.067024276 0.31922293
vt 0.067658 0.11791898
vt 0.062800996 0.1179115
vt 0.067310415 0.30922708
vt 0.067310505 0.12791397
vt 0.063365005 0.29920402
vt 0.068218 0.299208
vt 0.06796975 0.137933
vt 0.062069997 0.137941
vt 0.06784132 0.28916872
vt 0.067841314 0.14797217
vt 0.068708 0.279114
vt 0.068708 0.158028
vt 0.06386299 0.2791025
vt 0.06386298 0.15803804
vt 0.06828224 0.26904154
vt 0.06828222 0.16809939
vt 0.06845857 0.25896055
vt 0.068458475 0.17818038
vt 0.06859989 0.24886993
vt 0.06933599 0.238775
vt 0.06933599 0.198366
vt 0.06859987 0.18827012
vt 0.06450297 0.23876901
vt 0.063292 0.22866902
vt 0.0691535 0.22867411
vt 0.06879736 0.21857
vt 0.06877115 0.20846623
vt 0.064502984 0.1983715
vt 0.057824 0.36888903
vt 0.05797301 0.21856998
vt 0.057824 0.06825099
vt 0.055014174 0.35908264
vt 0.054506 0.36899
vt 0.054955 0.21857052
vt 0.054506 0.068151
vt 0.055014182 0.0780584
vt 0.055155344 0.34916535
vt 0.055155326 0.087975636
vt 0.055382624 0.33922017
vt 0.05538261 0.09792084
vt 0.05565126 0.32924896
vt 0.055651248 0.107892066
vt 0.055936765 0.3192537
vt 0.055354 0.117883
vt 0.058909994 0.11790899
vt 0.05622643 0.30923638
vt 0.05622658 0.12790462
vt 0.059478004 0.29919404
vt 0.055924997 0.299202
vt 0.056508075 0.13794027
vt 0.05677444 0.28915033
vt 0.056773607 0.14799051
vt 0.056434996 0.279087
vt 0.056434996 0.158054
vt 0.059981 0.27908698
vt 0.059981 0.15805398
vt 0.05723078 0.26901332
vt 0.05723162 0.16812767
vt 0.057413287 0.25893167
vt 0.057413287 0.17820933
vt 0.05756013 0.2488445
vt 0.057092 0.23875196
vt 0.057093 0.198388
vt 0.05756012 0.18829635
vt 0.060631 0.238756
vt 0.05776015 0.2286602
vt 0.05771542 0.21857001
vt 0.057759315 0.20848083
vt 0.060631003 0.198385
vt 0.49798056 0.40057522
vt 0.49718407 0.53113157
vt 0.49747404 0.540745
vt 0.49747404 0.2604055
vt 0.49718404 0.270019
vt 0.49705258 0.5215655
vt 0.49705306 0.27958453
vt 0.49703154 0.51205254
vt 0.49703157 0.2890975
vt 0.497083 0.5025915
vt 0.49708304 0.298559
vt 0.49717957 0.493178
vt 0.49717957 0.30797204
vt 0.497301 0.48380744
vt 0.4973005 0.3173425
vt 0.49743202 0.474475
vt 0.49743202 0.3266755
vt 0.49756253 0.4651745
vt 0.49756253 0.33597654
vt 0.49768454 0.45590055
vt 0.49768454 0.34525004
vt 0.49779156 0.44664857
vt 0.49779108 0.35450202
vt 0.49787802 0.43741396
vt 0.49787802 0.363736
vt 0.49794003 0.4281935
vt 0.49794003 0.372957
vt 0.49797252 0.41898194
vt 0.4979705 0.40977752
vt 0.49792504 0.40057552
vt 0.49797 0.39137295
vt 0.49797252 0.382168
vt 0.98275 0.70791894
vt 0.98274946 0.5825799
vt 0.982749 0.45724103
vt 0.98275006 0.69120705
vt 0.98275006 0.69956297
vt 0.98275006 0.46559703
vt 0.98274994 0.47395298
vt 0.9827501 0.6828511
vt 0.9827501 0.482309
vt 0.98274994 0.674495
vt 0.98274904 0.49066493
vt 0.98275 0.66613907
vt 0.982749 0.499021
vt 0.98275006 0.657783
vt 0.982749 0.507377
vt 0.98274994 0.64942706
vt 0.982749 0.515733
vt 0.98274994 0.641072
vt 0.9827491 0.5240889
vt 0.98275 0.632716
vt 0.9827491 0.532445
vt 0.98275 0.62436
vt 0.982749 0.54080003
vt 0.98274994 0.616004
vt 0.98274904 0.54915607
vt 0.9827501 0.607648
vt 0.9827501 0.557512
vt 0.9827501 0.59929204
vt 0.98275 0.590936
vt 0.98274994 0.58258
vt 0.98275 0.574224
vt 0.9827501 0.5658681
vt 0.96790093 0.699563
vt 0.967901 0.707919
vt 0.9679006 0.58258003
vt 0.96790004 0.45724097
vt 0.96790093 0.46559703
vt 0.96790004 0.682851
vt 0.96790004 0.691207
vt 0.96790105 0.473953
vt 0.967901 0.482309
vt 0.9679 0.67449504
vt 0.8157421 0.6540139
vt 0.7702421 0.6447593
vt 0.81574154 0.60441506
vt 0.9679 0.49066502
vt 0.9679 0.666139
vt 0.8157415 0.649738
vt 0.8157415 0.6514485
vt 0.8157415 0.6069805
vt 0.8157415 0.6086905
vt 0.9679 0.49902093
vt 0.815742 0.646317
vt 0.8157416 0.6480275
vt 0.81574154 0.6112563
vt 0.96790004 0.65778303
vt 0.815742 0.64460695
vt 0.8157415 0.61382204
vt 0.96790004 0.5073771
vt 0.9679 0.64942694
vt 0.815742 0.64289695
vt 0.8157415 0.615532
vt 0.9679 0.51573306
vt 0.96790004 0.64107203
vt 0.8157421 0.64033157
vt 0.8157415 0.618952
vt 0.8157415 0.61724246
vt 0.96790004 0.524089
vt 0.9679 0.632716
vt 0.8157421 0.6369108
vt 0.81574154 0.6215178
vt 0.9679 0.532444
vt 0.96790004 0.62435997
vt 0.815742 0.6343455
vt 0.8157421 0.63177985
vt 0.81574154 0.6266488
vt 0.8157415 0.62408346
vt 0.96790004 0.5408
vt 0.96790004 0.616004
vt 0.86124104 0.61366934
vt 0.96790004 0.54915607
vt 0.9679 0.607648
vt 0.96790004 0.599292
vt 0.96790004 0.565868
vt 0.9679 0.55751204
vt 0.9679 0.590936
vt 0.9679 0.58258
vt 0.9679 0.57422405

# normals

vn -0.68295646 -0.6666567 -0.29856217
vn 0.6314515 -0.33332536 -0.7001165
vn -0.63145155 -0.33332536 -0.7001166
vn 0.68295646 -0.6666567 -0.29856217
vn -0.44975704 0.4082391 -0.79439247
vn 0.3866893 0.8164892 -0.42873853
vn -0.3866893 0.8164892 -0.42873853
vn 0.44975704 0.4082391 -0.79439247
vn -0.707101 -0.1379554 -0.69352466
vn 0.5546939 -0.16233115 -0.8160657
vn -0.5546939 -0.16233115 -0.8160657
vn 0.707101 -0.1379554 -0.69352466
vn -0.707101 0.13795541 -0.69352466
vn 0.55469394 0.16233118 -0.8160657
vn -0.55469394 0.16233118 -0.8160657
vn 0.707101 0.13795541 -0.69352466
vn -0.7070919 -0.3928603 -0.587947
vn 0.55468416 -0.46227378 -0.6918298
vn -0.55468416 -0.46227378 -0.6918298
vn 0.7070919 -0.3928603 -0.587947
vn -0.707092 0.3928603 -0.58794695
vn 0.5546841 0.46227378 -0.6918298
vn -0.5546841 0.46227378 -0.6918298
vn 0.707092 0.3928603 -0.58794695
vn -0.707092 -0.587947 -0.3928603
vn 0.55468416 -0.6918298 -0.46227378
vn -0.55468416 -0.6918298 -0.46227378
vn 0.707092 -0.587947 -0.3928603
vn -0.707092 0.58794695 -0.3928603
vn 0.5546841 0.6918298 -0.46227372
vn -0.5546841 0.6918298 -0.46227372
vn 0.707092 0.58794695 -0.3928603
vn -0.75649095 -0.36334038 -0.5437878
vn -0.7564909 -0.36334047 -0.54378784
vn 0.7564909 -0.36334047 -0.54378784
vn 0.75649095 -0.36334038 -0.5437878
vn -0.43492728 -0.17563319 -0.88317114
vn -0.7565005 -0.12755948 -0.6414326
vn 0.7565005 -0.12755948 -0.6414326
vn 0.43492725 -0.17563319 -0.88317114
vn -0.7564722 0.12756586 -0.6414646
vn -0.7564722 0.12756586 -0.64146453
vn 0.7564722 0.12756586 -0.64146453
vn 0.7564722 0.12756586 -0.6414646
vn -0.6340422 0.42961589 -0.6429779
vn -0.75651926 0.36332223 -0.54376054
vn 0.75651926 0.3633222 -0.5437605
vn 0.6340422 0.42961589 -0.6429779
vn -0.8203668 -0.5072265 -0.26404467
vn 0.04927311 -0.8131945 -0.5799024
vn -0.756491 -0.54378784 -0.36334038
vn 0.756491 -0.54378784 -0.36334038
vn 0.05902861 -0.8186146 -0.57130176
vn -0.56215256 -0.45947546 -0.6876531
vn 0.56215256 -0.45947546 -0.6876531
vn -0.7071067 0 -0.7071067
vn 0.7071067 0 -0.7071067
vn -0.56215256 0.45947546 -0.6876531
vn 0.56215256 0.45947546 -0.6876531
vn -0.63399553 0.6430098 -0.42963716
vn -0.7564909 0.54378784 -0.3633404
vn 0.7564909 0.54378784 -0.3633404
vn 0.63399553 0.6430098 -0.42963716
vn -0.70710105 -0.69352466 -0.13795541
vn 0.5546939 -0.81606567 -0.16233115
vn -0.5546939 -0.81606567 -0.16233115
vn 0.70710105 -0.69352466 -0.13795541
vn -0.6339735 -0.75850165 -0.15084061
vn -0.7564722 -0.6414646 -0.12756586
vn 0.7564722 -0.6414646 -0.12756586
vn 0.6339735 -0.75850165 -0.15084061
vn -0.55469054 -0.7687178 -0.31842008
vn 0.55469054 -0.7687178 -0.31842008
vn 0.706178 -0.7070972 -0.036415506
vn -0.706178 -0.7070972 -0.036415506
vn -0.55469054 0.7687178 -0.31842008
vn 0.55469054 0.7687178 -0.31842008
vn -0.63402027 0.7584641 -0.15083316
vn -0.7565004 0.6414325 -0.12755948
vn 0.7565004 0.6414325 -0.12755948
vn 0.63402027 0.7584641 -0.15083316
vn -0.707101 0.69352466 -0.13795541
vn 0.5546939 0.81606567 -0.16233115
vn -0.5546939 0.81606567 -0.16233115
vn 0.707101 0.69352466 -0.13795541
vn 0.8928558 0.18256941 -0.4116758
vn -0.8928558 0.18256941 -0.4116758
vn 0.38668928 0.8164892 -0.42873853
vn -0.38668928 0.8164892 -0.42873853
vn -0.63397354 -0.75850165 0.15084063
vn -0.7564721 -0.6414646 0.12756586
vn 0.7564721 -0.6414646 0.12756586
vn 0.63397354 -0.75850165 0.15084063
vn -0.56215125 -0.8111421 0.16135146
vn 0.56215125 -0.8111422 0.16135146
vn -1 0 0
vn -1 0 0
vn 0.7367434 -0.6752776 0.034776792
vn -0.7367434 -0.6752776 0.034776792
vn 1 0 0
vn 1 0 0
vn -0.56215125 0.8111421 0.16135146
vn 0.56215125 0.8111421 0.16135146
vn -0.6340202 0.75846404 0.15083313
vn -0.7565004 0.64143246 0.12755948
vn 0.7565004 0.64143246 0.12755948
vn 0.6340202 0.75846404 0.15083313
vn 0 -0.9044 -0.42668572
vn 0 -0.45220095 -0.89191616
vn -0.9210653 0.36513987 -0.13532084
vn 0 0.44276142 -0.89663947
vn 0 0.8855228 -0.46459606
vn 0.9210653 0.36513987 -0.13532084
vn -0.44975704 0.4082391 -0.79439247
vn 0.44975704 0.4082391 -0.79439247
vn -0.707101 -0.6935246 0.13795538
vn 0.5546939 -0.81606567 0.16233116
vn -0.5546939 -0.81606567 0.16233116
vn 0.707101 -0.6935246 0.13795538
vn -0.6340422 -0.64297795 0.42961586
vn -0.7565192 -0.5437606 0.36332226
vn 0.7565192 -0.5437606 0.36332226
vn 0.6340422 -0.64297795 0.42961586
vn -0.56215256 -0.45947546 0.6876531
vn 0.56215256 -0.45947546 0.6876531
vn -0.56215256 0.45947546 0.6876531
vn 0.56215256 0.45947546 0.6876531
vn -0.8203668 0.5072265 0.26404467
vn 0.107867755 0.5698907 0.8146099
vn -0.75649095 0.5437878 0.36334044
vn 0.756491 0.5437877 0.36334038
vn 0.16937502 0.63118255 0.7569153
vn 0.017636916 0.9738028 -0.22670887
vn -0.017636886 0.9738029 -0.22670887
vn -0.707101 0.69352466 0.1379554
vn 0.5546939 0.81606567 0.16233115
vn -0.5546939 0.81606567 0.16233115
vn 0.707101 0.69352466 0.1379554
vn -0.63404226 -0.42961589 0.64297795
vn -0.75651926 -0.36332223 0.5437606
vn 0.75651926 -0.36332223 0.5437606
vn 0.63404226 -0.42961589 0.64297795
vn -0.5547002 0 0.8320503
vn -0.6339735 -0.15084061 0.75850165
vn -0.7564722 -0.12756588 0.64146465
vn 0.7564722 -0.12756588 0.64146465
vn 0.6339735 -0.15084061 0.75850165
vn 0.5547002 0 0.8320503
vn -0.6340202 0.15083314 0.7584641
vn -0.75650036 0.12755948 0.6414326
vn 0.75650036 0.12755948 0.6414326
vn 0.6340203 0.15083314 0.7584641
vn -0.13586095 0.10884302 0.98473096
vn -0.75651926 0.36332223 0.5437606
vn 0.75651926 0.36332223 0.5437606
vn 0.13586095 0.108843006 0.9847309
vn -0.707092 -0.587947 0.3928603
vn 0.5546841 -0.6918298 0.46227378
vn -0.5546841 -0.6918298 0.46227378
vn 0.707092 -0.587947 0.3928603
vn -0.707092 0.587947 0.3928603
vn 0.55468416 0.6918298 0.46227372
vn -0.55468416 0.6918298 0.46227372
vn 0.707092 0.587947 0.3928603
vn -0.707092 -0.3928603 0.587947
vn 0.5546841 -0.46227372 0.6918298
vn -0.5546841 -0.46227372 0.6918298
vn 0.707092 -0.3928603 0.587947
vn -0.707092 0.3928603 0.587947
vn 0.5546841 0.46227378 0.6918298
vn -0.5546841 0.46227378 0.6918298
vn 0.707092 0.3928603 0.587947
vn -0.21916018 -0.17993225 -0.9589542
vn 0.0000000016802381 -0.27921677 -0.96022815
vn 0.21916021 -0.17993224 -0.9589542
vn -0.27446505 0.05459225 -0.9600461
vn 0 0 -1
vn 0.27446508 0.05459225 -0.9600462
vn -0.18307248 0.22318858 -0.9574295
vn 0.0000000007752898 0.2799968 -0.960001
vn 0.18307243 0.22318852 -0.95742947
vn -0.707101 -0.1379554 0.69352466
vn 0.55469394 -0.16233118 0.8160656
vn -0.55469394 -0.16233118 0.8160656
vn 0.707101 -0.1379554 0.69352466
vn -0.707101 0.13795538 0.6935246
vn 0.5546939 0.16233115 0.81606567
vn 0 0.63268113 -0.7744124
vn 0 -0.63268113 -0.77441245
vn -0.5546939 0.16233115 0.81606567
vn 0.707101 0.13795538 0.6935246
vn -0.7425169 -0.3390294 -0.5776918
vn 0.74251693 -0.33902934 -0.57769173
vn -0.51459754 0.75355446 -0.40907812
vn 0.51459754 0.75355446 -0.40907812
vn -0.49309108 -0.7379867 -0.46069175
vn -0.25732878 -0.8484772 -0.46245906
vn 0 -0.8875441 -0.4607229
vn 0.25732875 -0.8484772 -0.46245906
vn 0.49309108 -0.7379867 -0.46069175
vn -0.61242604 -0.5287237 -0.5876952
vn -0.28328618 -0.5298602 -0.799373
vn 0.0000000011650789 -0.59772575 -0.8017006
vn 0.33212703 -0.496984 -0.80168486
vn 0.68539083 -0.5624774 -0.46244848
vn -0.84847736 -0.25732848 -0.46245894
vn -0.55221295 -0.22878765 -0.8016963
vn 0.5522131 -0.2287877 -0.80169636
vn 0.8484773 -0.25732845 -0.46245894
vn -0.8823699 0.08688152 -0.46246624
vn -0.5979321 0.05890166 -0.7993797
vn 0.59793204 0.058901653 -0.79937965
vn 0.8823699 0.08688152 -0.46246624
vn -0.8200113 0.33960465 -0.46070632
vn -0.5682477 0.37972522 -0.7300022
vn 0.42617935 0.42617935 -0.7979613
vn 0.6132598 0.36151984 -0.7022932
vn 0.8200113 0.33960465 -0.46070632
vn -0.56247735 0.68539083 -0.46244842
vn -0.30910274 0.64125377 -0.7023169
vn 0.0000000011764879 0.5976771 -0.801737
vn 0.30910274 0.6412538 -0.7023168
vn 0.5624773 0.6853909 -0.46244848
vn -0.1734071 0.8703355 -0.46091884
vn 0 0.88735926 -0.46107888
vn 0.1734071 0.8703355 -0.46091884
vn -0.63482827 -0.36782253 0.6794848
vn 0.28906268 0.17793065 0.9406292
vn 0.6767778 -0.48586076 0.5530924
vn -0.57969564 0.6954775 0.4245751
vn 0.57969564 0.6954774 0.4245751
vn -0.55312884 -0.82784307 -0.09340486
vn -0.28898695 -0.95272166 -0.09385038
vn 0 -0.9956285 -0.09340268
vn 0.28898698 -0.95272166 -0.09385038
vn 0.55312884 -0.82784307 -0.09340486
vn -0.82784307 -0.5531288 -0.093404874
vn -0.70401573 -0.70401573 -0.09340208
vn 0.76960224 -0.63158876 -0.093851514
vn -0.9527216 -0.28898734 -0.09385036
vn 0.9527216 -0.28898734 -0.09385037
vn -0.9907942 0.09756648 -0.09384938
vn 0.9907942 0.09756647 -0.093849376
vn -0.87803054 0.4693124 -0.09385226
vn 0.82784307 0.5531288 -0.093404874
vn 0.9198384 0.38101593 -0.09340389
vn -0.63158876 0.76960224 -0.09385151
vn 0.63158876 0.76960224 -0.0938515
vn -0.28957507 0.95252377 -0.09404665
vn 0 0.99556315 -0.09409652
vn 0.2895751 0.95252377 -0.09404666
vn 0 -0.63268113 0.77441245
vn 0 0.63268113 0.7744124
vn -0.55011404 -0.823321 0.13970356
vn -0.2874058 -0.9474684 0.140362
vn 0 -0.990194 0.13969915
vn 0.28740573 -0.9474684 0.14036198
vn 0.55011404 -0.823321 0.13970356
vn -0.7653591 -0.62811136 0.14036183
vn 0.7653591 -0.6281113 0.1403618
vn -0.94746876 -0.28740475 0.140362
vn 0.9474687 -0.28740475 0.14036198
vn -0.98533195 0.09705704 0.14035982
vn 0.98533195 0.09705704 0.14035982
vn -0.9148272 0.37891132 0.13970415
vn -0.823321 0.5501141 0.13970356
vn 0.823321 0.5501141 0.13970356
vn 0.9148272 0.37891132 0.13970415
vn -0.62811196 0.7653586 0.1403618
vn 0.62811196 0.7653586 0.1403618
vn -0.2883369 0.9471946 0.14030088
vn 0 0.9902216 0.13950306
vn 0.2883369 0.94719446 0.14030087
vn -0.706178 -0.7070972 0.036415506
vn 0.706178 -0.70709723 -0.036415506
vn -0.706178 -0.70709723 -0.036415506
vn 0.706178 -0.7070972 0.036415506
vn -0.99867314 0 0.051498618
vn 0.99867314 0 -0.051498618
vn -0.99867314 0 -0.051498618
vn 0.99867314 0 0.051498618
vn -0.9210653 0.36513984 -0.13532083
vn 0.89285576 0.18256943 -0.41167584
vn -0.89285576 0.18256943 -0.41167584
vn 0.9210653 0.36513984 -0.13532083
vn -0.44975704 0.4082391 -0.79439247
vn 0.3866893 0.8164892 -0.42873847
vn -0.3866893 0.8164892 -0.42873847
vn 0.44975704 0.4082391 -0.79439247
vn -0.27645332 -0.9112677 0.3052289
vn 0.0933584 -0.9476901 0.30523348
vn 0.36459264 -0.8801822 0.30389386
vn -0.6728559 -0.6728549 0.30745906
vn 0.529275 -0.7921626 0.30388567
vn 0.736132 -0.60411155 0.30521944
vn -0.91126776 -0.27645308 0.305229
vn 0.8801822 -0.36459267 0.30389386
vn 0.9343919 -0.1858984 0.30389738
vn -0.94769037 0.09335675 0.3052335
vn 0.94769037 0.093356736 0.3052335
vn -0.88018227 0.36459267 0.3038939
vn -0.7921867 0.52929103 0.3037949
vn 0.8398534 0.4489019 0.30517742
vn -0.6041302 0.73615456 0.30512837
vn -0.277507 0.91097385 0.30515006
vn 0.18799485 0.9339742 0.30389163
vn 0.44890934 0.8398661 0.30513188
vn 0.6736873 0.6736873 0.3037943
vn 0 0.9526746 0.30399188
vn 0.00000000237679 -0.9659294 0.2588054
vn -0.74707025 -0.6131147 0.25685853
vn -0.45559475 -0.8523262 0.25685295
vn 0.45559475 -0.8523262 0.25685295
vn 0.74707025 -0.6131148 0.2568586
vn -0.92483425 -0.2805541 0.2568482
vn 0.92483425 -0.28055412 0.25684816
vn -0.9617986 0.094723456 0.25684798
vn 0.9617986 0.094723456 0.25684798
vn -0.80313796 0.5366513 0.25879487
vn 0.803138 0.5366513 0.25879487
vn -0.45559537 0.85232586 0.25685295
vn 0.0000000023661726 0.9659046 0.25889796
vn 0.4555954 0.8523259 0.25685298
vn -0.7053472 -0.7053472 -0.070504725
vn -0.47020087 -0.87971187 -0.07083915
vn -0.0000000024362325 -0.99744594 -0.07142551
vn 0.4702009 -0.8797119 -0.07083915
vn 0.7053472 -0.7053472 -0.070504725
vn -0.9215222 -0.3817031 -0.07141098
vn 0.9215222 -0.38170314 -0.071410984
vn -0.9926845 0.097770385 -0.070841424
vn 0.9926844 0.097770385 -0.07084143
vn -0.8293536 0.5541419 -0.07141165
vn 0.8293535 0.5541418 -0.07141165
vn -0.4702013 0.8797117 -0.07083916
vn 0 0.997443 -0.07146551
vn 0.47020134 0.8797117 -0.07083916
vn -0.24352358 -0.8028091 -0.54423684
vn 0.08222778 -0.83488494 -0.54424804
vn 0.32149255 -0.776182 -0.5423874
vn -0.6485122 -0.53222424 -0.5442143
vn -0.46676692 -0.6985504 -0.5423615
vn 0.46676692 -0.6985504 -0.5423615
vn 0.6485122 -0.53222424 -0.5442143
vn -0.80280954 -0.24352202 -0.54423684
vn 0.8028096 -0.24352208 -0.54423684
vn -0.84018934 0 -0.54229313
vn -0.8240295 0.16390586 -0.54231936
vn 0.83494556 0.08222993 -0.5441545
vn -0.73991936 0.3954961 -0.5441527
vn 0.73991936 0.3954961 -0.5441526
vn -0.59410036 0.59410036 -0.5423003
vn -0.32080996 0.77313757 -0.547119
vn 0.08805421 0.83418196 -0.54441434
vn 0.39549693 0.739919 -0.5441526
vn 0.59410036 0.59410036 -0.5423003
vn -0.111991085 -0.56301636 -0.8188226
vn 0 -0.6620494 -0.7494603
vn 0.111991085 -0.56301636 -0.8188226
vn -0.3189334 -0.4772654 -0.81884015
vn -0.2196559 -0.53035134 -0.8188277
vn 0 -0.3358993 -0.94189787
vn 0.2196559 -0.53035134 -0.8188277
vn 0.3189334 -0.4772654 -0.81884015
vn -0.4059052 -0.4059052 -0.8188296
vn -0.15763591 -0.29496184 -0.9424163
vn -0.065500975 -0.32940492 -0.941914
vn 0 -0.5216684 -0.85314834
vn 0.06549882 -0.32949406 -0.9418831
vn 0.15763591 -0.29496184 -0.9424163
vn 0.4059052 -0.4059052 -0.8188296
vn -0.47726536 -0.31893343 -0.81884027
vn -0.2792995 -0.18659967 -0.9418983
vn -0.23750141 -0.23750141 -0.9419057
vn -0.3297693 -0.40180933 -0.8542842
vn -0.15089536 -0.49739158 -0.8543021
vn 0.15089534 -0.49739158 -0.8543021
vn 0.3297693 -0.40180933 -0.8542842
vn 0.23750141 -0.23750141 -0.9419057
vn 0.2792995 -0.18659967 -0.9418983
vn 0.47726536 -0.31893343 -0.81884027
vn -0.53035116 -0.21965587 -0.81882775
vn -0.31030405 -0.12850167 -0.9419123
vn -0.43369347 -0.28979564 -0.8531872
vn 0.43369347 -0.28979564 -0.8531872
vn 0.31030405 -0.12850167 -0.9419123
vn 0.53035116 -0.21965587 -0.81882775
vn -0.5630164 -0.11199106 -0.8188227
vn -0.32949406 -0.06549882 -0.9418831
vn -0.4974508 -0.15089689 -0.8542674
vn 0.4974508 -0.15089689 -0.85426736
vn 0.32949406 -0.06549882 -0.9418831
vn 0.5630164 -0.11199106 -0.8188227
vn -0.57401127 0 -0.8188474
vn -0.33589926 0 -0.9418979
vn -0.5173495 0.050968558 -0.854255
vn 0.5173495 0.05096856 -0.8542551
vn 0.33589926 0 -0.9418979
vn 0.57401127 0 -0.8188474
vn -0.5630164 0.11199106 -0.8188226
vn -0.3200713 0.09710167 -0.9424041
vn -0.48201355 0.19960563 -0.853124
vn 0.48201355 0.19960563 -0.853124
vn 0.32007286 0.09705213 -0.94240874
vn 0.5630164 0.11199106 -0.8188226
vn -0.5303513 0.21965587 -0.81882775
vn -0.27929944 0.18659964 -0.9418983
vn -0.43381172 0.28980783 -0.853123
vn -0.36890852 0.36890852 -0.8531197
vn 0.36890852 0.36890852 -0.8531197
vn 0.43381172 0.28980783 -0.853123
vn 0.27929944 0.18659964 -0.9418983
vn 0.5303513 0.21965589 -0.8188277
vn -0.4772654 0.31893337 -0.8188402
vn -0.23750141 0.23750141 -0.9419056
vn -0.23348 0.34948343 -0.9073854
vn -0.15143974 0.49746576 -0.8541627
vn 0 0.52102524 -0.8535413
vn 0.15143973 0.49746576 -0.8541627
vn 0.23347989 0.34948325 -0.9073855
vn 0.23750141 0.23750141 -0.9419056
vn 0.4772654 0.31893337 -0.8188402
vn -0.4059052 0.4059052 -0.8188297
vn -0.31893337 0.47726536 -0.81884015
vn -0.12860003 0.3103001 -0.94190025
vn -0.0662975 0.32938755 -0.94186443
vn 0 0.33551273 -0.94203573
vn 0.0662975 0.32938755 -0.94186443
vn 0.12859604 0.31039047 -0.9418709
vn 0.31893337 0.47726536 -0.81884015
vn 0.4059052 0.4059052 -0.8188297
vn -0.21965587 0.5303512 -0.8188278
vn -0.11331048 0.5627524 -0.8188226
vn 0 0.4785263 -0.87807333
vn 0.11331046 0.5627524 -0.8188225
vn 0.21965587 0.5303512 -0.8188278
vn -0.20000514 -0.4829124 -0.8525219
vn -0.101998895 -0.51269454 -0.85249084
vn 0 -0.52270734 -0.8525122
vn 0.101998895 -0.51269454 -0.85249084
vn 0.20000514 -0.4829124 -0.8525219
vn -0.290405 -0.4346075 -0.8525147
vn -0.22549698 -0.5444133 -0.807939
vn -0.1149231 -0.57797235 -0.8079236
vn 0 -0.50107056 -0.8654064
vn 0.11492311 -0.5779724 -0.80792356
vn 0.22549698 -0.5444133 -0.807939
vn 0.290405 -0.4346075 -0.8525147
vn -0.36960655 -0.36960655 -0.8525151
vn -0.3274085 -0.4899587 -0.8079258
vn 0.3274085 -0.4899587 -0.8079258
vn 0.36960655 -0.36960655 -0.8525151
vn -0.4346075 -0.290405 -0.85251474
vn -0.41668406 -0.41668406 -0.8079286
vn 0.41668406 -0.41668406 -0.8079286
vn 0.4346075 -0.290405 -0.85251474
vn -0.4829124 -0.20000514 -0.85252196
vn -0.48995876 -0.32740852 -0.80792576
vn 0.48995876 -0.32740852 -0.80792576
vn 0.4829124 -0.20000514 -0.85252196
vn -0.5126945 -0.10199889 -0.8524908
vn -0.5444133 -0.22549693 -0.807939
vn 0.5444133 -0.22549693 -0.807939
vn 0.5126945 -0.10199889 -0.8524908
vn -0.5779724 -0.114923105 -0.80792356
vn 0.5779725 -0.114923105 -0.80792356
vn -0.52270746 0 -0.8525122
vn -0.5892627 0 -0.8079415
vn 0.5892627 0 -0.8079415
vn 0.52270746 0 -0.8525122
vn -0.5126945 0.10199889 -0.85249084
vn -0.5779725 0.114923105 -0.80792356
vn 0.5779725 0.114923105 -0.80792356
vn 0.5126945 0.10199889 -0.85249084
vn -0.4829124 0.20000513 -0.85252196
vn -0.5444133 0.22549696 -0.8079389
vn 0.5444133 0.22549696 -0.8079389
vn 0.4829124 0.20000513 -0.85252196
vn -0.48995876 0.3274085 -0.80792576
vn 0.48995876 0.3274085 -0.80792576
vn -0.4346075 0.290405 -0.85251474
vn -0.4166841 0.4166841 -0.8079287
vn 0.4166841 0.4166841 -0.8079287
vn 0.4346075 0.290405 -0.85251474
vn -0.36960652 0.36960652 -0.85251516
vn -0.290405 0.4346075 -0.8525147
vn -0.32740846 0.4899588 -0.80792576
vn -0.22549695 0.5444133 -0.80793893
vn 0.22549695 0.5444133 -0.80793893
vn 0.32740846 0.4899588 -0.80792576
vn 0.290405 0.4346075 -0.8525147
vn 0.36960652 0.36960652 -0.85251516
vn -0.19999552 0.48298916 -0.85248077
vn -0.10898654 0.5414434 -0.8336432
vn 0 0.6707093 -0.7417203
vn 0.108986564 0.54144347 -0.83364314
vn 0.19999552 0.48298916 -0.85248077
vn 0 0.52289736 -0.8523957
vn -0.70267093 -0.6814699 0.20457868
vn 0.71564376 -0.6968641 0.04726957
vn -0.71564376 -0.6968641 0.04726957
vn 0.70267093 -0.6814699 0.20457868
vn -0.9986731 0 0.05149861
vn 0.9986731 0 -0.05149862
vn -0.9986731 0 -0.05149862
vn 0.9986731 0 0.05149861
vn -0.9986731 0 0.051498607
vn 0.9986731 0 -0.05149861
vn -0.9986731 0 -0.05149861
vn 0.9986731 0 0.051498607
vn -0.09680012 -0.4865006 -0.86830115
vn 0 -0.49600974 -0.86831707
vn 0.09680012 -0.4865006 -0.86830115
vn -0.27560353 -0.41240537 -0.8683113
vn -0.18980794 -0.4582192 -0.86833644
vn 0.18980794 -0.4582192 -0.86833644
vn 0.27560353 -0.41240537 -0.8683113
vn -0.706178 0.70709723 0.036415506
vn 0.706178 0.70709723 -0.036415506
vn -0.350713 -0.350713 -0.8683322
vn 0.350713 -0.350713 -0.8683322
vn -0.706178 0.70709723 -0.036415506
vn 0.706178 0.70709723 0.036415506
vn -0.4124053 -0.27560356 -0.8683113
vn 0.4124053 -0.27560356 -0.8683113
vn -0.45821923 -0.18980795 -0.86833644
vn 0.45821923 -0.18980795 -0.86833644
vn -0.4865006 -0.096800126 -0.86830115
vn 0.4865006 -0.096800126 -0.86830115
vn -0.49600965 0 -0.86831707
vn 0.49600965 0 -0.86831707
vn -0.48650065 0.096800126 -0.86830115
vn 0.48650065 0.096800126 -0.86830115
vn -0.45821923 0.18980794 -0.86833644
vn 0.45821923 0.18980794 -0.86833644
vn -0.41240537 0.27560353 -0.86831135
vn 0.41240537 0.27560353 -0.86831135
vn -0.350713 0.350713 -0.8683322
vn 0.35071298 0.35071298 -0.8683322
vn -0.27560356 0.41240534 -0.8683113
vn 0.27560356 0.41240534 -0.8683113
vn -0.18979922 0.45829818 -0.8682966
vn -0.09789817 0.48649088 -0.8681836
vn 0.09789817 0.48649088 -0.8681836
vn 0.18979922 0.45829818 -0.8682966
vn 0 0.49519104 -0.8687841
vn -0.3375909 -0.8149391 -0.4710697
vn -0.16311467 -0.820145 -0.548412
vn 0 -0.8762294 -0.48189422
vn 0.1631147 -0.820145 -0.548412
vn 0.3375909 -0.8149391 -0.4710697
vn -0.49003455 -0.7334519 -0.47107795
vn -0.23554167 -0.56864804 -0.7881368
vn -0.11346355 -0.57041836 -0.81347954
vn 0.11346356 -0.5704185 -0.8134795
vn 0.23554167 -0.568648 -0.7881368
vn 0.49003455 -0.7334519 -0.47107795
vn -0.3419614 -0.51176304 -0.7881377
vn 0.3419614 -0.5117631 -0.78813756
vn -0.5591295 -0.5591295 -0.61216706
vn 0.55912954 -0.55912954 -0.61216706
vn -0.7334519 -0.49003455 -0.47107795
vn -0.5416889 -0.36194646 -0.758662
vn 0.69530416 -0.46455532 -0.54839814
vn -0.48358864 -0.3231457 -0.8134611
vn 0.48358864 -0.32314572 -0.8134611
vn -0.730529 -0.30261445 -0.61216974
vn 0.730529 -0.30261442 -0.61216986
vn -0.82016426 -0.16310681 -0.54838556
vn -0.57041836 -0.11346354 -0.8134795
vn 0.60366154 -0.120064914 -0.788148
vn 0.86515677 -0.1720534 -0.47106403
vn -0.8362298 0 -0.5483791
vn -0.5816059 0 -0.8134706
vn 0.581606 0 -0.8134708
vn 0.8362298 0 -0.5483791
vn -0.8201684 0.16310512 -0.54837984
vn -0.5704539 0.11346013 -0.8134551
vn 0.60369474 0.12006121 -0.7881231
vn 0.86515677 0.17205335 -0.47106403
vn -0.5686482 0.23554179 -0.7881366
vn 0.5686482 0.23554179 -0.7881366
vn -0.814939 0.3375909 -0.4710697
vn 0.814939 0.3375909 -0.4710697
vn -0.7334519 0.4900345 -0.4710779
vn -0.5117629 0.34196138 -0.78813773
vn 0.6574705 0.4392872 -0.61217594
vn -0.41127315 0.41127315 -0.81345475
vn 0.41127315 0.41127315 -0.81345475
vn -0.59131825 0.59131825 -0.5483479
vn 0.59131825 0.59131825 -0.5483479
vn -0.49003455 0.7334519 -0.47107795
vn -0.3419615 0.5117631 -0.7881377
vn -0.22256042 0.53735083 -0.8134624
vn 0.22256044 0.5373508 -0.8134624
vn 0.34196144 0.5117631 -0.7881376
vn 0.49003455 0.7334519 -0.47107795
vn -0.31989 0.772212 -0.5489619
vn -0.12146677 0.6034248 -0.7881144
vn 0 0.59634805 -0.8027259
vn 0.12146678 0.60342485 -0.7881144
vn 0.31989 0.772212 -0.5489619
vn -0.3507397 0.76435894 -0.54105175
vn 0 0.8612947 -0.5081057
vn 0.3507397 0.76435894 -0.54105175
vn -0.6953605 -0.67534965 0.24571666
vn 0.7169718 -0.6753251 0.17287928
vn -0.7169718 -0.6753251 0.17287928
vn 0.6953605 -0.67534965 0.24571666
vn -0.99867314 0 0.051498614
vn 0.9986731 0 -0.051498603
vn -0.9986731 0 -0.051498603
vn 0.99867314 0 0.051498614
vn -0.99867314 0 0.05149861
vn 0.9986731 0 -0.051498607
vn -0.9986731 0 -0.051498607
vn 0.99867314 0 0.05149861
vn -0.9210653 0.3651398 -0.13532083
vn 0.8928558 0.18256943 -0.4116758
vn -0.8928558 0.18256943 -0.4116758
vn 0.9210653 0.3651398 -0.13532083
vn -0.44975704 0.4082391 -0.79439247
vn 0.3866893 0.8164892 -0.42873847
vn -0.3866893 0.8164892 -0.42873847
vn 0.44975704 0.4082391 -0.79439247
vn 0.7126714 -0.6957721 0.08944631
vn -0.7126714 -0.6957721 0.08944631
vn -0.9986731 0 0.051498614
vn 0.99867314 0 -0.05149861
vn -0.99867314 0 -0.05149861
vn 0.9986731 0 0.051498614
vn -0.99867314 0 0.05149861
vn 0.9986731 0 -0.051498614
vn -0.9986731 0 -0.051498614
vn 0.99867314 0 0.05149861
vn -0.99867314 0 0.05149861
vn 0.9986731 0 -0.051498607
vn -0.9986731 0 -0.051498607
vn 0.99867314 0 0.05149861
vn -0.706178 0.70709723 0.036415506
vn 0.70617807 0.70709723 -0.036415506
vn -0.70617807 0.70709723 -0.036415506
vn 0.706178 0.70709723 0.036415506
vn -0.69967574 -0.69578665 0.1622795
vn 0.69967574 -0.69578665 0.1622795
vn -0.18018128 -0.90602684 -0.38294923
vn 0 -0.9237789 -0.38292626
vn 0.18018128 -0.90602684 -0.38294923
vn -0.35353065 -0.8534459 -0.38294408
vn 0.35353065 -0.8534459 -0.3829441
vn -0.513199 -0.7680916 -0.3829648
vn 0.51319903 -0.7680917 -0.38296476
vn -0.6532103 -0.6532103 -0.38292623
vn 0.6532103 -0.6532103 -0.38292623
vn -0.7680917 -0.51319903 -0.38296476
vn 0.7680917 -0.51319903 -0.38296476
vn -0.85343045 -0.35354778 -0.38296273
vn 0.85343045 -0.35354778 -0.38296273
vn -0.9060166 -0.18019055 -0.3829689
vn 0.9060166 -0.18019055 -0.3829689
vn -0.9237706 0 -0.3829463
vn 0.9237706 0 -0.3829463
vn -0.9059969 0.18018666 -0.3830175
vn 0.9059969 0.18018666 -0.3830175
vn -0.853429 0.3534903 -0.38301897
vn 0.853429 0.3534903 -0.38301897
vn -0.76805156 0.5132103 -0.38303015
vn 0.76805156 0.5132103 -0.38303015
vn -0.65318775 0.65318775 -0.38300326
vn 0.65318775 0.65318775 -0.38300326
vn -0.51321024 0.7680515 -0.38303003
vn 0.5132103 0.7680515 -0.38303012
vn -0.35791028 0.8466726 -0.3937586
vn -0.4768387 0.8084945 -0.34490818
vn 0.4768387 0.8084945 -0.34490818
vn 0.35791028 0.84667253 -0.39375854
vn 0 -0.9903632 -0.13849483
vn -0.38308764 -0.91697043 -0.11139642
vn -0.18091713 -0.8937006 -0.4105707
vn 0 -0.7451707 -0.6668738
vn 0.18091711 -0.8937006 -0.41057065
vn 0.38308764 -0.91697043 -0.11139642
vn -0.5250039 -0.77191174 -0.35850137
vn -0.30100274 -0.7055065 -0.6416059
vn 0.30100274 -0.7055065 -0.6416059
vn 0.52500385 -0.7719117 -0.35850137
vn -0.70891255 -0.7044125 -0.035300627
vn 0.70891255 -0.7044125 -0.035300627
vn -0.5885942 -0.5705944 -0.57269436
vn 0.5885942 -0.5705944 -0.57269436
vn -0.80438733 -0.5282013 -0.27196398
vn 0.8043874 -0.52820134 -0.27196398
vn -0.90099996 -0.36683574 -0.23158287
vn 0.90099996 -0.36683577 -0.23158288
vn -0.9608229 -0.18787993 -0.20376559
vn 0.96082294 -0.18787993 -0.20376559
vn -0.98185766 0 -0.18961981
vn 0.9818576 0 -0.18961981
vn -0.96243584 0.18826012 -0.19564074
vn 0.9624359 0.18826015 -0.19564077
vn -0.9027404 0.3676887 -0.22330411
vn 0.90274054 0.36768872 -0.22330411
vn -0.71112657 0.4603172 -0.53141993
vn 0.71112657 0.4603172 -0.53141993
vn -0.8327395 0.55352616 0.012400586
vn 0.8327395 0.55352616 0.012400586
vn -0.67749375 0.66587347 -0.31243333
vn 0.67749375 0.6658735 -0.31243336
vn -0.5254606 0.77281183 -0.35588333
vn 0.52546066 0.77281183 -0.35588342
vn -0.3681647 0.851633 -0.37306294
vn 0.36816472 0.851633 -0.37306294
vn -0.29498488 0.9114392 -0.28681457
vn 0 0.97350943 -0.22864702
vn 0.29498488 0.9114392 -0.28681454
vn -0.31709126 -0.7533792 0.57608414
vn -0.17149483 -0.8470262 0.5031262
vn 0 -0.86379945 0.5038359
vn 0.17149484 -0.8470262 0.50312626
vn 0.31709126 -0.7533792 0.57608414
vn -0.46581355 -0.6869199 0.55781615
vn -0.34251687 -0.81162345 0.4732332
vn 0.34251684 -0.81162333 0.4732332
vn 0.46581355 -0.6869199 0.55781615
vn -0.50262517 -0.7373784 0.4512661
vn 0.50262517 -0.73737836 0.45126608
vn -0.64159364 -0.62854904 0.43964043
vn 0.64159364 -0.628549 0.43964043
vn -0.7649193 -0.49992585 0.4061682
vn 0.7649193 -0.49992585 0.4061682
vn -0.859699 -0.34787518 0.37403283
vn 0.85969895 -0.34787518 0.37403288
vn -0.8777303 -0.17330599 0.44671538
vn -0.9259126 -0.1792072 0.33252135
vn 0.9259127 -0.17920719 0.33252135
vn 0.8777303 -0.17330599 0.44671538
vn -0.9397019 0 0.34199452
vn 0.939702 0 0.34199458
vn -0.8777303 0.17330599 0.4467154
vn -0.9259127 0.1792072 0.33252135
vn 0.9259127 0.1792072 0.33252135
vn 0.8777303 0.17330599 0.4467154
vn -0.86665386 0.34981093 0.35572913
vn 0.8666539 0.3498109 0.35572913
vn -0.8161421 0.3350173 0.47082433
vn 0.8161421 0.3350173 0.47082433
vn -0.764825 0.4998769 0.40640602
vn 0.764825 0.4998768 0.406406
vn -0.6414067 0.6283893 0.44014126
vn 0.6414067 0.6283893 0.44014126
vn -0.4657935 0.68679047 0.5579922
vn -0.50258404 0.73739874 0.4512785
vn 0.4970457 0.7298289 0.46935624
vn -0.33863413 0.8027277 0.49087182
vn -0.17340122 0.856274 0.48654607
vn 0 0.8711781 0.49096718
vn 0.17340122 0.856274 0.48654607
vn 0.3386341 0.80272776 0.49087176
vn -0.1603964 0.79288226 0.5878868
vn 0 0.80613786 0.5917278
vn 0.1603964 0.79288226 0.5878868
vn 0.70777696 -0.7064339 -0.0017673227
vn -0.70777696 -0.7064338 -0.0017673214
vn 0.99869865 -0.0002999996 -0.05099993
vn -0.99869865 -0.0002999996 -0.05099993
vn 0.9986731 0 -0.051498607
vn -0.99867314 0 -0.051498614
vn 0.9986731 0 -0.05149861
vn -0.9986731 0 -0.051498607
vn 0.8928558 0.18256941 -0.4116758
vn -0.8928558 0.18256943 -0.4116758
vn 0.3866893 0.8164892 -0.42873847
vn -0.3866893 0.81648916 -0.4287385
vn -0.704617 -0.7061732 0.06952806
vn 0.70461714 -0.7061732 0.06952807
vn -0.99869865 0.0002999996 0.050999925
vn 0.99869865 0.0002999996 0.050999925
vn -0.9986731 0 0.051498614
vn 0.99867314 0 0.051498614
vn -0.9986731 0 0.05149861
vn 0.9986731 0 0.05149861
vn -0.9210653 0.36513987 -0.13532084
vn 0.9210653 0.36513987 -0.13532084
vn -0.449757 0.40823907 -0.79439247
vn 0.44975698 0.4082391 -0.79439247
vn -0.8864906 0 -0.46274647
vn -0.528704 0 -0.8488064
vn 0.528704 0 -0.8488064
vn 0.8864906 0 -0.46274647
vn -0.5378399 -0.84259313 0.027661506
vn 0.53783983 -0.84259313 0.027661504
vn -0.861666 -0.40398926 0.30712253
vn 0.861666 -0.40398926 0.30712253
vn -0.7831218 0.621192 -0.028996443
vn -0.5378387 0.84259313 0.02768281
vn 0.5378387 0.84259313 0.02768281
vn 0.7831218 0.621192 -0.028996432
vn -0.43859306 0 0.89868575
vn 0.43859306 0 0.89868575
vn -0.7099575 -0.7035903 -0.030350946
vn 0.7023312 -0.70423937 -0.103816114
vn -0.70234674 -0.7042548 -0.10360638
vn 0.7099605 -0.7035933 -0.030209588
vn -0.9986627 0.0004999813 0.051698066
vn 0.99866784 -0.0004999838 -0.05159833
vn -0.99866784 -0.0004999839 -0.051598337
vn 0.9986627 0.0004999813 0.05169807
vn -0.99866796 -0.00009999679 0.051598344
vn 0.9986731 0 -0.051498614
vn -0.99867314 0 -0.05149861
vn 0.998668 -0.00009999679 0.051598344
vn -0.9986731 -0.000099997305 0.051498614
vn 0.9986731 0 -0.051498607
vn -0.99867314 0 -0.051498614
vn 0.99867314 -0.000099997305 0.051498614
vn -0.9986731 -0.000099997305 0.05149861
vn 0.9986731 0 -0.05149861
vn -0.9986731 0 -0.051498607
vn 0.9986731 -0.00009999729 0.05149861
vn -0.7062133 0.7070619 0.03641733
vn 0.706178 0.7070972 -0.036415506
vn -0.70617807 0.70709723 -0.036415506
vn 0.7062133 0.7070619 0.036417328
vn -0.7161041 -0.6801115 -0.15698142
vn 0.6959857 -0.6785896 -0.23477669
vn -0.69597775 -0.678794 -0.23420836
vn 0.71609867 -0.6802478 -0.15641457
vn -0.99859446 -0.00039999784 0.05299971
vn 0.99859446 0.00039999778 -0.05299971
vn -0.9985944 0.00039999778 -0.0529997
vn 0.9985944 -0.00039999772 0.052999698
vn -0.9986731 -0.0000999973 0.05149861
vn 0.99867314 0 -0.051498618
vn -0.3763968 -0.90866566 -0.18069911
vn -0.19191293 -0.96463263 -0.18070225
vn 0 -0.96773386 -0.2519743
vn 0.19191293 -0.96463263 -0.18070224
vn 0.37639672 -0.9086657 -0.18069911
vn -0.9986731 0 -0.051498607
vn 0.9986731 -0.00009999729 0.051498614
vn -0.5463957 -0.81780183 -0.18069862
vn 0.54639566 -0.81780183 -0.18069859
vn -0.6954666 -0.6954666 -0.18070048
vn 0.6954666 -0.6954666 -0.18070048
vn -0.99867314 -0.000099997305 0.05149861
vn 0.99867314 0 -0.051498618
vn -0.9986731 0 -0.051498607
vn 0.99867314 -0.000099997305 0.051498618
vn -0.81780183 -0.54639566 -0.1806986
vn 0.81780183 -0.54639566 -0.1806986
vn -0.99867314 -0.00009999731 0.051498614
vn -0.7053818 -0.6221089 -0.33973083
vn 0.9086657 -0.37639675 -0.1806991
vn -0.9986731 0 -0.051498614
vn 0.99867314 -0.000099997305 0.05149862
vn -0.7062133 0.7070619 0.036417328
vn -0.94485086 0.16591276 -0.28236482
vn 0.9446563 0.16670103 -0.28255153
vn 0.7062133 0.7070618 0.036417324
vn -0.9835373 0 -0.1807051
vn 0.9835373 0 -0.1807051
vn -0.96463263 0.19191296 -0.18070225
vn 0.96463263 0.19191296 -0.18070225
vn -0.90866566 0.37639675 -0.18069911
vn 0.9086657 0.37639675 -0.1806991
vn -0.8178019 0.54639566 -0.1806986
vn 0.8178019 0.5463956 -0.18069859
vn -0.6954666 0.6954666 -0.1807005
vn 0.6954666 0.6954666 -0.18070048
vn -0.54639566 0.8178019 -0.18069862
vn 0.54639566 0.8178019 -0.18069862
vn -0.37639675 0.9086657 -0.18069914
vn 0.3763968 0.9086656 -0.18069911
vn -0.19191293 0.96463263 -0.18070225
vn 0 0.99409926 -0.108473815
vn 0.19191296 0.96463263 -0.18070228
vn -0.18979901 -0.95399505 -0.23209879
vn 0 -0.9726924 -0.23209819
vn 0.18979901 -0.95399505 -0.23209879
vn -0.37222138 -0.8986516 -0.23211332
vn 0.37222138 -0.8986516 -0.23211332
vn -0.5403839 -0.8087758 -0.23209304
vn 0.5403839 -0.8087758 -0.23209304
vn -0.6877972 -0.6877972 -0.23209906
vn 0.6877972 -0.6877972 -0.23209906
vn -0.8087757 -0.54038393 -0.23209305
vn 0.8087757 -0.54038393 -0.23209305
vn -0.89865154 -0.3722214 -0.23211333
vn 0.89865154 -0.3722214 -0.23211333
vn -0.95399505 -0.189799 -0.23209879
vn 0.95399505 -0.189799 -0.23209879
vn -0.97269243 0 -0.23209816
vn 0.97269243 0 -0.23209816
vn -0.95399505 0.18979901 -0.2320988
vn 0.95399505 0.18979901 -0.2320988
vn -0.8986516 0.3722214 -0.23211335
vn 0.8986516 0.3722214 -0.23211335
vn -0.8087757 0.5403838 -0.23209304
vn 0.8087757 0.5403838 -0.23209304
vn -0.6877972 0.6877972 -0.23209904
vn 0.6877972 0.6877972 -0.23209906
vn -0.5403838 0.8087757 -0.23209302
vn 0.5403838 0.8087757 -0.23209302
vn -0.37222144 0.89865166 -0.23211335
vn -0.18979901 0.953995 -0.2320988
vn 0 0.9726924 -0.23209819
vn 0.18979901 0.953995 -0.2320988
vn 0.37222144 0.89865166 -0.23211335
vn -0.19480427 -0.97932124 0.05460119
vn 0 -0.99850833 0.054600455
vn 0.19480427 -0.97932124 0.05460119
vn -0.3821023 -0.9225056 0.054600336
vn 0.3821023 -0.9225056 0.054600336
vn -0.55472624 -0.8302393 0.054602586
vn 0.55472624 -0.8302393 0.054602586
vn -0.7060521 -0.7060521 0.0545963
vn 0.7060521 -0.7060521 0.0545963
vn -0.8302393 -0.55472624 0.054602582
vn 0.8302393 -0.55472624 0.054602582
vn -0.9225057 -0.3821023 0.05460034
vn 0.9225057 -0.3821023 0.05460034
vn -0.97932124 -0.19480422 0.05460118
vn 0.97932124 -0.19480422 0.05460118
vn -0.99850833 0 0.054600462
vn 0.99850833 0 0.054600462
vn -0.97932124 0.1948042 0.054601178
vn 0.97932124 0.1948042 0.054601178
vn -0.9225057 0.38210228 0.054600324
vn 0.9225057 0.38210228 0.054600324
vn -0.83023936 0.5547262 0.05460258
vn 0.83023936 0.5547262 0.05460258
vn -0.7060521 0.7060521 0.054596297
vn 0.7060521 0.7060521 0.054596297
vn -0.55472624 0.8302393 0.054602582
vn 0.5547263 0.83023936 0.05460259
vn -0.38210234 0.9225057 0.05460033
vn -0.19480422 0.9793212 0.054601185
vn 0 0.99850833 0.05460045
vn 0.19480422 0.9793212 0.054601185
vn 0.38210234 0.9225057 0.05460033
vn -0.18330203 -0.9216102 0.34210378
vn 0 -0.9396678 0.34208825
vn 0.18330203 -0.9216102 0.34210378
vn -0.35961044 -0.86812514 0.3421099
vn 0.35961044 -0.86812514 0.3421099
vn -0.5220868 -0.7812803 0.34209135
vn 0.5220868 -0.7812803 0.34209135
vn -0.66443753 -0.66443753 0.34211937
vn 0.66443753 -0.66443753 0.34211937
vn -0.78128034 -0.5220868 0.34209135
vn 0.78128034 -0.5220868 0.34209135
vn -0.86812514 -0.35961044 0.34210992
vn 0.86812514 -0.35961044 0.34210992
vn -0.92161024 -0.18330203 0.3421038
vn 0.92161024 -0.18330203 0.3421038
vn -0.9396679 0 0.34208828
vn 0.9396679 0 0.34208828
vn -0.9216102 0.18330206 0.3421038
vn 0.9216102 0.18330206 0.3421038
vn -0.8681251 0.35961044 0.34210992
vn 0.8681251 0.35961044 0.34210992
vn -0.7812803 0.52208686 0.34209135
vn 0.7812803 0.52208686 0.34209135
vn -0.66443753 0.66443753 0.34211925
vn 0.66443753 0.66443753 0.34211925
vn -0.52208686 0.78128034 0.34209135
vn 0.52208686 0.78128034 0.34209135
vn -0.35961044 0.86812514 0.34210992
vn -0.18330206 0.92161024 0.34210384
vn 0 0.9396679 0.34208828
vn 0.18330206 0.92161024 0.34210384
vn 0.3596104 0.86812514 0.34210992
vn -0.707101 -0.1379554 -0.69352466
vn 0.5546939 -0.16233116 -0.81606567
vn -0.5546939 -0.16233116 -0.81606567
vn 0.707101 -0.1379554 -0.69352466
vn 0.7034242 -0.6759174 -0.2198409
vn -0.7034234 -0.6761087 -0.21925473
vn -0.707101 0.1379554 -0.69352466
vn 0.5546939 0.16233116 -0.81606567
vn -0.5546939 0.16233116 -0.81606567
vn 0.707101 0.1379554 -0.69352466
vn -0.36785543 -0.88810444 0.27559555
vn -0.18750177 -0.9428115 0.2755895
vn 0 -0.9805412 0.19631352
vn 0.18750177 -0.9428115 0.2755895
vn 0.36785543 -0.88810444 0.27559555
vn -0.5340976 -0.79924154 0.27559516
vn 0.53409755 -0.7992415 0.27559516
vn -0.6797392 -0.6796877 0.27564368
vn 0.6797392 -0.6796877 0.27564365
vn -0.80030483 -0.53158116 0.27736905
vn 0.80030483 -0.53158104 0.27736902
vn -0.8875995 -0.36598438 0.27968282
vn 0.8875995 -0.36598438 0.27968282
vn -0.7103507 -0.032281622 -0.70310706
vn -0.63400656 -0.40968594 -0.6558911
vn 0.6340065 -0.40968588 -0.6558911
vn 0.7103507 -0.032281622 -0.70310706
vn -0.95938265 -0.0037008063 0.28208372
vn 0.9593826 -0.0037008058 0.2820837
vn -0.9422607 0.18121389 0.28161407
vn 0.9422607 0.18121389 0.28161407
vn -0.8892547 0.36345145 0.27772158
vn 0.8892546 0.36345145 0.27772158
vn -0.7992415 0.53409755 0.27559513
vn 0.7992415 0.53409755 0.27559513
vn -0.679725 0.679725 0.27558643
vn 0.679725 0.679725 0.27558646
vn -0.53409755 0.7992415 0.27559522
vn 0.53409755 0.7992415 0.27559522
vn -0.36785546 0.8881045 0.27559555
vn 0.3678555 0.8881045 0.27559558
vn -0.18750177 0.94281155 0.2755895
vn 0 0.9356145 0.35302338
vn 0.18750177 0.94281155 0.2755895
vn -0.707092 -0.39286026 -0.587947
vn 0.55468416 -0.46227378 -0.6918298
vn -0.55468416 -0.46227378 -0.6918298
vn 0.707092 -0.39286026 -0.587947
vn -0.7162564 -0.69575864 -0.05382137
vn 0.7161938 -0.6958397 -0.05360469
vn -0.707092 0.3928603 -0.587947
vn 0.55468416 0.46227378 -0.6918298
vn -0.55468416 0.46227378 -0.6918298
vn 0.707092 0.3928603 -0.587947
vn -0.9986571 -0.000999957 0.051797777
vn 0.99864644 0.0010000466 -0.05200242
vn -0.99864644 0.0010000465 -0.052002415
vn 0.9986571 -0.0009999571 0.05179778
vn -0.99868333 -0.00009999834 0.05129914
vn 0.99867314 0 -0.051498603
vn -0.99867314 0 -0.05149861
vn 0.99868333 -0.00009999831 0.051299144
vn -0.99867827 -0.00009999783 0.051398885
vn 0.9986731 0 -0.051498607
vn -0.9986731 0 -0.051498618
vn 0.99867827 -0.000099997815 0.05139888
vn -0.99867827 -0.00009999783 0.051398885
vn 0.9986731 0 -0.051498607
vn -0.99867314 0 -0.05149861
vn 0.9986782 -0.000099997815 0.051398877
vn -0.70621514 0.7070637 0.03634671
vn -0.9819791 0 0.18898976
vn 0.7559256 0 -0.65465754
vn 0.70617807 0.70709723 -0.03641551
vn -0.706178 0.70709723 -0.036415506
vn 0.18898734 0 -0.98197955
vn 0.70621514 0.7070637 0.03634671
vn -0.7895068 0.5671859 -0.23447646
vn 0.558697 0.7933573 -0.24174762
vn -0.061485164 0.9455972 -0.3194769
vn 0.1889876 0 0.98197955
vn -0.1889876 0 0.98197955
vn -0.12500155 0.75000924 0.64950806
vn 0.12500155 0.75000924 0.64950806
vn -0.7070919 -0.58794695 -0.39286026
vn 0.5546841 -0.69182974 -0.46227378
vn -0.5546841 -0.69182974 -0.46227378
vn 0.7070919 -0.58794695 -0.39286026
vn -0.76127976 -0.12649684 -0.63596517
vn 0.76127976 -0.12649684 -0.63596517
vn -0.76127976 0.12649682 -0.63596517
vn 0.76127976 0.12649682 -0.63596517
vn -0.707092 0.587947 -0.39286035
vn 0.55468416 0.6918298 -0.46227378
vn -0.55468416 0.6918298 -0.46227378
vn 0.707092 0.587947 -0.39286035
vn -0.9770234 -0.21030505 0.03460083
vn 0.9770234 -0.21030505 0.03460083
vn -0.761275 -0.36024445 -0.5391516
vn 0.761275 -0.36024445 -0.5391516
vn -0.4463425 -0.17457299 -0.87766886
vn 0.4463425 -0.17457299 -0.87766886
vn -0.76127976 0.12649684 -0.63596517
vn 0.76127976 0.12649684 -0.63596517
vn -0.7148179 0.38851234 -0.58145803
vn 0.71481794 0.38851234 -0.58145803
vn -0.194893 -0.9800648 0.038598616
vn 0 -0.9992549 0.03859826
vn 0.194893 -0.9800648 0.038598616
vn -0.5552096 -0.83081436 0.03860067
vn -0.38239655 -0.9231917 0.038599655
vn 0.38239655 -0.9231917 0.038599655
vn 0.5552096 -0.83081436 0.03860067
vn -0.70677155 -0.70637155 0.038898434
vn 0.70677155 -0.70637155 0.038898434
vn -0.8335922 -0.5509948 0.03909963
vn 0.8335922 -0.5509948 0.03909963
vn -0.9235814 -0.38179225 0.035099294
vn 0.9235814 -0.38179225 0.035099294
vn -0.8961879 0.35722572 -0.26312923
vn 0.6886591 0.549007 -0.47364548
vn -0.6886591 0.549007 -0.47364548
vn 0.8961879 0.35722572 -0.26312923
vn -0.608764 0.3096002 -0.7304478
vn -0.8383182 0.18088809 -0.5142976
vn 0.8383182 0.18088809 -0.5142976
vn 0.608764 0.3096002 -0.7304478
vn -0.9845679 0.17089444 0.037698768
vn 0.9845679 0.17089444 0.037698768
vn -0.9268272 0.37361097 0.037501104
vn 0.9268272 0.37361097 0.037501104
vn -0.8308143 0.5552095 0.038600665
vn 0.8308143 0.5552095 0.038600665
vn -0.7065798 0.7065798 0.0385989
vn 0.7065798 0.7065798 0.0385989
vn -0.5552096 0.83081424 0.038600665
vn 0.5552096 0.83081424 0.038600665
vn -0.38239658 0.9231918 0.03859965
vn -0.19489299 0.98006475 0.038598616
vn 0.19489299 0.98006475 0.038598616
vn 0.38239658 0.9231918 0.03859965
vn 0 0.9992548 0.038598258
vn -0.707101 -0.69352466 -0.1379554
vn 0.55469394 -0.8160656 -0.1623312
vn -0.55469394 -0.8160656 -0.1623312
vn 0.707101 -0.69352466 -0.1379554
vn -0.60998 -0.7459068 -0.26748377
vn 0.40377906 -0.7270858 -0.5552555
vn -0.40377906 -0.7270858 -0.5552555
vn 0.60997987 -0.7459069 -0.26748374
vn -0.7071102 -0.4999976 -0.4999976
vn 0 0.28509593 -0.958499
vn 0 0.28509593 -0.958499
vn 0.7071102 -0.4999976 -0.4999976
vn -0.31622055 -0.36305282 -0.87646854
vn 0.31622055 -0.36305282 -0.87646854
vn -0.64749324 0.14867741 -0.74742734
vn 0.64749324 0.14867741 -0.74742734
vn -0.5547039 0.58834666 -0.58834666
vn 0.5547039 0.58834666 -0.58834666
vn -0.7148218 0.58145475 -0.3885101
vn 0.71482176 0.58145475 -0.38851005
vn -0.707101 0.6935246 -0.13795538
vn 0.5546939 0.81606567 -0.16233115
vn -0.5546939 0.81606567 -0.16233115
vn 0.707101 0.6935246 -0.13795538
vn -0.19489297 -0.9800647 0.03859861
vn 0 -0.9992548 0.03859826
vn 0.19489297 -0.9800647 0.03859861
vn -0.5552096 -0.8308143 0.038600665
vn -0.38239658 -0.9231918 0.03859966
vn 0.38239658 -0.9231917 0.038599655
vn 0.5552096 -0.8308143 0.038600665
vn -0.70702696 -0.7061268 0.038701467
vn 0.70702696 -0.7061268 0.038701467
vn -0.5547039 -0.58834666 -0.58834666
vn -0.53288984 -0.75090134 -0.3900969
vn 0.5328898 -0.7509013 -0.3900969
vn 0.5547039 -0.58834666 -0.58834666
vn -0.5546905 -0.31842008 -0.7687178
vn -0.48268503 -0.52831197 -0.69849956
vn 0.48268503 -0.52831197 -0.69849944
vn 0.5546905 -0.31842008 -0.7687178
vn -0.5547002 0 -0.8320503
vn -0.88080776 -0.3510951 0.31766307
vn -0.108395234 -0.97406256 -0.19862674
vn 0.7845136 -0.19514243 -0.5886066
vn -0.70344716 -0.5607963 0.4366572
vn 0.88080776 -0.3510951 0.31766307
vn 0.5547002 0 -0.8320503
vn -0.55469054 0.31842008 -0.7687178
vn -0.5909253 -0.30052793 0.748659
vn -0.2715888 0.3018182 -0.9138628
vn 0.27158812 0.3018182 -0.91386306
vn 0.5909253 -0.30052793 0.748659
vn 0.5546905 0.31842005 -0.7687178
vn -0.70711017 0.4999976 -0.4999976
vn -0.98104393 0.1520802 -0.120101556
vn 0.19140477 0.7099707 -0.67772096
vn 0.22269832 0.72743803 -0.6490297
vn 0.981044 0.1520802 -0.12010156
vn 0.447217 0.6324543 -0.6324543
vn -0.714824 -0.6858684 -0.13642286
vn 0.714824 -0.6858684 -0.13642284
vn -0.5621513 -0.8111422 -0.16135149
vn 0.5621513 -0.8111422 -0.16135149
vn -1 0 0
vn -1 0 0
vn 1 0 0
vn -1 0 0
vn 1 0 0
vn 1 0 0
vn -0.55469054 0.7687178 -0.3184201
vn 0.55469054 0.7687178 -0.3184201
vn -0.5547002 0.8320503 0
vn 0.5547002 0.8320503 0
vn -0.71482563 0.6858668 -0.13642254
vn 0.71482563 0.6858668 -0.13642254
vn -0.44720453 -0.82634455 -0.34229034
vn -0.6263264 -0.7732624 -0.0988973
vn 0.51837856 -0.8407152 -0.15646562
vn 0.7070978 -0.6532877 -0.27060634
vn -0.44720447 0.82634455 -0.34229034
vn -0.8266551 -0.5086429 0.24067348
vn -0.9513581 0.30777058 -0.013969983
vn 0.7098444 0.6800354 -0.18350194
vn 0.8266551 -0.5086429 0.24067348
vn 0.7070978 0.65328765 -0.2706063
vn -0.83658767 0.5147545 -0.18748023
vn 0.5960454 0.7358025 -0.32144144
vn -0.5960454 0.7358025 -0.32144144
vn 0.83658767 0.5147545 -0.18748023
vn -0.9784947 0.20359889 0.03309982
vn 0.9784947 0.20359889 0.03309982
vn -0.9255968 0.37689868 0.03489988
vn 0.9255968 0.37689868 0.03489988
vn -0.83081436 0.5552096 0.03860067
vn 0.83081436 0.5552096 0.03860067
vn -0.70657986 0.70657986 0.038598906
vn 0.70657986 0.70657986 0.038598906
vn -0.5552096 0.83081436 0.038600672
vn 0.5552096 0.83081436 0.038600672
vn -0.38239658 0.9231917 0.038599648
vn -0.19489297 0.98006475 0.038598612
vn 0.19489297 0.98006475 0.038598612
vn 0.38239658 0.9231917 0.038599648
vn 0 0.9992548 0.038598258
vn -0.71482486 -0.6858675 0.13642268
vn 0.71482486 -0.6858675 0.13642268
vn -0.55469054 -0.7687178 0.3184201
vn 0.55469054 -0.7687178 0.3184201
vn -0.55469054 0.7687178 0.3184201
vn 0.55469054 0.7687178 0.3184201
vn -0.7148255 0.68586683 0.13642254
vn 0.7148255 0.68586683 0.13642256
vn -0.19489297 -0.9800647 0.03859861
vn 0 -0.9992549 0.038598258
vn 0.19489297 -0.9800647 0.03859861
vn -0.38239658 -0.9231917 0.03859965
vn 0.38239658 -0.9231917 0.03859965
vn -0.55520964 -0.8308143 0.03860067
vn 0.5552095 -0.8308143 0.038600665
vn -0.7861983 -0.61679876 0.038099922
vn -0.70707965 -0.7060798 0.03859889
vn 0.70707965 -0.7060798 0.03859889
vn 0.7861983 -0.61679876 0.038099922
vn -0.5547002 -0.8320503 0
vn -0.44788775 -0.89376163 0.02422073
vn 0.4478877 -0.8937617 0.02422073
vn 0.5547002 -0.8320503 0
vn -1 0 0
vn 1 0 0
vn -0.5547002 0.8320503 0
vn -0.97650504 0.21312992 0.03183741
vn 0.19484517 0.98083353 0.0010095551
vn -0.19484515 0.98083353 0.0010095554
vn 0.97650504 0.21312995 0.031837415
vn 0.5547002 0.8320503 0
vn -0.97490233 0.21940053 0.03780009
vn 0.97490233 0.21940053 0.03780009
vn -0.9234471 0.38181946 0.038201943
vn 0.9234471 0.38181946 0.038201943
vn -0.83081436 0.5552096 0.03860067
vn 0.83081436 0.5552096 0.03860067
vn -0.70657986 0.70657986 0.038598903
vn 0.70657986 0.70657986 0.038598903
vn -0.5552095 0.8308143 0.03860067
vn 0.5552095 0.8308143 0.03860067
vn -0.38239658 0.9231917 0.03859966
vn -0.194893 0.9800647 0.03859861
vn 0 0.9992549 0.038598254
vn 0.194893 0.9800647 0.03859861
vn 0.38239658 0.9231917 0.03859966
vn -0.707101 -0.6935246 0.13795538
vn 0.5546939 -0.81606567 0.16233116
vn -0.5546939 -0.81606567 0.16233116
vn 0.707101 -0.6935246 0.13795538
vn -0.7148216 -0.58145493 0.3885102
vn 0.7148216 -0.58145493 0.3885102
vn -0.5547039 -0.58834666 0.58834666
vn 0.5547039 -0.58834666 0.58834666
vn -0.55469054 -0.3184201 0.7687178
vn 0.55469054 -0.3184201 0.7687178
vn -0.5621513 0.16135149 0.81114215
vn 0.5621513 0.16135149 0.8111422
vn -0.5547039 0.58834666 0.58834666
vn 0.5547039 0.58834666 0.58834666
vn -0.59467435 0.6802123 0.4285715
vn 0.42730105 0.71692425 0.5508478
vn -0.42730096 0.7169243 0.5508478
vn 0.5946743 0.6802123 0.42857146
vn -0.707101 0.69352466 0.13795541
vn 0.5546939 0.81606567 0.16233116
vn -0.5546939 0.81606567 0.16233116
vn 0.707101 0.69352466 0.13795541
vn -0.7148194 -0.3885115 0.5814569
vn 0.7148194 -0.3885115 0.58145684
vn -0.71482605 -0.13642243 0.6858663
vn 0.7148261 -0.13642243 0.6858663
vn -0.7148249 0.13642266 0.6858675
vn 0.71482486 0.13642266 0.6858675
vn -0.71481997 0.38851112 0.5814563
vn 0.71482 0.38851115 0.58145636
vn -0.55469054 -0.7687178 0.31842008
vn -0.56620115 -0.8034402 0.18411957
vn 0.56620115 -0.8034403 0.18411963
vn 0.55469054 -0.7687178 0.3184201
vn -0.70711017 -0.4999976 0.4999976
vn -0.44229513 -0.7574458 0.4802612
vn 0.61659896 -0.70657915 0.34720534
vn 0.447217 -0.6324543 0.6324543
vn -0.6474375 0.63374203 0.42331514
vn -0.66347146 -0.6210751 -0.4172185
vn -0.5201431 0.70247495 0.48577783
vn 0.74222624 0.56437546 0.36135954
vn 0.66347146 -0.6210751 -0.4172185
vn 0.50272834 0.7039001 0.50178564
vn -0.7022687 0.65019935 0.28993008
vn 0.7113177 0.65651333 0.25103235
vn -0.7113177 0.65651333 0.25103235
vn 0.7022687 0.65019935 0.28993008
vn -0.9775713 0.20729393 0.03719891
vn 0.9775713 0.20729393 0.03719891
vn -0.92376894 0.38088718 0.039698668
vn 0.92376894 0.38088718 0.039698668
vn -0.8308143 0.5552096 0.038600665
vn 0.8308143 0.5552096 0.038600665
vn -0.70657986 0.70657986 0.038598903
vn 0.70657986 0.70657986 0.038598903
vn -0.5552096 0.8308143 0.03860067
vn 0.5552096 0.8308143 0.03860067
vn -0.3823966 0.9231918 0.038599655
vn -0.19489302 0.98006475 0.038598616
vn 0 0.9992548 0.038598254
vn 0.19489302 0.98006475 0.038598616
vn 0.3823966 0.9231918 0.038599655
vn -0.7070919 -0.587947 0.3928603
vn 0.55468416 -0.6918298 0.46227378
vn -0.55468416 -0.6918298 0.46227378
vn 0.7070919 -0.587947 0.3928603
vn -0.707092 0.58794695 0.3928603
vn 0.5546841 0.69182974 0.46227378
vn -0.5546841 0.69182974 0.46227378
vn 0.707092 0.58794695 0.3928603
vn -0.8694388 0.101545766 -0.48349217
vn -0.39820433 -0.17694244 -0.9000693
vn 0.39820433 -0.17694244 -0.9000693
vn 0.8694388 0.101545766 -0.48349217
vn -0.194893 -0.98006475 0.038598612
vn 0 -0.9992548 0.038598258
vn 0.194893 -0.98006475 0.038598612
vn -0.38239658 -0.9231917 0.038599655
vn 0.38239658 -0.9231917 0.038599655
vn -0.5552096 -0.8308143 0.038600665
vn 0.5552096 -0.8308143 0.038600665
vn -0.7077152 -0.7054151 0.039100837
vn 0.70771515 -0.7054151 0.03910084
vn -0.55469054 -0.31842008 0.7687178
vn -0.6767662 -0.5143849 0.52668375
vn 0.6767662 -0.51438487 0.52668375
vn 0.55469054 -0.3184201 0.7687178
vn -0.5547002 0 0.8320503
vn -0.7034472 -0.5607964 -0.4366572
vn 0.88080776 -0.3510951 -0.31766304
vn -0.53099895 -0.14203538 0.8353838
vn 0.53099895 -0.14203541 0.8353838
vn -0.88080776 -0.3510951 -0.31766304
vn 0.7034472 -0.5607964 -0.4366572
vn 0.5547002 0 0.8320503
vn -0.44720456 0.34229034 0.8263446
vn -0.98587006 0.052413348 0.15910041
vn -0.44342846 0.25664446 0.85878104
vn 0.5953288 0.25816673 0.76087683
vn -0.9998268 0.0066505694 -0.01738511
vn 0.98587006 0.052413348 0.15910041
vn 0.7070978 0.27060637 0.6532877
vn -0.59296566 0.56104505 0.57759863
vn 0.8408465 0.39543507 0.3696056
vn -0.8408465 0.39543507 0.3696056
vn 0.59296566 0.56104505 0.57759863
vn -0.74738276 -0.66097206 -0.06734329
vn -0.3881809 -0.90100974 0.19364119
vn 0 -0.6969948 0.7170762
vn 0 -0.6969948 0.7170762
vn 0.38818094 -0.90100974 0.19364122
vn 0.74738276 -0.660972 -0.06734327
vn -0.7364981 0.6609663 0.14385444
vn -0.40602508 0.90101594 -0.1526887
vn 0.40602508 0.90101594 -0.1526887
vn 0.7364981 0.66096634 0.14385444
vn 0 0.7157165 0.69839096
vn 0 0.7157165 0.69839096
vn -0.83371025 -0.55090684 0.03780047
vn 0.83371025 -0.55090684 0.03780047
vn -0.6886591 0.549007 0.4736455
vn 0.8961879 0.3572257 0.26312923
vn -0.8961879 0.3572257 0.26312923
vn 0.6886591 0.549007 0.4736455
vn -0.9834328 0.17700593 0.03910131
vn 0.9834328 0.17700593 0.03910131
vn -0.707092 -0.3928603 0.58794695
vn 0.5546841 -0.46227378 0.69182974
vn -0.5546841 -0.46227378 0.69182974
vn 0.707092 -0.3928603 0.58794695
vn -0.707092 0.39286035 0.587947
vn 0.5546841 0.46227378 0.69182974
vn -0.5546841 0.46227378 0.69182974
vn 0.707092 0.39286035 0.587947
vn -0.81513 -0.10154364 0.5703086
vn -0.3036119 0.17694853 0.9362205
vn 0.3036119 0.17694853 0.9362205
vn 0.81513 -0.10154364 0.5703086
vn -0.19490907 -0.9800456 0.03900182
vn 0 -0.9992392 0.039001536
vn 0.19490907 -0.9800456 0.03900182
vn -0.38239062 -0.9231774 0.038999047
vn 0.38239062 -0.9231774 0.038999047
vn -0.55512965 -0.8308443 0.03910208
vn 0.55512965 -0.8308443 0.03910208
vn -0.70791197 -0.70521194 0.039200667
vn 0.70791197 -0.70521194 0.039200667
vn -0.9234759 -0.38179004 0.037799012
vn 0.9234759 -0.38179004 0.037799012
vn -0.9797336 -0.19700673 0.036201235
vn 0.9797336 -0.19700673 0.036201235
vn -0.99914694 -0.01640077 0.03790178
vn 0.99914694 -0.01640077 0.03790178
vn -0.9242492 0.37972018 0.03970211
vn 0.9242492 0.37972018 0.03970211
vn -0.83084756 0.5551318 0.039002232
vn 0.83084756 0.5551318 0.039002232
vn -0.7065689 0.7065689 0.03899828
vn 0.7065689 0.7065689 0.03899828
vn -0.5551318 0.83084756 0.039002232
vn 0.5551318 0.83084756 0.039002232
vn -0.38239062 0.9231774 0.038999047
vn -0.19490908 0.98004556 0.039001815
vn 0 0.99923915 0.039001532
vn 0.19490908 0.98004556 0.039001815
vn 0.38239062 0.9231774 0.038999047
vn -0.707101 -0.1379554 0.6935246
vn 0.5546939 -0.16233116 0.81606567
vn -0.5546939 -0.16233116 0.81606567
vn 0.707101 -0.1379554 0.6935246
vn -0.707101 0.13795538 0.69352466
vn 0.5546939 0.16233116 0.81606567
vn -0.5546939 0.16233116 0.81606567
vn 0.707101 0.13795538 0.69352466
vn -0.1889876 0 -0.98197955
vn 0.1889876 0 -0.98197955
vn 0.12500153 0.7500093 -0.64950806
vn -0.12500153 0.7500093 -0.64950806
vn -0.7559288 0 0.65465385
vn 0.9819823 0 -0.18897285
vn -0.9819823 0 -0.18897285
vn 0.7559288 0 0.65465385
vn -0.5587131 0.7933514 0.24172997
vn 0.78953826 0.5671702 0.2344084
vn -0.78953826 0.5671702 0.23440836
vn 0.5587131 0.7933514 0.24172997
vn -0.7055145 -0.02120895 0.7083781
vn 0.71061015 -0.031340856 0.70288754
vn -0.7106102 -0.031340864 0.7028876
vn 0.7055145 -0.021208948 0.7083781
vn -0.3657247 -0.40904662 0.83601815
vn 0.4289009 -0.8160634 0.38740754
vn -0.4289009 -0.81606334 0.38740754
vn 0.3657247 -0.40904662 0.83601815
vn -0.6699996 -0.0006366128 0.7423612
vn 0.7423372 0.0006361678 0.6700262
vn -0.7423373 0.0006361678 0.67002606
vn 0.6699995 -0.0006366128 0.74236125
vn -0.66975343 0 0.7425835
vn 0.7425835 0 0.66975343
vn -0.7425835 0 0.6697535
vn 0.6697535 0 0.7425834
vn -0.66975343 0 0.74258345
vn 0.7425835 0 0.66975343
vn -0.7425835 0 0.6697535
vn 0.66975343 0 0.7425835
vn -0.66975343 0 0.7425835
vn 0.7425835 0 0.66975343
vn -0.74258345 0 0.66975343
vn 0.6697534 0 0.7425835
vn -0.6486236 0.6666567 0.36722782
vn 0.7001165 0.33332533 0.6314515
vn -0.7001166 0.33332533 0.63145155
vn 0.64862365 0.6666567 0.36722782
vn -0.1781978 -0.89578897 -0.40719497
vn 0 -0.9133492 -0.4071773
vn 0.1781978 -0.89578897 -0.40719497
vn -0.36436382 -0.87967753 -0.30562463
vn -0.18738396 -0.9421367 -0.27796695
vn 0 -0.92409635 -0.38215956
vn 0.187384 -0.9421367 -0.27796695
vn 0.36436385 -0.8796776 -0.30562466
vn -0.5289668 -0.79169583 -0.30563346
vn 0.5289668 -0.79169595 -0.30563346
vn -0.67371875 -0.6727602 -0.30577278
vn 0.6736998 -0.67278296 -0.30576423
vn -0.7919039 -0.52849406 -0.3059121
vn 0.791904 -0.52849406 -0.30591208
vn -0.8796056 -0.3644938 -0.30567682
vn 0.8796056 -0.36449382 -0.30567688
vn -0.93371063 -0.18605605 -0.30588827
vn 0.93371063 -0.18605605 -0.30588827
vn -0.9133492 0 -0.40717733
vn -0.9604376 -0.0016859026 -0.27848998
vn 0.95196354 -0.0013311445 -0.3062087
vn -0.9340529 0.18374267 -0.30624136
vn 0.9340529 0.1837427 -0.3062414
vn -0.8800901 0.36331785 -0.3056818
vn 0.8800903 0.36331785 -0.3056818
vn -0.7917124 0.52897775 -0.30557165
vn 0.7917123 0.52897775 -0.30557168
vn -0.6733088 0.67326707 -0.3055596
vn 0.6733088 0.6732672 -0.30555958
vn -0.52897775 0.79171216 -0.3055721
vn -0.36759445 0.88747483 -0.2779616
vn 0.36759445 0.88747483 -0.2779616
vn 0.52897775 0.79171216 -0.3055721
vn -0.34950688 0.84381664 -0.40720806
vn -0.1857481 0.9338778 -0.30556497
vn 0 0.9754893 -0.22004674
vn 0.18574809 0.93387777 -0.30556497
vn 0.34950688 0.84381664 -0.40720806
vn -0.18814841 -0.94583994 0.2645502
vn 0 -0.9650786 0.26196015
vn 0.18814842 -0.94583994 0.2645502
vn -0.35601497 -0.85948914 0.36678573
vn -0.18012387 -0.9054918 0.38423955
vn 0 -0.9614696 0.27491108
vn 0.18012387 -0.9054918 0.38423955
vn 0.35601512 -0.8594891 0.36678576
vn -0.51684827 -0.77352965 0.36676934
vn 0.5168482 -0.77352965 0.36676928
vn -0.6578295 -0.6578295 0.36677065
vn 0.6578295 -0.6578295 0.36677063
vn -0.7735297 -0.5168483 0.36676905
vn 0.77352977 -0.51684827 0.36676902
vn -0.859489 -0.3560151 0.36678582
vn 0.8594891 -0.35601512 0.36678582
vn -0.91242826 -0.18150344 0.36678493
vn 0.9124283 -0.18150347 0.366785
vn -0.9643722 0 0.2645492
vn -0.92324144 0 0.38422057
vn 0.9195745 0 0.3929156
vn 0.99962735 0 0.027300743
vn -0.9124284 0.18150349 0.36678454
vn 0.9124284 0.18150349 0.36678454
vn -0.8594887 0.356015 0.36678648
vn 0.8594887 0.35601497 0.36678648
vn -0.76460147 0.5108811 0.39291862
vn 0.76460147 0.5108811 0.39291862
vn -0.83115524 0.5553701 0.027298529
vn 0.83115524 0.5553701 0.027298529
vn -0.6578296 0.6578296 0.36677048
vn 0.6578295 0.6578295 0.36677045
vn -0.51684815 0.7735296 0.36676958
vn -0.3533102 0.8529546 0.38424003
vn 0.35331023 0.8529546 0.38424003
vn 0.51684815 0.7735295 0.36676952
vn -0.36904266 0.89096504 0.26455405
vn -0.18150349 0.9124283 0.36678463
vn 0 0.8895457 0.45684633
vn 0.18150347 0.91242844 0.36678463
vn 0.36904266 0.890965 0.26455405
vn 0.24117932 0.7950402 0.5565463
vn 0 0.70710677 0.70710677
vn -0.24117932 0.7950402 0.5565463
vn 0.58834666 0.58834666 0.5547039
vn 0.46227378 0.6918298 0.5546841
vn -0.46227378 0.6918298 0.5546841
vn -0.58834666 0.58834666 0.5547039
vn 0.7687179 0.31842008 0.5546905
vn 0.6918298 0.46227378 0.5546841
vn -0.7327145 0.39165202 0.55654126
vn 0.8160657 0.16233118 0.5546939
vn -0.8160657 0.16233118 0.5546939
vn 0.8320503 0 0.5547002
vn 0 0 1
vn -0.8320503 0 0.5547002
vn 0.7950402 -0.24117932 0.5565463
vn -0.7687178 -0.3184201 0.5546905
vn -0.8160657 -0.16233118 0.5546939
vn 0.6422284 -0.52706474 0.5565479
vn -0.6422284 -0.52706474 0.5565479
vn 0.46227378 -0.6918298 0.5546841
vn 0.24117927 -0.7950402 0.5565462
vn -0.24117932 -0.7950402 0.5565462
vn -0.46227378 -0.6918298 0.5546841
vn 0 -0.89442724 0.44721362
vn -0.19509682 -0.980784 0
vn -0.15639858 -0.7860928 -0.5979946
vn 0 -0.94907695 -0.31504434
vn 0.18517719 -0.93083805 -0.3150395
vn -0.5555768 -0.83146524 0
vn -0.34315902 -0.8285262 -0.44247726
vn -0.17298393 -0.8694075 -0.46282527
vn 0 -0.7787007 -0.62739563
vn 0.17298393 -0.8694075 -0.4628253
vn 0.34315902 -0.8285262 -0.44247732
vn 0.5555768 -0.83146524 0
vn -0.7071068 -0.7071068 0
vn -0.48914012 -0.7320835 -0.47412637
vn 0.4891401 -0.7320835 -0.47412646
vn 0.7071068 -0.7071068 0
vn -0.62257546 -0.62257546 -0.4741302
vn 0.6225756 -0.6225756 -0.4741302
vn -0.745659 -0.49821335 -0.44246587
vn 0.74565905 -0.49821338 -0.44246584
vn -0.82852626 -0.34315908 -0.4424771
vn 0.81898546 -0.33920407 -0.46282127
vn 0.87683916 -0.3631897 -0.31503385
vn -0.8795379 -0.17499536 -0.4424813
vn 0.879538 -0.1749953 -0.44248125
vn -0.9490769 0 -0.31504446
vn -0.8864571 0 -0.46281096
vn 0.88045496 0 -0.47412977
vn 1 0 0
vn -0.879538 0.17499536 -0.44248104
vn 0.8795381 0.17499535 -0.44248095
vn -0.81898546 0.33920407 -0.4628212
vn 0.8189854 0.33920407 -0.46282122
vn -0.8768391 0.3631897 -0.315034
vn 0.8768391 0.3631897 -0.315034
vn -0.7456589 0.4982132 -0.4424663
vn 0.74565893 0.49821317 -0.4424662
vn -0.6341214 0.6341214 -0.44247037
vn 0.6341214 0.6341214 -0.4424703
vn -0.49821344 0.74565935 -0.44246528
vn -0.33920407 0.81898546 -0.46282127
vn 0.33920407 0.81898546 -0.46282127
vn 0.49821344 0.7456591 -0.44246572
vn -0.36319003 0.8768398 -0.31503174
vn -0.1950968 0.98078394 0
vn -0.17181209 0.86352134 -0.4741429
vn 0 0.9585231 -0.28501496
vn 0.17499542 0.879538 -0.44248095
vn 0.36318937 0.8768384 -0.31503654
vn -0.15639858 -0.78609294 0.59799457
vn 0 -0.8014976 0.5979981
vn 0.15639858 -0.78609294 0.59799457
vn -0.34279042 -0.8275466 0.44459122
vn -0.17833525 -0.8963501 0.4058978
vn 0 -0.91392416 0.40588507
vn 0.17833525 -0.89635015 0.40589777
vn 0.34279045 -0.8275466 0.4445912
vn -0.49765033 -0.7447735 0.4445859
vn 0.4976503 -0.7447735 0.44458586
vn -0.6333876 -0.6333876 0.44456756
vn 0.6333876 -0.6333876 0.44456762
vn -0.7447734 -0.49765018 0.44458622
vn 0.7447734 -0.49765015 0.44458622
vn -0.82754606 -0.34279022 0.44459227
vn 0.84434205 -0.34975547 0.40590328
vn 0.7404966 -0.3066986 0.59799737
vn -0.8785174 -0.17478725 0.44458586
vn 0.87851745 -0.17478725 0.44458583
vn -0.8014975 0 0.59799814
vn -0.91392416 0 0.40588504
vn 0.8957415 0 0.44457528
vn -0.8785171 0.17478724 0.44458652
vn 0.8785171 0.17478724 0.44458652
vn -0.84434205 0.3497555 0.40590334
vn 0.84434205 0.3497555 0.4059033
vn -0.74049664 0.3066986 0.5979973
vn 0.74049664 0.3066986 0.5979973
vn -0.74477327 0.49765018 0.4445864
vn 0.74477327 0.49765015 0.44458643
vn -0.6333876 0.6333876 0.44456762
vn 0.63338757 0.63338757 0.4445675
vn -0.4976502 0.7447734 0.4445863
vn -0.34975544 0.84434205 0.40590334
vn 0.34975544 0.84434205 0.4059033
vn 0.49765018 0.7447734 0.44458628
vn -0.30669868 0.74049664 0.5979973
vn -0.17478716 0.8785169 0.4445868
vn 0 0.8997468 0.43641216
vn 0.17478721 0.87851685 0.4445869
vn 0.30669862 0.74049664 0.5979973
vn 0 -0.90854114 0.4177954
vn -0.34768137 -0.83937234 0.4178179
vn -0.17726082 -0.8910817 0.4177941
vn 0.17727049 -0.8910691 0.41781688
vn 0.34768134 -0.8393723 0.4178179
vn -0.5047276 -0.75543743 0.417809
vn 0.5047276 -0.75543743 0.417809
vn -0.64243007 -0.64243007 0.4178123
vn 0.64243007 -0.64243007 0.4178123
vn -0.75543743 -0.50472754 0.4178091
vn 0.75543743 -0.5047275 0.41780907
vn -0.83937234 -0.34768134 0.4178179
vn 0.83937234 -0.34768134 0.4178179
vn -0.8910691 -0.1772705 0.41781688
vn 0.8910691 -0.1772705 0.41781688
vn -0.90854114 0 0.41779536
vn 0.90854114 0 0.41779536
vn -0.8910691 0.1772705 0.4178169
vn 0.89106905 0.1772705 0.4178169
vn -0.8393723 0.34768137 0.4178179
vn 0.8393723 0.34768128 0.4178179
vn -0.75543743 0.50472754 0.41780898
vn 0.75543743 0.5047276 0.417809
vn -0.6424301 0.6424301 0.41781232
vn 0.64243007 0.64243007 0.41781223
vn -0.5047509 0.75541115 0.4178284
vn 0.50472754 0.7554375 0.41780907
vn -0.34768134 0.83937234 0.4178179
vn -0.1772705 0.89106905 0.41781688
vn 0 0.90854114 0.41779536
vn 0.1772705 0.8910691 0.41781688
vn 0.34768134 0.83937234 0.41781786
vn -0.12498007 -0.6284523 0.7677419
vn 0 -0.68394226 0.7295362
vn 0.12498405 -0.62842166 0.76776636
vn -0.3559597 -0.5327979 0.7677364
vn -0.2451937 -0.59197634 0.7677526
vn 0.2451937 -0.59197634 0.7677526
vn 0.35595974 -0.5327979 0.7677364
vn -0.4530548 -0.4530548 0.7677777
vn 0.45305485 -0.45305485 0.76777774
vn -0.53279793 -0.35595977 0.7677363
vn 0.53279793 -0.35595974 0.7677363
vn -0.59197634 -0.2451937 0.76775265
vn 0.59197634 -0.2451937 0.7677526
vn -0.6284216 -0.124984056 0.76776636
vn 0.6284216 -0.124984056 0.7677664
vn -0.64074326 0 0.7677552
vn 0.6407432 0 0.7677552
vn -0.6284216 0.12498405 0.7677664
vn 0.62842155 0.12498405 0.7677664
vn -0.59197634 0.24519368 0.7677526
vn 0.59197634 0.24519368 0.7677526
vn -0.53279793 0.35595974 0.7677363
vn 0.5327979 0.35595968 0.7677364
vn -0.45305482 0.45305482 0.76777774
vn 0.45305482 0.45305482 0.7677777
vn -0.35596937 0.5327615 0.7677571
vn 0.3559597 0.5327979 0.7677364
vn -0.24519372 0.59197634 0.7677527
vn -0.12498404 0.6284216 0.76776636
vn 0 0.59541327 0.8034196
vn 0.124984056 0.6284216 0.76776636
vn 0.24519372 0.59197634 0.7677527
vn -0.16077037 -0.38809684 0.9074876
vn -0.081928 -0.4120091 0.907489
vn 0 -0.27676296 0.9609383
vn 0.081928 -0.4120091 0.907489
vn 0.16077037 -0.38809684 0.9074876
vn -0.29702607 -0.29702607 0.90749717
vn -0.23338467 -0.34930566 0.90747845
vn 0.23338467 -0.34930566 0.90747845
vn 0.29702613 -0.29702613 0.9074971
vn -0.34930566 -0.23338467 0.90747845
vn 0.20477346 0.67502946 0.70880395
vn 0 0.89442724 0.44721362
vn -0.20477346 0.67502946 0.70880395
vn 0.34930566 -0.23338467 0.9074785
vn -0.38809687 -0.16077039 0.9074877
vn 0.4999976 0.4999976 0.7071101
vn 0.3928603 0.587947 0.7070919
vn -0.3928603 0.587947 0.7070919
vn -0.4999976 0.4999976 0.7071101
vn 0.38809687 -0.16077039 0.9074877
vn 0.6532877 0.27060637 0.7070978
vn 0.58794695 0.3928603 0.707092
vn -0.6221133 0.33253324 0.7087995
vn -0.41200918 -0.08192801 0.907489
vn 0.69352466 0.13795541 0.707101
vn -0.69352466 0.13795541 0.707101
vn 0.41200915 -0.081928 0.907489
vn -0.42005724 0 0.90749764
vn 0.70710677 0 0.70710677
vn -0.70710677 0 0.70710677
vn 0.42005724 0 0.90749764
vn -0.41200915 0.08192801 0.907489
vn 0.67502946 -0.20477346 0.70880395
vn -0.6532877 -0.27060637 0.7070978
vn -0.69352466 -0.13795541 0.707101
vn 0.4120091 0.081928 0.907489
vn -0.38809687 0.16077037 0.9074877
vn 0.54528403 -0.44750434 0.70880544
vn -0.54528403 -0.44750434 0.70880544
vn 0.38809687 0.16077037 0.9074877
vn -0.3493057 0.23338467 0.9074785
vn 0.3928603 -0.587947 0.7070919
vn 0.20477346 -0.67502946 0.70880395
vn -0.20477346 -0.67502946 0.70880395
vn -0.3928603 -0.587947 0.7070919
vn 0.3493057 0.23338467 0.9074785
vn -0.29702613 0.29702613 0.9074971
vn 0 -0.4472136 0.8944272
vn 0.2970261 0.2970261 0.9074971
vn -0.2333847 0.3493057 0.9074785
vn -0.16077039 0.38809684 0.90748763
vn 0.16077039 0.38809684 0.90748763
vn 0.2333847 0.3493057 0.9074785
vn -0.08192801 0.41200915 0.907489
vn 0 0.5535268 0.8328313
vn 0.081928015 0.41200918 0.907489

# triangles

f 15/15/15 16/16/16 12/12/12
f 15/15/15 12/12/12 11/11/11
f 11/11/11 12/12/12 20/20/20
f 11/11/11 20/20/20 19/19/19
f 19/19/19 20/20/20 28/28/28
f 19/19/19 28/28/28 27/27/27
f 27/27/27 28/28/28 67/67/67
f 27/27/27 67/67/67 66/66/66
f 66/66/66 67/67/67 119/119/119
f 66/66/66 119/119/119 118/118/118
f 118/118/118 119/119/119 160/160/160
f 118/118/118 160/160/160 159/159/159
f 159/159/159 160/160/160 168/168/168
f 159/159/159 168/168/168 167/167/167
f 167/167/167 168/168/168 185/185/185
f 167/167/167 185/185/185 184/184/184
f 184/184/184 185/185/185 191/191/191
f 184/184/184 191/191/191 190/190/190
f 190/190/190 191/191/191 172/172/172
f 190/190/190 172/172/172 171/171/171
f 171/171/171 172/172/172 164/164/164
f 171/171/171 164/164/164 163/163/163
f 163/163/163 164/164/164 138/138/138
f 163/163/163 138/138/138 137/137/137
f 137/137/137 138/138/138 85/85/85
f 137/137/137 85/85/85 84/84/84
f 84/84/84 85/85/85 32/32/32
f 84/84/84 32/32/32 31/31/31
f 52/52/52 35/35/35 36/36/36
f 52/52/52 36/36/36 53/53/53
f 31/31/31 32/32/32 24/24/24
f 31/31/31 24/24/24 23/23/23
f 23/23/23 24/24/24 16/16/16
f 23/23/23 16/16/16 15/15/15
f 11/11/11 19/19/19 99/99/99
f 11/11/11 99/99/99 15/15/15
f 43/43/43 39/39/39 12/12/12
f 43/43/43 12/12/12 16/16/16
f 39/39/39 35/35/35 20/20/20
f 39/39/39 20/20/20 12/12/12
f 35/35/35 52/52/52 28/28/28
f 35/35/35 28/28/28 20/20/20
f 52/52/52 70/70/70 67/67/67
f 52/52/52 67/67/67 28/28/28
f 70/70/70 92/92/92 119/119/119
f 70/70/70 119/119/119 67/67/67
f 92/92/92 122/122/122 160/160/160
f 92/92/92 160/160/160 119/119/119
f 122/122/122 141/141/141 168/168/168
f 122/122/122 168/168/168 160/160/160
f 141/141/141 146/146/146 185/185/185
f 141/141/141 185/185/185 168/168/168
f 146/146/146 151/151/151 191/191/191
f 146/146/146 191/191/191 185/185/185
f 151/151/151 155/155/155 172/172/172
f 151/151/151 172/172/172 191/191/191
f 155/155/155 131/131/131 164/164/164
f 155/155/155 164/164/164 172/172/172
f 131/131/131 106/106/106 138/138/138
f 131/131/131 138/138/138 164/164/164
f 106/106/106 80/80/80 85/85/85
f 106/106/106 85/85/85 138/138/138
f 80/80/80 62/62/62 32/32/32
f 80/80/80 32/32/32 85/85/85
f 62/62/62 47/47/47 24/24/24
f 62/62/62 24/24/24 32/32/32
f 47/47/47 43/43/43 16/16/16
f 47/47/47 16/16/16 24/24/24
f 131/131/131 155/155/155 156/156/156
f 131/131/131 156/156/156 132/132/132
f 70/70/70 52/52/52 53/53/53
f 70/70/70 53/53/53 71/71/71
f 106/106/106 131/131/131 132/132/132
f 106/106/106 132/132/132 107/107/107
f 92/92/92 70/70/70 71/71/71
f 92/92/92 71/71/71 93/93/93
f 80/80/80 106/106/106 107/107/107
f 80/80/80 107/107/107 81/81/81
f 122/122/122 92/92/92 93/93/93
f 122/122/122 93/93/93 123/123/123
f 62/62/62 80/80/80 81/81/81
f 62/62/62 81/81/81 63/63/63
f 141/141/141 122/122/122 123/123/123
f 141/141/141 123/123/123 142/142/142
f 47/47/47 62/62/62 63/63/63
f 47/47/47 63/63/63 48/48/48
f 146/146/146 141/141/141 142/142/142
f 146/146/146 142/142/142 147/147/147
f 39/39/39 43/43/43 44/44/44
f 39/39/39 44/44/44 40/40/40
f 43/43/43 47/47/47 48/48/48
f 43/43/43 48/48/48 44/44/44
f 151/151/151 146/146/146 147/147/147
f 151/151/151 147/147/147 152/152/152
f 35/35/35 39/39/39 40/40/40
f 35/35/35 40/40/40 36/36/36
f 155/155/155 151/151/151 152/152/152
f 155/155/155 152/152/152 156/156/156
f 48/48/48 63/63/63 100/100/100
f 48/48/48 100/100/100 44/44/44
f 81/81/81 107/107/107 100/100/100
f 81/81/81 100/100/100 63/63/63
f 132/132/132 156/156/156 100/100/100
f 132/132/132 100/100/100 107/107/107
f 152/152/152 147/147/147 100/100/100
f 152/152/152 100/100/100 156/156/156
f 142/142/142 123/123/123 100/100/100
f 142/142/142 100/100/100 147/147/147
f 93/93/93 71/71/71 100/100/100
f 93/93/93 100/100/100 123/123/123
f 53/53/53 36/36/36 100/100/100
f 53/53/53 100/100/100 71/71/71
f 36/36/36 40/40/40 44/44/44
f 36/36/36 44/44/44 100/100/100
f 27/27/27 66/66/66 99/99/99
f 27/27/27 99/99/99 19/19/19
f 118/118/118 159/159/159 99/99/99
f 118/118/118 99/99/99 66/66/66
f 167/167/167 184/184/184 99/99/99
f 167/167/167 99/99/99 159/159/159
f 190/190/190 171/171/171 99/99/99
f 190/190/190 99/99/99 184/184/184
f 163/163/163 137/137/137 99/99/99
f 163/163/163 99/99/99 171/171/171
f 84/84/84 31/31/31 99/99/99
f 84/84/84 99/99/99 137/137/137
f 23/23/23 15/15/15 99/99/99
f 23/23/23 99/99/99 31/31/31
f 10/10/10 18/18/18 17/17/17
f 10/10/10 17/17/17 9/9/9
f 65/65/65 117/117/117 116/116/116
f 65/65/65 116/116/116 64/64/64
f 183/183/183 187/187/187 186/186/186
f 183/183/183 186/186/186 182/182/182
f 136/136/136 83/83/83 82/82/82
f 136/136/136 82/82/82 135/135/135
f 22/22/22 14/14/14 13/13/13
f 22/22/22 13/13/13 21/21/21
f 51/51/51 25/25/25 64/64/64
f 51/51/51 64/64/64 69/69/69
f 140/140/140 165/165/165 182/182/182
f 140/140/140 182/182/182 145/145/145
f 130/130/130 129/129/129 153/153/153
f 130/130/130 153/153/153 154/154/154
f 105/105/105 135/135/135 82/82/82
f 105/105/105 82/82/82 79/79/79
f 14/14/14 10/10/10 9/9/9
f 14/14/14 9/9/9 13/13/13
f 117/117/117 158/158/158 157/157/157
f 117/117/117 157/157/157 116/116/116
f 187/187/187 170/170/170 169/169/169
f 187/187/187 169/169/169 186/186/186
f 83/83/83 30/30/30 29/29/29
f 83/83/83 29/29/29 82/82/82
f 10/10/10 14/14/14 98/98/98
f 10/10/10 98/98/98 18/18/18
f 46/46/46 45/45/45 60/60/60
f 46/46/46 60/60/60 61/61/61
f 121/121/121 157/157/157 165/165/165
f 121/121/121 165/165/165 140/140/140
f 69/69/69 64/64/64 116/116/116
f 69/69/69 116/116/116 91/91/91
f 83/83/83 136/136/136 98/98/98
f 83/83/83 98/98/98 30/30/30
f 26/26/26 65/65/65 64/64/64
f 26/26/26 64/64/64 25/25/25
f 166/166/166 183/183/183 182/182/182
f 166/166/166 182/182/182 165/165/165
f 162/162/162 136/136/136 135/135/135
f 162/162/162 135/135/135 161/161/161
f 30/30/30 22/22/22 21/21/21
f 30/30/30 21/21/21 29/29/29
f 42/42/42 13/13/13 9/9/9
f 42/42/42 9/9/9 38/38/38
f 91/91/91 116/116/116 157/157/157
f 91/91/91 157/157/157 121/121/121
f 150/150/150 186/186/186 169/169/169
f 150/150/150 169/169/169 154/154/154
f 79/79/79 82/82/82 29/29/29
f 79/79/79 29/29/29 61/61/61
f 33/33/33 97/97/97 41/41/41
f 33/33/33 41/41/41 37/37/37
f 18/18/18 26/26/26 25/25/25
f 18/18/18 25/25/25 17/17/17
f 158/158/158 166/166/166 165/165/165
f 158/158/158 165/165/165 157/157/157
f 170/170/170 162/162/162 161/161/161
f 170/170/170 161/161/161 169/169/169
f 51/51/51 50/50/50 33/33/33
f 51/51/51 33/33/33 34/34/34
f 38/38/38 9/9/9 17/17/17
f 38/38/38 17/17/17 34/34/34
f 145/145/145 182/182/182 186/186/186
f 145/145/145 186/186/186 150/150/150
f 34/34/34 17/17/17 25/25/25
f 34/34/34 25/25/25 51/51/51
f 34/34/34 33/33/33 37/37/37
f 34/34/34 37/37/37 38/38/38
f 69/69/69 68/68/68 50/50/50
f 69/69/69 50/50/50 51/51/51
f 121/121/121 120/120/120 90/90/90
f 121/121/121 90/90/90 91/91/91
f 145/145/145 144/144/144 139/139/139
f 145/145/145 139/139/139 140/140/140
f 61/61/61 29/29/29 21/21/21
f 61/61/61 21/21/21 46/46/46
f 105/105/105 104/104/104 129/129/129
f 105/105/105 129/129/129 130/130/130
f 150/150/150 149/149/149 144/144/144
f 150/150/150 144/144/144 145/145/145
f 38/38/38 37/37/37 41/41/41
f 38/38/38 41/41/41 42/42/42
f 46/46/46 21/21/21 13/13/13
f 46/46/46 13/13/13 42/42/42
f 91/91/91 90/90/90 68/68/68
f 91/91/91 68/68/68 69/69/69
f 130/130/130 161/161/161 135/135/135
f 130/130/130 135/135/135 105/105/105
f 61/61/61 60/60/60 78/78/78
f 61/61/61 78/78/78 79/79/79
f 42/42/42 41/41/41 45/45/45
f 42/42/42 45/45/45 46/46/46
f 154/154/154 169/169/169 161/161/161
f 154/154/154 161/161/161 130/130/130
f 79/79/79 78/78/78 104/104/104
f 79/79/79 104/104/104 105/105/105
f 139/139/139 144/144/144 97/97/97
f 139/139/139 97/97/97 120/120/120
f 149/149/149 153/153/153 97/97/97
f 149/149/149 97/97/97 144/144/144
f 129/129/129 104/104/104 97/97/97
f 129/129/129 97/97/97 153/153/153
f 78/78/78 60/60/60 97/97/97
f 78/78/78 97/97/97 104/104/104
f 45/45/45 41/41/41 97/97/97
f 45/45/45 97/97/97 60/60/60
f 154/154/154 153/153/153 149/149/149
f 154/154/154 149/149/149 150/150/150
f 140/140/140 139/139/139 120/120/120
f 140/140/140 120/120/120 121/121/121
f 90/90/90 120/120/120 97/97/97
f 90/90/90 97/97/97 68/68/68
f 162/162/162 170/170/170 98/98/98
f 162/162/162 98/98/98 136/136/136
f 187/187/187 183/183/183 98/98/98
f 187/187/187 98/98/98 170/170/170
f 166/166/166 158/158/158 98/98/98
f 166/166/166 98/98/98 183/183/183
f 117/117/117 65/65/65 98/98/98
f 117/117/117 98/98/98 158/158/158
f 26/26/26 18/18/18 98/98/98
f 26/26/26 98/98/98 65/65/65
f 50/50/50 68/68/68 97/97/97
f 50/50/50 97/97/97 33/33/33
f 22/22/22 30/30/30 98/98/98
f 22/22/22 98/98/98 14/14/14
f 57/57/57 56/56/56 58/58/58
f 57/57/57 58/58/58 59/59/59
f 55/55/55 54/54/54 56/56/56
f 55/55/55 56/56/56 57/57/57
f 73/73/73 72/72/72 54/54/54
f 73/73/73 54/54/54 55/55/55
f 95/95/95 94/94/94 72/72/72
f 95/95/95 72/72/72 73/73/73
f 125/125/125 124/124/124 94/94/94
f 125/125/125 94/94/94 95/95/95
f 148/148/148 143/143/143 124/124/124
f 148/148/148 124/124/124 125/125/125
f 127/127/127 126/126/126 143/143/143
f 127/127/127 143/143/143 148/148/148
f 103/103/103 102/102/102 126/126/126
f 103/103/103 126/126/126 127/127/127
f 77/77/77 76/76/76 102/102/102
f 77/77/77 102/102/102 103/103/103
f 55/55/55 57/57/57 101/101/101
f 59/59/59 58/58/58 76/76/76
f 59/59/59 76/76/76 77/77/77
f 59/59/59 101/101/101 57/57/57
f 77/77/77 103/103/103 101/101/101
f 77/77/77 101/101/101 59/59/59
f 103/103/103 127/127/127 101/101/101
f 127/127/127 148/148/148 101/101/101
f 125/125/125 101/101/101 148/148/148
f 95/95/95 101/101/101 125/125/125
f 73/73/73 55/55/55 101/101/101
f 73/73/73 101/101/101 95/95/95
f 53/53/53 134/134/134 132/132/132
f 53/53/53 132/132/132 156/156/156
f 53/53/53 156/156/156 132/132/132
f 53/53/53 132/132/132 134/134/134
f 94/94/94 124/124/124 96/96/96
f 72/72/72 94/94/94 96/96/96
f 72/72/72 96/96/96 54/54/54
f 102/102/102 96/96/96 126/126/126
f 126/126/126 96/96/96 143/143/143
f 58/58/58 56/56/56 96/96/96
f 76/76/76 58/58/58 96/96/96
f 76/76/76 96/96/96 102/102/102
f 50/50/50 49/49/49 128/128/128
f 50/50/50 128/128/128 133/133/133
f 50/50/50 153/153/153 129/129/129
f 49/49/49 50/50/50 129/129/129
f 49/49/49 129/129/129 128/128/128
f 50/50/50 133/133/133 129/129/129
f 50/50/50 129/129/129 153/153/153
f 54/54/54 96/96/96 56/56/56
f 124/124/124 143/143/143 96/96/96
f 133/133/133 128/128/128 129/129/129
f 675/675/675 676/676/676 602/602/602
f 675/675/675 602/602/602 605/605/605
f 676/676/676 672/672/672 597/597/597
f 676/676/676 597/597/597 602/602/602
f 672/672/672 670/670/670 591/591/591
f 672/672/672 591/591/591 597/597/597
f 670/670/670 668/668/668 587/587/587
f 670/670/670 587/587/587 591/591/591
f 668/668/668 666/666/666 584/584/584
f 668/668/668 584/584/584 587/587/587
f 666/666/666 664/664/664 580/580/580
f 666/666/666 580/580/580 584/584/584
f 664/664/664 662/662/662 576/576/576
f 664/664/664 576/576/576 580/580/580
f 662/662/662 660/660/660 572/572/572
f 662/662/662 572/572/572 576/576/576
f 660/660/660 658/658/658 568/568/568
f 660/660/660 568/568/568 572/572/572
f 658/658/658 656/656/656 564/564/564
f 658/658/658 564/564/564 568/568/568
f 656/656/656 654/654/654 561/561/561
f 656/656/656 561/561/561 564/564/564
f 654/654/654 652/652/652 557/557/557
f 654/654/654 557/557/557 561/561/561
f 652/652/652 650/650/650 551/551/551
f 652/652/652 551/551/551 557/557/557
f 650/650/650 648/648/648 550/550/550
f 650/650/650 550/550/550 551/551/551
f 1106/1106/1106 1008/1008/1008 1006/1006/1006
f 1106/1106/1106 1006/1006/1006 1104/1104/1104
f 671/671/671 669/669/669 707/707/707
f 671/671/671 707/707/707 709/709/709
f 1097/1097/1097 1000/1000/1000 997/997/997
f 1097/1097/1097 997/997/997 1069/1069/1069
f 648/648/648 647/647/647 549/549/549
f 648/648/648 549/549/549 550/550/550
f 1322/1322/1322 1259/1259/1259 1257/1257/1257
f 1322/1322/1322 1257/1257/1257 1320/1320/1320
f 1629/1629/1629 1556/1556/1556 1552/1552/1552
f 1629/1629/1629 1552/1552/1552 1624/1624/1624
f 739/739/739 737/737/737 740/740/740
f 884/884/884 843/843/843 841/841/841
f 884/884/884 841/841/841 882/882/882
f 754/754/754 751/751/751 752/752/752
f 1597/1597/1597 1527/1527/1527 1522/1522/1522
f 1597/1597/1597 1522/1522/1522 1590/1590/1590
f 1090/1090/1090 1153/1153/1153 1158/1158/1158
f 1090/1090/1090 1158/1158/1158 1069/1069/1069
f 1406/1406/1406 1486/1486/1486 1485/1485/1485
f 1406/1406/1406 1485/1485/1485 1405/1405/1405
f 673/673/673 671/671/671 709/709/709
f 673/673/673 709/709/709 711/711/711
f 1231/1231/1231 1143/1143/1143 1139/1139/1139
f 1231/1231/1231 1139/1139/1139 1228/1228/1228
f 875/875/875 876/876/876 757/757/757
f 875/875/875 757/757/757 756/756/756
f 876/876/876 873/873/873 758/758/758
f 876/876/876 758/758/758 757/757/757
f 873/873/873 871/871/871 753/753/753
f 873/873/873 753/753/753 758/758/758
f 871/871/871 869/869/869 750/750/750
f 871/871/871 750/750/750 753/753/753
f 869/869/869 867/867/867 748/748/748
f 869/869/869 748/748/748 750/750/750
f 867/867/867 865/865/865 744/744/744
f 867/867/867 744/744/744 748/748/748
f 865/865/865 863/863/863 741/741/741
f 865/865/865 741/741/741 744/744/744
f 863/863/863 861/861/861 738/738/738
f 863/863/863 738/738/738 741/741/741
f 861/861/861 858/858/858 735/735/735
f 861/861/861 735/735/735 738/738/738
f 858/858/858 853/853/853 732/732/732
f 858/858/858 732/732/732 735/735/735
f 853/853/853 850/850/850 730/730/730
f 853/853/853 730/730/730 732/732/732
f 850/850/850 844/844/844 728/728/728
f 850/850/850 728/728/728 730/730/730
f 844/844/844 842/842/842 726/726/726
f 844/844/844 726/726/726 728/728/728
f 842/842/842 838/838/838 723/723/723
f 842/842/842 723/723/723 726/726/726
f 838/838/838 837/837/837 719/719/719
f 838/838/838 719/719/719 723/723/723
f 837/837/837 836/836/836 718/718/718
f 837/837/837 718/718/718 719/719/719
f 202/202/202 201/201/201 173/173/173
f 914/914/914 882/882/882 880/880/880
f 914/914/914 880/880/880 912/912/912
f 997/997/997 954/954/954 952/952/952
f 997/997/997 952/952/952 994/994/994
f 1484/1484/1484 1485/1485/1485 1481/1481/1481
f 988/988/988 946/946/946 944/944/944
f 988/988/988 944/944/944 983/983/983
f 669/669/669 590/590/590 585/585/585
f 669/669/669 585/585/585 667/667/667
f 727/727/727 721/721/721 725/725/725
f 1769/1769/1769 1723/1723/1723 1721/1721/1721
f 1769/1769/1769 1721/1721/1721 1765/1765/1765
f 1791/1791/1791 1734/1734/1734 1733/1733/1733
f 1791/1791/1791 1733/1733/1733 1788/1788/1788
f 1602/1602/1602 1600/1600/1600 1596/1596/1596
f 1408/1408/1408 1344/1344/1344 1341/1341/1341
f 1408/1408/1408 1341/1341/1341 1405/1405/1405
f 1088/1088/1088 992/992/992 990/990/990
f 1088/1088/1088 990/990/990 1086/1086/1086
f 1014/1014/1014 969/969/969 968/968/968
f 1014/1014/1014 968/968/968 1012/1012/1012
f 1427/1427/1427 1432/1432/1432 1512/1512/1512
f 1427/1427/1427 1512/1512/1512 1513/1513/1513
f 733/733/733 731/731/731 734/734/734
f 918/918/918 886/886/886 884/884/884
f 918/918/918 884/884/884 916/916/916
f 1207/1207/1207 1102/1102/1102 1100/1100/1100
f 1207/1207/1207 1100/1100/1100 1205/1205/1205
f 1411/1411/1411 1413/1413/1413 1492/1492/1492
f 1411/1411/1411 1492/1492/1492 1490/1490/1490
f 864/864/864 743/743/743 740/740/740
f 864/864/864 740/740/740 862/862/862
f 1426/1426/1426 1322/1322/1322 1320/1320/1320
f 1426/1426/1426 1320/1320/1320 1424/1424/1424
f 1652/1652/1652 1609/1609/1609 1607/1607/1607
f 1652/1652/1652 1607/1607/1607 1650/1650/1650
f 1412/1412/1412 1491/1491/1491 1493/1493/1493
f 1412/1412/1412 1493/1493/1493 1385/1385/1385
f 1643/1643/1643 1641/1641/1641 1679/1679/1679
f 1643/1643/1643 1679/1679/1679 1681/1681/1681
f 1709/1709/1709 1679/1679/1679 1675/1675/1675
f 1709/1709/1709 1675/1675/1675 1710/1710/1710
f 1739/1739/1739 1706/1706/1706 1707/1707/1707
f 1739/1739/1739 1707/1707/1707 1740/1740/1740
f 1142/1142/1142 1082/1082/1082 1083/1083/1083
f 1142/1142/1142 1083/1083/1083 1143/1143/1143
f 1114/1114/1114 1112/1112/1112 1016/1016/1016
f 1114/1114/1114 1016/1016/1016 1015/1015/1015
f 1112/1112/1112 1113/1113/1113 1013/1013/1013
f 1112/1112/1112 1013/1013/1013 1016/1016/1016
f 1113/1113/1113 1109/1109/1109 1011/1011/1011
f 1113/1113/1113 1011/1011/1011 1013/1013/1013
f 1109/1109/1109 1107/1107/1107 1009/1009/1009
f 1109/1109/1109 1009/1009/1009 1011/1011/1011
f 1107/1107/1107 1105/1105/1105 1007/1007/1007
f 1107/1107/1107 1007/1007/1007 1009/1009/1009
f 1105/1105/1105 1103/1103/1103 1005/1005/1005
f 1105/1105/1105 1005/1005/1005 1007/1007/1007
f 1103/1103/1103 1101/1101/1101 1003/1003/1003
f 1103/1103/1103 1003/1003/1003 1005/1005/1005
f 1101/1101/1101 1098/1098/1098 1001/1001/1001
f 1101/1101/1101 1001/1001/1001 1003/1003/1003
f 1098/1098/1098 1070/1070/1070 998/998/998
f 1098/1098/1098 998/998/998 1001/1001/1001
f 1070/1070/1070 1091/1091/1091 995/995/995
f 1070/1070/1070 995/995/995 998/998/998
f 1091/1091/1091 1089/1089/1089 993/993/993
f 1091/1091/1091 993/993/993 995/995/995
f 1089/1089/1089 1087/1087/1087 991/991/991
f 1089/1089/1089 991/991/991 993/993/993
f 1087/1087/1087 1085/1085/1085 989/989/989
f 1087/1087/1087 989/989/989 991/991/991
f 1085/1085/1085 1084/1084/1084 987/987/987
f 1085/1085/1085 987/987/987 989/989/989
f 1084/1084/1084 1081/1081/1081 986/986/986
f 1084/1084/1084 986/986/986 987/987/987
f 1422/1422/1422 1318/1318/1318 1316/1316/1316
f 1422/1422/1422 1316/1316/1316 1420/1420/1420
f 870/870/870 752/752/752 749/749/749
f 870/870/870 749/749/749 868/868/868
f 1405/1405/1405 1485/1485/1485 1484/1484/1484
f 1405/1405/1405 1484/1484/1484 1408/1408/1408
f 1657/1657/1657 1659/1659/1659 1655/1655/1655
f 930/930/930 898/898/898 896/896/896
f 930/930/930 896/896/896 928/928/928
f 1617/1617/1617 1615/1615/1615 1613/1613/1613
f 1545/1545/1545 1547/1547/1547 1543/1543/1543
f 1306/1306/1306 1391/1391/1391 1314/1314/1314
f 1729/1729/1729 1697/1697/1697 1695/1695/1695
f 1729/1729/1729 1695/1695/1695 1727/1727/1727
f 687/687/687 683/683/683 721/721/721
f 687/687/687 721/721/721 727/727/727
f 906/906/906 907/907/907 876/876/876
f 906/906/906 876/876/876 875/875/875
f 907/907/907 908/908/908 873/873/873
f 907/907/907 873/873/873 876/876/876
f 908/908/908 903/903/903 871/871/871
f 908/908/908 871/871/871 873/873/873
f 903/903/903 901/901/901 869/869/869
f 903/903/903 869/869/869 871/871/871
f 901/901/901 899/899/899 867/867/867
f 901/901/901 867/867/867 869/869/869
f 899/899/899 897/897/897 865/865/865
f 899/899/899 865/865/865 867/867/867
f 897/897/897 895/895/895 863/863/863
f 897/897/897 863/863/863 865/865/865
f 895/895/895 893/893/893 861/861/861
f 895/895/895 861/861/861 863/863/863
f 893/893/893 891/891/891 858/858/858
f 893/893/893 858/858/858 861/861/861
f 891/891/891 889/889/889 853/853/853
f 891/891/891 853/853/853 858/858/858
f 889/889/889 887/887/887 850/850/850
f 889/889/889 850/850/850 853/853/853
f 887/887/887 885/885/885 844/844/844
f 887/887/887 844/844/844 850/850/850
f 885/885/885 883/883/883 842/842/842
f 885/885/885 842/842/842 844/844/844
f 883/883/883 881/881/881 838/838/838
f 883/883/883 838/838/838 842/842/842
f 881/881/881 879/879/879 837/837/837
f 881/881/881 837/837/837 838/838/838
f 879/879/879 878/878/878 836/836/836
f 879/879/879 836/836/836 837/837/837
f 1780/1780/1780 1791/1791/1791 1788/1788/1788
f 1623/1623/1623 1551/1551/1551 1549/1549/1549
f 1623/1623/1623 1549/1549/1549 1621/1621/1621
f 1428/1428/1428 1511/1511/1511 1515/1515/1515
f 1428/1428/1428 1515/1515/1515 1429/1429/1429
f 1431/1431/1431 1430/1430/1430 1516/1516/1516
f 1431/1431/1431 1516/1516/1516 1517/1517/1517
f 1417/1417/1417 1419/1419/1419 1501/1501/1501
f 1417/1417/1417 1501/1501/1501 1498/1498/1498
f 968/968/968 936/936/936 934/934/934
f 968/968/968 934/934/934 966/966/966
f 990/990/990 948/948/948 946/946/946
f 990/990/990 946/946/946 988/988/988
f 1425/1425/1425 1427/1427/1427 1513/1513/1513
f 1425/1425/1425 1513/1513/1513 1509/1509/1509
f 1409/1409/1409 1411/1411/1411 1490/1490/1490
f 1409/1409/1409 1490/1490/1490 1488/1488/1488
f 1419/1419/1419 1392/1392/1392 1503/1503/1503
f 1419/1419/1419 1503/1503/1503 1501/1501/1501
f 1413/1413/1413 1386/1386/1386 1494/1494/1494
f 1413/1413/1413 1494/1494/1494 1492/1492/1492
f 1406/1406/1406 1407/1407/1407 1487/1487/1487
f 1406/1406/1406 1487/1487/1487 1486/1486/1486
f 1253/1253/1253 1207/1207/1207 1205/1205/1205
f 1253/1253/1253 1205/1205/1205 1251/1251/1251
f 1665/1665/1665 1663/1663/1663 1697/1697/1697
f 1665/1665/1665 1697/1697/1697 1699/1699/1699
f 1655/1655/1655 1653/1653/1653 1689/1689/1689
f 1655/1655/1655 1689/1689/1689 1691/1691/1691
f 1499/1499/1499 1500/1500/1500 1497/1497/1497
f 705/705/705 701/701/701 745/745/745
f 705/705/705 745/745/745 747/747/747
f 1543/1543/1543 1504/1504/1504 1502/1502/1502
f 1543/1543/1543 1502/1502/1502 1541/1541/1541
f 1416/1416/1416 1497/1497/1497 1500/1500/1500
f 1416/1416/1416 1500/1500/1500 1418/1418/1418
f 1533/1533/1533 1495/1495/1495 1493/1493/1493
f 1533/1533/1533 1493/1493/1493 1531/1531/1531
f 721/721/721 716/716/716 722/722/722
f 721/721/721 722/722/722 725/725/725
f 962/962/962 930/930/930 928/928/928
f 962/962/962 928/928/928 960/960/960
f 1641/1641/1641 1589/1589/1589 1590/1590/1590
f 1641/1641/1641 1590/1590/1590 1636/1636/1636
f 1325/1325/1325 1262/1262/1262 1261/1261/1261
f 1325/1325/1325 1261/1261/1261 1324/1324/1324
f 1432/1432/1432 1431/1431/1431 1517/1517/1517
f 1432/1432/1432 1517/1517/1517 1512/1512/1512
f 1082/1082/1082 988/988/988 983/983/983
f 1082/1082/1082 983/983/983 1083/1083/1083
f 1386/1386/1386 1415/1415/1415 1496/1496/1496
f 1386/1386/1386 1496/1496/1496 1494/1494/1494
f 1615/1615/1615 1543/1543/1543 1541/1541/1541
f 1615/1615/1615 1541/1541/1541 1613/1613/1613
f 882/882/882 841/841/841 834/834/834
f 882/882/882 834/834/834 880/880/880
f 1541/1541/1541 1537/1537/1537 1538/1538/1538
f 1666/1666/1666 1665/1665/1665 1699/1699/1699
f 1666/1666/1666 1699/1699/1699 1701/1701/1701
f 1410/1410/1410 1489/1489/1489 1491/1491/1491
f 1410/1410/1410 1491/1491/1491 1412/1412/1412
f 1765/1765/1765 1721/1721/1721 1719/1719/1719
f 1765/1765/1765 1719/1719/1719 1761/1761/1761
f 956/956/956 924/924/924 922/922/922
f 956/956/956 922/922/922 954/954/954
f 1008/1008/1008 964/964/964 962/962/962
f 1008/1008/1008 962/962/962 1006/1006/1006
f 1522/1522/1522 1484/1484/1484 1481/1481/1481
f 1522/1522/1522 1481/1481/1481 1519/1519/1519
f 1069/1069/1069 997/997/997 994/994/994
f 1069/1069/1069 994/994/994 1090/1090/1090
f 657/657/657 567/567/567 562/562/562
f 657/657/657 562/562/562 655/655/655
f 1557/1557/1557 1516/1516/1516 1515/1515/1515
f 1557/1557/1557 1515/1515/1515 1556/1556/1556
f 849/849/849 729/729/729 727/727/727
f 849/849/849 727/727/727 843/843/843
f 659/659/659 569/569/569 567/567/567
f 659/659/659 567/567/567 657/657/657
f 1725/1725/1725 1693/1693/1693 1691/1691/1691
f 1725/1725/1725 1691/1691/1691 1723/1723/1723
f 1610/1610/1610 1538/1538/1538 1535/1535/1535
f 1610/1610/1610 1535/1535/1535 1607/1607/1607
f 1211/1211/1211 1106/1106/1106 1104/1104/1104
f 1211/1211/1211 1104/1104/1104 1209/1209/1209
f 1766/1766/1766 1765/1765/1765 1761/1761/1761
f 1766/1766/1766 1761/1761/1761 1762/1762/1762
f 1643/1643/1643 1596/1596/1596 1589/1589/1589
f 1643/1643/1643 1589/1589/1589 1641/1641/1641
f 1650/1650/1650 1647/1647/1647 1685/1685/1685
f 1650/1650/1650 1685/1685/1685 1687/1687/1687
f 1710/1710/1710 1675/1675/1675 1676/1676/1676
f 1710/1710/1710 1676/1676/1676 1706/1706/1706
f 1557/1557/1557 1558/1558/1558 1517/1517/1517
f 1557/1557/1557 1517/1517/1517 1516/1516/1516
f 1558/1558/1558 1559/1559/1559 1518/1518/1518
f 1558/1558/1558 1518/1518/1518 1517/1517/1517
f 1559/1559/1559 1554/1554/1554 1513/1513/1513
f 1559/1559/1559 1513/1513/1513 1518/1518/1518
f 1554/1554/1554 1550/1550/1550 1509/1509/1509
f 1554/1554/1554 1509/1509/1509 1513/1513/1513
f 1550/1550/1550 1548/1548/1548 1507/1507/1507
f 1550/1550/1550 1507/1507/1507 1509/1509/1509
f 1548/1548/1548 1544/1544/1544 1505/1505/1505
f 1548/1548/1548 1505/1505/1505 1507/1507/1507
f 1544/1544/1544 1542/1542/1542 1503/1503/1503
f 1544/1544/1544 1503/1503/1503 1505/1505/1505
f 1542/1542/1542 1540/1540/1540 1501/1501/1501
f 1542/1542/1542 1501/1501/1501 1503/1503/1503
f 1540/1540/1540 1536/1536/1536 1498/1498/1498
f 1540/1540/1540 1498/1498/1498 1501/1501/1501
f 1536/1536/1536 1534/1534/1534 1496/1496/1496
f 1536/1536/1536 1496/1496/1496 1498/1498/1498
f 1534/1534/1534 1532/1532/1532 1494/1494/1494
f 1534/1534/1534 1494/1494/1494 1496/1496/1496
f 1532/1532/1532 1530/1530/1530 1492/1492/1492
f 1532/1532/1532 1492/1492/1492 1494/1494/1494
f 1530/1530/1530 1528/1528/1528 1490/1490/1490
f 1530/1530/1530 1490/1490/1490 1492/1492/1492
f 1528/1528/1528 1526/1526/1526 1488/1488/1488
f 1528/1528/1528 1488/1488/1488 1490/1490/1490
f 1526/1526/1526 1521/1521/1521 1483/1483/1483
f 1526/1526/1526 1483/1483/1483 1488/1488/1488
f 1521/1521/1521 1520/1520/1520 1482/1482/1482
f 1521/1521/1521 1482/1482/1482 1483/1483/1483
f 1405/1405/1405 1341/1341/1341 1342/1342/1342
f 1405/1405/1405 1342/1342/1342 1406/1406/1406
f 1104/1104/1104 1006/1006/1006 1004/1004/1004
f 1104/1104/1104 1004/1004/1004 1102/1102/1102
f 960/960/960 928/928/928 926/926/926
f 960/960/960 926/926/926 958/958/958
f 201/201/201 207/207/207 173/173/173
f 197/197/197 202/202/202 203/203/203
f 1637/1637/1637 1633/1633/1633 1634/1634/1634
f 1637/1637/1637 1634/1634/1634 1638/1638/1638
f 1006/1006/1006 962/962/962 960/960/960
f 1006/1006/1006 960/960/960 1004/1004/1004
f 857/857/857 734/734/734 731/731/731
f 857/857/857 731/731/731 852/852/852
f 1738/1738/1738 1710/1710/1710 1706/1706/1706
f 1738/1738/1738 1706/1706/1706 1739/1739/1739
f 653/653/653 560/560/560 552/552/552
f 653/653/653 552/552/552 651/651/651
f 1758/1758/1758 1752/1752/1752 1747/1747/1747
f 1758/1758/1758 1747/1747/1747 1759/1759/1759
f 751/751/751 749/749/749 752/752/752
f 701/701/701 699/699/699 739/739/739
f 701/701/701 739/739/739 745/745/745
f 1558/1558/1558 1553/1553/1553 1559/1559/1559
f 1553/1553/1553 1554/1554/1554 1559/1559/1559
f 1526/1526/1526 1525/1525/1525 1521/1521/1521
f 1525/1525/1525 1524/1524/1524 1520/1520/1520
f 1525/1525/1525 1520/1520/1520 1521/1521/1521
f 964/964/964 932/932/932 930/930/930
f 964/964/964 930/930/930 962/962/962
f 1297/1297/1297 1235/1235/1235 1236/1236/1236
f 1297/1297/1297 1236/1236/1236 1348/1348/1348
f 693/693/693 691/691/691 729/729/729
f 693/693/693 729/729/729 731/731/731
f 928/928/928 896/896/896 894/894/894
f 928/928/928 894/894/894 926/926/926
f 1527/1527/1527 1489/1489/1489 1484/1484/1484
f 1527/1527/1527 1484/1484/1484 1522/1522/1522
f 232/232/232 254/254/254 259/259/259
f 232/232/232 259/259/259 238/238/238
f 674/674/674 603/603/603 598/598/598
f 674/674/674 598/598/598 673/673/673
f 1002/1002/1002 958/958/958 956/956/956
f 1002/1002/1002 956/956/956 1000/1000/1000
f 1596/1596/1596 1600/1600/1600 1597/1597/1597
f 1596/1596/1596 1597/1597/1597 1589/1589/1589
f 1784/1784/1784 1729/1729/1729 1727/1727/1727
f 1784/1784/1784 1727/1727/1727 1778/1778/1778
f 1715/1715/1715 1683/1683/1683 1681/1681/1681
f 1715/1715/1715 1681/1681/1681 1713/1713/1713
f 944/944/944 912/912/912 909/909/909
f 944/944/944 909/909/909 941/941/941
f 1630/1630/1630 1631/1631/1631 1558/1558/1558
f 1630/1630/1630 1558/1558/1558 1557/1557/1557
f 1631/1631/1631 1625/1625/1625 1553/1553/1553
f 1631/1631/1631 1553/1553/1553 1558/1558/1558
f 1625/1625/1625 1626/1626/1626 1554/1554/1554
f 1625/1625/1625 1554/1554/1554 1553/1553/1553
f 1626/1626/1626 1622/1622/1622 1550/1550/1550
f 1626/1626/1626 1550/1550/1550 1554/1554/1554
f 1622/1622/1622 1620/1620/1620 1546/1546/1546
f 1622/1622/1622 1546/1546/1546 1550/1550/1550
f 1620/1620/1620 1616/1616/1616 1544/1544/1544
f 1620/1620/1620 1544/1544/1544 1546/1546/1546
f 1616/1616/1616 1614/1614/1614 1542/1542/1542
f 1616/1616/1616 1542/1542/1542 1544/1544/1544
f 1614/1614/1614 1611/1611/1611 1539/1539/1539
f 1614/1614/1614 1539/1539/1539 1542/1542/1542
f 1611/1611/1611 1608/1608/1608 1536/1536/1536
f 1611/1611/1611 1536/1536/1536 1539/1539/1539
f 1608/1608/1608 1605/1605/1605 1534/1534/1534
f 1608/1608/1608 1534/1534/1534 1536/1536/1536
f 1605/1605/1605 1603/1603/1603 1532/1532/1532
f 1605/1605/1605 1532/1532/1532 1534/1534/1534
f 1603/1603/1603 1601/1601/1601 1530/1530/1530
f 1603/1603/1603 1530/1530/1530 1532/1532/1532
f 1601/1601/1601 1598/1598/1598 1528/1528/1528
f 1601/1601/1601 1528/1528/1528 1530/1530/1530
f 1598/1598/1598 1594/1594/1594 1526/1526/1526
f 1598/1598/1598 1526/1526/1526 1528/1528/1528
f 1594/1594/1594 1593/1593/1593 1525/1525/1525
f 1594/1594/1594 1525/1525/1525 1526/1526/1526
f 1593/1593/1593 1592/1592/1592 1524/1524/1524
f 1593/1593/1593 1524/1524/1524 1525/1525/1525
f 1541/1541/1541 1502/1502/1502 1499/1499/1499
f 1541/1541/1541 1499/1499/1499 1537/1537/1537
f 1706/1706/1706 1676/1676/1676 1674/1674/1674
f 1706/1706/1706 1674/1674/1674 1707/1707/1707
f 661/661/661 659/659/659 695/695/695
f 661/661/661 695/695/695 697/697/697
f 1753/1753/1753 1743/1743/1743 1744/1744/1744
f 1753/1753/1753 1744/1744/1744 1754/1754/1754
f 922/922/922 890/890/890 888/888/888
f 922/922/922 888/888/888 920/920/920
f 1538/1538/1538 1537/1537/1537 1535/1535/1535
f 938/938/938 906/906/906 905/905/905
f 938/938/938 905/905/905 937/937/937
f 1630/1630/1630 1629/1629/1629 1628/1628/1628
f 1481/1481/1481 1485/1485/1485 1486/1486/1486
f 1481/1481/1481 1486/1486/1486 1482/1482/1482
f 1779/1779/1779 1787/1787/1787 1784/1784/1784
f 1779/1779/1779 1784/1784/1784 1775/1775/1775
f 1609/1609/1609 1610/1610/1610 1607/1607/1607
f 1523/1523/1523 1519/1519/1519 1520/1520/1520
f 1523/1523/1523 1520/1520/1520 1524/1524/1524
f 1015/1015/1015 1016/1016/1016 971/971/971
f 1015/1015/1015 971/971/971 970/970/970
f 1016/1016/1016 1013/1013/1013 972/972/972
f 1016/1016/1016 972/972/972 971/971/971
f 1013/1013/1013 1011/1011/1011 967/967/967
f 1013/1013/1013 967/967/967 972/972/972
f 1011/1011/1011 1009/1009/1009 965/965/965
f 1011/1011/1011 965/965/965 967/967/967
f 1009/1009/1009 1007/1007/1007 963/963/963
f 1009/1009/1009 963/963/963 965/965/965
f 1007/1007/1007 1005/1005/1005 961/961/961
f 1007/1007/1007 961/961/961 963/963/963
f 1005/1005/1005 1003/1003/1003 959/959/959
f 1005/1005/1005 959/959/959 961/961/961
f 1003/1003/1003 1001/1001/1001 957/957/957
f 1003/1003/1003 957/957/957 959/959/959
f 1001/1001/1001 998/998/998 955/955/955
f 1001/1001/1001 955/955/955 957/957/957
f 998/998/998 995/995/995 953/953/953
f 998/998/998 953/953/953 955/955/955
f 995/995/995 993/993/993 951/951/951
f 995/995/995 951/951/951 953/953/953
f 993/993/993 991/991/991 949/949/949
f 993/993/993 949/949/949 951/951/951
f 991/991/991 989/989/989 947/947/947
f 991/991/991 947/947/947 949/949/949
f 989/989/989 987/987/987 945/945/945
f 989/989/989 945/945/945 947/947/947
f 987/987/987 986/986/986 943/943/943
f 987/987/987 943/943/943 945/945/945
f 986/986/986 985/985/985 942/942/942
f 986/986/986 942/942/942 943/943/943
f 1775/1775/1775 1784/1784/1784 1778/1778/1778
f 905/905/905 874/874/874 872/872/872
f 905/905/905 872/872/872 904/904/904
f 1424/1424/1424 1320/1320/1320 1318/1318/1318
f 1424/1424/1424 1318/1318/1318 1422/1422/1422
f 1604/1604/1604 1533/1533/1533 1531/1531/1531
f 1604/1604/1604 1531/1531/1531 1602/1602/1602
f 1263/1263/1263 1219/1219/1219 1216/1216/1216
f 1263/1263/1263 1216/1216/1216 1262/1262/1262
f 653/653/653 651/651/651 683/683/683
f 653/653/653 683/683/683 689/689/689
f 1261/1261/1261 1215/1215/1215 1213/1213/1213
f 1261/1261/1261 1213/1213/1213 1259/1259/1259
f 1139/1139/1139 1079/1079/1079 1080/1080/1080
f 1139/1139/1139 1080/1080/1080 1140/1140/1140
f 835/835/835 717/717/717 718/718/718
f 835/835/835 718/718/718 836/836/836
f 1012/1012/1012 968/968/968 966/966/966
f 1012/1012/1012 966/966/966 1010/1010/1010
f 1422/1422/1422 1506/1506/1506 1508/1508/1508
f 1422/1422/1422 1508/1508/1508 1424/1424/1424
f 1517/1517/1517 1518/1518/1518 1512/1512/1512
f 1518/1518/1518 1513/1513/1513 1512/1512/1512
f 1488/1488/1488 1483/1483/1483 1487/1487/1487
f 1483/1483/1483 1482/1482/1482 1486/1486/1486
f 1483/1483/1483 1486/1486/1486 1487/1487/1487
f 1619/1619/1619 1615/1615/1615 1617/1617/1617
f 958/958/958 926/926/926 924/924/924
f 958/958/958 924/924/924 956/956/956
f 886/886/886 849/849/849 843/843/843
f 886/886/886 843/843/843 884/884/884
f 1759/1759/1759 1747/1747/1747 1743/1743/1743
f 1759/1759/1759 1743/1743/1743 1753/1753/1753
f 970/970/970 938/938/938 937/937/937
f 970/970/970 937/937/937 969/969/969
f 932/932/932 900/900/900 898/898/898
f 932/932/932 898/898/898 930/930/930
f 1657/1657/1657 1655/1655/1655 1691/1691/1691
f 1657/1657/1657 1691/1691/1691 1693/1693/1693
f 1775/1775/1775 1778/1778/1778 1774/1774/1774
f 1775/1775/1775 1774/1774/1774 1770/1770/1770
f 659/659/659 657/657/657 693/693/693
f 659/659/659 693/693/693 695/695/695
f 941/941/941 909/909/909 910/910/910
f 941/941/941 910/910/910 942/942/942
f 1522/1522/1522 1519/1519/1519 1523/1523/1523
f 1414/1414/1414 1495/1495/1495 1497/1497/1497
f 1414/1414/1414 1497/1497/1497 1416/1416/1416
f 1636/1636/1636 1590/1590/1590 1585/1585/1585
f 1636/1636/1636 1585/1585/1585 1633/1633/1633
f 938/938/938 939/939/939 907/907/907
f 938/938/938 907/907/907 906/906/906
f 939/939/939 940/940/940 908/908/908
f 939/939/939 908/908/908 907/907/907
f 940/940/940 935/935/935 903/903/903
f 940/940/940 903/903/903 908/908/908
f 935/935/935 933/933/933 901/901/901
f 935/935/935 901/901/901 903/903/903
f 933/933/933 931/931/931 899/899/899
f 933/933/933 899/899/899 901/901/901
f 931/931/931 929/929/929 897/897/897
f 931/931/931 897/897/897 899/899/899
f 929/929/929 927/927/927 895/895/895
f 929/929/929 895/895/895 897/897/897
f 927/927/927 925/925/925 893/893/893
f 927/927/927 893/893/893 895/895/895
f 925/925/925 923/923/923 891/891/891
f 925/925/925 891/891/891 893/893/893
f 923/923/923 921/921/921 889/889/889
f 923/923/923 889/889/889 891/891/891
f 921/921/921 919/919/919 887/887/887
f 921/921/921 887/887/887 889/889/889
f 919/919/919 917/917/917 885/885/885
f 919/919/919 885/885/885 887/887/887
f 917/917/917 915/915/915 883/883/883
f 917/917/917 883/883/883 885/885/885
f 915/915/915 913/913/913 881/881/881
f 915/915/915 881/881/881 883/883/883
f 913/913/913 911/911/911 879/879/879
f 913/913/913 879/879/879 881/881/881
f 911/911/911 910/910/910 878/878/878
f 911/911/911 878/878/878 879/879/879
f 936/936/936 904/904/904 902/902/902
f 936/936/936 902/902/902 934/934/934
f 1004/1004/1004 960/960/960 958/958/958
f 1004/1004/1004 958/958/958 1002/1002/1002
f 679/679/679 677/677/677 718/718/718
f 679/679/679 718/718/718 717/717/717
f 1412/1412/1412 1348/1348/1348 1346/1346/1346
f 1412/1412/1412 1346/1346/1346 1410/1410/1410
f 1351/1351/1351 1301/1301/1301 1385/1385/1385
f 1351/1351/1351 1385/1385/1385 1414/1414/1414
f 716/716/716 717/717/717 722/722/722
f 906/906/906 875/875/875 874/874/874
f 906/906/906 874/874/874 905/905/905
f 1787/1787/1787 1731/1731/1731 1729/1729/1729
f 1787/1787/1787 1729/1729/1729 1784/1784/1784
f 707/707/707 705/705/705 747/747/747
f 707/707/707 747/747/747 749/749/749
f 1515/1515/1515 1511/1511/1511 1514/1514/1514
f 1653/1653/1653 1650/1650/1650 1687/1687/1687
f 1653/1653/1653 1687/1687/1687 1689/1689/1689
f 667/667/667 585/585/585 583/583/583
f 667/667/667 583/583/583 665/665/665
f 1631/1631/1631 1632/1632/1632 1625/1625/1625
f 1632/1632/1632 1626/1626/1626 1625/1625/1625
f 1620/1620/1620 1618/1618/1618 1616/1616/1616
f 1618/1618/1618 1614/1614/1614 1616/1616/1616
f 1608/1608/1608 1606/1606/1606 1605/1605/1605
f 1606/1606/1606 1603/1603/1603 1605/1605/1605
f 1594/1594/1594 1588/1588/1588 1593/1593/1593
f 1588/1588/1588 1587/1587/1587 1592/1592/1592
f 1588/1588/1588 1592/1592/1592 1593/1593/1593
f 691/691/691 687/687/687 727/727/727
f 691/691/691 727/727/727 729/729/729
f 1549/1549/1549 1508/1508/1508 1506/1506/1506
f 1549/1549/1549 1506/1506/1506 1547/1547/1547
f 1661/1661/1661 1619/1619/1619 1617/1617/1617
f 1661/1661/1661 1617/1617/1617 1659/1659/1659
f 1744/1744/1744 1709/1709/1709 1710/1710/1710
f 1744/1744/1744 1710/1710/1710 1738/1738/1738
f 1752/1752/1752 1717/1717/1717 1715/1715/1715
f 1752/1752/1752 1715/1715/1715 1747/1747/1747
f 671/671/671 592/592/592 590/590/590
f 671/671/671 590/590/590 669/669/669
f 992/992/992 950/950/950 948/948/948
f 992/992/992 948/948/948 990/990/990
f 1735/1735/1735 1703/1703/1703 1702/1702/1702
f 1735/1735/1735 1702/1702/1702 1734/1734/1734
f 747/747/747 745/745/745 743/743/743
f 1192/1192/1192 1088/1088/1088 1086/1086/1086
f 1192/1192/1192 1086/1086/1086 1146/1146/1146
f 1537/1537/1537 1499/1499/1499 1497/1497/1497
f 1537/1537/1537 1497/1497/1497 1535/1535/1535
f 1613/1613/1613 1610/1610/1610 1609/1609/1609
f 1671/1671/1671 1703/1703/1703 1704/1704/1704
f 1671/1671/1671 1704/1704/1704 1672/1672/1672
f 1672/1672/1672 1704/1704/1704 1705/1705/1705
f 1672/1672/1672 1705/1705/1705 1667/1667/1667
f 1667/1667/1667 1705/1705/1705 1700/1700/1700
f 1667/1667/1667 1700/1700/1700 1668/1668/1668
f 1668/1668/1668 1700/1700/1700 1698/1698/1698
f 1668/1668/1668 1698/1698/1698 1664/1664/1664
f 1664/1664/1664 1698/1698/1698 1696/1696/1696
f 1664/1664/1664 1696/1696/1696 1662/1662/1662
f 1662/1662/1662 1696/1696/1696 1694/1694/1694
f 1662/1662/1662 1694/1694/1694 1658/1658/1658
f 1658/1658/1658 1694/1694/1694 1692/1692/1692
f 1658/1658/1658 1692/1692/1692 1656/1656/1656
f 1656/1656/1656 1692/1692/1692 1690/1690/1690
f 1656/1656/1656 1690/1690/1690 1654/1654/1654
f 1654/1654/1654 1690/1690/1690 1688/1688/1688
f 1654/1654/1654 1688/1688/1688 1651/1651/1651
f 1651/1651/1651 1688/1688/1688 1686/1686/1686
f 1651/1651/1651 1686/1686/1686 1648/1648/1648
f 1648/1648/1648 1686/1686/1686 1684/1684/1684
f 1648/1648/1648 1684/1684/1684 1646/1646/1646
f 1646/1646/1646 1684/1684/1684 1682/1682/1682
f 1646/1646/1646 1682/1682/1682 1644/1644/1644
f 1644/1644/1644 1682/1682/1682 1680/1680/1680
f 1644/1644/1644 1680/1680/1680 1642/1642/1642
f 1642/1642/1642 1680/1680/1680 1678/1678/1678
f 1642/1642/1642 1678/1678/1678 1640/1640/1640
f 1640/1640/1640 1678/1678/1678 1677/1677/1677
f 1640/1640/1640 1677/1677/1677 1639/1639/1639
f 1639/1639/1639 1677/1677/1677 1674/1674/1674
f 1639/1639/1639 1674/1674/1674 1638/1638/1638
f 1663/1663/1663 1621/1621/1621 1619/1619/1619
f 1663/1663/1663 1619/1619/1619 1661/1661/1661
f 1420/1420/1420 1316/1316/1316 1314/1314/1314
f 1420/1420/1420 1314/1314/1314 1391/1391/1391
f 916/916/916 884/884/884 882/882/882
f 916/916/916 882/882/882 914/914/914
f 745/745/745 739/739/739 740/740/740
f 745/745/745 740/740/740 743/743/743
f 1743/1743/1743 1713/1713/1713 1709/1709/1709
f 1743/1743/1743 1709/1709/1709 1744/1744/1744
f 1788/1788/1788 1733/1733/1733 1731/1731/1731
f 1788/1788/1788 1731/1731/1731 1787/1787/1787
f 920/920/920 888/888/888 886/886/886
f 920/920/920 886/886/886 918/918/918
f 937/937/937 905/905/905 904/904/904
f 937/937/937 904/904/904 936/936/936
f 1602/1602/1602 1531/1531/1531 1529/1529/1529
f 1602/1602/1602 1529/1529/1529 1600/1600/1600
f 1086/1086/1086 990/990/990 988/988/988
f 1086/1086/1086 988/988/988 1082/1082/1082
f 678/678/678 679/679/679 717/717/717
f 678/678/678 717/717/717 716/716/716
f 1748/1748/1748 1738/1738/1738 1739/1739/1739
f 1672/1672/1672 1667/1667/1667 1673/1673/1673
f 1667/1667/1667 1668/1668/1668 1673/1673/1673
f 1662/1662/1662 1658/1658/1658 1660/1660/1660
f 1658/1658/1658 1656/1656/1656 1660/1660/1660
f 1651/1651/1651 1648/1648/1648 1649/1649/1649
f 1648/1648/1648 1646/1646/1646 1649/1649/1649
f 1640/1640/1640 1639/1639/1639 1635/1635/1635
f 1639/1639/1639 1638/1638/1638 1634/1634/1634
f 1639/1639/1639 1634/1634/1634 1635/1635/1635
f 841/841/841 725/725/725 722/722/722
f 841/841/841 722/722/722 834/834/834
f 201/201/201 238/238/238 237/237/237
f 1192/1192/1192 1149/1149/1149 1088/1088/1088
f 709/709/709 707/707/707 749/749/749
f 709/709/709 749/749/749 751/751/751
f 1734/1734/1734 1702/1702/1702 1701/1701/1701
f 1734/1734/1734 1701/1701/1701 1733/1733/1733
f 1591/1591/1591 1523/1523/1523 1524/1524/1524
f 1591/1591/1591 1524/1524/1524 1592/1592/1592
f 1717/1717/1717 1685/1685/1685 1683/1683/1683
f 1717/1717/1717 1683/1683/1683 1715/1715/1715
f 1792/1792/1792 1735/1735/1735 1734/1734/1734
f 1792/1792/1792 1734/1734/1734 1791/1791/1791
f 1555/1555/1555 1514/1514/1514 1510/1510/1510
f 1555/1555/1555 1510/1510/1510 1551/1551/1551
f 1614/1614/1614 1612/1612/1612 1611/1611/1611
f 1612/1612/1612 1608/1608/1608 1611/1611/1611
f 1603/1603/1603 1599/1599/1599 1601/1601/1601
f 1599/1599/1599 1595/1595/1595 1598/1598/1598
f 1599/1599/1599 1598/1598/1598 1601/1601/1601
f 1595/1595/1595 1594/1594/1594 1598/1598/1598
f 1754/1754/1754 1744/1744/1744 1738/1738/1738
f 1754/1754/1754 1738/1738/1738 1748/1748/1748
f 1514/1514/1514 1511/1511/1511 1510/1510/1510
f 1661/1661/1661 1659/1659/1659 1657/1657/1657
f 1297/1297/1297 1296/1296/1296 1239/1239/1239
f 1297/1297/1297 1239/1239/1239 1240/1240/1240
f 1600/1600/1600 1529/1529/1529 1527/1527/1527
f 1600/1600/1600 1527/1527/1527 1597/1597/1597
f 1344/1344/1344 1231/1231/1231 1228/1228/1228
f 1344/1344/1344 1228/1228/1228 1341/1341/1341
f 651/651/651 649/649/649 684/684/684
f 651/651/651 684/684/684 683/683/683
f 1143/1143/1143 1083/1083/1083 1079/1079/1079
f 1143/1143/1143 1079/1079/1079 1139/1139/1139
f 1519/1519/1519 1481/1481/1481 1482/1482/1482
f 1519/1519/1519 1482/1482/1482 1520/1520/1520
f 966/966/966 934/934/934 932/932/932
f 966/966/966 932/932/932 964/964/964
f 1424/1424/1424 1508/1508/1508 1510/1510/1510
f 1424/1424/1424 1510/1510/1510 1426/1426/1426
f 1761/1761/1761 1719/1719/1719 1717/1717/1717
f 1761/1761/1761 1717/1717/1717 1752/1752/1752
f 1666/1666/1666 1669/1669/1669 1665/1665/1665
f 1671/1671/1671 1672/1672/1672 1631/1631/1631
f 1671/1671/1671 1631/1631/1631 1630/1630/1630
f 1672/1672/1672 1673/1673/1673 1632/1632/1632
f 1672/1672/1672 1632/1632/1632 1631/1631/1631
f 1673/1673/1673 1668/1668/1668 1626/1626/1626
f 1673/1673/1673 1626/1626/1626 1632/1632/1632
f 1668/1668/1668 1664/1664/1664 1622/1622/1622
f 1668/1668/1668 1622/1622/1622 1626/1626/1626
f 1664/1664/1664 1662/1662/1662 1620/1620/1620
f 1664/1664/1664 1620/1620/1620 1622/1622/1622
f 1662/1662/1662 1660/1660/1660 1618/1618/1618
f 1662/1662/1662 1618/1618/1618 1620/1620/1620
f 1660/1660/1660 1656/1656/1656 1614/1614/1614
f 1660/1660/1660 1614/1614/1614 1618/1618/1618
f 1656/1656/1656 1654/1654/1654 1612/1612/1612
f 1656/1656/1656 1612/1612/1612 1614/1614/1614
f 1654/1654/1654 1651/1651/1651 1608/1608/1608
f 1654/1654/1654 1608/1608/1608 1612/1612/1612
f 1651/1651/1651 1649/1649/1649 1606/1606/1606
f 1651/1651/1651 1606/1606/1606 1608/1608/1608
f 1649/1649/1649 1646/1646/1646 1603/1603/1603
f 1649/1649/1649 1603/1603/1603 1606/1606/1606
f 1646/1646/1646 1644/1644/1644 1599/1599/1599
f 1646/1646/1646 1599/1599/1599 1603/1603/1603
f 1644/1644/1644 1642/1642/1642 1595/1595/1595
f 1644/1644/1644 1595/1595/1595 1599/1599/1599
f 1642/1642/1642 1640/1640/1640 1594/1594/1594
f 1642/1642/1642 1594/1594/1594 1595/1595/1595
f 1640/1640/1640 1635/1635/1635 1588/1588/1588
f 1640/1640/1640 1588/1588/1588 1594/1594/1594
f 1635/1635/1635 1634/1634/1634 1587/1587/1587
f 1635/1635/1635 1587/1587/1587 1588/1588/1588
f 912/912/912 880/880/880 877/877/877
f 912/912/912 877/877/877 909/909/909
f 983/983/983 944/944/944 941/941/941
f 983/983/983 941/941/941 984/984/984
f 843/843/843 727/727/727 725/725/725
f 843/843/843 725/725/725 841/841/841
f 1762/1762/1762 1761/1761/1761 1752/1752/1752
f 1762/1762/1762 1752/1752/1752 1758/1758/1758
f 1429/1429/1429 1325/1325/1325 1324/1324/1324
f 1429/1429/1429 1324/1324/1324 1428/1428/1428
f 177/177/177 179/179/179 180/180/180
f 875/875/875 756/756/756 755/755/755
f 875/875/875 755/755/755 874/874/874
f 877/877/877 835/835/835 836/836/836
f 877/877/877 836/836/836 878/878/878
f 1102/1102/1102 1004/1004/1004 1002/1002/1002
f 1102/1102/1102 1002/1002/1002 1100/1100/1100
f 1653/1653/1653 1652/1652/1652 1650/1650/1650
f 1551/1551/1551 1510/1510/1510 1508/1508/1508
f 1551/1551/1551 1508/1508/1508 1549/1549/1549
f 860/860/860 737/737/737 734/734/734
f 860/860/860 734/734/734 857/857/857
f 1418/1418/1418 1391/1391/1391 1306/1306/1306
f 1418/1418/1418 1306/1306/1306 1364/1364/1364
f 1735/1735/1735 1736/1736/1736 1704/1704/1704
f 1735/1735/1735 1704/1704/1704 1703/1703/1703
f 1736/1736/1736 1737/1737/1737 1705/1705/1705
f 1736/1736/1736 1705/1705/1705 1704/1704/1704
f 1737/1737/1737 1732/1732/1732 1700/1700/1700
f 1737/1737/1737 1700/1700/1700 1705/1705/1705
f 1732/1732/1732 1730/1730/1730 1698/1698/1698
f 1732/1732/1732 1698/1698/1698 1700/1700/1700
f 1730/1730/1730 1728/1728/1728 1696/1696/1696
f 1730/1730/1730 1696/1696/1696 1698/1698/1698
f 1728/1728/1728 1726/1726/1726 1694/1694/1694
f 1728/1728/1728 1694/1694/1694 1696/1696/1696
f 1726/1726/1726 1724/1724/1724 1692/1692/1692
f 1726/1726/1726 1692/1692/1692 1694/1694/1694
f 1724/1724/1724 1722/1722/1722 1690/1690/1690
f 1724/1724/1724 1690/1690/1690 1692/1692/1692
f 1722/1722/1722 1720/1720/1720 1688/1688/1688
f 1722/1722/1722 1688/1688/1688 1690/1690/1690
f 1720/1720/1720 1718/1718/1718 1686/1686/1686
f 1720/1720/1720 1686/1686/1686 1688/1688/1688
f 1718/1718/1718 1716/1716/1716 1684/1684/1684
f 1718/1718/1718 1684/1684/1684 1686/1686/1686
f 1716/1716/1716 1714/1714/1714 1682/1682/1682
f 1716/1716/1716 1682/1682/1682 1684/1684/1684
f 1714/1714/1714 1712/1712/1712 1680/1680/1680
f 1714/1714/1714 1680/1680/1680 1682/1682/1682
f 1712/1712/1712 1711/1711/1711 1678/1678/1678
f 1712/1712/1712 1678/1678/1678 1680/1680/1680
f 1711/1711/1711 1708/1708/1708 1677/1677/1677
f 1711/1711/1711 1677/1677/1677 1678/1678/1678
f 1708/1708/1708 1707/1707/1707 1674/1674/1674
f 1708/1708/1708 1674/1674/1674 1677/1677/1677
f 1671/1671/1671 1670/1670/1670 1702/1702/1702
f 1671/1671/1671 1702/1702/1702 1703/1703/1703
f 1727/1727/1727 1695/1695/1695 1693/1693/1693
f 1727/1727/1727 1693/1693/1693 1725/1725/1725
f 665/665/665 583/583/583 577/577/577
f 665/665/665 577/577/577 663/663/663
f 1590/1590/1590 1586/1586/1586 1585/1585/1585
f 1552/1552/1552 1555/1555/1555 1551/1551/1551
f 1535/1535/1535 1497/1497/1497 1495/1495/1495
f 1535/1535/1535 1495/1495/1495 1533/1533/1533
f 898/898/898 866/866/866 864/864/864
f 898/898/898 864/864/864 896/896/896
f 1792/1792/1792 1793/1793/1793 1736/1736/1736
f 1792/1792/1792 1736/1736/1736 1735/1735/1735
f 1793/1793/1793 1789/1789/1789 1737/1737/1737
f 1793/1793/1793 1737/1737/1737 1736/1736/1736
f 1789/1789/1789 1790/1790/1790 1732/1732/1732
f 1789/1789/1789 1732/1732/1732 1737/1737/1737
f 1790/1790/1790 1786/1786/1786 1730/1730/1730
f 1790/1790/1790 1730/1730/1730 1732/1732/1732
f 1786/1786/1786 1783/1783/1783 1728/1728/1728
f 1786/1786/1786 1728/1728/1728 1730/1730/1730
f 1783/1783/1783 1777/1777/1777 1726/1726/1726
f 1783/1783/1783 1726/1726/1726 1728/1728/1728
f 1777/1777/1777 1773/1773/1773 1724/1724/1724
f 1777/1777/1777 1724/1724/1724 1726/1726/1726
f 1773/1773/1773 1768/1768/1768 1722/1722/1722
f 1773/1773/1773 1722/1722/1722 1724/1724/1724
f 1768/1768/1768 1764/1764/1764 1720/1720/1720
f 1768/1768/1768 1720/1720/1720 1722/1722/1722
f 1764/1764/1764 1757/1757/1757 1718/1718/1718
f 1764/1764/1764 1718/1718/1718 1720/1720/1720
f 1757/1757/1757 1751/1751/1751 1716/1716/1716
f 1757/1757/1757 1716/1716/1716 1718/1718/1718
f 1751/1751/1751 1746/1746/1746 1714/1714/1714
f 1751/1751/1751 1714/1714/1714 1716/1716/1716
f 1746/1746/1746 1745/1745/1745 1712/1712/1712
f 1746/1746/1746 1712/1712/1712 1714/1714/1714
f 1745/1745/1745 1742/1742/1742 1711/1711/1711
f 1745/1745/1745 1711/1711/1711 1712/1712/1712
f 1742/1742/1742 1741/1741/1741 1708/1708/1708
f 1742/1742/1742 1708/1708/1708 1711/1711/1711
f 1741/1741/1741 1740/1740/1740 1707/1707/1707
f 1741/1741/1741 1707/1707/1707 1708/1708/1708
f 697/697/697 695/695/695 733/733/733
f 697/697/697 733/733/733 737/737/737
f 969/969/969 937/937/937 936/936/936
f 969/969/969 936/936/936 968/968/968
f 852/852/852 731/731/731 729/729/729
f 852/852/852 729/729/729 849/849/849
f 1000/1000/1000 956/956/956 954/954/954
f 1000/1000/1000 954/954/954 997/997/997
f 1624/1624/1624 1552/1552/1552 1551/1551/1551
f 1624/1624/1624 1551/1551/1551 1623/1623/1623
f 1733/1733/1733 1701/1701/1701 1699/1699/1699
f 1733/1733/1733 1699/1699/1699 1731/1731/1731
f 909/909/909 877/877/877 878/878/878
f 909/909/909 878/878/878 910/910/910
f 1215/1215/1215 1110/1110/1110 1108/1108/1108
f 1215/1215/1215 1108/1108/1108 1213/1213/1213
f 1348/1348/1348 1236/1236/1236 1233/1233/1233
f 1348/1348/1348 1233/1233/1233 1346/1346/1346
f 862/862/862 740/740/740 737/737/737
f 862/862/862 737/737/737 860/860/860
f 1747/1747/1747 1715/1715/1715 1713/1713/1713
f 1747/1747/1747 1713/1713/1713 1743/1743/1743
f 1770/1770/1770 1769/1769/1769 1765/1765/1765
f 1770/1770/1770 1765/1765/1765 1766/1766/1766
f 1785/1785/1785 1781/1781/1781 1793/1793/1793
f 1785/1785/1785 1793/1793/1793 1792/1792/1792
f 1781/1781/1781 1789/1789/1789 1793/1793/1793
f 1781/1781/1781 1782/1782/1782 1790/1790/1790
f 1781/1781/1781 1790/1790/1790 1789/1789/1789
f 1782/1782/1782 1776/1776/1776 1786/1786/1786
f 1782/1782/1782 1786/1786/1786 1790/1790/1790
f 1776/1776/1776 1783/1783/1783 1786/1786/1786
f 1776/1776/1776 1771/1771/1771 1777/1777/1777
f 1776/1776/1776 1777/1777/1777 1783/1783/1783
f 1771/1771/1771 1772/1772/1772 1773/1773/1773
f 1771/1771/1771 1773/1773/1773 1777/1777/1777
f 1772/1772/1772 1767/1767/1767 1768/1768/1768
f 1772/1772/1772 1768/1768/1768 1773/1773/1773
f 1767/1767/1767 1763/1763/1763 1764/1764/1764
f 1767/1767/1767 1764/1764/1764 1768/1768/1768
f 1763/1763/1763 1760/1760/1760 1757/1757/1757
f 1763/1763/1763 1757/1757/1757 1764/1764/1764
f 1760/1760/1760 1751/1751/1751 1757/1757/1757
f 1760/1760/1760 1756/1756/1756 1746/1746/1746
f 1760/1760/1760 1746/1746/1746 1751/1751/1751
f 1756/1756/1756 1755/1755/1755 1745/1745/1745
f 1756/1756/1756 1745/1745/1745 1746/1746/1746
f 1755/1755/1755 1750/1750/1750 1742/1742/1742
f 1755/1755/1755 1742/1742/1742 1745/1745/1745
f 1750/1750/1750 1741/1741/1741 1742/1742/1742
f 1750/1750/1750 1749/1749/1749 1740/1740/1740
f 1750/1750/1750 1740/1740/1740 1741/1741/1741
f 894/894/894 862/862/862 860/860/860
f 894/894/894 860/860/860 892/892/892
f 984/984/984 941/941/941 942/942/942
f 984/984/984 942/942/942 985/985/985
f 1585/1585/1585 1586/1586/1586 1587/1587/1587
f 1426/1426/1426 1510/1510/1510 1511/1511/1511
f 1426/1426/1426 1511/1511/1511 1428/1428/1428
f 1416/1416/1416 1357/1357/1357 1351/1351/1351
f 1416/1416/1416 1351/1351/1351 1414/1414/1414
f 651/651/651 552/552/552 547/547/547
f 651/651/651 547/547/547 649/649/649
f 1408/1408/1408 1484/1484/1484 1489/1489/1489
f 1408/1408/1408 1489/1489/1489 1410/1410/1410
f 669/669/669 667/667/667 703/703/703
f 669/669/669 703/703/703 707/707/707
f 1669/1669/1669 1627/1627/1627 1623/1623/1623
f 1669/1669/1669 1623/1623/1623 1665/1665/1665
f 1655/1655/1655 1613/1613/1613 1609/1609/1609
f 1655/1655/1655 1609/1609/1609 1652/1652/1652
f 683/683/683 678/678/678 716/716/716
f 683/683/683 716/716/716 721/721/721
f 1627/1627/1627 1624/1624/1624 1623/1623/1623
f 1550/1550/1550 1546/1546/1546 1548/1548/1548
f 1546/1546/1546 1544/1544/1544 1548/1548/1548
f 1542/1542/1542 1539/1539/1539 1540/1540/1540
f 1539/1539/1539 1536/1536/1536 1540/1540/1540
f 1586/1586/1586 1591/1591/1591 1592/1592/1592
f 1586/1586/1586 1592/1592/1592 1587/1587/1587
f 1670/1670/1670 1669/1669/1669 1666/1666/1666
f 896/896/896 864/864/864 862/862/862
f 896/896/896 862/862/862 894/894/894
f 713/713/713 711/711/711 754/754/754
f 713/713/713 754/754/754 759/759/759
f 900/900/900 868/868/868 866/866/866
f 900/900/900 866/866/866 898/898/898
f 1385/1385/1385 1493/1493/1493 1495/1495/1495
f 1385/1385/1385 1495/1495/1495 1414/1414/1414
f 1556/1556/1556 1515/1515/1515 1514/1514/1514
f 1556/1556/1556 1514/1514/1514 1555/1555/1555
f 655/655/655 562/562/562 560/560/560
f 655/655/655 560/560/560 653/653/653
f 1770/1770/1770 1774/1774/1774 1769/1769/1769
f 249/249/249 271/271/271 272/272/272
f 249/249/249 272/272/272 250/250/250
f 1670/1670/1670 1628/1628/1628 1627/1627/1627
f 1670/1670/1670 1627/1627/1627 1669/1669/1669
f 646/646/646 548/548/548 549/549/549
f 646/646/646 549/549/549 647/647/647
f 1420/1420/1420 1504/1504/1504 1506/1506/1506
f 1420/1420/1420 1506/1506/1506 1422/1422/1422
f 1647/1647/1647 1604/1604/1604 1602/1602/1602
f 1647/1647/1647 1602/1602/1602 1645/1645/1645
f 1421/1421/1421 1423/1423/1423 1507/1507/1507
f 1421/1421/1421 1507/1507/1507 1505/1505/1505
f 1415/1415/1415 1417/1417/1417 1498/1498/1498
f 1415/1415/1415 1498/1498/1498 1496/1496/1496
f 1407/1407/1407 1409/1409/1409 1488/1488/1488
f 1407/1407/1407 1488/1488/1488 1487/1487/1487
f 1661/1661/1661 1657/1657/1657 1693/1693/1693
f 1661/1661/1661 1693/1693/1693 1695/1695/1695
f 1423/1423/1423 1425/1425/1425 1509/1509/1509
f 1423/1423/1423 1509/1509/1509 1507/1507/1507
f 1633/1633/1633 1585/1585/1585 1587/1587/1587
f 1633/1633/1633 1587/1587/1587 1634/1634/1634
f 1774/1774/1774 1725/1725/1725 1723/1723/1723
f 1774/1774/1774 1723/1723/1723 1769/1769/1769
f 904/904/904 872/872/872 870/870/870
f 904/904/904 870/870/870 902/902/902
f 210/210/210 242/242/242 244/244/244
f 210/210/210 244/244/244 214/214/214
f 1110/1110/1110 1012/1012/1012 1010/1010/1010
f 1110/1110/1110 1010/1010/1010 1108/1108/1108
f 1645/1645/1645 1602/1602/1602 1596/1596/1596
f 1645/1645/1645 1596/1596/1596 1643/1643/1643
f 1297/1297/1297 1240/1240/1240 1235/1235/1235
f 1209/1209/1209 1104/1104/1104 1102/1102/1102
f 1209/1209/1209 1102/1102/1102 1207/1207/1207
f 711/711/711 709/709/709 751/751/751
f 711/711/711 751/751/751 754/754/754
f 1613/1613/1613 1541/1541/1541 1538/1538/1538
f 1613/1613/1613 1538/1538/1538 1610/1610/1610
f 1655/1655/1655 1652/1652/1652 1653/1653/1653
f 994/994/994 952/952/952 950/950/950
f 994/994/994 950/950/950 992/992/992
f 1645/1645/1645 1643/1643/1643 1681/1681/1681
f 1645/1645/1645 1681/1681/1681 1683/1683/1683
f 902/902/902 870/870/870 868/868/868
f 902/902/902 868/868/868 900/900/900
f 970/970/970 971/971/971 939/939/939
f 970/970/970 939/939/939 938/938/938
f 971/971/971 972/972/972 940/940/940
f 971/971/971 940/940/940 939/939/939
f 972/972/972 967/967/967 935/935/935
f 972/972/972 935/935/935 940/940/940
f 967/967/967 965/965/965 933/933/933
f 967/967/967 933/933/933 935/935/935
f 965/965/965 963/963/963 931/931/931
f 965/965/965 931/931/931 933/933/933
f 963/963/963 961/961/961 929/929/929
f 963/963/963 929/929/929 931/931/931
f 961/961/961 959/959/959 927/927/927
f 961/961/961 927/927/927 929/929/929
f 959/959/959 957/957/957 925/925/925
f 959/959/959 925/925/925 927/927/927
f 957/957/957 955/955/955 923/923/923
f 957/957/957 923/923/923 925/925/925
f 955/955/955 953/953/953 921/921/921
f 955/955/955 921/921/921 923/923/923
f 953/953/953 951/951/951 919/919/919
f 953/953/953 919/919/919 921/921/921
f 951/951/951 949/949/949 917/917/917
f 951/951/951 917/917/917 919/919/919
f 949/949/949 947/947/947 915/915/915
f 949/949/949 915/915/915 917/917/917
f 947/947/947 945/945/945 913/913/913
f 947/947/947 913/913/913 915/915/915
f 945/945/945 943/943/943 911/911/911
f 945/945/945 911/911/911 913/913/913
f 943/943/943 942/942/942 910/910/910
f 943/943/943 910/910/910 911/911/911
f 674/674/674 673/673/673 711/711/711
f 674/674/674 711/711/711 713/713/713
f 1114/1114/1114 1015/1015/1015 1014/1014/1014
f 1114/1114/1114 1014/1014/1014 1111/1111/1111
f 890/890/890 857/857/857 852/852/852
f 890/890/890 852/852/852 888/888/888
f 934/934/934 902/902/902 900/900/900
f 934/934/934 900/900/900 932/932/932
f 1392/1392/1392 1421/1421/1421 1505/1505/1505
f 1392/1392/1392 1505/1505/1505 1503/1503/1503
f 1257/1257/1257 1211/1211/1211 1209/1209/1209
f 1257/1257/1257 1209/1209/1209 1255/1255/1255
f 1663/1663/1663 1661/1661/1661 1695/1695/1695
f 1663/1663/1663 1695/1695/1695 1697/1697/1697
f 926/926/926 894/894/894 892/892/892
f 926/926/926 892/892/892 924/924/924
f 1650/1650/1650 1607/1607/1607 1604/1604/1604
f 1650/1650/1650 1604/1604/1604 1647/1647/1647
f 1628/1628/1628 1629/1629/1629 1627/1627/1627
f 1723/1723/1723 1691/1691/1691 1689/1689/1689
f 1723/1723/1723 1689/1689/1689 1721/1721/1721
f 1731/1731/1731 1699/1699/1699 1697/1697/1697
f 1731/1731/1731 1697/1697/1697 1729/1729/1729
f 1665/1665/1665 1623/1623/1623 1621/1621/1621
f 1665/1665/1665 1621/1621/1621 1663/1663/1663
f 714/714/714 760/760/760 761/761/761
f 714/714/714 761/761/761 715/715/715
f 715/715/715 761/761/761 758/758/758
f 715/715/715 758/758/758 712/712/712
f 712/712/712 758/758/758 753/753/753
f 712/712/712 753/753/753 710/710/710
f 710/710/710 753/753/753 750/750/750
f 710/710/710 750/750/750 708/708/708
f 708/708/708 750/750/750 748/748/748
f 708/708/708 748/748/748 706/706/706
f 706/706/706 748/748/748 746/746/746
f 706/706/706 746/746/746 702/702/702
f 702/702/702 746/746/746 742/742/742
f 702/702/702 742/742/742 700/700/700
f 700/700/700 742/742/742 738/738/738
f 700/700/700 738/738/738 698/698/698
f 698/698/698 738/738/738 736/736/736
f 698/698/698 736/736/736 696/696/696
f 696/696/696 736/736/736 732/732/732
f 696/696/696 732/732/732 694/694/694
f 694/694/694 732/732/732 730/730/730
f 694/694/694 730/730/730 692/692/692
f 692/692/692 730/730/730 728/728/728
f 692/692/692 728/728/728 688/688/688
f 688/688/688 728/728/728 724/724/724
f 688/688/688 724/724/724 686/686/686
f 686/686/686 724/724/724 720/720/720
f 686/686/686 720/720/720 682/682/682
f 682/682/682 720/720/720 719/719/719
f 682/682/682 719/719/719 681/681/681
f 681/681/681 719/719/719 718/718/718
f 681/681/681 718/718/718 677/677/677
f 1636/1636/1636 1633/1633/1633 1637/1637/1637
f 1149/1149/1149 1153/1153/1153 1090/1090/1090
f 1149/1149/1149 1090/1090/1090 1088/1088/1088
f 872/872/872 754/754/754 752/752/752
f 872/872/872 752/752/752 870/870/870
f 880/880/880 834/834/834 835/835/835
f 880/880/880 835/835/835 877/877/877
f 1590/1590/1590 1522/1522/1522 1523/1523/1523
f 1590/1590/1590 1523/1523/1523 1591/1591/1591
f 1391/1391/1391 1502/1502/1502 1504/1504/1504
f 1391/1391/1391 1504/1504/1504 1420/1420/1420
f 1529/1529/1529 1491/1491/1491 1489/1489/1489
f 1529/1529/1529 1489/1489/1489 1527/1527/1527
f 1429/1429/1429 1515/1515/1515 1516/1516/1516
f 1429/1429/1429 1516/1516/1516 1430/1430/1430
f 714/714/714 713/713/713 759/759/759
f 714/714/714 759/759/759 760/760/760
f 219/219/219 247/247/247 249/249/249
f 219/219/219 249/249/249 220/220/220
f 238/238/238 259/259/259 237/237/237
f 760/760/760 756/756/756 757/757/757
f 760/760/760 757/757/757 761/761/761
f 761/761/761 757/757/757 758/758/758
f 748/748/748 744/744/744 746/746/746
f 746/746/746 744/744/744 741/741/741
f 746/746/746 741/741/741 742/742/742
f 742/742/742 741/741/741 738/738/738
f 738/738/738 735/735/735 736/736/736
f 736/736/736 735/735/735 732/732/732
f 728/728/728 726/726/726 724/724/724
f 724/724/724 726/726/726 723/723/723
f 724/724/724 723/723/723 720/720/720
f 720/720/720 723/723/723 719/719/719
f 1015/1015/1015 970/970/970 969/969/969
f 1015/1015/1015 969/969/969 1014/1014/1014
f 1780/1780/1780 1788/1788/1788 1787/1787/1787
f 1780/1780/1780 1787/1787/1787 1779/1779/1779
f 1641/1641/1641 1636/1636/1636 1675/1675/1675
f 1641/1641/1641 1675/1675/1675 1679/1679/1679
f 1621/1621/1621 1549/1549/1549 1545/1545/1545
f 1621/1621/1621 1545/1545/1545 1619/1619/1619
f 1719/1719/1719 1687/1687/1687 1685/1685/1685
f 1719/1719/1719 1685/1685/1685 1717/1717/1717
f 1197/1197/1197 1205/1205/1205 1100/1100/1100
f 1197/1197/1197 1100/1100/1100 1171/1171/1171
f 892/892/892 860/860/860 857/857/857
f 892/892/892 857/857/857 890/890/890
f 1630/1630/1630 1557/1557/1557 1556/1556/1556
f 1630/1630/1630 1556/1556/1556 1629/1629/1629
f 868/868/868 749/749/749 747/747/747
f 868/868/868 747/747/747 866/866/866
f 1090/1090/1090 994/994/994 992/992/992
f 1090/1090/1090 992/992/992 1088/1088/1088
f 675/675/675 715/715/715 712/712/712
f 675/675/675 712/712/712 676/676/676
f 676/676/676 712/712/712 710/710/710
f 676/676/676 710/710/710 672/672/672
f 672/672/672 710/710/710 708/708/708
f 672/672/672 708/708/708 670/670/670
f 670/670/670 708/708/708 704/704/704
f 670/670/670 704/704/704 668/668/668
f 668/668/668 704/704/704 702/702/702
f 668/668/668 702/702/702 666/666/666
f 666/666/666 702/702/702 700/700/700
f 666/666/666 700/700/700 664/664/664
f 664/664/664 700/700/700 698/698/698
f 664/664/664 698/698/698 662/662/662
f 662/662/662 698/698/698 696/696/696
f 662/662/662 696/696/696 660/660/660
f 660/660/660 696/696/696 694/694/694
f 660/660/660 694/694/694 658/658/658
f 658/658/658 694/694/694 692/692/692
f 658/658/658 692/692/692 656/656/656
f 656/656/656 692/692/692 690/690/690
f 656/656/656 690/690/690 654/654/654
f 654/654/654 690/690/690 686/686/686
f 654/654/654 686/686/686 652/652/652
f 652/652/652 686/686/686 685/685/685
f 652/652/652 685/685/685 650/650/650
f 650/650/650 685/685/685 681/681/681
f 650/650/650 681/681/681 648/648/648
f 648/648/648 681/681/681 680/680/680
f 648/648/648 680/680/680 647/647/647
f 1111/1111/1111 1014/1014/1014 1012/1012/1012
f 1111/1111/1111 1012/1012/1012 1110/1110/1110
f 673/673/673 598/598/598 592/592/592
f 673/673/673 592/592/592 671/671/671
f 874/874/874 755/755/755 754/754/754
f 874/874/874 754/754/754 872/872/872
f 1778/1778/1778 1727/1727/1727 1725/1725/1725
f 1778/1778/1778 1725/1725/1725 1774/1774/1774
f 1301/1301/1301 1297/1297/1297 1385/1385/1385
f 1637/1637/1637 1638/1638/1638 1674/1674/1674
f 1637/1637/1637 1674/1674/1674 1676/1676/1676
f 1713/1713/1713 1681/1681/1681 1679/1679/1679
f 1713/1713/1713 1679/1679/1679 1709/1709/1709
f 663/663/663 577/577/577 573/573/573
f 663/663/663 573/573/573 661/661/661
f 866/866/866 747/747/747 743/743/743
f 866/866/866 743/743/743 864/864/864
f 1636/1636/1636 1637/1637/1637 1676/1676/1676
f 1636/1636/1636 1676/1676/1676 1675/1675/1675
f 834/834/834 722/722/722 717/717/717
f 834/834/834 717/717/717 835/835/835
f 708/708/708 706/706/706 704/704/704
f 704/704/704 706/706/706 702/702/702
f 692/692/692 688/688/688 690/690/690
f 690/690/690 688/688/688 686/686/686
f 686/686/686 682/682/682 685/685/685
f 685/685/685 682/682/682 681/681/681
f 681/681/681 677/677/677 680/680/680
f 667/667/667 665/665/665 701/701/701
f 667/667/667 701/701/701 703/703/703
f 1010/1010/1010 966/966/966 964/964/964
f 1010/1010/1010 964/964/964 1008/1008/1008
f 954/954/954 922/922/922 920/920/920
f 954/954/954 920/920/920 952/952/952
f 1216/1216/1216 1111/1111/1111 1110/1110/1110
f 1216/1216/1216 1110/1110/1110 1215/1215/1215
f 950/950/950 918/918/918 916/916/916
f 950/950/950 916/916/916 948/948/948
f 1083/1083/1083 983/983/983 984/984/984
f 1083/1083/1083 984/984/984 1079/1079/1079
f 1647/1647/1647 1645/1645/1645 1683/1683/1683
f 1647/1647/1647 1683/1683/1683 1685/1685/1685
f 715/715/715 605/605/605 604/604/604
f 715/715/715 604/604/604 714/714/714
f 605/605/605 715/715/715 675/675/675
f 1589/1589/1589 1597/1597/1597 1590/1590/1590
f 1531/1531/1531 1493/1493/1493 1491/1491/1491
f 1531/1531/1531 1491/1491/1491 1529/1529/1529
f 1755/1755/1755 1756/1756/1756 1566/1566/1566
f 1755/1755/1755 1566/1566/1566 1565/1565/1565
f 661/661/661 573/573/573 569/569/569
f 661/661/661 569/569/569 659/659/659
f 1763/1763/1763 1767/1767/1767 1574/1574/1574
f 1763/1763/1763 1574/1574/1574 1571/1571/1571
f 603/603/603 674/674/674 713/713/713
f 699/699/699 697/697/697 737/737/737
f 699/699/699 737/737/737 739/739/739
f 695/695/695 693/693/693 731/731/731
f 695/695/695 731/731/731 733/733/733
f 1750/1750/1750 1755/1755/1755 1565/1565/1565
f 1750/1750/1750 1565/1565/1565 1562/1562/1562
f 1760/1760/1760 1763/1763/1763 1571/1571/1571
f 1760/1760/1760 1571/1571/1571 1569/1569/1569
f 1771/1771/1771 1776/1776/1776 1579/1579/1579
f 1771/1771/1771 1579/1579/1579 1576/1576/1576
f 1781/1781/1781 1785/1785/1785 1584/1584/1584
f 1781/1781/1781 1584/1584/1584 1582/1582/1582
f 948/948/948 916/916/916 914/914/914
f 948/948/948 914/914/914 946/946/946
f 649/649/649 547/547/547 548/548/548
f 649/649/649 548/548/548 646/646/646
f 1772/1772/1772 1771/1771/1771 1576/1576/1576
f 1772/1772/1772 1576/1576/1576 1577/1577/1577
f 1782/1782/1782 1781/1781/1781 1582/1582/1582
f 1782/1782/1782 1582/1582/1582 1583/1583/1583
f 1749/1749/1749 1750/1750/1750 1562/1562/1562
f 1749/1749/1749 1562/1562/1562 1561/1561/1561
f 759/759/759 754/754/754 755/755/755
f 1756/1756/1756 1760/1760/1760 1569/1569/1569
f 1756/1756/1756 1569/1569/1569 1566/1566/1566
f 1767/1767/1767 1772/1772/1772 1577/1577/1577
f 1767/1767/1767 1577/1577/1577 1574/1574/1574
f 646/646/646 647/647/647 680/680/680
f 646/646/646 680/680/680 679/679/679
f 1776/1776/1776 1782/1782/1782 1583/1583/1583
f 1776/1776/1776 1583/1583/1583 1579/1579/1579
f 1659/1659/1659 1617/1617/1617 1613/1613/1613
f 1659/1659/1659 1613/1613/1613 1655/1655/1655
f 760/760/760 759/759/759 755/755/755
f 760/760/760 755/755/755 756/756/756
f 1100/1100/1100 1002/1002/1002 1000/1000/1000
f 1100/1100/1100 1000/1000/1000 1097/1097/1097
f 1590/1590/1590 1591/1591/1591 1586/1586/1586
f 663/663/663 661/661/661 697/697/697
f 663/663/663 697/697/697 699/699/699
f 1556/1556/1556 1555/1555/1555 1552/1552/1552
f 924/924/924 892/892/892 890/890/890
f 924/924/924 890/890/890 922/922/922
f 1562/1562/1562 1573/1573/1573 1561/1561/1561
f 1565/1565/1565 1566/1566/1566 1573/1573/1573
f 1565/1565/1565 1573/1573/1573 1562/1562/1562
f 1569/1569/1569 1573/1573/1573 1566/1566/1566
f 1571/1571/1571 1574/1574/1574 1573/1573/1573
f 1571/1571/1571 1573/1573/1573 1569/1569/1569
f 1577/1577/1577 1576/1576/1576 1573/1573/1573
f 1577/1577/1577 1573/1573/1573 1574/1574/1574
f 1579/1579/1579 1573/1573/1573 1576/1576/1576
f 1583/1583/1583 1582/1582/1582 1573/1573/1573
f 1583/1583/1583 1573/1573/1573 1579/1579/1579
f 1582/1582/1582 1584/1584/1584 1573/1573/1573
f 1108/1108/1108 1010/1010/1010 1008/1008/1008
f 1108/1108/1108 1008/1008/1008 1106/1106/1106
f 604/604/604 605/605/605 601/601/601
f 604/604/604 601/601/601 600/600/600
f 1418/1418/1418 1500/1500/1500 1502/1502/1502
f 1418/1418/1418 1502/1502/1502 1391/1391/1391
f 580/580/580 576/576/576 579/579/579
f 597/597/597 591/591/591 596/596/596
f 649/649/649 646/646/646 679/679/679
f 649/649/649 679/679/679 684/684/684
f 561/561/561 557/557/557 559/559/559
f 1748/1748/1748 1739/1739/1739 1740/1740/1740
f 1748/1748/1748 1740/1740/1740 1749/1749/1749
f 1748/1748/1748 1560/1560/1560 1564/1564/1564
f 1748/1748/1748 1564/1564/1564 1754/1754/1754
f 576/576/576 572/572/572 571/571/571
f 1619/1619/1619 1545/1545/1545 1543/1543/1543
f 1619/1619/1619 1543/1543/1543 1615/1615/1615
f 1758/1758/1758 1567/1567/1567 1570/1570/1570
f 1758/1758/1758 1570/1570/1570 1762/1762/1762
f 557/557/557 551/551/551 556/556/556
f 557/557/557 556/556/556 559/559/559
f 952/952/952 920/920/920 918/918/918
f 952/952/952 918/918/918 950/950/950
f 1629/1629/1629 1624/1624/1624 1627/1627/1627
f 572/572/572 568/568/568 571/571/571
f 587/587/587 584/584/584 582/582/582
f 1785/1785/1785 1792/1792/1792 1791/1791/1791
f 1785/1785/1785 1791/1791/1791 1780/1780/1780
f 1549/1549/1549 1547/1547/1547 1545/1545/1545
f 665/665/665 663/663/663 699/699/699
f 665/665/665 699/699/699 701/701/701
f 605/605/605 602/602/602 601/601/601
f 551/551/551 550/550/550 556/556/556
f 1607/1607/1607 1535/1535/1535 1533/1533/1533
f 1607/1607/1607 1533/1533/1533 1604/1604/1604
f 584/584/584 580/580/580 579/579/579
f 584/584/584 579/579/579 582/582/582
f 602/602/602 597/597/597 596/596/596
f 1547/1547/1547 1506/1506/1506 1504/1504/1504
f 1547/1547/1547 1504/1504/1504 1543/1543/1543
f 1721/1721/1721 1689/1689/1689 1687/1687/1687
f 1721/1721/1721 1687/1687/1687 1719/1719/1719
f 1762/1762/1762 1570/1570/1570 1572/1572/1572
f 1762/1762/1762 1572/1572/1572 1766/1766/1766
f 579/579/579 576/576/576 575/575/575
f 689/689/689 683/683/683 687/687/687
f 576/576/576 571/571/571 575/575/575
f 568/568/568 564/564/564 566/566/566
f 564/564/564 561/561/561 566/566/566
f 946/946/946 914/914/914 912/912/912
f 946/946/946 912/912/912 944/944/944
f 657/657/657 655/655/655 691/691/691
f 657/657/657 691/691/691 693/693/693
f 556/556/556 550/550/550 555/555/555
f 601/601/601 602/602/602 595/595/595
f 1754/1754/1754 1564/1564/1564 1563/1563/1563
f 1754/1754/1754 1563/1563/1563 1753/1753/1753
f 550/550/550 549/549/549 555/555/555
f 602/602/602 596/596/596 595/595/595
f 707/707/707 703/703/703 705/705/705
f 596/596/596 591/591/591 589/589/589
f 655/655/655 653/653/653 689/689/689
f 655/655/655 689/689/689 691/691/691
f 713/713/713 714/714/714 604/604/604
f 713/713/713 604/604/604 603/603/603
f 591/591/591 587/587/587 589/589/589
f 1670/1670/1670 1666/1666/1666 1701/1701/1701
f 1670/1670/1670 1701/1701/1701 1702/1702/1702
f 1671/1671/1671 1630/1630/1630 1628/1628/1628
f 1671/1671/1671 1628/1628/1628 1670/1670/1670
f 1780/1780/1780 1581/1581/1581 1584/1584/1584
f 1780/1780/1780 1584/1584/1584 1785/1785/1785
f 571/571/571 568/568/568 527/527/527
f 571/571/571 527/527/527 529/529/529
f 568/568/568 566/566/566 525/525/525
f 568/568/568 525/525/525 527/527/527
f 566/566/566 561/561/561 521/521/521
f 566/566/566 521/521/521 525/525/525
f 561/561/561 559/559/559 517/517/517
f 561/561/561 517/517/517 521/521/521
f 1759/1759/1759 1568/1568/1568 1567/1567/1567
f 1759/1759/1759 1567/1567/1567 1758/1758/1758
f 559/559/559 556/556/556 516/516/516
f 559/559/559 516/516/516 517/517/517
f 1753/1753/1753 1563/1563/1563 1568/1568/1568
f 1753/1753/1753 1568/1568/1568 1759/1759/1759
f 556/556/556 555/555/555 513/513/513
f 556/556/556 513/513/513 516/516/516
f 601/601/601 595/595/595 545/545/545
f 601/601/601 545/545/545 544/544/544
f 703/703/703 701/701/701 705/705/705
f 555/555/555 549/549/549 512/512/512
f 555/555/555 512/512/512 513/513/513
f 595/595/595 596/596/596 541/541/541
f 595/595/595 541/541/541 545/545/545
f 600/600/600 601/601/601 544/544/544
f 600/600/600 544/544/544 546/546/546
f 684/684/684 679/679/679 678/678/678
f 596/596/596 589/589/589 539/539/539
f 596/596/596 539/539/539 541/541/541
f 679/679/679 680/680/680 677/677/677
f 589/589/589 587/587/587 537/537/537
f 589/589/589 537/537/537 539/539/539
f 1770/1770/1770 1575/1575/1575 1578/1578/1578
f 1770/1770/1770 1578/1578/1578 1775/1775/1775
f 691/691/691 689/689/689 687/687/687
f 587/587/587 582/582/582 535/535/535
f 587/587/587 535/535/535 537/537/537
f 1779/1779/1779 1580/1580/1580 1581/1581/1581
f 1779/1779/1779 1581/1581/1581 1780/1780/1780
f 582/582/582 579/579/579 533/533/533
f 582/582/582 533/533/533 535/535/535
f 683/683/683 684/684/684 678/678/678
f 579/579/579 575/575/575 531/531/531
f 579/579/579 531/531/531 533/533/533
f 575/575/575 571/571/571 529/529/529
f 575/575/575 529/529/529 531/531/531
f 1560/1560/1560 1561/1561/1561 1573/1573/1573
f 452/452/452 448/448/448 451/451/451
f 452/452/452 451/451/451 455/455/455
f 1749/1749/1749 1561/1561/1561 1560/1560/1560
f 1749/1749/1749 1560/1560/1560 1748/1748/1748
f 448/448/448 441/441/441 447/447/447
f 448/448/448 447/447/447 451/451/451
f 1568/1568/1568 1563/1563/1563 1573/1573/1573
f 1568/1568/1568 1573/1573/1573 1567/1567/1567
f 441/441/441 440/440/440 446/446/446
f 441/441/441 446/446/446 447/447/447
f 496/496/496 497/497/497 489/489/489
f 1564/1564/1564 1560/1560/1560 1573/1573/1573
f 1564/1564/1564 1573/1573/1573 1563/1563/1563
f 440/440/440 439/439/439 445/445/445
f 440/440/440 445/445/445 446/446/446
f 497/497/497 491/491/491 490/490/490
f 497/497/497 490/490/490 489/489/489
f 498/498/498 496/496/496 495/495/495
f 1570/1570/1570 1567/1567/1567 1573/1573/1573
f 1570/1570/1570 1573/1573/1573 1572/1572/1572
f 491/491/491 492/492/492 483/483/483
f 491/491/491 483/483/483 490/490/490
f 1575/1575/1575 1572/1572/1572 1573/1573/1573
f 592/592/592 593/593/593 590/590/590
f 492/492/492 484/484/484 480/480/480
f 492/492/492 480/480/480 483/483/483
f 567/567/567 563/563/563 562/562/562
f 570/570/570 528/528/528 526/526/526
f 570/570/570 526/526/526 567/567/567
f 484/484/484 478/478/478 477/477/477
f 484/484/484 477/477/477 480/480/480
f 583/583/583 581/581/581 577/577/577
f 478/478/478 474/474/474 473/473/473
f 478/478/478 473/473/473 477/477/477
f 474/474/474 470/470/470 469/469/469
f 474/474/474 469/469/469 473/473/473
f 565/565/565 524/524/524 520/520/520
f 565/565/565 520/520/520 560/560/560
f 470/470/470 464/464/464 466/466/466
f 470/470/470 466/466/466 469/469/469
f 464/464/464 460/460/460 463/463/463
f 464/464/464 463/463/463 466/466/466
f 471/471/471 472/472/472 468/468/468
f 471/471/471 468/468/468 467/467/467
f 460/460/460 456/456/456 459/459/459
f 460/460/460 459/459/459 463/463/463
f 493/493/493 488/488/488 487/487/487
f 493/493/493 487/487/487 486/486/486
f 456/456/456 452/452/452 455/455/455
f 456/456/456 455/455/455 459/459/459
f 525/525/525 521/521/521 452/452/452
f 525/525/525 452/452/452 456/456/456
f 486/486/486 487/487/487 482/482/482
f 486/486/486 482/482/482 485/485/485
f 527/527/527 525/525/525 456/456/456
f 527/527/527 456/456/456 460/460/460
f 461/461/461 465/465/465 462/462/462
f 461/461/461 462/462/462 457/457/457
f 529/529/529 527/527/527 460/460/460
f 529/529/529 460/460/460 464/464/464
f 567/567/567 565/565/565 563/563/563
f 531/531/531 529/529/529 464/464/464
f 531/531/531 464/464/464 470/470/470
f 581/581/581 534/534/534 532/532/532
f 581/581/581 532/532/532 578/578/578
f 533/533/533 531/531/531 470/470/470
f 533/533/533 470/470/470 474/474/474
f 1580/1580/1580 1578/1578/1578 1573/1573/1573
f 1580/1580/1580 1573/1573/1573 1581/1581/1581
f 535/535/535 533/533/533 474/474/474
f 535/535/535 474/474/474 478/478/478
f 603/603/603 599/599/599 598/598/598
f 1775/1775/1775 1578/1578/1578 1580/1580/1580
f 1775/1775/1775 1580/1580/1580 1779/1779/1779
f 537/537/537 535/535/535 478/478/478
f 537/537/537 478/478/478 484/484/484
f 562/562/562 563/563/563 560/560/560
f 539/539/539 537/537/537 484/484/484
f 539/539/539 484/484/484 492/492/492
f 590/590/590 586/586/586 585/585/585
f 541/541/541 539/539/539 492/492/492
f 541/541/541 492/492/492 491/491/491
f 604/604/604 600/600/600 599/599/599
f 604/604/604 599/599/599 603/603/603
f 546/546/546 544/544/544 496/496/496
f 546/546/546 496/496/496 498/498/498
f 545/545/545 541/541/541 491/491/491
f 545/545/545 491/491/491 497/497/497
f 513/513/513 512/512/512 439/439/439
f 513/513/513 439/439/439 440/440/440
f 1766/1766/1766 1572/1572/1572 1575/1575/1575
f 1766/1766/1766 1575/1575/1575 1770/1770/1770
f 544/544/544 545/545/545 497/497/497
f 544/544/544 497/497/497 496/496/496
f 516/516/516 513/513/513 440/440/440
f 516/516/516 440/440/440 441/441/441
f 598/598/598 593/593/593 592/592/592
f 517/517/517 516/516/516 441/441/441
f 517/517/517 441/441/441 448/448/448
f 1578/1578/1578 1575/1575/1575 1573/1573/1573
f 521/521/521 517/517/517 448/448/448
f 521/521/521 448/448/448 452/452/452
f 1581/1581/1581 1573/1573/1573 1584/1584/1584
f 496/496/496 489/489/489 436/436/436
f 496/496/496 436/436/436 435/435/435
f 547/547/547 553/553/553 548/548/548
f 446/446/446 445/445/445 358/358/358
f 446/446/446 358/358/358 359/359/359
f 489/489/489 490/490/490 430/430/430
f 489/489/489 430/430/430 436/436/436
f 495/495/495 496/496/496 435/435/435
f 495/495/495 435/435/435 434/434/434
f 588/588/588 538/538/538 536/536/536
f 588/588/588 536/536/536 586/586/586
f 490/490/490 483/483/483 431/431/431
f 490/490/490 431/431/431 430/430/430
f 574/574/574 530/530/530 528/528/528
f 574/574/574 528/528/528 570/570/570
f 552/552/552 558/558/558 553/553/553
f 552/552/552 553/553/553 547/547/547
f 483/483/483 480/480/480 422/422/422
f 483/483/483 422/422/422 431/431/431
f 560/560/560 558/558/558 552/552/552
f 480/480/480 477/477/477 413/413/413
f 480/480/480 413/413/413 422/422/422
f 453/453/453 458/458/458 454/454/454
f 453/453/453 454/454/454 449/449/449
f 481/481/481 479/479/479 476/476/476
f 481/481/481 476/476/476 475/475/475
f 477/477/477 473/473/473 405/405/405
f 477/477/477 405/405/405 413/413/413
f 554/554/554 511/511/511 512/512/512
f 554/554/554 512/512/512 549/549/549
f 473/473/473 469/469/469 399/399/399
f 473/473/473 399/399/399 405/405/405
f 573/573/573 574/574/574 570/570/570
f 573/573/573 570/570/570 569/569/569
f 469/469/469 466/466/466 393/393/393
f 469/469/469 393/393/393 399/399/399
f 585/585/585 586/586/586 581/581/581
f 585/585/585 581/581/581 583/583/583
f 466/466/466 463/463/463 387/387/387
f 466/466/466 387/387/387 393/393/393
f 598/598/598 594/594/594 593/593/593
f 463/463/463 459/459/459 381/381/381
f 463/463/463 381/381/381 387/387/387
f 590/590/590 588/588/588 586/586/586
f 459/459/459 455/455/455 371/371/371
f 459/459/459 371/371/371 381/381/381
f 548/548/548 554/554/554 549/549/549
f 455/455/455 451/451/451 364/364/364
f 455/455/455 364/364/364 371/371/371
f 451/451/451 447/447/447 363/363/363
f 451/451/451 363/363/363 364/364/364
f 581/581/581 578/578/578 577/577/577
f 447/447/447 446/446/446 359/359/359
f 447/447/447 359/359/359 363/363/363
f 404/404/404 398/398/398 397/397/397
f 398/398/398 392/392/392 391/391/391
f 398/398/398 391/391/391 397/397/397
f 524/524/524 453/453/453 449/449/449
f 524/524/524 449/449/449 520/520/520
f 392/392/392 386/386/386 391/391/391
f 558/558/558 514/514/514 515/515/515
f 558/558/558 515/515/515 553/553/553
f 386/386/386 380/380/380 385/385/385
f 386/386/386 385/385/385 391/391/391
f 600/600/600 546/546/546 543/543/543
f 600/600/600 543/543/543 599/599/599
f 380/380/380 379/379/379 378/378/378
f 380/380/380 378/378/378 385/385/385
f 563/563/563 565/565/565 560/560/560
f 379/379/379 370/370/370 378/378/378
f 370/370/370 377/377/377 378/378/378
f 457/457/457 462/462/462 458/458/458
f 457/457/457 458/458/458 453/453/453
f 370/370/370 369/369/369 377/377/377
f 428/428/428 429/429/429 419/419/419
f 577/577/577 578/578/578 574/574/574
f 577/577/577 574/574/574 573/573/573
f 369/369/369 362/362/362 368/368/368
f 369/369/369 368/368/368 377/377/377
f 429/429/429 420/420/420 419/419/419
f 427/427/427 428/428/428 419/419/419
f 427/427/427 419/419/419 418/418/418
f 553/553/553 515/515/515 511/511/511
f 553/553/553 511/511/511 554/554/554
f 420/420/420 421/421/421 410/410/410
f 526/526/526 457/457/457 453/453/453
f 526/526/526 453/453/453 524/524/524
f 498/498/498 495/495/495 494/494/494
f 421/421/421 412/412/412 411/411/411
f 421/421/421 411/411/411 410/410/410
f 546/546/546 498/498/498 494/494/494
f 546/546/546 494/494/494 543/543/543
f 468/468/468 394/394/394 388/388/388
f 468/468/468 388/388/388 465/465/465
f 412/412/412 404/404/404 403/403/403
f 412/412/412 403/403/403 411/411/411
f 444/444/444 357/357/357 358/358/358
f 444/444/444 358/358/358 445/445/445
f 373/373/373 384/384/384 375/375/375
f 373/373/373 375/375/375 374/374/374
f 404/404/404 397/397/397 403/403/403
f 593/593/593 540/540/540 538/538/538
f 593/593/593 538/538/538 588/588/588
f 442/442/442 450/450/450 443/443/443
f 442/442/442 443/443/443 437/437/437
f 413/413/413 405/405/405 404/404/404
f 401/401/401 402/402/402 396/396/396
f 534/534/534 475/475/475 471/471/471
f 534/534/534 471/471/471 532/532/532
f 422/422/422 413/413/413 404/404/404
f 422/422/422 404/404/404 412/412/412
f 415/415/415 409/409/409 408/408/408
f 415/415/415 408/408/408 407/407/407
f 494/494/494 433/433/433 432/432/432
f 494/494/494 432/432/432 488/488/488
f 431/431/431 422/422/422 412/412/412
f 431/431/431 412/412/412 421/421/421
f 567/567/567 526/526/526 524/524/524
f 567/567/567 524/524/524 565/565/565
f 514/514/514 442/442/442 437/437/437
f 514/514/514 437/437/437 515/515/515
f 430/430/430 431/431/431 421/421/421
f 430/430/430 421/421/421 420/420/420
f 594/594/594 542/542/542 540/540/540
f 594/594/594 540/540/540 593/593/593
f 434/434/434 435/435/435 428/428/428
f 434/434/434 428/428/428 427/427/427
f 436/436/436 430/430/430 420/420/420
f 436/436/436 420/420/420 429/429/429
f 359/359/359 358/358/358 362/362/362
f 359/359/359 362/362/362 369/369/369
f 553/553/553 554/554/554 548/548/548
f 435/435/435 436/436/436 429/429/429
f 435/435/435 429/429/429 428/428/428
f 363/363/363 359/359/359 369/369/369
f 363/363/363 369/369/369 370/370/370
f 467/467/467 468/468/468 465/465/465
f 467/467/467 465/465/465 461/461/461
f 364/364/364 363/363/363 370/370/370
f 593/593/593 588/588/588 590/590/590
f 371/371/371 364/364/364 370/370/370
f 371/371/371 370/370/370 379/379/379
f 569/569/569 570/570/570 567/567/567
f 381/381/381 371/371/371 379/379/379
f 381/381/381 379/379/379 380/380/380
f 599/599/599 543/543/543 542/542/542
f 599/599/599 542/542/542 594/594/594
f 387/387/387 381/381/381 380/380/380
f 387/387/387 380/380/380 386/386/386
f 599/599/599 594/594/594 598/598/598
f 393/393/393 387/387/387 386/386/386
f 393/393/393 386/386/386 392/392/392
f 437/437/437 443/443/443 444/444/444
f 437/437/437 444/444/444 438/438/438
f 399/399/399 393/393/393 392/392/392
f 399/399/399 392/392/392 398/398/398
f 494/494/494 488/488/488 493/493/493
f 405/405/405 399/399/399 398/398/398
f 405/405/405 398/398/398 404/404/404
f 586/586/586 536/536/536 534/534/534
f 586/586/586 534/534/534 581/581/581
f 377/377/377 339/339/339 340/340/340
f 419/419/419 355/355/355 354/354/354
f 449/449/449 454/454/454 450/450/450
f 449/449/449 450/450/450 442/442/442
f 377/377/377 368/368/368 339/339/339
f 419/419/419 420/420/420 355/355/355
f 418/418/418 419/419/419 354/354/354
f 366/366/366 375/375/375 376/376/376
f 420/420/420 410/410/410 356/356/356
f 420/420/420 356/356/356 355/355/355
f 443/443/443 361/361/361 357/357/357
f 443/443/443 357/357/357 444/444/444
f 560/560/560 520/520/520 514/514/514
f 560/560/560 514/514/514 558/558/558
f 410/410/410 411/411/411 351/351/351
f 410/410/410 351/351/351 356/356/356
f 475/475/475 476/476/476 472/472/472
f 475/475/475 472/472/472 471/471/471
f 485/485/485 482/482/482 479/479/479
f 485/485/485 479/479/479 481/481/481
f 411/411/411 403/403/403 351/351/351
f 416/416/416 409/409/409 415/415/415
f 520/520/520 449/449/449 442/442/442
f 520/520/520 442/442/442 514/514/514
f 403/403/403 397/397/397 349/349/349
f 403/403/403 349/349/349 351/351/351
f 540/540/540 486/486/486 485/485/485
f 540/540/540 485/485/485 538/538/538
f 528/528/528 461/461/461 457/457/457
f 528/528/528 457/457/457 526/526/526
f 397/397/397 391/391/391 346/346/346
f 397/397/397 346/346/346 349/349/349
f 438/438/438 444/444/444 445/445/445
f 438/438/438 445/445/445 439/439/439
f 530/530/530 467/467/467 461/461/461
f 530/530/530 461/461/461 528/528/528
f 391/391/391 385/385/385 344/344/344
f 391/391/391 344/344/344 346/346/346
f 511/511/511 438/438/438 439/439/439
f 511/511/511 439/439/439 512/512/512
f 385/385/385 378/378/378 344/344/344
f 578/578/578 532/532/532 530/530/530
f 578/578/578 530/530/530 574/574/574
f 378/378/378 343/343/343 344/344/344
f 462/462/462 382/382/382 372/372/372
f 462/462/462 372/372/372 458/458/458
f 378/378/378 377/377/377 340/340/340
f 378/378/378 340/340/340 343/343/343
f 406/406/406 401/401/401 400/400/400
f 395/395/395 396/396/396 390/390/390
f 395/395/395 390/390/390 389/389/389
f 349/349/349 346/346/346 330/330/330
f 349/349/349 330/330/330 332/332/332
f 538/538/538 485/485/485 481/481/481
f 538/538/538 481/481/481 536/536/536
f 454/454/454 365/365/365 360/360/360
f 454/454/454 360/360/360 450/450/450
f 346/346/346 344/344/344 330/330/330
f 495/495/495 434/434/434 433/433/433
f 495/495/495 433/433/433 494/494/494
f 344/344/344 328/328/328 330/330/330
f 543/543/543 494/494/494 493/493/493
f 543/543/543 493/493/493 542/542/542
f 344/344/344 343/343/343 327/327/327
f 344/344/344 327/327/327 328/328/328
f 476/476/476 406/406/406 400/400/400
f 476/476/476 400/400/400 472/472/472
f 343/343/343 340/340/340 327/327/327
f 515/515/515 437/437/437 438/438/438
f 515/515/515 438/438/438 511/511/511
f 340/340/340 339/339/339 326/326/326
f 340/340/340 326/326/326 327/327/327
f 354/354/354 355/355/355 337/337/337
f 354/354/354 337/337/337 336/336/336
f 542/542/542 493/493/493 486/486/486
f 542/542/542 486/486/486 540/540/540
f 426/426/426 417/417/417 425/425/425
f 355/355/355 356/356/356 334/334/334
f 355/355/355 334/334/334 337/337/337
f 482/482/482 423/423/423 414/414/414
f 482/482/482 414/414/414 479/479/479
f 356/356/356 351/351/351 334/334/334
f 532/532/532 471/471/471 467/467/467
f 532/532/532 467/467/467 530/530/530
f 536/536/536 481/481/481 475/475/475
f 536/536/536 475/475/475 534/534/534
f 367/367/367 376/376/376 368/368/368
f 367/367/367 368/368/368 362/362/362
f 374/374/374 375/375/375 366/366/366
f 351/351/351 349/349/349 332/332/332
f 351/351/351 332/332/332 334/334/334
f 334/334/334 332/332/332 318/318/318
f 334/334/334 318/318/318 320/320/320
f 465/465/465 388/388/388 382/382/382
f 465/465/465 382/382/382 462/462/462
f 479/479/479 414/414/414 406/406/406
f 479/479/479 406/406/406 476/476/476
f 332/332/332 330/330/330 316/316/316
f 332/332/332 316/316/316 318/318/318
f 383/383/383 390/390/390 384/384/384
f 383/383/383 384/384/384 373/373/373
f 488/488/488 432/432/432 424/424/424
f 488/488/488 424/424/424 487/487/487
f 330/330/330 314/314/314 316/316/316
f 433/433/433 426/426/426 425/425/425
f 433/433/433 425/425/425 432/432/432
f 330/330/330 328/328/328 314/314/314
f 427/427/427 418/418/418 417/417/417
f 427/427/427 417/417/417 426/426/426
f 328/328/328 327/327/327 313/313/313
f 328/328/328 313/313/313 314/314/314
f 472/472/472 400/400/400 394/394/394
f 472/472/472 394/394/394 468/468/468
f 425/425/425 417/417/417 416/416/416
f 327/327/327 326/326/326 310/310/310
f 327/327/327 310/310/310 313/313/313
f 336/336/336 337/337/337 323/323/323
f 336/336/336 323/323/323 322/322/322
f 407/407/407 408/408/408 402/402/402
f 407/407/407 402/402/402 401/401/401
f 458/458/458 372/372/372 365/365/365
f 458/458/458 365/365/365 454/454/454
f 337/337/337 334/334/334 320/320/320
f 337/337/337 320/320/320 323/323/323
f 450/450/450 360/360/360 361/361/361
f 450/450/450 361/361/361 443/443/443
f 487/487/487 424/424/424 423/423/423
f 487/487/487 423/423/423 482/482/482
f 401/401/401 396/396/396 395/395/395
f 366/366/366 376/376/376 367/367/367
f 389/389/389 390/390/390 383/383/383
f 394/394/394 395/395/395 389/389/389
f 394/394/394 389/389/389 388/388/388
f 298/298/298 297/297/297 262/262/262
f 400/400/400 401/401/401 395/395/395
f 400/400/400 395/395/395 394/394/394
f 297/297/297 295/295/295 260/260/260
f 297/297/297 260/260/260 262/262/262
f 424/424/424 416/416/416 415/415/415
f 424/424/424 415/415/415 423/423/423
f 434/434/434 427/427/427 426/426/426
f 434/434/434 426/426/426 433/433/433
f 295/295/295 294/294/294 258/258/258
f 295/295/295 258/258/258 260/260/260
f 360/360/360 366/366/366 361/361/361
f 294/294/294 292/292/292 257/257/257
f 294/294/294 257/257/257 258/258/258
f 372/372/372 373/373/373 374/374/374
f 372/372/372 374/374/374 365/365/365
f 292/292/292 291/291/291 257/257/257
f 306/306/306 307/307/307 273/273/273
f 376/376/376 338/338/338 339/339/339
f 376/376/376 339/339/339 368/368/368
f 291/291/291 256/256/256 257/257/257
f 307/307/307 270/270/270 273/273/273
f 309/309/309 306/306/306 273/273/273
f 309/309/309 273/273/273 272/272/272
f 396/396/396 347/347/347 345/345/345
f 396/396/396 345/345/345 390/390/390
f 307/307/307 308/308/308 270/270/270
f 390/390/390 345/345/345 341/341/341
f 390/390/390 341/341/341 384/384/384
f 365/365/365 374/374/374 366/366/366
f 365/365/365 366/366/366 360/360/360
f 308/308/308 303/303/303 267/267/267
f 308/308/308 267/267/267 270/270/270
f 375/375/375 341/341/341 342/342/342
f 303/303/303 268/268/268 267/267/267
f 345/345/345 329/329/329 341/341/341
f 303/303/303 300/300/300 264/264/264
f 303/303/303 264/264/264 268/268/268
f 357/357/357 367/367/367 362/362/362
f 357/357/357 362/362/362 358/358/358
f 300/300/300 298/298/298 262/262/262
f 300/300/300 262/262/262 264/264/264
f 301/301/301 265/265/265 263/263/263
f 301/301/301 263/263/263 299/299/299
f 222/222/222 226/226/226 251/251/251
f 223/223/223 222/222/222 251/251/251
f 223/223/223 251/251/251 248/248/248
f 217/217/217 223/223/223 248/248/248
f 217/217/217 248/248/248 245/245/245
f 218/218/218 217/217/217 245/245/245
f 218/218/218 245/245/245 246/246/246
f 213/213/213 218/218/218 246/246/246
f 213/213/213 246/246/246 243/243/243
f 209/209/209 213/213/213 243/243/243
f 209/209/209 243/243/243 241/241/241
f 205/205/205 209/209/209 241/241/241
f 205/205/205 241/241/241 239/239/239
f 200/200/200 205/205/205 239/239/239
f 200/200/200 239/239/239 236/236/236
f 199/199/199 200/200/200 236/236/236
f 199/199/199 236/236/236 235/235/235
f 198/198/198 199/199/199 235/235/235
f 198/198/198 235/235/235 234/234/234
f 309/309/309 272/272/272 271/271/271
f 309/309/309 271/271/271 305/305/305
f 341/341/341 329/329/329 324/324/324
f 207/207/207 211/211/211 176/176/176
f 305/305/305 271/271/271 269/269/269
f 305/305/305 269/269/269 304/304/304
f 198/198/198 234/234/234 233/233/233
f 198/198/198 233/233/233 197/197/197
f 319/319/319 302/302/302 301/301/301
f 196/196/196 232/232/232 238/238/238
f 196/196/196 238/238/238 201/201/201
f 317/317/317 299/299/299 296/296/296
f 317/317/317 296/296/296 315/315/315
f 319/319/319 301/301/301 299/299/299
f 319/319/319 299/299/299 317/317/317
f 418/418/418 354/354/354 353/353/353
f 418/418/418 353/353/353 417/417/417
f 353/353/353 336/336/336 335/335/335
f 226/226/226 225/225/225 250/250/250
f 226/226/226 250/250/250 251/251/251
f 224/224/224 249/249/249 250/250/250
f 224/224/224 250/250/250 225/225/225
f 318/318/318 316/316/316 298/298/298
f 318/318/318 298/298/298 300/300/300
f 432/432/432 425/425/425 416/416/416
f 432/432/432 416/416/416 424/424/424
f 416/416/416 353/353/353 352/352/352
f 416/416/416 352/352/352 409/409/409
f 320/320/320 318/318/318 300/300/300
f 320/320/320 300/300/300 303/303/303
f 335/335/335 321/321/321 319/319/319
f 335/335/335 319/319/319 333/333/333
f 384/384/384 341/341/341 375/375/375
f 341/341/341 324/324/324 325/325/325
f 341/341/341 325/325/325 342/342/342
f 320/320/320 303/303/303 308/308/308
f 361/361/361 366/366/366 367/367/367
f 361/361/361 367/367/367 357/357/357
f 353/353/353 335/335/335 333/333/333
f 353/353/353 333/333/333 352/352/352
f 323/323/323 320/320/320 308/308/308
f 323/323/323 308/308/308 307/307/307
f 338/338/338 325/325/325 326/326/326
f 322/322/322 306/306/306 309/309/309
f 388/388/388 389/389/389 383/383/383
f 388/388/388 383/383/383 382/382/382
f 322/322/322 323/323/323 307/307/307
f 322/322/322 307/307/307 306/306/306
f 313/313/313 310/310/310 291/291/291
f 313/313/313 291/291/291 292/292/292
f 382/382/382 383/383/383 373/373/373
f 382/382/382 373/373/373 372/372/372
f 313/313/313 292/292/292 294/294/294
f 375/375/375 342/342/342 338/338/338
f 375/375/375 338/338/338 376/376/376
f 314/314/314 313/313/313 294/294/294
f 314/314/314 294/294/294 295/295/295
f 414/414/414 407/407/407 401/401/401
f 414/414/414 401/401/401 406/406/406
f 423/423/423 415/415/415 407/407/407
f 423/423/423 407/407/407 414/414/414
f 316/316/316 314/314/314 295/295/295
f 316/316/316 295/295/295 297/297/297
f 402/402/402 350/350/350 348/348/348
f 402/402/402 348/348/348 396/396/396
f 316/316/316 297/297/297 298/298/298
f 177/177/177 175/175/175 174/174/174
f 198/198/198 203/203/203 199/199/199
f 248/248/248 251/251/251 273/273/273
f 248/248/248 273/273/273 270/270/270
f 203/203/203 174/174/174 204/204/204
f 199/199/199 203/203/203 204/204/204
f 199/199/199 204/204/204 200/200/200
f 204/204/204 174/174/174 175/175/175
f 200/200/200 204/204/204 205/205/205
f 245/245/245 248/248/248 270/270/270
f 245/245/245 270/270/270 267/267/267
f 246/246/246 245/245/245 267/267/267
f 246/246/246 267/267/267 268/268/268
f 204/204/204 175/175/175 208/208/208
f 205/205/205 204/204/204 208/208/208
f 177/177/177 178/178/178 175/175/175
f 205/205/205 208/208/208 209/209/209
f 243/243/243 246/246/246 268/268/268
f 243/243/243 268/268/268 264/264/264
f 208/208/208 175/175/175 178/178/178
f 241/241/241 243/243/243 264/264/264
f 241/241/241 264/264/264 262/262/262
f 208/208/208 178/178/178 212/212/212
f 209/209/209 208/208/208 212/212/212
f 209/209/209 212/212/212 213/213/213
f 177/177/177 181/181/181 178/178/178
f 213/213/213 212/212/212 217/217/217
f 213/213/213 217/217/217 218/218/218
f 239/239/239 241/241/241 262/262/262
f 239/239/239 262/262/262 260/260/260
f 212/212/212 178/178/178 217/217/217
f 177/177/177 180/180/180 181/181/181
f 236/236/236 239/239/239 260/260/260
f 236/236/236 260/260/260 258/258/258
f 217/217/217 178/178/178 181/181/181
f 217/217/217 181/181/181 216/216/216
f 217/217/217 216/216/216 223/223/223
f 235/235/235 236/236/236 258/258/258
f 235/235/235 258/258/258 257/257/257
f 216/216/216 181/181/181 222/222/222
f 223/223/223 216/216/216 222/222/222
f 222/222/222 181/181/181 180/180/180
f 222/222/222 221/221/221 226/226/226
f 234/234/234 235/235/235 257/257/257
f 234/234/234 257/257/257 256/256/256
f 222/222/222 180/180/180 221/221/221
f 226/226/226 221/221/221 225/225/225
f 302/302/302 266/266/266 265/265/265
f 302/302/302 265/265/265 301/301/301
f 408/408/408 350/350/350 402/402/402
f 350/350/350 333/333/333 331/331/331
f 350/350/350 331/331/331 348/348/348
f 322/322/322 305/305/305 321/321/321
f 242/242/242 263/263/263 265/265/265
f 242/242/242 265/265/265 244/244/244
f 396/396/396 348/348/348 347/347/347
f 244/244/244 265/265/265 266/266/266
f 409/409/409 352/352/352 350/350/350
f 409/409/409 350/350/350 408/408/408
f 417/417/417 353/353/353 416/416/416
f 329/329/329 315/315/315 311/311/311
f 202/202/202 173/173/173 174/174/174
f 348/348/348 331/331/331 347/347/347
f 322/322/322 309/309/309 305/305/305
f 321/321/321 304/304/304 319/319/319
f 210/210/210 214/214/214 215/215/215
f 210/210/210 215/215/215 211/211/211
f 299/299/299 263/263/263 261/261/261
f 299/299/299 261/261/261 296/296/296
f 319/319/319 304/304/304 302/302/302
f 310/310/310 290/290/290 291/291/291
f 329/329/329 311/311/311 324/324/324
f 290/290/290 255/255/255 256/256/256
f 290/290/290 256/256/256 291/291/291
f 293/293/293 254/254/254 255/255/255
f 293/293/293 255/255/255 290/290/290
f 347/347/347 331/331/331 329/329/329
f 347/347/347 329/329/329 345/345/345
f 336/336/336 322/322/322 321/321/321
f 336/336/336 321/321/321 335/335/335
f 220/220/220 249/249/249 224/224/224
f 293/293/293 259/259/259 254/254/254
f 342/342/342 325/325/325 338/338/338
f 324/324/324 311/311/311 312/312/312
f 324/324/324 312/312/312 325/325/325
f 296/296/296 261/261/261 259/259/259
f 296/296/296 259/259/259 293/293/293
f 325/325/325 312/312/312 310/310/310
f 325/325/325 310/310/310 326/326/326
f 352/352/352 333/333/333 350/350/350
f 304/304/304 269/269/269 266/266/266
f 304/304/304 266/266/266 302/302/302
f 354/354/354 336/336/336 353/353/353
f 321/321/321 305/305/305 304/304/304
f 251/251/251 250/250/250 272/272/272
f 251/251/251 272/272/272 273/273/273
f 333/333/333 319/319/319 317/317/317
f 333/333/333 317/317/317 331/331/331
f 311/311/311 293/293/293 312/312/312
f 201/201/201 206/206/206 207/207/207
f 1301/1301/1301 1300/1300/1300 1296/1296/1296
f 1301/1301/1301 1296/1296/1296 1297/1297/1297
f 206/206/206 240/240/240 242/242/242
f 206/206/206 242/242/242 210/210/210
f 1318/1318/1318 1255/1255/1255 1253/1253/1253
f 1318/1318/1318 1253/1253/1253 1316/1316/1316
f 215/215/215 220/220/220 179/179/179
f 224/224/224 225/225/225 221/221/221
f 244/244/244 266/266/266 269/269/269
f 244/244/244 269/269/269 247/247/247
f 1316/1316/1316 1253/1253/1253 1251/1251/1251
f 1316/1316/1316 1251/1251/1251 1314/1314/1314
f 1247/1247/1247 1306/1306/1306 1314/1314/1314
f 1247/1247/1247 1314/1314/1314 1251/1251/1251
f 237/237/237 259/259/259 261/261/261
f 237/237/237 261/261/261 240/240/240
f 234/234/234 256/256/256 255/255/255
f 234/234/234 255/255/255 233/233/233
f 1343/1343/1343 1342/1342/1342 1229/1229/1229
f 1343/1343/1343 1229/1229/1229 1230/1230/1230
f 1345/1345/1345 1343/1343/1343 1230/1230/1230
f 1345/1345/1345 1230/1230/1230 1232/1232/1232
f 1347/1347/1347 1345/1345/1345 1232/1232/1232
f 1347/1347/1347 1232/1232/1232 1234/1234/1234
f 1349/1349/1349 1347/1347/1347 1234/1234/1234
f 1349/1349/1349 1234/1234/1234 1237/1237/1237
f 1298/1298/1298 1349/1349/1349 1237/1237/1237
f 1298/1298/1298 1237/1237/1237 1238/1238/1238
f 1298/1298/1298 1238/1238/1238 1241/1241/1241
f 1248/1248/1248 1252/1252/1252 1315/1315/1315
f 1248/1248/1248 1315/1315/1315 1307/1307/1307
f 1317/1317/1317 1315/1315/1315 1252/1252/1252
f 1317/1317/1317 1252/1252/1252 1254/1254/1254
f 1319/1319/1319 1317/1317/1317 1254/1254/1254
f 1319/1319/1319 1254/1254/1254 1256/1256/1256
f 1321/1321/1321 1319/1319/1319 1256/1256/1256
f 1321/1321/1321 1256/1256/1256 1258/1258/1258
f 1323/1323/1323 1321/1321/1321 1258/1258/1258
f 1323/1323/1323 1258/1258/1258 1260/1260/1260
f 1328/1328/1328 1323/1323/1323 1260/1260/1260
f 1328/1328/1328 1260/1260/1260 1265/1265/1265
f 1327/1327/1327 1328/1328/1328 1265/1265/1265
f 1327/1327/1327 1265/1265/1265 1264/1264/1264
f 1326/1326/1326 1327/1327/1327 1264/1264/1264
f 1326/1326/1326 1264/1264/1264 1263/1263/1263
f 220/220/220 224/224/224 221/221/221
f 206/206/206 210/210/210 211/211/211
f 206/206/206 211/211/211 207/207/207
f 312/312/312 293/293/293 290/290/290
f 207/207/207 176/176/176 173/173/173
f 338/338/338 326/326/326 339/339/339
f 312/312/312 290/290/290 310/310/310
f 203/203/203 202/202/202 174/174/174
f 315/315/315 296/296/296 293/293/293
f 315/315/315 293/293/293 311/311/311
f 177/177/177 173/173/173 176/176/176
f 240/240/240 261/261/261 263/263/263
f 240/240/240 263/263/263 242/242/242
f 1230/1230/1230 1229/1229/1229 1140/1140/1140
f 1230/1230/1230 1140/1140/1140 1141/1141/1141
f 1232/1232/1232 1230/1230/1230 1141/1141/1141
f 1232/1232/1232 1141/1141/1141 1144/1144/1144
f 1234/1234/1234 1232/1232/1232 1144/1144/1144
f 1234/1234/1234 1144/1144/1144 1145/1145/1145
f 1237/1237/1237 1234/1234/1234 1145/1145/1145
f 1237/1237/1237 1145/1145/1145 1147/1147/1147
f 1238/1238/1238 1237/1237/1237 1147/1147/1147
f 1238/1238/1238 1147/1147/1147 1193/1193/1193
f 1241/1241/1241 1238/1238/1238 1193/1193/1193
f 1198/1198/1198 1206/1206/1206 1252/1252/1252
f 1198/1198/1198 1252/1252/1252 1248/1248/1248
f 1254/1254/1254 1252/1252/1252 1206/1206/1206
f 1254/1254/1254 1206/1206/1206 1208/1208/1208
f 1256/1256/1256 1254/1254/1254 1208/1208/1208
f 1256/1256/1256 1208/1208/1208 1210/1210/1210
f 1258/1258/1258 1256/1256/1256 1210/1210/1210
f 1258/1258/1258 1210/1210/1210 1212/1212/1212
f 1260/1260/1260 1258/1258/1258 1212/1212/1212
f 1260/1260/1260 1212/1212/1212 1214/1214/1214
f 1265/1265/1265 1260/1260/1260 1214/1214/1214
f 1265/1265/1265 1214/1214/1214 1218/1218/1218
f 1264/1264/1264 1265/1265/1265 1218/1218/1218
f 1264/1264/1264 1218/1218/1218 1217/1217/1217
f 1263/1263/1263 1264/1264/1264 1217/1217/1217
f 1263/1263/1263 1217/1217/1217 1219/1219/1219
f 211/211/211 215/215/215 176/176/176
f 177/177/177 176/176/176 179/179/179
f 1430/1430/1430 1431/1431/1431 1327/1327/1327
f 1430/1430/1430 1327/1327/1327 1326/1326/1326
f 1431/1431/1431 1432/1432/1432 1328/1328/1328
f 1431/1431/1431 1328/1328/1328 1327/1327/1327
f 1432/1432/1432 1427/1427/1427 1323/1323/1323
f 1432/1432/1432 1323/1323/1323 1328/1328/1328
f 1427/1427/1427 1425/1425/1425 1321/1321/1321
f 1427/1427/1427 1321/1321/1321 1323/1323/1323
f 1425/1425/1425 1423/1423/1423 1319/1319/1319
f 1425/1425/1425 1319/1319/1319 1321/1321/1321
f 1423/1423/1423 1421/1421/1421 1317/1317/1317
f 1423/1423/1423 1317/1317/1317 1319/1319/1319
f 1421/1421/1421 1392/1392/1392 1315/1315/1315
f 1421/1421/1421 1315/1315/1315 1317/1317/1317
f 1419/1419/1419 1365/1365/1365 1307/1307/1307
f 1419/1419/1419 1307/1307/1307 1392/1392/1392
f 1417/1417/1417 1415/1415/1415 1352/1352/1352
f 1417/1417/1417 1352/1352/1352 1358/1358/1358
f 1302/1302/1302 1386/1386/1386 1298/1298/1298
f 1386/1386/1386 1413/1413/1413 1349/1349/1349
f 1386/1386/1386 1349/1349/1349 1298/1298/1298
f 1413/1413/1413 1411/1411/1411 1347/1347/1347
f 1413/1413/1413 1347/1347/1347 1349/1349/1349
f 1411/1411/1411 1409/1409/1409 1345/1345/1345
f 1411/1411/1411 1345/1345/1345 1347/1347/1347
f 1409/1409/1409 1407/1407/1407 1343/1343/1343
f 1409/1409/1409 1343/1343/1343 1345/1345/1345
f 1407/1407/1407 1406/1406/1406 1342/1342/1342
f 1407/1407/1407 1342/1342/1342 1343/1343/1343
f 197/197/197 196/196/196 202/202/202
f 247/247/247 269/269/269 271/271/271
f 247/247/247 271/271/271 249/249/249
f 1346/1346/1346 1233/1233/1233 1231/1231/1231
f 1346/1346/1346 1231/1231/1231 1344/1344/1344
f 1236/1236/1236 1146/1146/1146 1142/1142/1142
f 1236/1236/1236 1142/1142/1142 1233/1233/1233
f 1228/1228/1228 1139/1139/1139 1140/1140/1140
f 1228/1228/1228 1140/1140/1140 1229/1229/1229
f 1326/1326/1326 1263/1263/1263 1262/1262/1262
f 1326/1326/1326 1262/1262/1262 1325/1325/1325
f 215/215/215 244/244/244 247/247/247
f 215/215/215 247/247/247 219/219/219
f 1233/1233/1233 1142/1142/1142 1143/1143/1143
f 1233/1233/1233 1143/1143/1143 1231/1231/1231
f 196/196/196 201/201/201 202/202/202
f 1428/1428/1428 1324/1324/1324 1322/1322/1322
f 1428/1428/1428 1322/1322/1322 1426/1426/1426
f 201/201/201 237/237/237 240/240/240
f 201/201/201 240/240/240 206/206/206
f 1240/1240/1240 1239/1239/1239 1191/1191/1191
f 1240/1240/1240 1191/1191/1191 1192/1192/1192
f 1341/1341/1341 1228/1228/1228 1229/1229/1229
f 1341/1341/1341 1229/1229/1229 1342/1342/1342
f 197/197/197 233/233/233 232/232/232
f 197/197/197 232/232/232 196/196/196
f 220/220/220 221/221/221 180/180/180
f 331/331/331 317/317/317 315/315/315
f 331/331/331 315/315/315 329/329/329
f 215/215/215 179/179/179 176/176/176
f 1306/1306/1306 1304/1304/1304 1362/1362/1362
f 1306/1306/1306 1362/1362/1362 1364/1364/1364
f 1255/1255/1255 1209/1209/1209 1207/1207/1207
f 1255/1255/1255 1207/1207/1207 1253/1253/1253
f 220/220/220 180/180/180 179/179/179
f 198/198/198 197/197/197 203/203/203
f 1385/1385/1385 1297/1297/1297 1348/1348/1348
f 1385/1385/1385 1348/1348/1348 1412/1412/1412
f 1141/1141/1141 1140/1140/1140 1080/1080/1080
f 1141/1141/1141 1080/1080/1080 1081/1081/1081
f 1144/1144/1144 1141/1141/1141 1081/1081/1081
f 1144/1144/1144 1081/1081/1081 1084/1084/1084
f 1145/1145/1145 1144/1144/1144 1084/1084/1084
f 1145/1145/1145 1084/1084/1084 1085/1085/1085
f 1147/1147/1147 1145/1145/1145 1085/1085/1085
f 1147/1147/1147 1085/1085/1085 1087/1087/1087
f 1193/1193/1193 1147/1147/1147 1087/1087/1087
f 1193/1193/1193 1087/1087/1087 1089/1089/1089
f 1150/1150/1150 1089/1089/1089 1091/1091/1091
f 1150/1150/1150 1091/1091/1091 1154/1154/1154
f 1208/1208/1208 1206/1206/1206 1101/1101/1101
f 1208/1208/1208 1101/1101/1101 1103/1103/1103
f 1210/1210/1210 1208/1208/1208 1103/1103/1103
f 1210/1210/1210 1103/1103/1103 1105/1105/1105
f 1212/1212/1212 1210/1210/1210 1105/1105/1105
f 1212/1212/1212 1105/1105/1105 1107/1107/1107
f 1214/1214/1214 1212/1212/1212 1107/1107/1107
f 1214/1214/1214 1107/1107/1107 1109/1109/1109
f 1218/1218/1218 1214/1214/1214 1109/1109/1109
f 1218/1218/1218 1109/1109/1109 1113/1113/1113
f 1217/1217/1217 1218/1218/1218 1113/1113/1113
f 1217/1217/1217 1113/1113/1113 1112/1112/1112
f 1219/1219/1219 1217/1217/1217 1112/1112/1112
f 1219/1219/1219 1112/1112/1112 1114/1114/1114
f 214/214/214 244/244/244 215/215/215
f 1154/1154/1154 1159/1159/1159 1162/1162/1162
f 1154/1154/1154 1162/1162/1162 1155/1155/1155
f 1240/1240/1240 1192/1192/1192 1235/1235/1235
f 1213/1213/1213 1108/1108/1108 1106/1106/1106
f 1213/1213/1213 1106/1106/1106 1211/1211/1211
f 1502/1502/1502 1500/1500/1500 1499/1499/1499
f 1235/1235/1235 1192/1192/1192 1146/1146/1146
f 1235/1235/1235 1146/1146/1146 1236/1236/1236
f 1193/1193/1193 1194/1194/1194 1242/1242/1242
f 1193/1193/1193 1242/1242/1242 1241/1241/1241
f 1241/1241/1241 1242/1242/1242 1299/1299/1299
f 1241/1241/1241 1299/1299/1299 1298/1298/1298
f 219/219/219 220/220/220 215/215/215
f 1430/1430/1430 1326/1326/1326 1325/1325/1325
f 1430/1430/1430 1325/1325/1325 1429/1429/1429
f 1298/1298/1298 1299/1299/1299 1303/1303/1303
f 1298/1298/1298 1303/1303/1303 1302/1302/1302
f 1146/1146/1146 1086/1086/1086 1082/1082/1082
f 1146/1146/1146 1082/1082/1082 1142/1142/1142
f 1197/1197/1197 1247/1247/1247 1251/1251/1251
f 1197/1197/1197 1251/1251/1251 1205/1205/1205
f 1324/1324/1324 1261/1261/1261 1259/1259/1259
f 1324/1324/1324 1259/1259/1259 1322/1322/1322
f 177/177/177 174/174/174 173/173/173
f 1365/1365/1365 1368/1368/1368 1309/1309/1309
f 1365/1365/1365 1309/1309/1309 1307/1307/1307
f 1259/1259/1259 1213/1213/1213 1211/1211/1211
f 1259/1259/1259 1211/1211/1211 1257/1257/1257
f 1194/1194/1194 1151/1151/1151 1244/1244/1244
f 1194/1194/1194 1244/1244/1244 1242/1242/1242
f 233/233/233 255/255/255 254/254/254
f 233/233/233 254/254/254 232/232/232
f 1410/1410/1410 1346/1346/1346 1344/1344/1344
f 1410/1410/1410 1344/1344/1344 1408/1408/1408
f 737/737/737 733/733/733 734/734/734
f 1159/1159/1159 1070/1070/1070 1098/1098/1098
f 1159/1159/1159 1098/1098/1098 1166/1166/1166
f 1198/1198/1198 1172/1172/1172 1101/1101/1101
f 1198/1198/1198 1101/1101/1101 1206/1206/1206
f 1091/1091/1091 1070/1070/1070 1159/1159/1159
f 1091/1091/1091 1159/1159/1159 1154/1154/1154
f 1193/1193/1193 1089/1089/1089 1150/1150/1150
f 1352/1352/1352 1415/1415/1415 1386/1386/1386
f 1352/1352/1352 1386/1386/1386 1302/1302/1302
f 1307/1307/1307 1315/1315/1315 1392/1392/1392
f 1417/1417/1417 1358/1358/1358 1365/1365/1365
f 1417/1417/1417 1365/1365/1365 1419/1419/1419
f 1262/1262/1262 1216/1216/1216 1215/1215/1215
f 1262/1262/1262 1215/1215/1215 1261/1261/1261
f 1191/1191/1191 1239/1239/1239 1243/1243/1243
f 1191/1191/1191 1243/1243/1243 1148/1148/1148
f 1320/1320/1320 1257/1257/1257 1255/1255/1255
f 1320/1320/1320 1255/1255/1255 1318/1318/1318
f 1098/1098/1098 1101/1101/1101 1172/1172/1172
f 1098/1098/1098 1172/1172/1172 1166/1166/1166
f 1296/1296/1296 1300/1300/1300 1243/1243/1243
f 1296/1296/1296 1243/1243/1243 1239/1239/1239
f 1416/1416/1416 1418/1418/1418 1364/1364/1364
f 1416/1416/1416 1364/1364/1364 1357/1357/1357
f 1097/1097/1097 1165/1165/1165 1171/1171/1171
f 1097/1097/1097 1171/1171/1171 1100/1100/1100
f 1219/1219/1219 1114/1114/1114 1111/1111/1111
f 1219/1219/1219 1111/1111/1111 1216/1216/1216
f 1158/1158/1158 1165/1165/1165 1097/1097/1097
f 1158/1158/1158 1097/1097/1097 1069/1069/1069
f 1158/1158/1158 1153/1153/1153 1152/1152/1152
f 1158/1158/1158 1152/1152/1152 1156/1156/1156
f 1155/1155/1155 1162/1162/1162 1244/1244/1244
f 1155/1155/1155 1244/1244/1244 1151/1151/1151
f 1168/1168/1168 1174/1174/1174 1244/1244/1244
f 1168/1168/1168 1244/1244/1244 1162/1162/1162
f 1200/1200/1200 1250/1250/1250 1244/1244/1244
f 1200/1200/1200 1244/1244/1244 1174/1174/1174
f 1309/1309/1309 1244/1244/1244 1250/1250/1250
f 1368/1368/1368 1361/1361/1361 1244/1244/1244
f 1368/1368/1368 1244/1244/1244 1309/1309/1309
f 1353/1353/1353 1303/1303/1303 1244/1244/1244
f 1353/1353/1353 1244/1244/1244 1361/1361/1361
f 1299/1299/1299 1242/1242/1242 1244/1244/1244
f 1299/1299/1299 1244/1244/1244 1303/1303/1303
f 1350/1350/1350 1354/1354/1354 1243/1243/1243
f 1350/1350/1350 1243/1243/1243 1300/1300/1300
f 1362/1362/1362 1304/1304/1304 1243/1243/1243
f 1362/1362/1362 1243/1243/1243 1354/1354/1354
f 1304/1304/1304 1245/1245/1245 1243/1243/1243
f 1195/1195/1195 1169/1169/1169 1243/1243/1243
f 1195/1195/1195 1243/1243/1243 1245/1245/1245
f 1163/1163/1163 1156/1156/1156 1243/1243/1243
f 1163/1163/1163 1243/1243/1243 1169/1169/1169
f 1152/1152/1152 1148/1148/1148 1243/1243/1243
f 1152/1152/1152 1243/1243/1243 1156/1156/1156
f 888/888/888 852/852/852 849/849/849
f 888/888/888 849/849/849 886/886/886
f 1150/1150/1150 1154/1154/1154 1155/1155/1155
f 1150/1150/1150 1155/1155/1155 1151/1151/1151
f 1193/1193/1193 1150/1150/1150 1151/1151/1151
f 1193/1193/1193 1151/1151/1151 1194/1194/1194
f 1352/1352/1352 1302/1302/1302 1303/1303/1303
f 1352/1352/1352 1303/1303/1303 1353/1353/1353
f 1358/1358/1358 1352/1352/1352 1353/1353/1353
f 1358/1358/1358 1353/1353/1353 1361/1361/1361
f 1365/1365/1365 1358/1358/1358 1361/1361/1361
f 1365/1365/1365 1361/1361/1361 1368/1368/1368
f 1248/1248/1248 1307/1307/1307 1309/1309/1309
f 1248/1248/1248 1309/1309/1309 1250/1250/1250
f 1198/1198/1198 1248/1248/1248 1250/1250/1250
f 1198/1198/1198 1250/1250/1250 1200/1200/1200
f 1166/1166/1166 1172/1172/1172 1174/1174/1174
f 1166/1166/1166 1174/1174/1174 1168/1168/1168
f 1159/1159/1159 1166/1166/1166 1168/1168/1168
f 1159/1159/1159 1168/1168/1168 1162/1162/1162
f 1198/1198/1198 1200/1200/1200 1174/1174/1174
f 1198/1198/1198 1174/1174/1174 1172/1172/1172
f 1081/1081/1081 1080/1080/1080 985/985/985
f 1081/1081/1081 985/985/985 986/986/986
f 1153/1153/1153 1149/1149/1149 1148/1148/1148
f 1153/1153/1153 1148/1148/1148 1152/1152/1152
f 1149/1149/1149 1192/1192/1192 1191/1191/1191
f 1149/1149/1149 1191/1191/1191 1148/1148/1148
f 1301/1301/1301 1351/1351/1351 1350/1350/1350
f 1301/1301/1301 1350/1350/1350 1300/1300/1300
f 1351/1351/1351 1357/1357/1357 1354/1354/1354
f 1351/1351/1351 1354/1354/1354 1350/1350/1350
f 1357/1357/1357 1364/1364/1364 1362/1362/1362
f 1357/1357/1357 1362/1362/1362 1354/1354/1354
f 1306/1306/1306 1247/1247/1247 1245/1245/1245
f 1306/1306/1306 1245/1245/1245 1304/1304/1304
f 1247/1247/1247 1197/1197/1197 1195/1195/1195
f 1247/1247/1247 1195/1195/1195 1245/1245/1245
f 1171/1171/1171 1165/1165/1165 1163/1163/1163
f 1171/1171/1171 1163/1163/1163 1169/1169/1169
f 1165/1165/1165 1158/1158/1158 1156/1156/1156
f 1165/1165/1165 1156/1156/1156 1163/1163/1163
f 1171/1171/1171 1169/1169/1169 1195/1195/1195
f 1171/1171/1171 1195/1195/1195 1197/1197/1197
f 1079/1079/1079 984/984/984 985/985/985
f 1079/1079/1079 985/985/985 1080/1080/1080
f 1042/1042/1042 1049/1049/1049 1480/1480/1480
f 1042/1042/1042 1480/1480/1480 1476/1476/1476
f 4/4/4 8/8/8 113/113/113
f 4/4/4 113/113/113 99/99/99
f 99/99/99 113/113/113 281/281/281
f 99/99/99 281/281/281 277/277/277
f 502/502/502 506/506/506 613/613/613
f 502/502/502 613/613/613 609/609/609
f 645/645/645 631/631/631 777/777/777
f 645/645/645 777/777/777 775/775/775
f 1022/1022/1022 1030/1030/1030 1464/1464/1464
f 1022/1022/1022 1464/1464/1464 1460/1460/1460
f 113/113/113 115/115/115 285/285/285
f 113/113/113 285/285/285 281/281/281
f 506/506/506 510/510/510 617/617/617
f 506/506/506 617/617/617 613/613/613
f 631/631/631 635/635/635 779/779/779
f 631/631/631 779/779/779 777/777/777
f 1030/1030/1030 1034/1034/1034 1468/1468/1468
f 1030/1030/1030 1468/1468/1468 1464/1464/1464
f 510/510/510 523/523/523 621/621/621
f 510/510/510 621/621/621 617/617/617
f 635/635/635 639/639/639 781/781/781
f 635/635/635 781/781/781 779/779/779
f 1034/1034/1034 1038/1038/1038 1472/1472/1472
f 1034/1034/1034 1472/1472/1472 1468/1468/1468
f 639/639/639 643/643/643 783/783/783
f 639/639/639 783/783/783 781/781/781
f 1038/1038/1038 1042/1042/1042 1476/1476/1476
f 1038/1038/1038 1476/1476/1476 1472/1472/1472
f 1031/1031/1031 1465/1465/1465 1469/1469/1469
f 1031/1031/1031 1469/1469/1469 1035/1035/1035
f 499/499/499 606/606/606 610/610/610
f 499/499/499 610/610/610 503/503/503
f 644/644/644 774/774/774 776/776/776
f 644/644/644 776/776/776 628/628/628
f 98/98/98 274/274/274 278/278/278
f 98/98/98 278/278/278 110/110/110
f 1/1/1 98/98/98 110/110/110
f 1/1/1 110/110/110 5/5/5
f 1039/1039/1039 1473/1473/1473 1477/1477/1477
f 1039/1039/1039 1477/1477/1477 1043/1043/1043
f 628/628/628 776/776/776 778/778/778
f 628/628/628 778/778/778 632/632/632
f 503/503/503 610/610/610 614/614/614
f 503/503/503 614/614/614 507/507/507
f 110/110/110 278/278/278 282/282/282
f 110/110/110 282/282/282 114/114/114
f 1021/1021/1021 1457/1457/1457 1461/1461/1461
f 1021/1021/1021 1461/1461/1461 1027/1027/1027
f 632/632/632 778/778/778 780/780/780
f 632/632/632 780/780/780 636/636/636
f 507/507/507 614/614/614 618/618/618
f 507/507/507 618/618/618 518/518/518
f 1027/1027/1027 1461/1461/1461 1465/1465/1465
f 1027/1027/1027 1465/1465/1465 1031/1031/1031
f 1035/1035/1035 1469/1469/1469 1473/1473/1473
f 1035/1035/1035 1473/1473/1473 1039/1039/1039
f 636/636/636 780/780/780 782/782/782
f 636/636/636 782/782/782 640/640/640
f 1041/1041/1041 1475/1475/1475 1479/1479/1479
f 1041/1041/1041 1479/1479/1479 1047/1047/1047
f 3/3/3 75/75/75 87/87/87
f 3/3/3 87/87/87 7/7/7
f 75/75/75 276/276/276 280/280/280
f 75/75/75 280/280/280 87/87/87
f 501/501/501 608/608/608 612/612/612
f 501/501/501 612/612/612 505/505/505
f 627/627/627 763/763/763 765/765/765
f 627/627/627 765/765/765 630/630/630
f 978/978/978 1459/1459/1459 1463/1463/1463
f 978/978/978 1463/1463/1463 1029/1029/1029
f 87/87/87 280/280/280 284/284/284
f 87/87/87 284/284/284 89/89/89
f 505/505/505 612/612/612 616/616/616
f 505/505/505 616/616/616 509/509/509
f 630/630/630 765/765/765 767/767/767
f 630/630/630 767/767/767 634/634/634
f 1029/1029/1029 1463/1463/1463 1467/1467/1467
f 1029/1029/1029 1467/1467/1467 1033/1033/1033
f 509/509/509 616/616/616 620/620/620
f 509/509/509 620/620/620 522/522/522
f 634/634/634 767/767/767 769/769/769
f 634/634/634 769/769/769 638/638/638
f 1033/1033/1033 1467/1467/1467 1471/1471/1471
f 1033/1033/1033 1471/1471/1471 1037/1037/1037
f 638/638/638 769/769/769 771/771/771
f 638/638/638 771/771/771 642/642/642
f 1037/1037/1037 1471/1471/1471 1475/1475/1475
f 1037/1037/1037 1475/1475/1475 1041/1041/1041
f 1469/1469/1469 1470/1470/1470 1474/1474/1474
f 1469/1469/1469 1474/1474/1474 1473/1473/1473
f 1032/1032/1032 1036/1036/1036 1470/1470/1470
f 1032/1032/1032 1470/1470/1470 1466/1466/1466
f 637/637/637 641/641/641 770/770/770
f 637/637/637 770/770/770 768/768/768
f 508/508/508 519/519/519 619/619/619
f 508/508/508 619/619/619 615/615/615
f 1028/1028/1028 1032/1032/1032 1466/1466/1466
f 1028/1028/1028 1466/1466/1466 1462/1462/1462
f 629/629/629 633/633/633 766/766/766
f 629/629/629 766/766/766 764/764/764
f 1021/1021/1021 977/977/977 1458/1458/1458
f 1021/1021/1021 1458/1458/1458 1457/1457/1457
f 820/820/820 821/821/821 772/772/772
f 820/820/820 772/772/772 784/784/784
f 1/1/1 2/2/2 74/74/74
f 1/1/1 74/74/74 98/98/98
f 5/5/5 6/6/6 2/2/2
f 5/5/5 2/2/2 1/1/1
f 110/110/110 86/86/86 6/6/6
f 110/110/110 6/6/6 5/5/5
f 1461/1461/1461 1462/1462/1462 1466/1466/1466
f 1461/1461/1461 1466/1466/1466 1465/1465/1465
f 98/98/98 74/74/74 275/275/275
f 98/98/98 275/275/275 274/274/274
f 784/784/784 772/772/772 770/770/770
f 784/784/784 770/770/770 782/782/782
f 518/518/518 519/519/519 287/287/287
f 518/518/518 287/287/287 286/286/286
f 8/8/8 4/4/4 3/3/3
f 8/8/8 3/3/3 7/7/7
f 4/4/4 99/99/99 75/75/75
f 4/4/4 75/75/75 3/3/3
f 823/823/823 785/785/785 773/773/773
f 823/823/823 773/773/773 822/822/822
f 1460/1460/1460 1464/1464/1464 1463/1463/1463
f 1460/1460/1460 1463/1463/1463 1459/1459/1459
f 1022/1022/1022 1460/1460/1460 1459/1459/1459
f 1022/1022/1022 1459/1459/1459 978/978/978
f 645/645/645 775/775/775 763/763/763
f 645/645/645 763/763/763 627/627/627
f 502/502/502 609/609/609 608/608/608
f 502/502/502 608/608/608 501/501/501
f 99/99/99 277/277/277 276/276/276
f 99/99/99 276/276/276 75/75/75
f 1464/1464/1464 1468/1468/1468 1467/1467/1467
f 1464/1464/1464 1467/1467/1467 1463/1463/1463
f 115/115/115 113/113/113 87/87/87
f 115/115/115 87/87/87 89/89/89
f 113/113/113 8/8/8 7/7/7
f 113/113/113 7/7/7 87/87/87
f 1468/1468/1468 1472/1472/1472 1471/1471/1471
f 1468/1468/1468 1471/1471/1471 1467/1467/1467
f 289/289/289 285/285/285 284/284/284
f 289/289/289 284/284/284 288/288/288
f 285/285/285 115/115/115 89/89/89
f 285/285/285 89/89/89 284/284/284
f 1472/1472/1472 1476/1476/1476 1475/1475/1475
f 1472/1472/1472 1475/1475/1475 1471/1471/1471
f 625/625/625 621/621/621 620/620/620
f 625/625/625 620/620/620 624/624/624
f 523/523/523 289/289/289 288/288/288
f 523/523/523 288/288/288 522/522/522
f 1476/1476/1476 1480/1480/1480 1479/1479/1479
f 1476/1476/1476 1479/1479/1479 1475/1475/1475
f 785/785/785 783/783/783 771/771/771
f 785/785/785 771/771/771 773/773/773
f 643/643/643 625/625/625 624/624/624
f 643/643/643 624/624/624 642/642/642
f 86/86/86 88/88/88 283/283/283
f 86/86/86 283/283/283 279/279/279
f 977/977/977 1028/1028/1028 1462/1462/1462
f 977/977/977 1462/1462/1462 1458/1458/1458
f 2/2/2 6/6/6 86/86/86
f 2/2/2 86/86/86 74/74/74
f 504/504/504 508/508/508 615/615/615
f 504/504/504 615/615/615 611/611/611
f 1040/1040/1040 1046/1046/1046 1478/1478/1478
f 1040/1040/1040 1478/1478/1478 1474/1474/1474
f 74/74/74 86/86/86 279/279/279
f 74/74/74 279/279/279 275/275/275
f 500/500/500 504/504/504 611/611/611
f 500/500/500 611/611/611 607/607/607
f 626/626/626 629/629/629 764/764/764
f 626/626/626 764/764/764 762/762/762
f 1036/1036/1036 1040/1040/1040 1474/1474/1474
f 1036/1036/1036 1474/1474/1474 1470/1470/1470
f 644/644/644 626/626/626 762/762/762
f 644/644/644 762/762/762 774/774/774
f 633/633/633 637/637/637 768/768/768
f 633/633/633 768/768/768 766/766/766
f 499/499/499 500/500/500 607/607/607
f 499/499/499 607/607/607 606/606/606
f 1465/1465/1465 1466/1466/1466 1470/1470/1470
f 1465/1465/1465 1470/1470/1470 1469/1469/1469
f 1457/1457/1457 1458/1458/1458 1462/1462/1462
f 1457/1457/1457 1462/1462/1462 1461/1461/1461
f 282/282/282 283/283/283 88/88/88
f 282/282/282 88/88/88 114/114/114
f 640/640/640 641/641/641 623/623/623
f 640/640/640 623/623/623 622/622/622
f 114/114/114 88/88/88 86/86/86
f 114/114/114 86/86/86 110/110/110
f 286/286/286 287/287/287 283/283/283
f 286/286/286 283/283/283 282/282/282
f 622/622/622 623/623/623 619/619/619
f 622/622/622 619/619/619 618/618/618
f 1473/1473/1473 1474/1474/1474 1478/1478/1478
f 1473/1473/1473 1478/1478/1478 1477/1477/1477
f 228/228/228 229/229/229 231/231/231
f 193/193/193 195/195/195 231/231/231
f 193/193/193 231/231/231 229/229/229
f 1339/1339/1339 1340/1340/1340 1378/1378/1378
f 1339/1339/1339 1378/1378/1378 1377/1377/1377
f 1377/1377/1377 1378/1378/1378 1404/1404/1404
f 1377/1377/1377 1404/1404/1404 1403/1403/1403
f 1403/1403/1403 1404/1404/1404 1382/1382/1382
f 1403/1403/1403 1382/1382/1382 1381/1381/1381
f 1340/1340/1340 1382/1382/1382 1404/1404/1404
f 1381/1381/1381 1382/1382/1382 1340/1340/1340
f 1381/1381/1381 1340/1340/1340 1339/1339/1339
f 788/788/788 789/789/789 793/793/793
f 788/788/788 793/793/793 791/791/791
f 791/791/791 793/793/793 799/799/799
f 799/799/799 793/793/793 797/797/797
f 799/799/799 797/797/797 796/796/796
f 789/789/789 797/797/797 793/793/793
f 796/796/796 797/797/797 789/789/789
f 796/796/796 789/789/789 788/788/788
f 192/192/192 227/227/227 230/230/230
f 192/192/192 230/230/230 194/194/194
f 1338/1338/1338 1374/1374/1374 1373/1373/1373
f 1338/1338/1338 1373/1373/1373 1337/1337/1337
f 1374/1374/1374 1402/1402/1402 1401/1401/1401
f 1374/1374/1374 1401/1401/1401 1373/1373/1373
f 1402/1402/1402 1380/1380/1380 1379/1379/1379
f 1402/1402/1402 1379/1379/1379 1401/1401/1401
f 1337/1337/1337 1401/1401/1401 1379/1379/1379
f 1380/1380/1380 1338/1338/1338 1337/1337/1337
f 1380/1380/1380 1337/1337/1337 1379/1379/1379
f 787/787/787 790/790/790 792/792/792
f 787/787/787 792/792/792 786/786/786
f 790/790/790 798/798/798 792/792/792
f 798/798/798 795/795/795 794/794/794
f 798/798/798 794/794/794 792/792/792
f 786/786/786 792/792/792 794/794/794
f 795/795/795 787/787/787 786/786/786
f 795/795/795 786/786/786 794/794/794
f 1048/1048/1048 1052/1052/1052 1056/1056/1056
f 1048/1048/1048 1056/1056/1056 1054/1054/1054
f 1054/1054/1054 1056/1056/1056 1052/1052/1052
f 1054/1054/1054 1052/1052/1052 1048/1048/1048
f 1099/1099/1099 1095/1095/1095 1094/1094/1094
f 1099/1099/1099 1094/1094/1094 1098/1098/1098
f 1099/1099/1099 1098/1098/1098 1172/1172/1172
f 1099/1099/1099 1172/1172/1172 1173/1173/1173
f 1249/1249/1249 1204/1204/1204 1203/1203/1203
f 1249/1249/1249 1203/1203/1203 1248/1248/1248
f 1313/1313/1313 1249/1249/1249 1248/1248/1248
f 1313/1313/1313 1248/1248/1248 1312/1312/1312
f 1372/1372/1372 1313/1313/1313 1312/1312/1312
f 1372/1372/1372 1312/1312/1312 1371/1371/1371
f 1390/1390/1390 1367/1367/1367 1366/1366/1366
f 1390/1390/1390 1366/1366/1366 1389/1389/1389
f 1203/1203/1203 1204/1204/1204 1173/1173/1173
f 1203/1203/1203 1173/1173/1173 1172/1172/1172
f 1366/1366/1366 1367/1367/1367 1372/1372/1372
f 1366/1366/1366 1372/1372/1372 1371/1371/1371
f 1390/1390/1390 1389/1389/1389 1455/1455/1455
f 1390/1390/1390 1455/1455/1455 1456/1456/1456
f 1094/1094/1094 1095/1095/1095 999/999/999
f 1094/1094/1094 999/999/999 998/998/998
f 1167/1167/1167 1166/1166/1166 1160/1160/1160
f 1167/1167/1167 1160/1160/1160 1161/1161/1161
f 1167/1167/1167 1173/1173/1173 1172/1172/1172
f 1167/1167/1167 1172/1172/1172 1166/1166/1166
f 1249/1249/1249 1248/1248/1248 1198/1198/1198
f 1249/1249/1249 1198/1198/1198 1199/1199/1199
f 1308/1308/1308 1307/1307/1307 1248/1248/1248
f 1308/1308/1308 1248/1248/1248 1249/1249/1249
f 1360/1360/1360 1359/1359/1359 1366/1366/1366
f 1360/1360/1360 1366/1366/1366 1367/1367/1367
f 1198/1198/1198 1172/1172/1172 1173/1173/1173
f 1198/1198/1198 1173/1173/1173 1199/1199/1199
f 1366/1366/1366 1307/1307/1307 1308/1308/1308
f 1366/1366/1366 1308/1308/1308 1367/1367/1367
f 1360/1360/1360 1456/1456/1456 1455/1455/1455
f 1360/1360/1360 1455/1455/1455 1359/1359/1359
f 1160/1160/1160 998/998/998 999/999/999
f 1160/1160/1160 999/999/999 1161/1161/1161
f 1098/1098/1098 1094/1094/1094 1160/1160/1160
f 1098/1098/1098 1160/1160/1160 1166/1166/1166
f 1172/1172/1172 1098/1098/1098 1166/1166/1166
f 1203/1203/1203 1172/1172/1172 1198/1198/1198
f 1248/1248/1248 1203/1203/1203 1198/1198/1198
f 1312/1312/1312 1248/1248/1248 1307/1307/1307
f 1371/1371/1371 1312/1312/1312 1307/1307/1307
f 1366/1366/1366 1371/1371/1371 1307/1307/1307
f 1389/1389/1389 1366/1366/1366 1359/1359/1359
f 1367/1367/1367 1390/1390/1390 1360/1360/1360
f 1313/1313/1313 1372/1372/1372 1308/1308/1308
f 1249/1249/1249 1313/1313/1313 1308/1308/1308
f 1204/1204/1204 1249/1249/1249 1199/1199/1199
f 1099/1099/1099 1173/1173/1173 1167/1167/1167
f 1095/1095/1095 1099/1099/1099 1167/1167/1167
f 1095/1095/1095 1167/1167/1167 1161/1161/1161
f 1173/1173/1173 1204/1204/1204 1199/1199/1199
f 1372/1372/1372 1367/1367/1367 1308/1308/1308
f 1390/1390/1390 1456/1456/1456 1360/1360/1360
f 1455/1455/1455 1389/1389/1389 1359/1359/1359
f 1094/1094/1094 998/998/998 1160/1160/1160
f 999/999/999 1095/1095/1095 1161/1161/1161
f 1442/1442/1442 1444/1444/1444 1452/1452/1452
f 1442/1442/1442 1452/1452/1452 1448/1448/1448
f 1448/1448/1448 1452/1452/1452 1451/1451/1451
f 1448/1448/1448 1451/1451/1451 1447/1447/1447
f 1444/1444/1444 1451/1451/1451 1452/1452/1452
f 1447/1447/1447 1451/1451/1451 1444/1444/1444
f 1447/1447/1447 1444/1444/1444 1442/1442/1442
f 1045/1045/1045 1044/1044/1044 1050/1050/1050
f 1045/1045/1045 1050/1050/1050 1051/1051/1051
f 1044/1044/1044 1053/1053/1053 1055/1055/1055
f 1044/1044/1044 1055/1055/1055 1050/1050/1050
f 1053/1053/1053 1045/1045/1045 1051/1051/1051
f 1053/1053/1053 1051/1051/1051 1055/1055/1055
f 1096/1096/1096 1097/1097/1097 1093/1093/1093
f 1096/1096/1096 1093/1093/1093 1092/1092/1092
f 1096/1096/1096 1170/1170/1170 1171/1171/1171
f 1096/1096/1096 1171/1171/1171 1097/1097/1097
f 1246/1246/1246 1247/1247/1247 1202/1202/1202
f 1246/1246/1246 1202/1202/1202 1201/1201/1201
f 1310/1310/1310 1311/1311/1311 1247/1247/1247
f 1310/1310/1310 1247/1247/1247 1246/1246/1246
f 1369/1369/1369 1370/1370/1370 1311/1311/1311
f 1369/1369/1369 1311/1311/1311 1310/1310/1310
f 1387/1387/1387 1388/1388/1388 1364/1364/1364
f 1387/1387/1387 1364/1364/1364 1363/1363/1363
f 1202/1202/1202 1171/1171/1171 1170/1170/1170
f 1202/1202/1202 1170/1170/1170 1201/1201/1201
f 1364/1364/1364 1370/1370/1370 1369/1369/1369
f 1364/1364/1364 1369/1369/1369 1363/1363/1363
f 1387/1387/1387 1453/1453/1453 1454/1454/1454
f 1387/1387/1387 1454/1454/1454 1388/1388/1388
f 1093/1093/1093 997/997/997 996/996/996
f 1093/1093/1093 996/996/996 1092/1092/1092
f 1164/1164/1164 1157/1157/1157 1158/1158/1158
f 1164/1164/1164 1158/1158/1158 1165/1165/1165
f 1164/1164/1164 1165/1165/1165 1171/1171/1171
f 1164/1164/1164 1171/1171/1171 1170/1170/1170
f 1246/1246/1246 1196/1196/1196 1197/1197/1197
f 1246/1246/1246 1197/1197/1197 1247/1247/1247
f 1305/1305/1305 1246/1246/1246 1247/1247/1247
f 1305/1305/1305 1247/1247/1247 1306/1306/1306
f 1355/1355/1355 1363/1363/1363 1364/1364/1364
f 1355/1355/1355 1364/1364/1364 1356/1356/1356
f 1197/1197/1197 1196/1196/1196 1170/1170/1170
f 1197/1197/1197 1170/1170/1170 1171/1171/1171
f 1364/1364/1364 1363/1363/1363 1305/1305/1305
f 1364/1364/1364 1305/1305/1305 1306/1306/1306
f 1355/1355/1355 1356/1356/1356 1454/1454/1454
f 1355/1355/1355 1454/1454/1454 1453/1453/1453
f 1158/1158/1158 1157/1157/1157 996/996/996
f 1158/1158/1158 996/996/996 997/997/997
f 1097/1097/1097 1165/1165/1165 1158/1158/1158
f 1097/1097/1097 1158/1158/1158 1093/1093/1093
f 1171/1171/1171 1165/1165/1165 1097/1097/1097
f 1202/1202/1202 1197/1197/1197 1171/1171/1171
f 1247/1247/1247 1197/1197/1197 1202/1202/1202
f 1311/1311/1311 1306/1306/1306 1247/1247/1247
f 1370/1370/1370 1306/1306/1306 1311/1311/1311
f 1364/1364/1364 1306/1306/1306 1370/1370/1370
f 1388/1388/1388 1356/1356/1356 1364/1364/1364
f 1363/1363/1363 1355/1355/1355 1387/1387/1387
f 1310/1310/1310 1305/1305/1305 1369/1369/1369
f 1246/1246/1246 1305/1305/1305 1310/1310/1310
f 1201/1201/1201 1196/1196/1196 1246/1246/1246
f 1096/1096/1096 1164/1164/1164 1170/1170/1170
f 1092/1092/1092 1157/1157/1157 1164/1164/1164
f 1092/1092/1092 1164/1164/1164 1096/1096/1096
f 1170/1170/1170 1196/1196/1196 1201/1201/1201
f 1369/1369/1369 1305/1305/1305 1363/1363/1363
f 1387/1387/1387 1355/1355/1355 1453/1453/1453
f 1454/1454/1454 1356/1356/1356 1388/1388/1388
f 1093/1093/1093 1158/1158/1158 997/997/997
f 996/996/996 1157/1157/1157 1092/1092/1092
f 1441/1441/1441 1445/1445/1445 1449/1449/1449
f 1441/1441/1441 1449/1449/1449 1443/1443/1443
f 1445/1445/1445 1446/1446/1446 1450/1450/1450
f 1445/1445/1445 1450/1450/1450 1449/1449/1449
f 1443/1443/1443 1449/1449/1449 1450/1450/1450
f 1446/1446/1446 1441/1441/1441 1443/1443/1443
f 1446/1446/1446 1443/1443/1443 1450/1450/1450
f 112/112/112 111/111/111 1383/1383/1383
f 112/112/112 1383/1383/1383 1384/1384/1384
f 1376/1376/1376 1375/1375/1375 108/108/108
f 1376/1376/1376 108/108/108 109/109/109
f 109/109/109 108/108/108 111/111/111
f 109/109/109 111/111/111 112/112/112
f 1376/1376/1376 1384/1384/1384 1383/1383/1383
f 1376/1376/1376 1383/1383/1383 1375/1375/1375
f 188/188/188 189/189/189 253/253/253
f 188/188/188 253/253/253 252/252/252
f 189/189/189 188/188/188 252/252/252
f 189/189/189 252/252/252 253/253/253
f 827/827/827 1022/1022/1022 978/978/978
f 827/827/827 978/978/978 826/826/826
f 1480/1480/1480 1049/1049/1049 1047/1047/1047
f 1480/1480/1480 1047/1047/1047 1479/1479/1479
f 847/847/847 1037/1037/1037 1041/1041/1041
f 847/847/847 1041/1041/1041 854/854/854
f 839/839/839 1033/1033/1033 1037/1037/1037
f 839/839/839 1037/1037/1037 847/847/847
f 830/830/830 1029/1029/1029 1033/1033/1033
f 830/830/830 1033/1033/1033 839/839/839
f 826/826/826 978/978/978 1029/1029/1029
f 826/826/826 1029/1029/1029 830/830/830
f 854/854/854 1041/1041/1041 1047/1047/1047
f 854/854/854 1047/1047/1047 858/858/858
f 848/848/848 855/855/855 1042/1042/1042
f 848/848/848 1042/1042/1042 1038/1038/1038
f 840/840/840 848/848/848 1038/1038/1038
f 840/840/840 1038/1038/1038 1034/1034/1034
f 831/831/831 840/840/840 1034/1034/1034
f 831/831/831 1034/1034/1034 1030/1030/1030
f 827/827/827 831/831/831 1030/1030/1030
f 827/827/827 1030/1030/1030 1022/1022/1022
f 855/855/855 859/859/859 1049/1049/1049
f 855/855/855 1049/1049/1049 1042/1042/1042
f 846/846/846 852/852/852 1040/1040/1040
f 846/846/846 1040/1040/1040 1036/1036/1036
f 852/852/852 857/857/857 1046/1046/1046
f 852/852/852 1046/1046/1046 1040/1040/1040
f 825/825/825 829/829/829 1028/1028/1028
f 825/825/825 1028/1028/1028 977/977/977
f 1477/1477/1477 1478/1478/1478 1046/1046/1046
f 1477/1477/1477 1046/1046/1046 1043/1043/1043
f 824/824/824 825/825/825 977/977/977
f 824/824/824 977/977/977 1021/1021/1021
f 829/829/829 833/833/833 1032/1032/1032
f 829/829/829 1032/1032/1032 1028/1028/1028
f 833/833/833 846/846/846 1036/1036/1036
f 833/833/833 1036/1036/1036 1032/1032/1032
f 845/845/845 1035/1035/1035 1039/1039/1039
f 845/845/845 1039/1039/1039 851/851/851
f 828/828/828 1027/1027/1027 1031/1031/1031
f 828/828/828 1031/1031/1031 832/832/832
f 824/824/824 1021/1021/1021 1027/1027/1027
f 824/824/824 1027/1027/1027 828/828/828
f 851/851/851 1039/1039/1039 1043/1043/1043
f 851/851/851 1043/1043/1043 856/856/856
f 832/832/832 1031/1031/1031 1035/1035/1035
f 832/832/832 1035/1035/1035 845/845/845
f 778/778/778 808/808/808 812/812/812
f 778/778/778 812/812/812 780/780/780
f 782/782/782 816/816/816 820/820/820
f 782/782/782 820/820/820 784/784/784
f 774/774/774 800/800/800 804/804/804
f 774/774/774 804/804/804 776/776/776
f 776/776/776 804/804/804 808/808/808
f 776/776/776 808/808/808 778/778/778
f 780/780/780 812/812/812 816/816/816
f 780/780/780 816/816/816 782/782/782
f 766/766/766 768/768/768 813/813/813
f 766/766/766 813/813/813 809/809/809
f 764/764/764 766/766/766 809/809/809
f 764/764/764 809/809/809 805/805/805
f 774/774/774 762/762/762 801/801/801
f 774/774/774 801/801/801 800/800/800
f 762/762/762 764/764/764 805/805/805
f 762/762/762 805/805/805 801/801/801
f 770/770/770 772/772/772 821/821/821
f 770/770/770 821/821/821 817/817/817
f 768/768/768 770/770/770 817/817/817
f 768/768/768 817/817/817 813/813/813
f 856/856/856 857/857/857 821/821/821
f 856/856/856 821/821/821 820/820/820
f 783/783/783 785/785/785 823/823/823
f 783/783/783 823/823/823 819/819/819
f 775/775/775 777/777/777 807/807/807
f 775/775/775 807/807/807 803/803/803
f 777/777/777 779/779/779 811/811/811
f 777/777/777 811/811/811 807/807/807
f 779/779/779 781/781/781 815/815/815
f 779/779/779 815/815/815 811/811/811
f 781/781/781 783/783/783 819/819/819
f 781/781/781 819/819/819 815/815/815
f 771/771/771 818/818/818 822/822/822
f 771/771/771 822/822/822 773/773/773
f 763/763/763 802/802/802 806/806/806
f 763/763/763 806/806/806 765/765/765
f 765/765/765 806/806/806 810/810/810
f 765/765/765 810/810/810 767/767/767
f 767/767/767 810/810/810 814/814/814
f 767/767/767 814/814/814 769/769/769
f 769/769/769 814/814/814 818/818/818
f 769/769/769 818/818/818 771/771/771
f 775/775/775 803/803/803 802/802/802
f 775/775/775 802/802/802 763/763/763
f 859/859/859 823/823/823 822/822/822
f 859/859/859 822/822/822 858/858/858
f 621/621/621 523/523/523 522/522/522
f 621/621/621 522/522/522 620/620/620
f 277/277/277 502/502/502 501/501/501
f 277/277/277 501/501/501 276/276/276
f 284/284/284 509/509/509 522/522/522
f 284/284/284 522/522/522 288/288/288
f 280/280/280 505/505/505 509/509/509
f 280/280/280 509/509/509 284/284/284
f 276/276/276 501/501/501 505/505/505
f 276/276/276 505/505/505 280/280/280
f 285/285/285 289/289/289 523/523/523
f 285/285/285 523/523/523 510/510/510
f 281/281/281 285/285/285 510/510/510
f 281/281/281 510/510/510 506/506/506
f 277/277/277 281/281/281 506/506/506
f 277/277/277 506/506/506 502/502/502
f 274/274/274 275/275/275 500/500/500
f 274/274/274 500/500/500 499/499/499
f 275/275/275 279/279/279 504/504/504
f 275/275/275 504/504/504 500/500/500
f 279/279/279 283/283/283 508/508/508
f 279/279/279 508/508/508 504/504/504
f 618/618/618 619/619/619 519/519/519
f 618/618/618 519/519/519 518/518/518
f 283/283/283 287/287/287 519/519/519
f 283/283/283 519/519/519 508/508/508
f 282/282/282 507/507/507 518/518/518
f 282/282/282 518/518/518 286/286/286
f 278/278/278 503/503/503 507/507/507
f 278/278/278 507/507/507 282/282/282
f 274/274/274 499/499/499 503/503/503
f 274/274/274 503/503/503 278/278/278
f 1049/1049/1049 859/859/859 858/858/858
f 1049/1049/1049 858/858/858 1047/1047/1047
f 819/819/819 823/823/823 859/859/859
f 819/819/819 859/859/859 855/855/855
f 803/803/803 807/807/807 831/831/831
f 803/803/803 831/831/831 827/827/827
f 807/807/807 811/811/811 840/840/840
f 807/807/807 840/840/840 831/831/831
f 811/811/811 815/815/815 848/848/848
f 811/811/811 848/848/848 840/840/840
f 815/815/815 819/819/819 855/855/855
f 815/815/815 855/855/855 848/848/848
f 818/818/818 854/854/854 858/858/858
f 818/818/818 858/858/858 822/822/822
f 802/802/802 826/826/826 830/830/830
f 802/802/802 830/830/830 806/806/806
f 806/806/806 830/830/830 839/839/839
f 806/806/806 839/839/839 810/810/810
f 810/810/810 839/839/839 847/847/847
f 810/810/810 847/847/847 814/814/814
f 814/814/814 847/847/847 854/854/854
f 814/814/814 854/854/854 818/818/818
f 803/803/803 827/827/827 826/826/826
f 803/803/803 826/826/826 802/802/802
f 1043/1043/1043 1046/1046/1046 857/857/857
f 1043/1043/1043 857/857/857 856/856/856
f 808/808/808 832/832/832 845/845/845
f 808/808/808 845/845/845 812/812/812
f 816/816/816 851/851/851 856/856/856
f 816/816/816 856/856/856 820/820/820
f 800/800/800 824/824/824 828/828/828
f 800/800/800 828/828/828 804/804/804
f 804/804/804 828/828/828 832/832/832
f 804/804/804 832/832/832 808/808/808
f 812/812/812 845/845/845 851/851/851
f 812/812/812 851/851/851 816/816/816
f 809/809/809 813/813/813 846/846/846
f 809/809/809 846/846/846 833/833/833
f 805/805/805 809/809/809 833/833/833
f 805/805/805 833/833/833 829/829/829
f 800/800/800 801/801/801 825/825/825
f 800/800/800 825/825/825 824/824/824
f 801/801/801 805/805/805 829/829/829
f 801/801/801 829/829/829 825/825/825
f 817/817/817 821/821/821 857/857/857
f 817/817/817 857/857/857 852/852/852
f 813/813/813 817/817/817 852/852/852
f 813/813/813 852/852/852 846/846/846
f 1050/1050/1050 1055/1055/1055 1051/1051/1051
f 1378/1378/1378 1340/1340/1340 1404/1404/1404
f 1373/1373/1373 1401/1401/1401 1337/1337/1337
f 782/782/782 770/770/770 641/641/641
f 782/782/782 641/641/641 640/640/640
f 615/615/615 619/619/619 637/637/637
f 615/615/615 637/637/637 633/633/633
f 606/606/606 607/607/607 626/626/626
f 606/606/606 626/626/626 644/644/644
f 607/607/607 611/611/611 629/629/629
f 607/607/607 629/629/629 626/626/626
f 611/611/611 615/615/615 633/633/633
f 611/611/611 633/633/633 629/629/629
f 619/619/619 623/623/623 641/641/641
f 619/619/619 641/641/641 637/637/637
f 618/618/618 636/636/636 640/640/640
f 618/618/618 640/640/640 622/622/622
f 614/614/614 632/632/632 636/636/636
f 614/614/614 636/636/636 618/618/618
f 610/610/610 628/628/628 632/632/632
f 610/610/610 632/632/632 614/614/614
f 606/606/606 644/644/644 628/628/628
f 606/606/606 628/628/628 610/610/610
f 783/783/783 643/643/643 642/642/642
f 783/783/783 642/642/642 771/771/771
f 609/609/609 645/645/645 627/627/627
f 609/609/609 627/627/627 608/608/608
f 620/620/620 638/638/638 642/642/642
f 620/620/620 642/642/642 624/624/624
f 616/616/616 634/634/634 638/638/638
f 616/616/616 638/638/638 620/620/620
f 612/612/612 630/630/630 634/634/634
f 612/612/612 634/634/634 616/616/616
f 608/608/608 627/627/627 630/630/630
f 608/608/608 630/630/630 612/612/612
f 621/621/621 625/625/625 643/643/643
f 621/621/621 643/643/643 639/639/639
f 617/617/617 621/621/621 639/639/639
f 617/617/617 639/639/639 635/635/635
f 613/613/613 617/617/617 635/635/635
f 613/613/613 635/635/635 631/631/631
f 609/609/609 613/613/613 631/631/631
f 609/609/609 631/631/631 645/645/645
f 981/981/981 982/982/982 976/976/976
f 981/981/981 976/976/976 975/975/975
f 975/975/975 976/976/976 1020/1020/1020
f 975/975/975 1020/1020/1020 1019/1019/1019
f 1019/1019/1019 1020/1020/1020 1060/1060/1060
f 1019/1019/1019 1060/1060/1060 1059/1059/1059
f 1059/1059/1059 1060/1060/1060 1118/1118/1118
f 1059/1059/1059 1118/1118/1118 1117/1117/1117
f 1117/1117/1117 1118/1118/1118 1269/1269/1269
f 1117/1117/1117 1269/1269/1269 1268/1268/1268
f 1268/1268/1268 1269/1269/1269 1332/1332/1332
f 1268/1268/1268 1332/1332/1332 1331/1331/1331
f 1331/1331/1331 1332/1332/1332 1396/1396/1396
f 1331/1331/1331 1396/1396/1396 1395/1395/1395
f 1395/1395/1395 1396/1396/1396 1436/1436/1436
f 1395/1395/1395 1436/1436/1436 1435/1435/1435
f 1435/1435/1435 1436/1436/1436 1440/1440/1440
f 1435/1435/1435 1440/1440/1440 1439/1439/1439
f 1439/1439/1439 1440/1440/1440 1400/1400/1400
f 1439/1439/1439 1400/1400/1400 1399/1399/1399
f 1399/1399/1399 1400/1400/1400 1336/1336/1336
f 1399/1399/1399 1336/1336/1336 1335/1335/1335
f 1335/1335/1335 1336/1336/1336 1287/1287/1287
f 1335/1335/1335 1287/1287/1287 1286/1286/1286
f 1286/1286/1286 1287/1287/1287 1138/1138/1138
f 1286/1286/1286 1138/1138/1138 1137/1137/1137
f 1137/1137/1137 1138/1138/1138 1068/1068/1068
f 1137/1137/1137 1068/1068/1068 1067/1067/1067
f 1067/1067/1067 1068/1068/1068 1026/1026/1026
f 1067/1067/1067 1026/1026/1026 1025/1025/1025
f 1025/1025/1025 1026/1026/1026 982/982/982
f 1025/1025/1025 982/982/982 981/981/981
f 975/975/975 1019/1019/1019 1182/1182/1182
f 975/975/975 1182/1182/1182 981/981/981
f 1064/1064/1064 1062/1062/1062 976/976/976
f 1064/1064/1064 976/976/976 982/982/982
f 1062/1062/1062 1072/1072/1072 1020/1020/1020
f 1062/1062/1062 1020/1020/1020 976/976/976
f 1072/1072/1072 1121/1121/1121 1060/1060/1060
f 1072/1072/1072 1060/1060/1060 1020/1020/1020
f 1121/1121/1121 1176/1176/1176 1118/1118/1118
f 1121/1121/1121 1118/1118/1118 1060/1060/1060
f 1176/1176/1176 1221/1221/1221 1269/1269/1269
f 1176/1176/1176 1269/1269/1269 1118/1118/1118
f 1221/1221/1221 1271/1271/1271 1332/1332/1332
f 1221/1221/1221 1332/1332/1332 1269/1269/1269
f 1271/1271/1271 1289/1289/1289 1396/1396/1396
f 1271/1271/1271 1396/1396/1396 1332/1332/1332
f 1289/1289/1289 1291/1291/1291 1436/1436/1436
f 1289/1289/1289 1436/1436/1436 1396/1396/1396
f 1291/1291/1291 1293/1293/1293 1440/1440/1440
f 1291/1291/1291 1440/1440/1440 1436/1436/1436
f 1293/1293/1293 1295/1295/1295 1400/1400/1400
f 1293/1293/1293 1400/1400/1400 1440/1440/1440
f 1295/1295/1295 1282/1282/1282 1336/1336/1336
f 1295/1295/1295 1336/1336/1336 1400/1400/1400
f 1282/1282/1282 1227/1227/1227 1287/1287/1287
f 1282/1282/1282 1287/1287/1287 1336/1336/1336
f 1227/1227/1227 1190/1190/1190 1138/1138/1138
f 1227/1227/1227 1138/1138/1138 1287/1287/1287
f 1190/1190/1190 1134/1134/1134 1068/1068/1068
f 1190/1190/1190 1068/1068/1068 1138/1138/1138
f 1134/1134/1134 1078/1078/1078 1026/1026/1026
f 1134/1134/1134 1026/1026/1026 1068/1068/1068
f 1078/1078/1078 1064/1064/1064 982/982/982
f 1078/1078/1078 982/982/982 1026/1026/1026
f 1062/1062/1062 1064/1064/1064 1076/1076/1076
f 1062/1062/1062 1076/1076/1076 1074/1074/1074
f 1064/1064/1064 1078/1078/1078 1076/1076/1076
f 1072/1072/1072 1062/1062/1062 1074/1074/1074
f 1078/1078/1078 1134/1134/1134 1183/1183/1183
f 1078/1078/1078 1183/1183/1183 1076/1076/1076
f 1190/1190/1190 1227/1227/1227 1183/1183/1183
f 1190/1190/1190 1183/1183/1183 1134/1134/1134
f 1282/1282/1282 1295/1295/1295 1183/1183/1183
f 1282/1282/1282 1183/1183/1183 1227/1227/1227
f 1293/1293/1293 1291/1291/1291 1183/1183/1183
f 1293/1293/1293 1183/1183/1183 1295/1295/1295
f 1289/1289/1289 1271/1271/1271 1183/1183/1183
f 1289/1289/1289 1183/1183/1183 1291/1291/1291
f 1221/1221/1221 1176/1176/1176 1183/1183/1183
f 1221/1221/1221 1183/1183/1183 1271/1271/1271
f 1121/1121/1121 1072/1072/1072 1183/1183/1183
f 1121/1121/1121 1183/1183/1183 1176/1176/1176
f 1072/1072/1072 1074/1074/1074 1076/1076/1076
f 1072/1072/1072 1076/1076/1076 1183/1183/1183
f 1059/1059/1059 1117/1117/1117 1182/1182/1182
f 1059/1059/1059 1182/1182/1182 1019/1019/1019
f 1268/1268/1268 1331/1331/1331 1182/1182/1182
f 1268/1268/1268 1182/1182/1182 1117/1117/1117
f 1395/1395/1395 1435/1435/1435 1182/1182/1182
f 1395/1395/1395 1182/1182/1182 1331/1331/1331
f 1439/1439/1439 1399/1399/1399 1182/1182/1182
f 1439/1439/1439 1182/1182/1182 1435/1435/1435
f 1335/1335/1335 1286/1286/1286 1182/1182/1182
f 1335/1335/1335 1182/1182/1182 1399/1399/1399
f 1137/1137/1137 1067/1067/1067 1182/1182/1182
f 1137/1137/1137 1182/1182/1182 1286/1286/1286
f 1025/1025/1025 981/981/981 1182/1182/1182
f 1025/1025/1025 1182/1182/1182 1067/1067/1067
f 980/980/980 974/974/974 973/973/973
f 980/980/980 973/973/973 979/979/979
f 1018/1018/1018 1058/1058/1058 1057/1057/1057
f 1018/1018/1018 1057/1057/1057 1017/1017/1017
f 1116/1116/1116 1267/1267/1267 1266/1266/1266
f 1116/1116/1116 1266/1266/1266 1115/1115/1115
f 1330/1330/1330 1394/1394/1394 1393/1393/1393
f 1330/1330/1330 1393/1393/1393 1329/1329/1329
f 1434/1434/1434 1438/1438/1438 1437/1437/1437
f 1434/1434/1434 1437/1437/1437 1433/1433/1433
f 1398/1398/1398 1334/1334/1334 1333/1333/1333
f 1398/1398/1398 1333/1333/1333 1397/1397/1397
f 1285/1285/1285 1136/1136/1136 1135/1135/1135
f 1285/1285/1285 1135/1135/1135 1284/1284/1284
f 1024/1024/1024 980/980/980 979/979/979
f 1024/1024/1024 979/979/979 1023/1023/1023
f 1063/1063/1063 979/979/979 973/973/973
f 1063/1063/1063 973/973/973 1061/1061/1061
f 1071/1071/1071 1017/1017/1017 1057/1057/1057
f 1071/1071/1071 1057/1057/1057 1120/1120/1120
f 1175/1175/1175 1115/1115/1115 1266/1266/1266
f 1175/1175/1175 1266/1266/1266 1220/1220/1220
f 1270/1270/1270 1329/1329/1329 1393/1393/1393
f 1270/1270/1270 1393/1393/1393 1288/1288/1288
f 1290/1290/1290 1433/1433/1433 1437/1437/1437
f 1290/1290/1290 1437/1437/1437 1292/1292/1292
f 1226/1226/1226 1284/1284/1284 1135/1135/1135
f 1226/1226/1226 1135/1135/1135 1189/1189/1189
f 1281/1281/1281 1333/1333/1333 1284/1284/1284
f 1281/1281/1281 1284/1284/1284 1226/1226/1226
f 1136/1136/1136 1285/1285/1285 1181/1181/1181
f 1136/1136/1136 1181/1181/1181 1066/1066/1066
f 974/974/974 1018/1018/1018 1017/1017/1017
f 974/974/974 1017/1017/1017 973/973/973
f 1058/1058/1058 1116/1116/1116 1115/1115/1115
f 1058/1058/1058 1115/1115/1115 1057/1057/1057
f 1267/1267/1267 1330/1330/1330 1329/1329/1329
f 1267/1267/1267 1329/1329/1329 1266/1266/1266
f 1394/1394/1394 1434/1434/1434 1433/1433/1433
f 1394/1394/1394 1433/1433/1433 1393/1393/1393
f 1438/1438/1438 1398/1398/1398 1397/1397/1397
f 1438/1438/1438 1397/1397/1397 1437/1437/1437
f 1334/1334/1334 1285/1285/1285 1284/1284/1284
f 1334/1334/1334 1284/1284/1284 1333/1333/1333
f 1136/1136/1136 1066/1066/1066 1065/1065/1065
f 1136/1136/1136 1065/1065/1065 1135/1135/1135
f 1066/1066/1066 1024/1024/1024 1023/1023/1023
f 1066/1066/1066 1023/1023/1023 1065/1065/1065
f 974/974/974 980/980/980 1181/1181/1181
f 974/974/974 1181/1181/1181 1018/1018/1018
f 1061/1061/1061 973/973/973 1017/1017/1017
f 1061/1061/1061 1017/1017/1017 1071/1071/1071
f 1120/1120/1120 1057/1057/1057 1115/1115/1115
f 1120/1120/1120 1115/1115/1115 1175/1175/1175
f 1220/1220/1220 1266/1266/1266 1329/1329/1329
f 1220/1220/1220 1329/1329/1329 1270/1270/1270
f 1288/1288/1288 1393/1393/1393 1433/1433/1433
f 1288/1288/1288 1433/1433/1433 1290/1290/1290
f 1292/1292/1292 1437/1437/1437 1397/1397/1397
f 1292/1292/1292 1397/1397/1397 1294/1294/1294
f 1189/1189/1189 1135/1135/1135 1065/1065/1065
f 1189/1189/1189 1065/1065/1065 1133/1133/1133
f 1294/1294/1294 1397/1397/1397 1333/1333/1333
f 1294/1294/1294 1333/1333/1333 1281/1281/1281
f 1061/1061/1061 1073/1073/1073 1075/1075/1075
f 1061/1061/1061 1075/1075/1075 1063/1063/1063
f 1063/1063/1063 1075/1075/1075 1077/1077/1077
f 1071/1071/1071 1073/1073/1073 1061/1061/1061
f 1133/1133/1133 1065/1065/1065 1023/1023/1023
f 1133/1133/1133 1023/1023/1023 1077/1077/1077
f 1077/1077/1077 1023/1023/1023 979/979/979
f 1077/1077/1077 979/979/979 1063/1063/1063
f 1220/1220/1220 1270/1270/1270 1180/1180/1180
f 1220/1220/1220 1180/1180/1180 1175/1175/1175
f 1288/1288/1288 1290/1290/1290 1180/1180/1180
f 1288/1288/1288 1180/1180/1180 1270/1270/1270
f 1292/1292/1292 1294/1294/1294 1180/1180/1180
f 1292/1292/1292 1180/1180/1180 1290/1290/1290
f 1281/1281/1281 1226/1226/1226 1180/1180/1180
f 1281/1281/1281 1180/1180/1180 1294/1294/1294
f 1189/1189/1189 1133/1133/1133 1180/1180/1180
f 1189/1189/1189 1180/1180/1180 1226/1226/1226
f 1077/1077/1077 1075/1075/1075 1180/1180/1180
f 1077/1077/1077 1180/1180/1180 1133/1133/1133
f 1120/1120/1120 1175/1175/1175 1180/1180/1180
f 1120/1120/1120 1180/1180/1180 1071/1071/1071
f 1334/1334/1334 1398/1398/1398 1181/1181/1181
f 1334/1334/1334 1181/1181/1181 1285/1285/1285
f 1438/1438/1438 1434/1434/1434 1181/1181/1181
f 1438/1438/1438 1181/1181/1181 1398/1398/1398
f 1394/1394/1394 1330/1330/1330 1181/1181/1181
f 1394/1394/1394 1181/1181/1181 1434/1434/1434
f 1267/1267/1267 1116/1116/1116 1181/1181/1181
f 1267/1267/1267 1181/1181/1181 1330/1330/1330
f 1058/1058/1058 1018/1018/1018 1181/1181/1181
f 1058/1058/1058 1181/1181/1181 1116/1116/1116
f 1071/1071/1071 1180/1180/1180 1075/1075/1075
f 1071/1071/1071 1075/1075/1075 1073/1073/1073
f 1024/1024/1024 1066/1066/1066 1181/1181/1181
f 1024/1024/1024 1181/1181/1181 980/980/980
f 1128/1128/1128 1127/1127/1127 1129/1129/1129
f 1128/1128/1128 1129/1129/1129 1130/1130/1130
f 1126/1126/1126 1123/1123/1123 1127/1127/1127
f 1126/1126/1126 1127/1127/1127 1128/1128/1128
f 1178/1178/1178 1177/1177/1177 1123/1123/1123
f 1178/1178/1178 1123/1123/1123 1126/1126/1126
f 1223/1223/1223 1222/1222/1222 1177/1177/1177
f 1223/1223/1223 1177/1177/1177 1178/1178/1178
f 1273/1273/1273 1272/1272/1272 1222/1222/1222
f 1273/1273/1273 1222/1222/1222 1223/1223/1223
f 1275/1275/1275 1274/1274/1274 1272/1272/1272
f 1275/1275/1275 1272/1272/1272 1273/1273/1273
f 1277/1277/1277 1276/1276/1276 1274/1274/1274
f 1277/1277/1277 1274/1274/1274 1275/1275/1275
f 1279/1279/1279 1278/1278/1278 1276/1276/1276
f 1279/1279/1279 1276/1276/1276 1277/1277/1277
f 1225/1225/1225 1224/1224/1224 1278/1278/1278
f 1225/1225/1225 1278/1278/1278 1279/1279/1279
f 1188/1188/1188 1187/1187/1187 1224/1224/1224
f 1188/1188/1188 1224/1224/1224 1225/1225/1225
f 1186/1186/1186 1185/1185/1185 1187/1187/1187
f 1186/1186/1186 1187/1187/1187 1188/1188/1188
f 1126/1126/1126 1128/1128/1128 1130/1130/1130
f 1126/1126/1126 1130/1130/1130 1184/1184/1184
f 1132/1132/1132 1131/1131/1131 1185/1185/1185
f 1132/1132/1132 1185/1185/1185 1186/1186/1186
f 1130/1130/1130 1132/1132/1132 1184/1184/1184
f 1186/1186/1186 1188/1188/1188 1184/1184/1184
f 1186/1186/1186 1184/1184/1184 1132/1132/1132
f 1225/1225/1225 1279/1279/1279 1184/1184/1184
f 1225/1225/1225 1184/1184/1184 1188/1188/1188
f 1277/1277/1277 1184/1184/1184 1279/1279/1279
f 1275/1275/1275 1273/1273/1273 1184/1184/1184
f 1275/1275/1275 1184/1184/1184 1277/1277/1277
f 1223/1223/1223 1178/1178/1178 1184/1184/1184
f 1223/1223/1223 1184/1184/1184 1273/1273/1273
f 1178/1178/1178 1126/1126/1126 1184/1184/1184
f 1125/1125/1125 1283/1283/1283 1122/1122/1122
f 1122/1122/1122 1283/1283/1283 1282/1282/1282
f 1122/1122/1122 1282/1282/1282 1121/1121/1121
f 1121/1121/1121 1282/1282/1282 1283/1283/1283
f 1121/1121/1121 1283/1283/1283 1125/1125/1125
f 1121/1121/1121 1125/1125/1125 1122/1122/1122
f 1129/1129/1129 1179/1179/1179 1131/1131/1131
f 1185/1185/1185 1131/1131/1131 1179/1179/1179
f 1185/1185/1185 1179/1179/1179 1187/1187/1187
f 1224/1224/1224 1187/1187/1187 1179/1179/1179
f 1224/1224/1224 1179/1179/1179 1278/1278/1278
f 1276/1276/1276 1278/1278/1278 1179/1179/1179
f 1274/1274/1274 1276/1276/1276 1179/1179/1179
f 1274/1274/1274 1179/1179/1179 1272/1272/1272
f 1222/1222/1222 1272/1272/1272 1179/1179/1179
f 1222/1222/1222 1179/1179/1179 1177/1177/1177
f 1177/1177/1177 1179/1179/1179 1123/1123/1123
f 1124/1124/1124 1119/1119/1119 1280/1280/1280
f 1119/1119/1119 1120/1120/1120 1281/1281/1281
f 1119/1119/1119 1281/1281/1281 1280/1280/1280
f 1120/1120/1120 1124/1124/1124 1280/1280/1280
f 1120/1120/1120 1280/1280/1280 1281/1281/1281
f 1123/1123/1123 1179/1179/1179 1129/1129/1129
f 1123/1123/1123 1129/1129/1129 1127/1127/1127
f 1120/1120/1120 1119/1119/1119 1124/1124/1124
f 1130/1130/1130 1129/1129/1129 1131/1131/1131
f 1130/1130/1130 1131/1131/1131 1132/1132/1132
